Feedback_ID,Transaccion_ID,Rating_Producto,Rating_Logistica,Comentario_Texto,Recomienda_Marca,Ticket_Soporte_Abierto,Edad_Cliente,Satisfaccion_NPS,Feedback_UID,NPS_Categoria
FB-8000,TRX-17461,3.0,4,Sin Comentario,Sin Respuesta,True,50.0,-17.5,FBK-000000,Detractor
FB-8001,TRX-17755,4.0,5,Sin Comentario,Tal vez,True,59.0,-41.7,FBK-000001,Detractor
FB-8002,TRX-10534,3.0,4,No volvería,Tal vez,False,84.0,-36.4,FBK-000002,Detractor
FB-8003,TRX-12569,2.0,3,Sin Comentario,Sin Respuesta,True,20.0,7.4,FBK-000003,Pasivo
FB-8004,TRX-19159,4.0,2,Dañado,Sí,False,83.0,61.0,FBK-000004,Promotor
FB-8005,TRX-16051,5.0,3,Sin Comentario,Sí,True,77.0,95.0,FBK-000005,Promotor
FB-8006,TRX-11945,1.0,1,Precio justo,Sin Respuesta,True,46.0,63.4,FBK-000006,Promotor
FB-8007,TRX-19856,3.0,4,Precio justo,Sin Respuesta,False,24.0,-22.0,FBK-000007,Detractor
FB-8008,TRX-16694,1.0,4,Lento,No,False,21.0,75.1,FBK-000008,Promotor
FB-8009,TRX-11807,1.0,4,No volvería,No,False,67.0,64.8,FBK-000009,Promotor
FB-8010,TRX-11980,1.0,5,No volvería,No,True,38.0,82.4,FBK-000010,Promotor
FB-8011,TRX-16055,5.0,5,Sin Comentario,Sin Respuesta,True,26.0,-86.9,FBK-000011,Detractor
FB-8012,TRX-19367,2.0,3,Sin Comentario,Tal vez,True,77.0,-29.3,FBK-000012,Detractor
FB-8013,TRX-14744,4.0,2,Lento,Sin Respuesta,False,29.0,-90.7,FBK-000013,Detractor
FB-8014,TRX-10659,5.0,1,No volvería,Sin Respuesta,False,73.0,-35.7,FBK-000014,Detractor
FB-8015,TRX-18565,2.0,2,No volvería,Sin Respuesta,False,22.0,-43.9,FBK-000015,Detractor
FB-8016,TRX-12511,3.0,2,Sin Comentario,Sin Respuesta,True,80.0,82.1,FBK-000016,Promotor
FB-8017,TRX-11929,4.0,1,Precio justo,Sí,True,44.0,89.0,FBK-000017,Promotor
FB-8018,TRX-16086,2.0,5,Excelente,Sin Respuesta,False,66.0,39.0,FBK-000018,Pasivo
FB-8019,TRX-14995,3.0,4,Dañado,Sí,False,37.0,-43.4,FBK-000019,Detractor
FB-8020,TRX-16135,4.0,5,Dañado,Sin Respuesta,True,46.0,-98.6,FBK-000020,Detractor
FB-8021,TRX-14968,3.0,4,Excelente,Tal vez,False,53.0,34.1,FBK-000021,Pasivo
FB-8022,TRX-14816,5.0,4,Dañado,Tal vez,True,25.0,-0.1,FBK-000022,Detractor
FB-8023,TRX-17961,3.0,5,Excelente,Sí,False,47.0,-58.5,FBK-000023,Detractor
FB-8024,TRX-10458,1.0,2,No volvería,No,False,78.0,-64.8,FBK-000024,Detractor
FB-8025,TRX-12340,5.0,4,Lento,No,True,18.0,12.0,FBK-000025,Pasivo
FB-8026,TRX-12328,3.0,5,Sin Comentario,No,True,52.0,-73.9,FBK-000026,Detractor
FB-8027,TRX-19660,5.0,2,No volvería,No,False,63.0,9.8,FBK-000027,Pasivo
FB-8028,TRX-16910,4.0,1,Sin Comentario,No,False,35.0,83.2,FBK-000028,Promotor
FB-8029,TRX-10797,1.0,4,Lento,No,False,72.0,58.3,FBK-000029,Promotor
FB-8030,TRX-14999,1.0,2,Sin Comentario,Sin Respuesta,True,48.0,88.3,FBK-000030,Promotor
FB-8031,TRX-14644,3.0,4,Excelente,Sí,True,81.0,-50.3,FBK-000031,Detractor
FB-8032,TRX-13532,4.0,2,Sin Comentario,Sin Respuesta,True,37.0,90.4,FBK-000032,Promotor
FB-8033,TRX-12999,5.0,1,No volvería,Tal vez,False,46.0,-5.0,FBK-000033,Detractor
FB-8034,TRX-18008,3.0,4,Sin Comentario,Sí,True,60.0,26.1,FBK-000034,Pasivo
FB-8035,TRX-10034,2.0,5,Excelente,Sí,False,72.0,-41.2,FBK-000035,Detractor
FB-8036,TRX-12004,3.0,2,Sin Comentario,Tal vez,True,47.0,98.8,FBK-000036,Promotor
FB-8037,TRX-18970,2.0,1,Sin Comentario,No,False,50.0,-12.4,FBK-000037,Detractor
FB-8038,TRX-15712,1.0,4,Sin Comentario,No,True,35.0,-62.5,FBK-000038,Detractor
FB-8039,TRX-11106,3.0,1,Precio justo,Tal vez,True,66.0,14.8,FBK-000039,Pasivo
FB-8040,TRX-10732,3.0,1,Sin Comentario,Sin Respuesta,False,70.0,-48.9,FBK-000040,Detractor
FB-8041,TRX-16841,1.0,4,Sin Comentario,Sin Respuesta,True,68.0,-12.8,FBK-000041,Detractor
FB-8042,TRX-17883,5.0,4,Sin Comentario,Sí,True,27.0,-58.4,FBK-000042,Detractor
FB-8043,TRX-19389,3.0,2,Excelente,Sin Respuesta,True,82.0,-22.6,FBK-000043,Detractor
FB-8044,TRX-15074,4.0,5,Sin Comentario,Sin Respuesta,True,45.0,-81.5,FBK-000044,Detractor
FB-8045,TRX-19269,1.0,1,No volvería,Sin Respuesta,False,35.0,-43.0,FBK-000045,Detractor
FB-8046,TRX-17411,5.0,4,Lento,Tal vez,True,78.0,-50.2,FBK-000046,Detractor
FB-8047,TRX-15534,1.0,1,Precio justo,Sí,True,26.0,89.5,FBK-000047,Promotor
FB-8048,TRX-16181,1.0,2,No volvería,Tal vez,False,77.0,18.5,FBK-000048,Pasivo
FB-8049,TRX-17786,5.0,2,No volvería,Sin Respuesta,False,43.0,-94.7,FBK-000049,Detractor
FB-8050,TRX-19923,5.0,2,No volvería,Tal vez,True,60.0,82.7,FBK-000050,Promotor
FB-8051,TRX-12175,5.0,5,Sin Comentario,Sí,True,50.0,28.9,FBK-000051,Pasivo
FB-8052,TRX-12269,4.0,3,Precio justo,No,True,37.0,-32.6,FBK-000052,Detractor
FB-8053,TRX-18270,2.0,3,No volvería,Sí,False,33.0,-26.7,FBK-000053,Detractor
FB-8054,TRX-17551,1.0,3,Sin Comentario,Sin Respuesta,False,49.0,-93.7,FBK-000054,Detractor
FB-8055,TRX-17371,3.0,5,Lento,Sin Respuesta,False,28.0,94.9,FBK-000055,Promotor
FB-8056,TRX-17357,2.0,5,Sin Comentario,Sí,False,79.0,72.1,FBK-000056,Promotor
FB-8057,TRX-12440,3.0,1,No volvería,No,False,43.0,-86.9,FBK-000057,Detractor
FB-8058,TRX-15328,3.0,1,Dañado,No,True,18.0,36.3,FBK-000058,Pasivo
FB-8059,TRX-11463,3.0,2,Excelente,No,False,29.0,-10.2,FBK-000059,Detractor
FB-8060,TRX-16711,4.0,5,Sin Comentario,Sí,True,74.0,61.7,FBK-000060,Promotor
FB-8061,TRX-16344,4.0,3,Dañado,Sin Respuesta,False,67.0,24.7,FBK-000061,Pasivo
FB-8062,TRX-13814,2.0,3,Sin Comentario,Sin Respuesta,False,36.0,-17.4,FBK-000062,Detractor
FB-8063,TRX-16478,5.0,1,Lento,Sin Respuesta,False,22.0,-12.7,FBK-000063,Detractor
FB-8064,TRX-15554,4.0,2,Lento,Tal vez,False,48.0,30.3,FBK-000064,Pasivo
FB-8065,TRX-18863,1.0,2,Excelente,Sin Respuesta,True,39.0,30.9,FBK-000065,Pasivo
FB-8066,TRX-10750,2.0,4,Lento,No,True,83.0,11.5,FBK-000066,Pasivo
FB-8067,TRX-17259,1.0,5,Lento,Tal vez,True,21.0,76.8,FBK-000067,Promotor
FB-8068,TRX-14544,3.0,3,No volvería,Sí,True,47.0,55.9,FBK-000068,Promotor
FB-8069,TRX-11450,1.0,3,Excelente,No,False,40.0,-76.3,FBK-000069,Detractor
FB-8070,TRX-12713,4.0,1,Sin Comentario,Sí,False,75.0,74.4,FBK-000070,Promotor
FB-8071,TRX-10406,1.0,1,Dañado,Sin Respuesta,False,38.0,-59.6,FBK-000071,Detractor
FB-8072,TRX-19371,3.0,5,No volvería,Tal vez,False,71.0,90.1,FBK-000072,Promotor
FB-8073,TRX-15060,3.0,1,No volvería,Sí,True,76.0,61.5,FBK-000073,Promotor
FB-8074,TRX-19192,4.0,1,Dañado,No,False,24.0,81.8,FBK-000074,Promotor
FB-8075,TRX-12028,2.0,3,Lento,No,True,63.0,35.3,FBK-000075,Pasivo
FB-8076,TRX-19164,5.0,5,Precio justo,Sí,False,80.0,30.3,FBK-000076,Pasivo
FB-8077,TRX-11395,2.0,3,Sin Comentario,Sin Respuesta,False,56.0,-50.2,FBK-000077,Detractor
FB-8078,TRX-13152,5.0,3,Sin Comentario,Tal vez,False,84.0,25.2,FBK-000078,Pasivo
FB-8079,TRX-18877,4.0,1,Sin Comentario,Sin Respuesta,False,84.0,-16.0,FBK-000079,Detractor
FB-8080,TRX-19451,4.0,3,Precio justo,Sin Respuesta,True,58.0,-69.3,FBK-000080,Detractor
FB-8081,TRX-10866,4.0,5,Sin Comentario,Sin Respuesta,True,49.0,-28.0,FBK-000081,Detractor
FB-8082,TRX-19342,3.0,1,Sin Comentario,Sí,False,53.0,32.4,FBK-000082,Pasivo
FB-8083,TRX-18548,2.0,5,Lento,Sin Respuesta,False,20.0,75.1,FBK-000083,Promotor
FB-8084,TRX-13103,5.0,2,Sin Comentario,Sí,True,73.0,-12.4,FBK-000084,Detractor
FB-8085,TRX-17796,2.0,5,No volvería,No,True,30.0,-42.0,FBK-000085,Detractor
FB-8086,TRX-18235,5.0,5,Dañado,No,False,66.0,-67.8,FBK-000086,Detractor
FB-8087,TRX-10305,1.0,4,Precio justo,No,True,84.0,-19.4,FBK-000087,Detractor
FB-8088,TRX-11970,2.0,5,No volvería,Sí,False,64.0,-43.1,FBK-000088,Detractor
FB-8089,TRX-18713,1.0,3,Precio justo,Sí,True,41.0,-10.6,FBK-000089,Detractor
FB-8090,TRX-12944,4.0,3,Dañado,Tal vez,True,57.0,-79.9,FBK-000090,Detractor
FB-8091,TRX-10310,3.0,1,No volvería,Sin Respuesta,False,41.0,47.1,FBK-000091,Pasivo
FB-8092,TRX-14504,3.0,2,Sin Comentario,Sí,True,74.0,-99.1,FBK-000092,Detractor
FB-8093,TRX-13371,2.0,1,Sin Comentario,Sí,False,41.0,39.9,FBK-000093,Pasivo
FB-8094,TRX-14018,1.0,5,Excelente,Sin Respuesta,True,80.0,-38.7,FBK-000094,Detractor
FB-8095,TRX-19495,1.0,5,No volvería,Tal vez,False,36.0,-28.2,FBK-000095,Detractor
FB-8096,TRX-17278,5.0,3,Excelente,Sin Respuesta,False,79.0,-65.8,FBK-000096,Detractor
FB-8097,TRX-11386,2.0,5,Lento,Sin Respuesta,True,47.0,93.6,FBK-000097,Promotor
FB-8098,TRX-18741,2.0,5,Dañado,No,False,82.0,-89.4,FBK-000098,Detractor
FB-8099,TRX-19942,1.0,3,Precio justo,No,True,19.0,-43.4,FBK-000099,Detractor
FB-8100,TRX-15249,1.0,2,Lento,Sin Respuesta,False,23.0,-70.6,FBK-000100,Detractor
FB-8101,TRX-16583,3.0,5,Lento,Tal vez,True,81.0,-3.5,FBK-000101,Detractor
FB-8102,TRX-19648,2.0,4,Sin Comentario,Tal vez,False,27.0,12.0,FBK-000102,Pasivo
FB-8103,TRX-10737,3.0,2,Sin Comentario,Tal vez,True,41.0,-60.7,FBK-000103,Detractor
FB-8104,TRX-18052,4.0,2,No volvería,Sí,True,20.0,31.1,FBK-000104,Pasivo
FB-8105,TRX-10381,4.0,3,No volvería,No,True,64.0,10.5,FBK-000105,Pasivo
FB-8106,TRX-15569,1.0,1,Sin Comentario,Tal vez,True,64.0,68.4,FBK-000106,Promotor
FB-8107,TRX-17160,5.0,5,Sin Comentario,Sí,True,73.0,81.3,FBK-000107,Promotor
FB-8108,TRX-12957,1.0,5,Excelente,Sin Respuesta,True,70.0,38.9,FBK-000108,Pasivo
FB-8109,TRX-16798,2.0,1,Excelente,Sin Respuesta,True,67.0,26.1,FBK-000109,Pasivo
FB-8110,TRX-10394,1.0,5,Lento,Sin Respuesta,True,33.0,21.1,FBK-000110,Pasivo
FB-8111,TRX-18649,3.0,4,Lento,No,True,21.0,-66.6,FBK-000111,Detractor
FB-8112,TRX-15199,1.0,1,No volvería,Sí,True,28.0,76.6,FBK-000112,Promotor
FB-8113,TRX-16258,3.0,3,No volvería,Sin Respuesta,False,41.0,-28.0,FBK-000113,Detractor
FB-8114,TRX-14213,4.0,1,Sin Comentario,Tal vez,False,48.0,38.3,FBK-000114,Pasivo
FB-8115,TRX-11491,3.0,2,Sin Comentario,Tal vez,True,67.0,-11.9,FBK-000115,Detractor
FB-8116,TRX-11878,2.0,3,Precio justo,Tal vez,False,49.0,80.6,FBK-000116,Promotor
FB-8117,TRX-11627,1.0,2,Dañado,Tal vez,False,76.0,-18.5,FBK-000117,Detractor
FB-8118,TRX-18876,2.0,3,Precio justo,Sin Respuesta,True,29.0,12.0,FBK-000118,Pasivo
FB-8119,TRX-12755,3.0,1,Dañado,Tal vez,False,34.0,-62.5,FBK-000119,Detractor
FB-8120,TRX-14675,3.0,2,Lento,Tal vez,False,19.0,10.8,FBK-000120,Pasivo
FB-8121,TRX-12359,3.0,3,No volvería,Sin Respuesta,False,56.0,-59.5,FBK-000121,Detractor
FB-8122,TRX-12992,3.0,5,Precio justo,Sí,True,67.0,58.9,FBK-000122,Promotor
FB-8123,TRX-14187,3.0,2,Sin Comentario,Sin Respuesta,False,68.0,-26.5,FBK-000123,Detractor
FB-8124,TRX-11468,1.0,4,Dañado,No,False,48.0,-15.1,FBK-000124,Detractor
FB-8125,TRX-12526,5.0,3,Sin Comentario,No,False,42.0,28.1,FBK-000125,Pasivo
FB-8126,TRX-15026,2.0,5,Sin Comentario,Sin Respuesta,True,74.0,-82.8,FBK-000126,Detractor
FB-8127,TRX-16672,4.0,5,Sin Comentario,No,False,45.0,-37.0,FBK-000127,Detractor
FB-8128,TRX-12772,4.0,1,Excelente,Sí,True,62.0,86.7,FBK-000128,Promotor
FB-8129,TRX-10965,2.0,1,Dañado,Sí,False,43.0,72.4,FBK-000129,Promotor
FB-8130,TRX-15329,1.0,2,Dañado,Tal vez,False,46.0,-53.8,FBK-000130,Detractor
FB-8131,TRX-12973,2.0,2,Sin Comentario,No,False,72.0,2.6,FBK-000131,Pasivo
FB-8132,TRX-10445,3.0,4,No volvería,Sí,False,57.0,16.7,FBK-000132,Pasivo
FB-8133,TRX-10958,5.0,5,Precio justo,Sí,False,22.0,-39.7,FBK-000133,Detractor
FB-8134,TRX-14882,2.0,3,Lento,No,False,75.0,-30.5,FBK-000134,Detractor
FB-8135,TRX-16388,1.0,4,Precio justo,Sin Respuesta,True,78.0,95.6,FBK-000135,Promotor
FB-8136,TRX-11617,3.0,4,Lento,Sí,False,39.0,-72.3,FBK-000136,Detractor
FB-8137,TRX-15243,2.0,4,Sin Comentario,Tal vez,True,54.0,82.3,FBK-000137,Promotor
FB-8138,TRX-12334,2.0,3,Sin Comentario,No,False,48.0,-29.2,FBK-000138,Detractor
FB-8139,TRX-16763,3.0,4,Excelente,Tal vez,True,31.0,-52.2,FBK-000139,Detractor
FB-8140,TRX-15311,1.0,1,Sin Comentario,Sí,False,51.0,-47.9,FBK-000140,Detractor
FB-8141,TRX-14225,5.0,1,Sin Comentario,Sí,False,70.0,-43.3,FBK-000141,Detractor
FB-8142,TRX-16152,5.0,1,No volvería,Sí,False,38.0,-42.6,FBK-000142,Detractor
FB-8143,TRX-11981,3.0,4,Dañado,No,True,54.0,-49.2,FBK-000143,Detractor
FB-8144,TRX-10849,4.0,4,Sin Comentario,Sí,True,41.0,68.5,FBK-000144,Promotor
FB-8145,TRX-13318,1.0,5,Precio justo,Sin Respuesta,False,81.0,-46.4,FBK-000145,Detractor
FB-8146,TRX-13925,4.0,2,Precio justo,No,False,34.0,72.4,FBK-000146,Promotor
FB-8147,TRX-19781,4.0,5,Lento,Sin Respuesta,True,63.0,93.9,FBK-000147,Promotor
FB-8148,TRX-19601,4.0,1,Sin Comentario,Sí,False,48.0,-44.2,FBK-000148,Detractor
FB-8149,TRX-13874,1.0,2,Precio justo,Tal vez,False,67.0,13.0,FBK-000149,Pasivo
FB-8150,TRX-18076,3.0,5,Sin Comentario,Tal vez,False,67.0,-8.8,FBK-000150,Detractor
FB-8151,TRX-18333,4.0,3,Dañado,No,True,60.0,69.3,FBK-000151,Promotor
FB-8152,TRX-18264,3.0,3,Lento,Sí,False,34.0,-38.3,FBK-000152,Detractor
FB-8153,TRX-16308,2.0,3,Dañado,No,False,36.0,53.0,FBK-000153,Promotor
FB-8154,TRX-11885,3.0,1,Sin Comentario,Sí,False,67.0,-4.9,FBK-000154,Detractor
FB-8155,TRX-14412,2.0,2,Sin Comentario,Sin Respuesta,False,79.0,26.2,FBK-000155,Pasivo
FB-8156,TRX-10993,5.0,1,Lento,Sin Respuesta,False,44.0,15.3,FBK-000156,Pasivo
FB-8157,TRX-15215,4.0,3,Dañado,No,False,57.0,-87.5,FBK-000157,Detractor
FB-8158,TRX-17615,5.0,4,Lento,Sin Respuesta,False,54.0,17.7,FBK-000158,Pasivo
FB-8159,TRX-19062,5.0,1,No volvería,Tal vez,False,33.0,65.5,FBK-000159,Promotor
FB-8160,TRX-16669,1.0,2,Precio justo,No,False,43.0,-42.3,FBK-000160,Detractor
FB-8161,TRX-11072,4.0,1,Dañado,Sin Respuesta,True,76.0,-19.5,FBK-000161,Detractor
FB-8162,TRX-17932,5.0,2,Sin Comentario,Sí,True,82.0,-59.0,FBK-000162,Detractor
FB-8163,TRX-10473,2.0,4,Excelente,No,False,50.0,-58.1,FBK-000163,Detractor
FB-8164,TRX-16676,2.0,5,Sin Comentario,Tal vez,False,51.0,-38.6,FBK-000164,Detractor
FB-8165,TRX-13829,1.0,2,No volvería,Sí,False,77.0,50.7,FBK-000165,Promotor
FB-8166,TRX-10305,5.0,2,No volvería,Tal vez,False,68.0,-3.7,FBK-000166,Detractor
FB-8167,TRX-14409,5.0,3,Sin Comentario,Sí,True,81.0,38.2,FBK-000167,Pasivo
FB-8168,TRX-19077,5.0,3,Dañado,Sí,False,38.0,87.1,FBK-000168,Promotor
FB-8169,TRX-19603,1.0,4,Dañado,Tal vez,True,24.0,46.1,FBK-000169,Pasivo
FB-8170,TRX-11663,4.0,1,Sin Comentario,Sí,True,82.0,-25.4,FBK-000170,Detractor
FB-8171,TRX-14035,5.0,5,Excelente,No,True,82.0,2.1,FBK-000171,Pasivo
FB-8172,TRX-19088,5.0,5,Sin Comentario,Sin Respuesta,False,81.0,-44.3,FBK-000172,Detractor
FB-8173,TRX-12057,3.0,4,Dañado,Sí,False,35.0,-86.9,FBK-000173,Detractor
FB-8174,TRX-14990,2.0,5,Sin Comentario,No,True,78.0,33.2,FBK-000174,Pasivo
FB-8175,TRX-19310,4.0,1,Excelente,Sí,False,33.0,32.4,FBK-000175,Pasivo
FB-8176,TRX-16664,4.0,3,Dañado,Tal vez,True,82.0,71.2,FBK-000176,Promotor
FB-8177,TRX-17306,4.0,4,Excelente,No,True,78.0,-68.1,FBK-000177,Detractor
FB-8178,TRX-11374,5.0,5,Lento,Sí,True,81.0,76.9,FBK-000178,Promotor
FB-8179,TRX-18199,3.0,4,Precio justo,Tal vez,True,47.0,58.9,FBK-000179,Promotor
FB-8180,TRX-13333,4.0,4,Precio justo,Sí,False,27.0,-78.5,FBK-000180,Detractor
FB-8181,TRX-12332,1.0,2,Dañado,No,True,46.0,96.5,FBK-000181,Promotor
FB-8182,TRX-16116,1.0,2,Dañado,No,False,39.0,-92.2,FBK-000182,Detractor
FB-8183,TRX-18854,2.0,4,Sin Comentario,Sin Respuesta,False,31.0,59.0,FBK-000183,Promotor
FB-8184,TRX-12755,3.0,2,Precio justo,Sí,True,23.0,-14.3,FBK-000184,Detractor
FB-8185,TRX-14016,4.0,5,Sin Comentario,No,False,61.0,73.1,FBK-000185,Promotor
FB-8186,TRX-18806,3.0,4,Precio justo,Tal vez,True,80.0,45.7,FBK-000186,Pasivo
FB-8187,TRX-16942,1.0,2,Excelente,No,True,67.0,-87.9,FBK-000187,Detractor
FB-8188,TRX-19095,4.0,5,Excelente,Sí,True,78.0,-52.0,FBK-000188,Detractor
FB-8189,TRX-17401,5.0,3,Lento,No,False,37.0,90.5,FBK-000189,Promotor
FB-8190,TRX-10684,1.0,3,Sin Comentario,No,True,83.0,-70.6,FBK-000190,Detractor
FB-8191,TRX-10016,2.0,4,Lento,Sin Respuesta,True,32.0,-86.3,FBK-000191,Detractor
FB-8192,TRX-17612,4.0,1,Excelente,No,True,55.0,-69.1,FBK-000192,Detractor
FB-8193,TRX-14739,2.0,5,Lento,Sí,True,22.0,44.1,FBK-000193,Pasivo
FB-8194,TRX-12742,3.0,4,No volvería,Sí,True,32.0,-92.1,FBK-000194,Detractor
FB-8195,TRX-10008,2.0,2,Sin Comentario,No,False,28.0,-13.4,FBK-000195,Detractor
FB-8196,TRX-10985,2.0,3,Sin Comentario,No,False,68.0,-81.7,FBK-000196,Detractor
FB-8197,TRX-17900,5.0,2,Sin Comentario,No,False,50.0,37.4,FBK-000197,Pasivo
FB-8198,TRX-14477,2.0,5,Excelente,Tal vez,True,53.0,-49.4,FBK-000198,Detractor
FB-8199,TRX-19795,5.0,4,Lento,Sí,False,58.0,36.9,FBK-000199,Pasivo
FB-8200,TRX-14110,2.0,3,Lento,Sí,True,50.0,-64.9,FBK-000200,Detractor
FB-8201,TRX-16228,5.0,5,Dañado,Sí,False,52.0,-20.8,FBK-000201,Detractor
FB-8202,TRX-15757,1.0,3,Dañado,Sí,False,74.0,85.1,FBK-000202,Promotor
FB-8203,TRX-13485,5.0,3,Dañado,Tal vez,False,81.0,-23.2,FBK-000203,Detractor
FB-8204,TRX-19587,1.0,4,Precio justo,Sí,False,50.0,-77.2,FBK-000204,Detractor
FB-8205,TRX-18361,1.0,4,Sin Comentario,Sin Respuesta,True,50.0,-26.0,FBK-000205,Detractor
FB-8206,TRX-14609,4.0,1,Precio justo,No,False,35.0,-9.1,FBK-000206,Detractor
FB-8207,TRX-10745,1.0,1,Precio justo,Sí,True,28.0,-8.3,FBK-000207,Detractor
FB-8208,TRX-12644,4.0,1,Excelente,No,False,79.0,41.8,FBK-000208,Pasivo
FB-8209,TRX-18750,5.0,1,Dañado,Sí,False,64.0,-75.1,FBK-000209,Detractor
FB-8210,TRX-19225,3.0,2,Dañado,Tal vez,True,78.0,-7.7,FBK-000210,Detractor
FB-8211,TRX-11145,4.0,1,Excelente,Tal vez,False,73.0,-49.2,FBK-000211,Detractor
FB-8212,TRX-14925,3.0,2,Precio justo,Sin Respuesta,True,41.0,-11.1,FBK-000212,Detractor
FB-8213,TRX-11469,5.0,3,Sin Comentario,Tal vez,False,82.0,-65.4,FBK-000213,Detractor
FB-8214,TRX-16476,4.0,2,Lento,Tal vez,True,23.0,-52.9,FBK-000214,Detractor
FB-8215,TRX-12014,5.0,3,No volvería,Tal vez,True,43.0,10.6,FBK-000215,Pasivo
FB-8216,TRX-12288,3.0,1,Dañado,Sí,False,82.0,-39.7,FBK-000216,Detractor
FB-8217,TRX-19117,5.0,2,Precio justo,No,False,71.0,-68.1,FBK-000217,Detractor
FB-8218,TRX-14578,3.0,3,Lento,Sin Respuesta,False,79.0,23.9,FBK-000218,Pasivo
FB-8219,TRX-17077,1.0,1,Dañado,No,False,29.0,67.3,FBK-000219,Promotor
FB-8220,TRX-13454,3.0,3,Dañado,Sin Respuesta,True,41.0,64.3,FBK-000220,Promotor
FB-8221,TRX-18270,3.0,4,No volvería,Sin Respuesta,False,56.0,66.8,FBK-000221,Promotor
FB-8222,TRX-15215,1.0,3,Precio justo,Sí,True,39.0,-96.6,FBK-000222,Detractor
FB-8223,TRX-15613,4.0,1,Sin Comentario,No,True,65.0,37.2,FBK-000223,Pasivo
FB-8224,TRX-14282,2.0,5,Excelente,No,True,21.0,99.8,FBK-000224,Promotor
FB-8225,TRX-17417,4.0,4,Lento,No,True,46.0,45.3,FBK-000225,Pasivo
FB-8226,TRX-14473,2.0,2,Sin Comentario,Sin Respuesta,True,23.0,-46.8,FBK-000226,Detractor
FB-8227,TRX-14029,1.0,4,Sin Comentario,Sin Respuesta,False,64.0,12.8,FBK-000227,Pasivo
FB-8228,TRX-15269,4.0,1,Lento,Sin Respuesta,True,72.0,-4.4,FBK-000228,Detractor
FB-8229,TRX-15597,5.0,3,Precio justo,Sí,True,72.0,-8.2,FBK-000229,Detractor
FB-8230,TRX-13450,5.0,5,Lento,Sin Respuesta,False,66.0,44.5,FBK-000230,Pasivo
FB-8231,TRX-17533,4.0,1,Sin Comentario,Sí,False,42.0,-74.6,FBK-000231,Detractor
FB-8232,TRX-19822,5.0,3,Sin Comentario,No,True,62.0,-76.1,FBK-000232,Detractor
FB-8233,TRX-15381,1.0,1,Excelente,Sí,False,25.0,1.3,FBK-000233,Pasivo
FB-8234,TRX-10260,5.0,5,Sin Comentario,Tal vez,False,28.0,94.8,FBK-000234,Promotor
FB-8235,TRX-12190,5.0,3,Sin Comentario,Tal vez,False,18.0,-87.7,FBK-000235,Detractor
FB-8236,TRX-10033,2.0,5,Lento,No,True,45.0,-25.9,FBK-000236,Detractor
FB-8237,TRX-19974,2.0,3,Precio justo,Tal vez,False,26.0,1.8,FBK-000237,Pasivo
FB-8238,TRX-17807,3.0,4,Excelente,Sin Respuesta,True,66.0,-99.7,FBK-000238,Detractor
FB-8239,TRX-10070,1.0,1,No volvería,Tal vez,False,83.0,-41.1,FBK-000239,Detractor
FB-8240,TRX-10156,5.0,2,Sin Comentario,Sí,True,39.0,-77.8,FBK-000240,Detractor
FB-8241,TRX-12843,1.0,2,Precio justo,Sin Respuesta,True,56.0,41.1,FBK-000241,Pasivo
FB-8242,TRX-16769,1.0,1,Sin Comentario,Tal vez,True,40.0,-12.2,FBK-000242,Detractor
FB-8243,TRX-19106,2.0,2,No volvería,No,True,78.0,24.5,FBK-000243,Pasivo
FB-8244,TRX-18011,5.0,5,Lento,Tal vez,True,84.0,20.5,FBK-000244,Pasivo
FB-8245,TRX-16435,3.0,2,Sin Comentario,Sin Respuesta,True,60.0,-28.4,FBK-000245,Detractor
FB-8246,TRX-18816,4.0,1,Excelente,Tal vez,True,62.0,-92.9,FBK-000246,Detractor
FB-8247,TRX-11329,3.0,4,Sin Comentario,Tal vez,False,58.0,-46.5,FBK-000247,Detractor
FB-8248,TRX-11270,2.0,1,Lento,Sí,True,36.0,-3.8,FBK-000248,Detractor
FB-8249,TRX-18825,3.0,1,Precio justo,Sí,True,61.0,-59.5,FBK-000249,Detractor
FB-8250,TRX-10507,2.0,3,No volvería,Sí,False,43.0,87.5,FBK-000250,Promotor
FB-8251,TRX-17293,2.0,2,No volvería,Tal vez,False,33.0,-17.3,FBK-000251,Detractor
FB-8252,TRX-12022,1.0,2,Lento,Sí,True,39.0,-29.6,FBK-000252,Detractor
FB-8253,TRX-15783,5.0,3,Precio justo,Sí,False,23.0,-78.5,FBK-000253,Detractor
FB-8254,TRX-16166,4.0,5,Sin Comentario,Sí,False,54.0,-44.8,FBK-000254,Detractor
FB-8255,TRX-19851,2.0,5,Sin Comentario,No,True,41.0,15.7,FBK-000255,Pasivo
FB-8256,TRX-15864,2.0,3,Lento,Sin Respuesta,False,57.0,63.9,FBK-000256,Promotor
FB-8257,TRX-16336,1.0,2,Sin Comentario,No,False,27.0,54.7,FBK-000257,Promotor
FB-8258,TRX-12903,4.0,5,Dañado,Tal vez,True,48.0,37.0,FBK-000258,Pasivo
FB-8259,TRX-10138,2.0,5,Precio justo,Tal vez,False,68.0,86.5,FBK-000259,Promotor
FB-8260,TRX-12044,5.0,4,Precio justo,Sí,True,71.0,-51.4,FBK-000260,Detractor
FB-8261,TRX-17580,5.0,5,Excelente,Sin Respuesta,True,70.0,-53.1,FBK-000261,Detractor
FB-8262,TRX-16069,1.0,2,Dañado,No,True,37.0,-90.7,FBK-000262,Detractor
FB-8263,TRX-13161,2.0,4,Sin Comentario,Sin Respuesta,False,48.0,40.7,FBK-000263,Pasivo
FB-8264,TRX-17283,4.0,4,No volvería,Tal vez,False,33.0,60.2,FBK-000264,Promotor
FB-8265,TRX-10153,1.0,2,Lento,Tal vez,False,60.0,-48.1,FBK-000265,Detractor
FB-8266,TRX-13629,1.0,3,No volvería,Sí,True,28.0,58.1,FBK-000266,Promotor
FB-8267,TRX-10324,3.0,1,Precio justo,No,False,65.0,41.8,FBK-000267,Pasivo
FB-8268,TRX-14606,1.0,5,Sin Comentario,No,False,57.0,8.2,FBK-000268,Pasivo
FB-8269,TRX-15862,3.0,3,Lento,Sin Respuesta,False,36.0,10.7,FBK-000269,Pasivo
FB-8270,TRX-13137,3.0,1,Sin Comentario,Sin Respuesta,False,82.0,41.0,FBK-000270,Pasivo
FB-8271,TRX-11474,2.0,2,No volvería,Tal vez,False,75.0,99.6,FBK-000271,Promotor
FB-8272,TRX-14967,5.0,5,Lento,Sí,False,44.0,-36.2,FBK-000272,Detractor
FB-8273,TRX-13623,4.0,3,No volvería,Tal vez,False,58.0,-85.5,FBK-000273,Detractor
FB-8274,TRX-13838,1.0,1,Lento,Sin Respuesta,False,31.0,39.9,FBK-000274,Pasivo
FB-8275,TRX-18090,2.0,2,No volvería,Sí,False,52.0,-94.2,FBK-000275,Detractor
FB-8276,TRX-15947,4.0,4,No volvería,Sin Respuesta,True,19.0,79.0,FBK-000276,Promotor
FB-8277,TRX-10602,1.0,4,Lento,No,True,30.0,94.5,FBK-000277,Promotor
FB-8278,TRX-14599,5.0,4,Excelente,Sin Respuesta,False,53.0,45.3,FBK-000278,Pasivo
FB-8279,TRX-18074,5.0,2,Lento,Tal vez,False,59.0,-31.4,FBK-000279,Detractor
FB-8280,TRX-19929,3.0,1,Sin Comentario,Sí,True,41.0,-54.9,FBK-000280,Detractor
FB-8281,TRX-13425,3.0,2,No volvería,Sí,True,32.0,-78.0,FBK-000281,Detractor
FB-8282,TRX-10116,4.0,4,Dañado,Sí,False,24.0,-98.8,FBK-000282,Detractor
FB-8283,TRX-13212,1.0,2,Precio justo,Tal vez,False,20.0,-13.9,FBK-000283,Detractor
FB-8284,TRX-16489,3.0,5,Excelente,Tal vez,False,37.0,29.4,FBK-000284,Pasivo
FB-8285,TRX-11817,2.0,1,Sin Comentario,Tal vez,True,60.0,-24.7,FBK-000285,Detractor
FB-8286,TRX-14544,3.0,5,Lento,No,False,43.0,-12.4,FBK-000286,Detractor
FB-8287,TRX-19324,4.0,4,Precio justo,Sí,True,62.0,37.0,FBK-000287,Pasivo
FB-8288,TRX-18197,2.0,1,Sin Comentario,Sí,False,45.0,-18.2,FBK-000288,Detractor
FB-8289,TRX-18093,5.0,5,Excelente,Sí,True,62.0,54.7,FBK-000289,Promotor
FB-8290,TRX-12793,2.0,2,Dañado,Sí,True,77.0,28.5,FBK-000290,Pasivo
FB-8291,TRX-19040,4.0,3,Sin Comentario,No,True,57.0,34.3,FBK-000291,Pasivo
FB-8292,TRX-13174,5.0,2,Precio justo,Sí,True,26.0,23.9,FBK-000292,Pasivo
FB-8293,TRX-19268,1.0,4,Sin Comentario,No,True,57.0,-76.1,FBK-000293,Detractor
FB-8294,TRX-19879,4.0,3,Lento,Sin Respuesta,True,31.0,36.8,FBK-000294,Pasivo
FB-8295,TRX-19259,3.0,1,Dañado,Tal vez,False,27.0,18.4,FBK-000295,Pasivo
FB-8296,TRX-12875,4.0,3,Lento,Tal vez,True,65.0,14.9,FBK-000296,Pasivo
FB-8297,TRX-11070,4.0,1,Sin Comentario,Sí,True,32.0,19.7,FBK-000297,Pasivo
FB-8298,TRX-19636,4.0,5,Precio justo,Tal vez,False,62.0,97.4,FBK-000298,Promotor
FB-8299,TRX-12101,5.0,5,Lento,Sí,False,75.0,-12.8,FBK-000299,Detractor
FB-8300,TRX-11065,3.0,5,Sin Comentario,No,True,36.0,-78.8,FBK-000300,Detractor
FB-8301,TRX-12087,4.0,5,Dañado,Tal vez,False,65.0,2.6,FBK-000301,Pasivo
FB-8302,TRX-14253,1.0,5,Sin Comentario,Tal vez,True,45.0,-70.0,FBK-000302,Detractor
FB-8303,TRX-19337,4.0,3,Dañado,No,True,61.0,61.3,FBK-000303,Promotor
FB-8304,TRX-13734,3.0,1,Precio justo,No,True,39.0,-50.1,FBK-000304,Detractor
FB-8305,TRX-18570,2.0,5,Precio justo,Sin Respuesta,True,57.0,99.1,FBK-000305,Promotor
FB-8306,TRX-14494,5.0,5,No volvería,No,True,61.0,-64.5,FBK-000306,Detractor
FB-8307,TRX-13143,3.0,1,Dañado,Sí,True,48.0,-24.4,FBK-000307,Detractor
FB-8308,TRX-10378,1.0,3,Sin Comentario,Sí,True,22.0,-70.8,FBK-000308,Detractor
FB-8309,TRX-18731,4.0,5,No volvería,Tal vez,True,46.0,-16.2,FBK-000309,Detractor
FB-8310,TRX-14143,5.0,3,Lento,Tal vez,False,83.0,-3.2,FBK-000310,Detractor
FB-8311,TRX-19176,5.0,5,Precio justo,No,True,31.0,48.7,FBK-000311,Pasivo
FB-8312,TRX-17437,5.0,3,Sin Comentario,Sí,True,76.0,-99.7,FBK-000312,Detractor
FB-8313,TRX-10032,3.0,4,Excelente,No,True,70.0,-53.8,FBK-000313,Detractor
FB-8314,TRX-16997,2.0,5,Sin Comentario,No,True,46.0,-46.0,FBK-000314,Detractor
FB-8315,TRX-10849,2.0,5,Lento,Sí,False,21.0,20.1,FBK-000315,Pasivo
FB-8316,TRX-15292,1.0,2,No volvería,Tal vez,False,49.0,-44.6,FBK-000316,Detractor
FB-8317,TRX-17086,3.0,2,Dañado,Tal vez,True,66.0,-2.6,FBK-000317,Detractor
FB-8318,TRX-16666,3.0,3,Precio justo,Tal vez,False,55.0,-2.4,FBK-000318,Detractor
FB-8319,TRX-14489,3.0,2,Precio justo,Tal vez,False,46.0,62.1,FBK-000319,Promotor
FB-8320,TRX-11994,4.0,3,Sin Comentario,Sin Respuesta,False,18.0,75.2,FBK-000320,Promotor
FB-8321,TRX-18491,3.0,5,Sin Comentario,Sin Respuesta,False,20.0,95.4,FBK-000321,Promotor
FB-8322,TRX-17644,3.0,5,Lento,Tal vez,True,59.0,68.2,FBK-000322,Promotor
FB-8323,TRX-18119,5.0,4,Sin Comentario,Sí,False,49.0,75.6,FBK-000323,Promotor
FB-8324,TRX-15922,5.0,4,Lento,Sí,True,40.0,94.2,FBK-000324,Promotor
FB-8325,TRX-18474,5.0,2,Precio justo,No,False,43.0,65.5,FBK-000325,Promotor
FB-8326,TRX-10712,3.0,5,No volvería,Sin Respuesta,True,55.0,-59.1,FBK-000326,Detractor
FB-8327,TRX-13678,3.0,3,Dañado,Tal vez,False,39.0,58.5,FBK-000327,Promotor
FB-8328,TRX-10769,5.0,2,Precio justo,Tal vez,False,29.0,41.9,FBK-000328,Pasivo
FB-8329,TRX-14553,1.0,4,Precio justo,Sí,False,80.0,11.2,FBK-000329,Pasivo
FB-8330,TRX-16882,1.0,1,Lento,No,False,33.0,-65.1,FBK-000330,Detractor
FB-8331,TRX-18723,2.0,3,Dañado,Sí,False,75.0,-90.4,FBK-000331,Detractor
FB-8332,TRX-17354,4.0,1,Precio justo,Sin Respuesta,True,32.0,-56.6,FBK-000332,Detractor
FB-8333,TRX-15181,4.0,2,Lento,Sí,True,22.0,75.4,FBK-000333,Promotor
FB-8334,TRX-10084,2.0,2,Excelente,Tal vez,False,68.0,-46.1,FBK-000334,Detractor
FB-8335,TRX-16420,5.0,1,Sin Comentario,Sí,False,58.0,-10.6,FBK-000335,Detractor
FB-8336,TRX-13188,5.0,2,Precio justo,Sí,True,21.0,99.5,FBK-000336,Promotor
FB-8337,TRX-15483,3.0,2,Excelente,Tal vez,False,64.0,1.9,FBK-000337,Pasivo
FB-8338,TRX-11340,4.0,5,Dañado,Sin Respuesta,False,39.0,53.5,FBK-000338,Promotor
FB-8339,TRX-19368,3.0,3,Dañado,Sin Respuesta,True,48.0,59.0,FBK-000339,Promotor
FB-8340,TRX-10415,3.0,4,Precio justo,Sin Respuesta,False,46.0,75.9,FBK-000340,Promotor
FB-8341,TRX-13696,4.0,5,Sin Comentario,Sin Respuesta,False,58.0,-33.4,FBK-000341,Detractor
FB-8342,TRX-16943,5.0,2,Sin Comentario,Tal vez,False,78.0,-69.5,FBK-000342,Detractor
FB-8343,TRX-11219,1.0,4,No volvería,Sin Respuesta,True,70.0,77.7,FBK-000343,Promotor
FB-8344,TRX-14095,5.0,2,Lento,Tal vez,True,33.0,21.9,FBK-000344,Pasivo
FB-8345,TRX-13225,5.0,3,Lento,Tal vez,True,72.0,19.2,FBK-000345,Pasivo
FB-8346,TRX-12694,3.0,2,No volvería,Sí,True,34.0,14.0,FBK-000346,Pasivo
FB-8347,TRX-15394,3.0,1,Sin Comentario,Sí,False,35.0,-93.0,FBK-000347,Detractor
FB-8348,TRX-15092,3.0,1,Excelente,Tal vez,False,54.0,-50.2,FBK-000348,Detractor
FB-8349,TRX-11029,4.0,1,Sin Comentario,Sí,False,77.0,34.5,FBK-000349,Pasivo
FB-8350,TRX-11584,4.0,1,Sin Comentario,Sí,False,46.0,-93.4,FBK-000350,Detractor
FB-8351,TRX-10456,2.0,4,Dañado,No,False,39.0,21.3,FBK-000351,Pasivo
FB-8352,TRX-17863,3.0,1,Precio justo,No,False,71.0,-90.0,FBK-000352,Detractor
FB-8353,TRX-17077,4.0,2,Lento,No,False,62.0,-98.3,FBK-000353,Detractor
FB-8354,TRX-10393,2.0,5,Lento,Sin Respuesta,True,69.0,78.3,FBK-000354,Promotor
FB-8355,TRX-19708,3.0,2,Precio justo,Sí,False,75.0,82.2,FBK-000355,Promotor
FB-8356,TRX-15477,3.0,2,Precio justo,Sin Respuesta,False,20.0,-42.0,FBK-000356,Detractor
FB-8357,TRX-14102,1.0,2,Lento,Tal vez,False,18.0,73.0,FBK-000357,Promotor
FB-8358,TRX-14049,4.0,2,Lento,Sin Respuesta,False,72.0,-85.0,FBK-000358,Detractor
FB-8359,TRX-11766,2.0,5,Lento,Sí,False,62.0,-17.7,FBK-000359,Detractor
FB-8360,TRX-17759,3.0,1,Precio justo,No,False,74.0,-4.7,FBK-000360,Detractor
FB-8361,TRX-13905,4.0,3,Sin Comentario,Sin Respuesta,True,34.0,-18.3,FBK-000361,Detractor
FB-8362,TRX-15583,2.0,4,Excelente,Sí,False,46.0,-30.3,FBK-000362,Detractor
FB-8363,TRX-10891,1.0,5,Lento,No,False,35.0,22.3,FBK-000363,Pasivo
FB-8364,TRX-15465,2.0,5,Sin Comentario,Tal vez,True,26.0,35.3,FBK-000364,Pasivo
FB-8365,TRX-18514,3.0,5,Sin Comentario,Tal vez,False,32.0,91.7,FBK-000365,Promotor
FB-8366,TRX-13878,5.0,4,Excelente,Tal vez,False,26.0,-74.7,FBK-000366,Detractor
FB-8367,TRX-11194,5.0,2,Lento,Sin Respuesta,False,48.0,80.1,FBK-000367,Promotor
FB-8368,TRX-19829,1.0,4,Precio justo,Tal vez,True,19.0,59.5,FBK-000368,Promotor
FB-8369,TRX-17184,3.0,5,No volvería,Sin Respuesta,False,71.0,-43.5,FBK-000369,Detractor
FB-8370,TRX-11567,3.0,2,Excelente,Sin Respuesta,False,65.0,-59.9,FBK-000370,Detractor
FB-8371,TRX-17314,4.0,5,Sin Comentario,Sin Respuesta,True,18.0,-76.7,FBK-000371,Detractor
FB-8372,TRX-19485,5.0,3,Sin Comentario,Sin Respuesta,False,80.0,-15.3,FBK-000372,Detractor
FB-8373,TRX-12045,4.0,1,No volvería,No,True,51.0,10.0,FBK-000373,Pasivo
FB-8374,TRX-11401,3.0,1,Lento,No,False,82.0,14.0,FBK-000374,Pasivo
FB-8375,TRX-10994,1.0,5,Sin Comentario,Sin Respuesta,False,28.0,-16.6,FBK-000375,Detractor
FB-8376,TRX-10546,5.0,2,Lento,No,False,26.0,37.1,FBK-000376,Pasivo
FB-8377,TRX-16183,4.0,3,Sin Comentario,Sí,True,24.0,41.6,FBK-000377,Pasivo
FB-8378,TRX-15132,1.0,3,Precio justo,No,True,63.0,3.0,FBK-000378,Pasivo
FB-8379,TRX-11065,3.0,2,No volvería,Tal vez,True,54.0,10.3,FBK-000379,Pasivo
FB-8380,TRX-12089,2.0,2,No volvería,Sin Respuesta,False,66.0,-61.0,FBK-000380,Detractor
FB-8381,TRX-11015,2.0,3,Lento,No,False,25.0,10.8,FBK-000381,Pasivo
FB-8382,TRX-17240,5.0,1,Sin Comentario,No,False,78.0,-84.9,FBK-000382,Detractor
FB-8383,TRX-10897,1.0,1,Dañado,Sin Respuesta,True,53.0,14.1,FBK-000383,Pasivo
FB-8384,TRX-14939,4.0,3,Sin Comentario,Sin Respuesta,False,19.0,28.6,FBK-000384,Pasivo
FB-8385,TRX-17075,1.0,4,Sin Comentario,Sí,False,62.0,96.4,FBK-000385,Promotor
FB-8386,TRX-11077,5.0,3,Sin Comentario,Sí,False,23.0,-15.0,FBK-000386,Detractor
FB-8387,TRX-11668,3.0,5,Sin Comentario,Sin Respuesta,True,54.0,-0.9,FBK-000387,Detractor
FB-8388,TRX-10914,1.0,4,Dañado,Sin Respuesta,True,74.0,-9.6,FBK-000388,Detractor
FB-8389,TRX-19162,5.0,2,No volvería,Sí,True,36.0,-48.0,FBK-000389,Detractor
FB-8390,TRX-10855,5.0,3,Sin Comentario,Sí,True,69.0,-81.1,FBK-000390,Detractor
FB-8391,TRX-14831,4.0,3,No volvería,No,True,48.0,28.1,FBK-000391,Pasivo
FB-8392,TRX-16249,3.0,4,Sin Comentario,No,False,64.0,-85.6,FBK-000392,Detractor
FB-8393,TRX-16581,1.0,3,Excelente,Tal vez,False,56.0,-14.0,FBK-000393,Detractor
FB-8394,TRX-11570,5.0,5,Lento,Tal vez,True,68.0,-97.8,FBK-000394,Detractor
FB-8395,TRX-16735,3.0,1,Dañado,Sí,False,72.0,88.1,FBK-000395,Promotor
FB-8396,TRX-13819,4.0,3,Precio justo,Sin Respuesta,False,38.0,39.5,FBK-000396,Pasivo
FB-8397,TRX-19823,5.0,1,Excelente,Sin Respuesta,True,50.0,-55.4,FBK-000397,Detractor
FB-8398,TRX-10173,4.0,2,Dañado,No,True,38.0,-44.8,FBK-000398,Detractor
FB-8399,TRX-17428,3.0,2,Lento,Tal vez,True,27.0,-35.6,FBK-000399,Detractor
FB-8400,TRX-16290,4.0,3,Lento,No,False,50.0,3.8,FBK-000400,Pasivo
FB-8401,TRX-17605,1.0,2,Sin Comentario,Sin Respuesta,True,21.0,26.4,FBK-000401,Pasivo
FB-8402,TRX-17014,4.0,3,Lento,No,False,65.0,-84.7,FBK-000402,Detractor
FB-8403,TRX-11659,2.0,1,Dañado,No,False,74.0,32.1,FBK-000403,Pasivo
FB-8404,TRX-15564,2.0,4,Lento,No,False,29.0,-85.1,FBK-000404,Detractor
FB-8405,TRX-10425,2.0,3,Sin Comentario,Sí,True,27.0,82.8,FBK-000405,Promotor
FB-8406,TRX-17439,2.0,4,Sin Comentario,Tal vez,True,84.0,-0.5,FBK-000406,Detractor
FB-8407,TRX-18474,1.0,1,Precio justo,No,True,25.0,86.7,FBK-000407,Promotor
FB-8408,TRX-15377,5.0,1,Sin Comentario,No,False,39.0,28.5,FBK-000408,Pasivo
FB-8409,TRX-19630,2.0,4,Sin Comentario,No,True,52.0,-19.8,FBK-000409,Detractor
FB-8410,TRX-13153,2.0,3,Lento,Tal vez,False,21.0,56.6,FBK-000410,Promotor
FB-8411,TRX-11769,5.0,4,Excelente,Sin Respuesta,False,33.0,-86.4,FBK-000411,Detractor
FB-8412,TRX-11682,2.0,3,Sin Comentario,Sí,False,54.0,17.4,FBK-000412,Pasivo
FB-8413,TRX-10201,5.0,3,Precio justo,Sí,False,39.0,-48.5,FBK-000413,Detractor
FB-8414,TRX-19751,2.0,4,Sin Comentario,No,False,79.0,68.5,FBK-000414,Promotor
FB-8415,TRX-11106,5.0,1,Excelente,Sin Respuesta,False,67.0,78.1,FBK-000415,Promotor
FB-8416,TRX-19713,5.0,5,Sin Comentario,Sin Respuesta,True,77.0,17.1,FBK-000416,Pasivo
FB-8417,TRX-13172,3.0,2,Sin Comentario,Sin Respuesta,True,44.0,-47.8,FBK-000417,Detractor
FB-8418,TRX-19391,4.0,5,Excelente,Sin Respuesta,False,69.0,-22.2,FBK-000418,Detractor
FB-8419,TRX-12064,5.0,1,Sin Comentario,No,True,57.0,24.1,FBK-000419,Pasivo
FB-8420,TRX-18337,2.0,2,No volvería,Sí,True,47.0,-15.0,FBK-000420,Detractor
FB-8421,TRX-14198,1.0,4,No volvería,Tal vez,True,69.0,55.4,FBK-000421,Promotor
FB-8422,TRX-15822,5.0,5,Lento,No,False,55.0,-26.2,FBK-000422,Detractor
FB-8423,TRX-16897,2.0,3,Precio justo,Tal vez,False,32.0,1.1,FBK-000423,Pasivo
FB-8424,TRX-17887,5.0,1,Sin Comentario,Sí,True,45.0,-62.2,FBK-000424,Detractor
FB-8425,TRX-17284,3.0,1,Dañado,No,True,76.0,39.6,FBK-000425,Pasivo
FB-8426,TRX-13046,1.0,1,No volvería,No,False,57.0,73.0,FBK-000426,Promotor
FB-8427,TRX-13983,1.0,5,Precio justo,Sin Respuesta,True,22.0,-26.7,FBK-000427,Detractor
FB-8428,TRX-12255,2.0,3,No volvería,Tal vez,True,56.0,90.9,FBK-000428,Promotor
FB-8429,TRX-10722,4.0,5,Sin Comentario,Tal vez,True,73.0,-92.3,FBK-000429,Detractor
FB-8430,TRX-10991,3.0,3,Precio justo,Tal vez,True,52.0,-55.9,FBK-000430,Detractor
FB-8431,TRX-12091,4.0,2,Lento,Sin Respuesta,True,34.0,-17.5,FBK-000431,Detractor
FB-8432,TRX-15106,1.0,4,Excelente,Sin Respuesta,False,36.0,-15.1,FBK-000432,Detractor
FB-8433,TRX-19576,1.0,1,No volvería,Sin Respuesta,True,35.0,58.7,FBK-000433,Promotor
FB-8434,TRX-17140,4.0,3,Sin Comentario,Sin Respuesta,False,19.0,77.4,FBK-000434,Promotor
FB-8435,TRX-18407,5.0,5,Excelente,No,True,83.0,-39.4,FBK-000435,Detractor
FB-8436,TRX-15861,4.0,5,Sin Comentario,Sí,False,66.0,27.8,FBK-000436,Pasivo
FB-8437,TRX-15098,4.0,1,Excelente,Sí,True,49.0,10.3,FBK-000437,Pasivo
FB-8438,TRX-19562,5.0,1,Sin Comentario,Sí,False,55.0,-64.5,FBK-000438,Detractor
FB-8439,TRX-18866,5.0,1,Sin Comentario,Tal vez,False,43.0,-34.8,FBK-000439,Detractor
FB-8440,TRX-12385,5.0,2,Sin Comentario,Tal vez,False,70.0,-96.0,FBK-000440,Detractor
FB-8441,TRX-12415,3.0,4,Dañado,Sí,True,67.0,-39.2,FBK-000441,Detractor
FB-8442,TRX-17692,1.0,3,Dañado,No,True,49.0,-78.9,FBK-000442,Detractor
FB-8443,TRX-15057,1.0,1,Lento,Sin Respuesta,True,39.0,79.7,FBK-000443,Promotor
FB-8444,TRX-19884,5.0,3,Precio justo,Sí,True,64.0,79.8,FBK-000444,Promotor
FB-8445,TRX-15618,5.0,5,Sin Comentario,Tal vez,True,18.0,36.0,FBK-000445,Pasivo
FB-8446,TRX-14768,3.0,4,Lento,Tal vez,False,55.0,98.6,FBK-000446,Promotor
FB-8447,TRX-16042,3.0,4,Precio justo,Sin Respuesta,False,72.0,16.0,FBK-000447,Pasivo
FB-8448,TRX-10132,2.0,3,Sin Comentario,Tal vez,True,23.0,-59.9,FBK-000448,Detractor
FB-8449,TRX-18481,4.0,5,Sin Comentario,Tal vez,True,37.0,76.9,FBK-000449,Promotor
FB-8450,TRX-19608,3.0,5,Dañado,Sin Respuesta,True,79.0,-58.3,FBK-000450,Detractor
FB-8451,TRX-12369,1.0,2,Lento,Sin Respuesta,False,35.0,-46.6,FBK-000451,Detractor
FB-8452,TRX-10939,1.0,1,Precio justo,Sí,True,49.0,31.7,FBK-000452,Pasivo
FB-8453,TRX-13889,3.0,5,Sin Comentario,Sí,True,41.0,-74.1,FBK-000453,Detractor
FB-8454,TRX-18308,4.0,1,Dañado,Sin Respuesta,True,71.0,22.0,FBK-000454,Pasivo
FB-8455,TRX-19166,3.0,1,Precio justo,No,True,68.0,-39.4,FBK-000455,Detractor
FB-8456,TRX-10894,2.0,3,Lento,Tal vez,False,29.0,25.2,FBK-000456,Pasivo
FB-8457,TRX-16915,2.0,1,No volvería,Sí,False,51.0,59.6,FBK-000457,Promotor
FB-8458,TRX-15633,2.0,3,No volvería,Tal vez,True,78.0,-21.1,FBK-000458,Detractor
FB-8459,TRX-13201,3.0,4,Sin Comentario,Tal vez,True,80.0,-33.8,FBK-000459,Detractor
FB-8460,TRX-13282,4.0,5,Lento,Tal vez,True,56.0,-33.9,FBK-000460,Detractor
FB-8461,TRX-13297,5.0,3,Sin Comentario,No,False,54.0,-28.5,FBK-000461,Detractor
FB-8462,TRX-11120,1.0,2,Excelente,Tal vez,False,29.0,56.7,FBK-000462,Promotor
FB-8463,TRX-15595,5.0,3,Sin Comentario,Tal vez,False,33.0,-13.9,FBK-000463,Detractor
FB-8464,TRX-13102,4.0,1,Sin Comentario,Sí,True,36.0,42.7,FBK-000464,Pasivo
FB-8465,TRX-17794,3.0,2,No volvería,Tal vez,True,18.0,48.0,FBK-000465,Pasivo
FB-8466,TRX-17657,3.0,1,Sin Comentario,No,False,82.0,6.6,FBK-000466,Pasivo
FB-8467,TRX-19826,3.0,2,No volvería,No,True,36.0,-8.9,FBK-000467,Detractor
FB-8468,TRX-15425,2.0,3,No volvería,Tal vez,True,69.0,-24.3,FBK-000468,Detractor
FB-8469,TRX-19476,2.0,1,Excelente,No,True,61.0,31.0,FBK-000469,Pasivo
FB-8470,TRX-19274,2.0,3,Dañado,Sin Respuesta,True,61.0,2.9,FBK-000470,Pasivo
FB-8471,TRX-15499,5.0,5,Dañado,No,False,19.0,-41.7,FBK-000471,Detractor
FB-8472,TRX-14909,1.0,2,Sin Comentario,Sin Respuesta,False,21.0,6.6,FBK-000472,Pasivo
FB-8473,TRX-16859,3.0,4,Excelente,No,True,36.0,31.6,FBK-000473,Pasivo
FB-8474,TRX-15384,3.0,4,Sin Comentario,No,True,62.0,8.9,FBK-000474,Pasivo
FB-8475,TRX-12658,5.0,3,Excelente,Sí,False,50.0,-97.0,FBK-000475,Detractor
FB-8476,TRX-11717,1.0,2,Lento,Tal vez,True,34.0,98.6,FBK-000476,Promotor
FB-8477,TRX-17443,1.0,2,Lento,Sí,True,74.0,51.4,FBK-000477,Promotor
FB-8478,TRX-10691,5.0,3,Sin Comentario,Sin Respuesta,True,34.0,-51.3,FBK-000478,Detractor
FB-8479,TRX-18125,3.0,4,Sin Comentario,Sí,False,21.0,52.1,FBK-000479,Promotor
FB-8480,TRX-13594,4.0,5,Lento,Sí,False,25.0,53.5,FBK-000480,Promotor
FB-8481,TRX-10060,4.0,4,Dañado,No,True,54.0,20.2,FBK-000481,Pasivo
FB-8482,TRX-13654,1.0,1,Sin Comentario,Sin Respuesta,False,19.0,24.9,FBK-000482,Pasivo
FB-8483,TRX-13772,1.0,4,Sin Comentario,No,True,43.0,-67.7,FBK-000483,Detractor
FB-8484,TRX-17643,3.0,1,Precio justo,Sin Respuesta,True,58.0,-25.6,FBK-000484,Detractor
FB-8485,TRX-13492,1.0,1,No volvería,Sin Respuesta,True,30.0,17.6,FBK-000485,Pasivo
FB-8486,TRX-13916,5.0,5,Lento,No,True,41.0,-84.5,FBK-000486,Detractor
FB-8487,TRX-17876,4.0,5,Sin Comentario,Tal vez,False,79.0,95.6,FBK-000487,Promotor
FB-8488,TRX-15431,4.0,4,No volvería,Tal vez,False,82.0,-79.6,FBK-000488,Detractor
FB-8489,TRX-16158,1.0,3,Excelente,Sin Respuesta,True,48.0,-19.3,FBK-000489,Detractor
FB-8490,TRX-13363,5.0,4,Dañado,Tal vez,True,35.0,82.7,FBK-000490,Promotor
FB-8491,TRX-16558,1.0,5,Lento,No,False,32.0,-97.0,FBK-000491,Detractor
FB-8492,TRX-13018,1.0,1,Sin Comentario,No,False,41.0,36.6,FBK-000492,Pasivo
FB-8493,TRX-10110,5.0,1,Sin Comentario,No,False,82.0,-22.3,FBK-000493,Detractor
FB-8494,TRX-15944,5.0,3,Precio justo,Sí,False,32.0,43.4,FBK-000494,Pasivo
FB-8495,TRX-10162,2.0,4,Sin Comentario,Sí,True,68.0,32.8,FBK-000495,Pasivo
FB-8496,TRX-11208,4.0,3,Dañado,No,False,37.0,19.4,FBK-000496,Pasivo
FB-8497,TRX-15863,1.0,3,Excelente,Sin Respuesta,False,69.0,73.1,FBK-000497,Promotor
FB-8498,TRX-10491,3.0,4,Sin Comentario,Sí,True,22.0,-99.0,FBK-000498,Detractor
FB-8499,TRX-19088,1.0,2,Sin Comentario,Sin Respuesta,True,71.0,-70.8,FBK-000499,Detractor
FB-8500,TRX-11887,1.0,4,Sin Comentario,No,False,54.0,57.4,FBK-000500,Promotor
FB-8501,TRX-12333,3.0,3,Sin Comentario,Sin Respuesta,False,79.0,27.0,FBK-000501,Pasivo
FB-8502,TRX-14760,4.0,2,Sin Comentario,No,True,28.0,85.1,FBK-000502,Promotor
FB-8503,TRX-17215,2.0,3,No volvería,Sin Respuesta,True,59.0,-12.2,FBK-000503,Detractor
FB-8504,TRX-13185,5.0,3,Dañado,Sí,True,23.0,9.9,FBK-000504,Pasivo
FB-8505,TRX-19595,2.0,3,Sin Comentario,Sin Respuesta,True,62.0,24.8,FBK-000505,Pasivo
FB-8506,TRX-15896,1.0,1,No volvería,No,False,74.0,-64.8,FBK-000506,Detractor
FB-8507,TRX-10719,1.0,4,Sin Comentario,Tal vez,True,56.0,-71.3,FBK-000507,Detractor
FB-8508,TRX-10486,3.0,5,Lento,Tal vez,False,54.0,-49.3,FBK-000508,Detractor
FB-8509,TRX-13262,3.0,1,Sin Comentario,Sí,False,57.0,-22.8,FBK-000509,Detractor
FB-8510,TRX-13241,1.0,4,Sin Comentario,No,False,75.0,-2.5,FBK-000510,Detractor
FB-8511,TRX-14654,2.0,1,Excelente,Sin Respuesta,False,24.0,-7.1,FBK-000511,Detractor
FB-8512,TRX-12853,2.0,4,Precio justo,No,True,57.0,58.4,FBK-000512,Promotor
FB-8513,TRX-13587,4.0,2,Dañado,No,True,52.0,-73.2,FBK-000513,Detractor
FB-8514,TRX-14292,1.0,5,Sin Comentario,Sí,True,31.0,-26.2,FBK-000514,Detractor
FB-8515,TRX-12855,5.0,2,No volvería,Sin Respuesta,True,26.0,89.2,FBK-000515,Promotor
FB-8516,TRX-15567,5.0,2,Excelente,No,False,56.0,54.4,FBK-000516,Promotor
FB-8517,TRX-19085,2.0,4,Sin Comentario,Tal vez,False,62.0,-14.4,FBK-000517,Detractor
FB-8518,TRX-14029,3.0,3,Excelente,Sin Respuesta,True,78.0,16.2,FBK-000518,Pasivo
FB-8519,TRX-12925,3.0,3,Sin Comentario,Tal vez,True,67.0,-6.0,FBK-000519,Detractor
FB-8520,TRX-13211,2.0,3,Lento,Tal vez,False,57.0,-23.2,FBK-000520,Detractor
FB-8521,TRX-10352,4.0,3,Dañado,Sí,True,45.0,-73.4,FBK-000521,Detractor
FB-8522,TRX-12884,1.0,5,Lento,Tal vez,False,53.0,-66.5,FBK-000522,Detractor
FB-8523,TRX-14289,5.0,2,Lento,Tal vez,False,27.0,-42.4,FBK-000523,Detractor
FB-8524,TRX-11657,2.0,1,Lento,Sí,False,78.0,-27.0,FBK-000524,Detractor
FB-8525,TRX-10343,3.0,5,Excelente,No,True,54.0,-49.7,FBK-000525,Detractor
FB-8526,TRX-12248,1.0,4,No volvería,No,False,41.0,15.5,FBK-000526,Pasivo
FB-8527,TRX-16208,5.0,5,No volvería,No,False,51.0,19.6,FBK-000527,Pasivo
FB-8528,TRX-11818,4.0,5,Precio justo,Tal vez,False,18.0,-90.8,FBK-000528,Detractor
FB-8529,TRX-15544,2.0,4,Sin Comentario,No,False,38.0,29.9,FBK-000529,Pasivo
FB-8530,TRX-13444,1.0,1,Precio justo,Sin Respuesta,True,61.0,-6.5,FBK-000530,Detractor
FB-8531,TRX-14998,5.0,2,No volvería,Tal vez,True,57.0,9.4,FBK-000531,Pasivo
FB-8532,TRX-17474,4.0,5,Lento,No,True,69.0,78.7,FBK-000532,Promotor
FB-8533,TRX-13934,3.0,4,Excelente,Tal vez,False,18.0,-63.3,FBK-000533,Detractor
FB-8534,TRX-16056,1.0,4,Lento,Sin Respuesta,True,70.0,-19.1,FBK-000534,Detractor
FB-8535,TRX-16100,2.0,1,Lento,Sí,False,84.0,-3.0,FBK-000535,Detractor
FB-8536,TRX-12807,5.0,5,Sin Comentario,Tal vez,False,50.0,18.2,FBK-000536,Pasivo
FB-8537,TRX-18633,3.0,4,Lento,Sí,True,28.0,35.5,FBK-000537,Pasivo
FB-8538,TRX-17106,3.0,1,Dañado,Sin Respuesta,False,58.0,-74.1,FBK-000538,Detractor
FB-8539,TRX-11071,5.0,1,Dañado,Sí,False,66.0,49.8,FBK-000539,Pasivo
FB-8540,TRX-11941,5.0,4,Lento,Sin Respuesta,True,77.0,-55.8,FBK-000540,Detractor
FB-8541,TRX-12366,5.0,4,Precio justo,Sí,True,63.0,90.2,FBK-000541,Promotor
FB-8542,TRX-12142,1.0,5,Precio justo,Sin Respuesta,False,33.0,-78.9,FBK-000542,Detractor
FB-8543,TRX-13107,2.0,5,No volvería,No,True,51.0,97.3,FBK-000543,Promotor
FB-8544,TRX-13140,3.0,2,Excelente,No,False,41.0,85.6,FBK-000544,Promotor
FB-8545,TRX-18725,4.0,4,Dañado,No,True,25.0,77.8,FBK-000545,Promotor
FB-8546,TRX-16196,5.0,3,Sin Comentario,Sí,True,47.0,-93.9,FBK-000546,Detractor
FB-8547,TRX-16131,2.0,3,Lento,Sí,False,70.0,-59.7,FBK-000547,Detractor
FB-8548,TRX-15209,4.0,2,Sin Comentario,Sin Respuesta,False,70.0,13.6,FBK-000548,Pasivo
FB-8549,TRX-19823,1.0,4,Dañado,Sin Respuesta,False,82.0,44.3,FBK-000549,Pasivo
FB-8550,TRX-17037,3.0,1,Sin Comentario,Tal vez,True,44.0,47.0,FBK-000550,Pasivo
FB-8551,TRX-14006,2.0,3,No volvería,Tal vez,True,30.0,-90.8,FBK-000551,Detractor
FB-8552,TRX-10756,2.0,5,Precio justo,Sí,True,24.0,37.7,FBK-000552,Pasivo
FB-8553,TRX-19622,3.0,3,Sin Comentario,Sí,False,44.0,-0.7,FBK-000553,Detractor
FB-8554,TRX-13098,3.0,4,Precio justo,No,True,53.0,-37.3,FBK-000554,Detractor
FB-8555,TRX-18773,5.0,3,Sin Comentario,No,True,84.0,37.9,FBK-000555,Pasivo
FB-8556,TRX-14819,3.0,2,Sin Comentario,Tal vez,True,73.0,-49.9,FBK-000556,Detractor
FB-8557,TRX-12434,2.0,5,Excelente,Sin Respuesta,True,31.0,29.0,FBK-000557,Pasivo
FB-8558,TRX-15368,5.0,2,Excelente,Sin Respuesta,False,18.0,22.4,FBK-000558,Pasivo
FB-8559,TRX-14049,3.0,1,Sin Comentario,Sin Respuesta,True,56.0,18.2,FBK-000559,Pasivo
FB-8560,TRX-10872,4.0,1,No volvería,Sí,False,36.0,6.6,FBK-000560,Pasivo
FB-8561,TRX-14588,4.0,1,Excelente,No,False,84.0,-45.5,FBK-000561,Detractor
FB-8562,TRX-12071,3.0,1,No volvería,Sin Respuesta,False,64.0,-59.8,FBK-000562,Detractor
FB-8563,TRX-18327,2.0,4,Sin Comentario,No,True,68.0,-23.4,FBK-000563,Detractor
FB-8564,TRX-19569,5.0,4,Sin Comentario,Sin Respuesta,True,82.0,94.2,FBK-000564,Promotor
FB-8565,TRX-18011,5.0,4,Sin Comentario,Tal vez,False,24.0,57.5,FBK-000565,Promotor
FB-8566,TRX-13428,5.0,2,Dañado,No,True,64.0,-23.1,FBK-000566,Detractor
FB-8567,TRX-11333,1.0,2,Lento,Tal vez,True,24.0,36.7,FBK-000567,Pasivo
FB-8568,TRX-17711,3.0,3,Precio justo,No,False,75.0,-43.8,FBK-000568,Detractor
FB-8569,TRX-11062,1.0,5,Sin Comentario,Sin Respuesta,False,73.0,-57.1,FBK-000569,Detractor
FB-8570,TRX-12743,1.0,2,Lento,Sin Respuesta,True,51.0,16.7,FBK-000570,Pasivo
FB-8571,TRX-18333,4.0,3,Sin Comentario,Sin Respuesta,True,65.0,-48.8,FBK-000571,Detractor
FB-8572,TRX-16358,5.0,1,Dañado,Sin Respuesta,True,55.0,9.3,FBK-000572,Pasivo
FB-8573,TRX-18342,1.0,1,Sin Comentario,Sin Respuesta,False,57.0,-84.0,FBK-000573,Detractor
FB-8574,TRX-16131,2.0,2,Sin Comentario,Sin Respuesta,False,46.0,67.0,FBK-000574,Promotor
FB-8575,TRX-18168,3.0,4,Excelente,Sin Respuesta,False,54.0,-23.6,FBK-000575,Detractor
FB-8576,TRX-18501,2.0,3,Precio justo,Sí,True,24.0,-96.9,FBK-000576,Detractor
FB-8577,TRX-17606,5.0,5,Excelente,No,False,56.0,91.7,FBK-000577,Promotor
FB-8578,TRX-12932,4.0,3,Lento,Tal vez,True,35.0,9.1,FBK-000578,Pasivo
FB-8579,TRX-15272,2.0,4,Sin Comentario,Sí,False,27.0,83.2,FBK-000579,Promotor
FB-8580,TRX-16125,2.0,4,Excelente,No,True,73.0,-62.4,FBK-000580,Detractor
FB-8581,TRX-18609,1.0,2,No volvería,Tal vez,True,40.0,-40.0,FBK-000581,Detractor
FB-8582,TRX-17918,2.0,4,Lento,No,True,73.0,-23.4,FBK-000582,Detractor
FB-8583,TRX-18106,4.0,4,Excelente,Tal vez,False,50.0,-60.9,FBK-000583,Detractor
FB-8584,TRX-17762,2.0,5,Lento,Tal vez,False,62.0,-9.2,FBK-000584,Detractor
FB-8585,TRX-14396,2.0,4,Excelente,Tal vez,True,51.0,-43.7,FBK-000585,Detractor
FB-8586,TRX-19522,5.0,1,Excelente,No,False,23.0,-74.9,FBK-000586,Detractor
FB-8587,TRX-16569,4.0,4,Sin Comentario,No,True,27.0,-83.7,FBK-000587,Detractor
FB-8588,TRX-19567,2.0,1,Sin Comentario,Tal vez,True,84.0,-48.4,FBK-000588,Detractor
FB-8589,TRX-10599,5.0,5,Sin Comentario,Tal vez,True,55.0,96.2,FBK-000589,Promotor
FB-8590,TRX-13394,3.0,2,Lento,Sin Respuesta,True,61.0,-48.7,FBK-000590,Detractor
FB-8591,TRX-13596,2.0,1,Dañado,Tal vez,False,26.0,71.1,FBK-000591,Promotor
FB-8592,TRX-13325,2.0,2,Sin Comentario,Sin Respuesta,True,47.0,-8.2,FBK-000592,Detractor
FB-8593,TRX-17406,5.0,2,Lento,Sin Respuesta,False,79.0,-49.5,FBK-000593,Detractor
FB-8594,TRX-13840,5.0,1,Precio justo,Sin Respuesta,False,50.0,64.6,FBK-000594,Promotor
FB-8595,TRX-16486,5.0,3,Precio justo,Tal vez,True,29.0,51.0,FBK-000595,Promotor
FB-8596,TRX-13581,2.0,4,Dañado,Tal vez,False,81.0,23.5,FBK-000596,Pasivo
FB-8597,TRX-15013,1.0,5,Excelente,Tal vez,False,52.0,-42.7,FBK-000597,Detractor
FB-8598,TRX-16963,1.0,2,Lento,Tal vez,True,79.0,52.4,FBK-000598,Promotor
FB-8599,TRX-16178,5.0,3,Sin Comentario,Sin Respuesta,True,34.0,-96.1,FBK-000599,Detractor
FB-8600,TRX-19361,3.0,2,Sin Comentario,Tal vez,True,50.0,-44.0,FBK-000600,Detractor
FB-8601,TRX-12575,1.0,3,Excelente,Sin Respuesta,True,51.0,72.4,FBK-000601,Promotor
FB-8602,TRX-16129,3.0,5,Excelente,Sin Respuesta,True,78.0,-53.2,FBK-000602,Detractor
FB-8603,TRX-14170,1.0,3,Precio justo,Sin Respuesta,True,79.0,25.9,FBK-000603,Pasivo
FB-8604,TRX-19020,1.0,5,Sin Comentario,No,False,27.0,-4.1,FBK-000604,Detractor
FB-8605,TRX-11388,2.0,4,Sin Comentario,Sí,False,67.0,-14.2,FBK-000605,Detractor
FB-8606,TRX-12200,1.0,3,Sin Comentario,Sin Respuesta,False,69.0,37.2,FBK-000606,Pasivo
FB-8607,TRX-11376,5.0,2,Lento,Sin Respuesta,False,24.0,-92.4,FBK-000607,Detractor
FB-8608,TRX-14834,2.0,4,No volvería,Sí,True,59.0,-0.4,FBK-000608,Detractor
FB-8609,TRX-17282,1.0,2,Sin Comentario,No,False,74.0,-12.0,FBK-000609,Detractor
FB-8610,TRX-18500,3.0,2,Sin Comentario,Tal vez,True,50.0,50.2,FBK-000610,Promotor
FB-8611,TRX-15760,2.0,4,Sin Comentario,No,True,71.0,-14.7,FBK-000611,Detractor
FB-8612,TRX-13771,2.0,4,Precio justo,Tal vez,True,72.0,81.0,FBK-000612,Promotor
FB-8613,TRX-19567,2.0,5,Sin Comentario,Sí,True,26.0,98.5,FBK-000613,Promotor
FB-8614,TRX-10674,1.0,3,Excelente,No,False,62.0,75.2,FBK-000614,Promotor
FB-8615,TRX-17622,5.0,5,Excelente,Sí,True,55.0,59.2,FBK-000615,Promotor
FB-8616,TRX-18392,4.0,1,No volvería,No,False,36.0,43.4,FBK-000616,Pasivo
FB-8617,TRX-15511,4.0,1,Excelente,No,True,61.0,12.2,FBK-000617,Pasivo
FB-8618,TRX-16981,4.0,5,Dañado,Sí,True,79.0,57.4,FBK-000618,Promotor
FB-8619,TRX-17391,1.0,5,No volvería,Sí,False,30.0,20.6,FBK-000619,Pasivo
FB-8620,TRX-17660,3.0,3,Sin Comentario,Sí,True,52.0,92.4,FBK-000620,Promotor
FB-8621,TRX-17086,2.0,4,Excelente,Tal vez,True,66.0,77.9,FBK-000621,Promotor
FB-8622,TRX-16700,2.0,1,Precio justo,Sí,False,58.0,15.3,FBK-000622,Pasivo
FB-8623,TRX-16021,5.0,4,Precio justo,Sin Respuesta,True,72.0,-15.0,FBK-000623,Detractor
FB-8624,TRX-18151,2.0,2,Sin Comentario,Sin Respuesta,False,32.0,-60.6,FBK-000624,Detractor
FB-8625,TRX-15194,5.0,2,Dañado,Sí,False,31.0,-51.1,FBK-000625,Detractor
FB-8626,TRX-14473,1.0,4,No volvería,Sí,False,76.0,-56.2,FBK-000626,Detractor
FB-8627,TRX-16264,4.0,2,No volvería,No,False,63.0,78.3,FBK-000627,Promotor
FB-8628,TRX-10404,5.0,1,Excelente,Sin Respuesta,True,45.0,83.4,FBK-000628,Promotor
FB-8629,TRX-12942,5.0,1,Excelente,Tal vez,False,76.0,-36.0,FBK-000629,Detractor
FB-8630,TRX-17236,2.0,2,Lento,No,True,55.0,40.4,FBK-000630,Pasivo
FB-8631,TRX-13830,1.0,1,Sin Comentario,Tal vez,False,57.0,-75.1,FBK-000631,Detractor
FB-8632,TRX-14351,4.0,2,Dañado,Sí,False,68.0,12.3,FBK-000632,Pasivo
FB-8633,TRX-11243,1.0,3,No volvería,No,False,26.0,-40.1,FBK-000633,Detractor
FB-8634,TRX-15883,4.0,3,Excelente,Sin Respuesta,False,28.0,90.1,FBK-000634,Promotor
FB-8635,TRX-11350,3.0,4,Sin Comentario,No,True,37.0,-72.8,FBK-000635,Detractor
FB-8636,TRX-14825,1.0,2,No volvería,Tal vez,False,51.0,-73.0,FBK-000636,Detractor
FB-8637,TRX-18220,3.0,3,Sin Comentario,Sin Respuesta,False,50.0,54.3,FBK-000637,Promotor
FB-8638,TRX-18401,4.0,3,Dañado,Tal vez,True,45.0,-37.6,FBK-000638,Detractor
FB-8639,TRX-18956,5.0,1,Precio justo,Sin Respuesta,False,70.0,-48.9,FBK-000639,Detractor
FB-8640,TRX-11280,3.0,4,Dañado,Sí,False,53.0,-58.1,FBK-000640,Detractor
FB-8641,TRX-14528,4.0,4,No volvería,Sí,False,58.0,-49.4,FBK-000641,Detractor
FB-8642,TRX-13731,4.0,3,Excelente,Sí,True,47.0,97.8,FBK-000642,Promotor
FB-8643,TRX-11612,3.0,3,No volvería,Sin Respuesta,False,44.0,-9.3,FBK-000643,Detractor
FB-8644,TRX-11942,1.0,4,Lento,No,True,67.0,-49.9,FBK-000644,Detractor
FB-8645,TRX-11168,5.0,1,Sin Comentario,Sí,False,28.0,-87.4,FBK-000645,Detractor
FB-8646,TRX-15902,4.0,5,Dañado,Sin Respuesta,False,34.0,-75.8,FBK-000646,Detractor
FB-8647,TRX-10627,1.0,1,Lento,Sin Respuesta,False,67.0,31.4,FBK-000647,Pasivo
FB-8648,TRX-18946,4.0,5,No volvería,Sí,True,49.0,-47.9,FBK-000648,Detractor
FB-8649,TRX-13281,4.0,4,Sin Comentario,Sin Respuesta,True,40.0,11.2,FBK-000649,Pasivo
FB-8650,TRX-15468,4.0,4,No volvería,Sin Respuesta,False,62.0,10.5,FBK-000650,Pasivo
FB-8651,TRX-13221,1.0,4,Sin Comentario,Sí,True,35.0,-27.6,FBK-000651,Detractor
FB-8652,TRX-15394,2.0,2,Lento,No,True,39.0,42.7,FBK-000652,Pasivo
FB-8653,TRX-14096,5.0,2,Excelente,Tal vez,True,45.0,-93.3,FBK-000653,Detractor
FB-8654,TRX-14959,5.0,2,Excelente,No,False,66.0,-16.6,FBK-000654,Detractor
FB-8655,TRX-14496,2.0,4,Dañado,Sin Respuesta,False,59.0,-13.2,FBK-000655,Detractor
FB-8656,TRX-13123,4.0,3,Sin Comentario,Sin Respuesta,False,32.0,-75.1,FBK-000656,Detractor
FB-8657,TRX-19896,2.0,4,Lento,Sin Respuesta,False,37.0,-96.9,FBK-000657,Detractor
FB-8658,TRX-12258,3.0,5,Dañado,Sí,True,49.0,6.8,FBK-000658,Pasivo
FB-8659,TRX-18898,3.0,1,Dañado,Tal vez,False,73.0,-41.1,FBK-000659,Detractor
FB-8660,TRX-14278,1.0,5,Precio justo,Sin Respuesta,True,70.0,86.4,FBK-000660,Promotor
FB-8661,TRX-10139,1.0,1,Sin Comentario,Sin Respuesta,False,60.0,41.1,FBK-000661,Pasivo
FB-8662,TRX-14906,3.0,5,Dañado,No,False,39.0,-82.4,FBK-000662,Detractor
FB-8663,TRX-14617,2.0,1,Sin Comentario,Sin Respuesta,False,37.0,31.1,FBK-000663,Pasivo
FB-8664,TRX-15679,1.0,3,Sin Comentario,Sin Respuesta,False,18.0,75.1,FBK-000664,Promotor
FB-8665,TRX-16616,2.0,1,Dañado,Sí,False,68.0,91.4,FBK-000665,Promotor
FB-8666,TRX-16647,1.0,4,Precio justo,No,True,74.0,-37.5,FBK-000666,Detractor
FB-8667,TRX-19501,5.0,5,Dañado,No,False,59.0,-12.4,FBK-000667,Detractor
FB-8668,TRX-10194,2.0,2,Dañado,Sin Respuesta,False,69.0,29.1,FBK-000668,Pasivo
FB-8669,TRX-17733,3.0,3,Sin Comentario,Sí,True,43.0,81.9,FBK-000669,Promotor
FB-8670,TRX-18399,3.0,5,Dañado,Sí,False,80.0,35.2,FBK-000670,Pasivo
FB-8671,TRX-12445,1.0,3,Lento,Tal vez,True,78.0,-23.2,FBK-000671,Detractor
FB-8672,TRX-16512,2.0,2,Precio justo,Tal vez,True,79.0,-82.0,FBK-000672,Detractor
FB-8673,TRX-13728,4.0,2,Excelente,Sin Respuesta,False,84.0,-71.2,FBK-000673,Detractor
FB-8674,TRX-13717,3.0,2,Dañado,Tal vez,False,78.0,9.6,FBK-000674,Pasivo
FB-8675,TRX-13438,3.0,2,Lento,Sí,True,63.0,-52.3,FBK-000675,Detractor
FB-8676,TRX-17773,2.0,2,Lento,No,True,66.0,-10.1,FBK-000676,Detractor
FB-8677,TRX-13829,2.0,4,Lento,Tal vez,True,41.0,-18.5,FBK-000677,Detractor
FB-8678,TRX-18451,1.0,1,Precio justo,Sin Respuesta,True,63.0,14.1,FBK-000678,Pasivo
FB-8679,TRX-19617,4.0,2,Sin Comentario,Sí,True,74.0,-33.3,FBK-000679,Detractor
FB-8680,TRX-19054,3.0,5,Sin Comentario,Tal vez,False,31.0,-7.9,FBK-000680,Detractor
FB-8681,TRX-17679,2.0,5,Precio justo,Sí,True,19.0,16.4,FBK-000681,Pasivo
FB-8682,TRX-17559,3.0,2,No volvería,No,True,23.0,18.8,FBK-000682,Pasivo
FB-8683,TRX-15581,4.0,3,Dañado,Sí,True,78.0,-6.4,FBK-000683,Detractor
FB-8684,TRX-11406,5.0,2,Excelente,Sin Respuesta,True,53.0,42.8,FBK-000684,Pasivo
FB-8685,TRX-15129,5.0,4,Excelente,Tal vez,True,47.0,-22.0,FBK-000685,Detractor
FB-8686,TRX-13077,4.0,1,No volvería,Sí,False,65.0,57.6,FBK-000686,Promotor
FB-8687,TRX-17025,2.0,5,Excelente,No,True,33.0,96.9,FBK-000687,Promotor
FB-8688,TRX-16843,5.0,2,Dañado,Tal vez,False,81.0,51.9,FBK-000688,Promotor
FB-8689,TRX-13433,2.0,1,Excelente,Tal vez,False,25.0,56.0,FBK-000689,Promotor
FB-8690,TRX-17187,1.0,1,Dañado,Sin Respuesta,False,52.0,74.5,FBK-000690,Promotor
FB-8691,TRX-17372,3.0,2,Precio justo,No,True,41.0,-79.3,FBK-000691,Detractor
FB-8692,TRX-19149,1.0,1,Sin Comentario,Sí,False,48.0,12.2,FBK-000692,Pasivo
FB-8693,TRX-10493,5.0,5,Precio justo,No,False,51.0,34.4,FBK-000693,Pasivo
FB-8694,TRX-16139,5.0,2,Dañado,No,True,22.0,83.1,FBK-000694,Promotor
FB-8695,TRX-12276,2.0,3,Sin Comentario,No,False,31.0,66.7,FBK-000695,Promotor
FB-8696,TRX-19461,5.0,2,Sin Comentario,Sí,False,54.0,-22.2,FBK-000696,Detractor
FB-8697,TRX-12102,2.0,5,Sin Comentario,Tal vez,True,37.0,-37.6,FBK-000697,Detractor
FB-8698,TRX-15006,4.0,2,Dañado,No,False,82.0,-40.8,FBK-000698,Detractor
FB-8699,TRX-10158,5.0,2,Precio justo,Sí,True,33.0,-50.0,FBK-000699,Detractor
FB-8700,TRX-18188,4.0,2,Dañado,Tal vez,False,28.0,-38.2,FBK-000700,Detractor
FB-8701,TRX-15810,4.0,4,No volvería,Sin Respuesta,False,61.0,46.8,FBK-000701,Pasivo
FB-8702,TRX-15567,3.0,4,Precio justo,Sí,True,78.0,-76.9,FBK-000702,Detractor
FB-8703,TRX-13694,2.0,5,Excelente,No,False,48.0,46.9,FBK-000703,Pasivo
FB-8704,TRX-16867,4.0,1,Precio justo,No,False,78.0,-61.1,FBK-000704,Detractor
FB-8705,TRX-16974,3.0,2,Excelente,Sí,True,26.0,24.8,FBK-000705,Pasivo
FB-8706,TRX-16608,5.0,2,Excelente,Sí,True,67.0,19.2,FBK-000706,Pasivo
FB-8707,TRX-18808,5.0,4,No volvería,No,False,35.0,18.5,FBK-000707,Pasivo
FB-8708,TRX-14909,4.0,3,Precio justo,Sí,False,32.0,-37.9,FBK-000708,Detractor
FB-8709,TRX-15342,5.0,4,Precio justo,No,False,41.0,-70.0,FBK-000709,Detractor
FB-8710,TRX-19616,2.0,1,No volvería,Sí,True,64.0,58.4,FBK-000710,Promotor
FB-8711,TRX-10380,5.0,2,Sin Comentario,Sin Respuesta,True,51.0,-51.6,FBK-000711,Detractor
FB-8712,TRX-19299,1.0,2,Precio justo,Tal vez,True,40.0,-84.1,FBK-000712,Detractor
FB-8713,TRX-10527,5.0,5,Sin Comentario,Sin Respuesta,True,37.0,-68.3,FBK-000713,Detractor
FB-8714,TRX-12279,4.0,3,Excelente,Sí,True,62.0,-77.2,FBK-000714,Detractor
FB-8715,TRX-12518,3.0,5,Sin Comentario,Sin Respuesta,True,53.0,43.0,FBK-000715,Pasivo
FB-8716,TRX-15410,2.0,3,Sin Comentario,Sin Respuesta,True,63.0,49.0,FBK-000716,Pasivo
FB-8717,TRX-19309,2.0,3,Sin Comentario,Tal vez,False,26.0,-32.4,FBK-000717,Detractor
FB-8718,TRX-19879,3.0,3,Dañado,Sí,False,31.0,53.0,FBK-000718,Promotor
FB-8719,TRX-19958,2.0,3,Sin Comentario,Sin Respuesta,True,60.0,67.7,FBK-000719,Promotor
FB-8720,TRX-19402,4.0,5,Sin Comentario,Sin Respuesta,False,78.0,-4.6,FBK-000720,Detractor
FB-8721,TRX-16404,4.0,2,No volvería,Sí,False,39.0,65.4,FBK-000721,Promotor
FB-8722,TRX-16247,3.0,2,Sin Comentario,Tal vez,False,22.0,0.8,FBK-000722,Pasivo
FB-8723,TRX-13345,4.0,5,No volvería,Sin Respuesta,False,76.0,61.9,FBK-000723,Promotor
FB-8724,TRX-16400,1.0,4,Sin Comentario,No,False,49.0,-11.8,FBK-000724,Detractor
FB-8725,TRX-11043,4.0,1,Dañado,Tal vez,True,52.0,-88.2,FBK-000725,Detractor
FB-8726,TRX-18757,2.0,3,Excelente,Sí,False,21.0,-55.9,FBK-000726,Detractor
FB-8727,TRX-16331,3.0,5,Dañado,No,False,64.0,-39.3,FBK-000727,Detractor
FB-8728,TRX-13085,1.0,3,Precio justo,No,True,71.0,-11.9,FBK-000728,Detractor
FB-8729,TRX-17778,4.0,3,Dañado,Sin Respuesta,False,77.0,-5.1,FBK-000729,Detractor
FB-8730,TRX-11779,1.0,3,No volvería,Sin Respuesta,False,68.0,95.1,FBK-000730,Promotor
FB-8731,TRX-15387,5.0,5,Lento,Sí,True,30.0,-4.9,FBK-000731,Detractor
FB-8732,TRX-19330,5.0,2,Precio justo,Sin Respuesta,False,52.0,-25.7,FBK-000732,Detractor
FB-8733,TRX-17397,1.0,4,Sin Comentario,Tal vez,False,33.0,-27.9,FBK-000733,Detractor
FB-8734,TRX-14991,5.0,4,Sin Comentario,No,False,20.0,77.2,FBK-000734,Promotor
FB-8735,TRX-11527,5.0,5,Sin Comentario,Tal vez,True,79.0,-23.0,FBK-000735,Detractor
FB-8736,TRX-12808,5.0,1,Sin Comentario,No,True,48.0,57.0,FBK-000736,Promotor
FB-8737,TRX-11709,3.0,4,Sin Comentario,Sí,True,18.0,-50.2,FBK-000737,Detractor
FB-8738,TRX-19058,3.0,4,Dañado,No,True,79.0,-14.2,FBK-000738,Detractor
FB-8739,TRX-12910,5.0,3,Dañado,Sin Respuesta,True,18.0,14.8,FBK-000739,Pasivo
FB-8740,TRX-10525,2.0,5,Excelente,Sí,False,50.0,12.9,FBK-000740,Pasivo
FB-8741,TRX-19885,5.0,2,Sin Comentario,Sí,True,59.0,15.9,FBK-000741,Pasivo
FB-8742,TRX-18005,5.0,5,Precio justo,Sí,True,82.0,48.3,FBK-000742,Pasivo
FB-8743,TRX-10439,5.0,5,Excelente,No,False,33.0,2.0,FBK-000743,Pasivo
FB-8744,TRX-13058,2.0,4,No volvería,Tal vez,True,54.0,-63.3,FBK-000744,Detractor
FB-8745,TRX-13260,2.0,3,No volvería,Sin Respuesta,False,69.0,16.2,FBK-000745,Pasivo
FB-8746,TRX-11138,5.0,5,Excelente,Tal vez,False,52.0,-40.4,FBK-000746,Detractor
FB-8747,TRX-16322,4.0,2,Precio justo,No,False,64.0,-39.9,FBK-000747,Detractor
FB-8748,TRX-14650,1.0,3,Excelente,Tal vez,False,19.0,-74.3,FBK-000748,Detractor
FB-8749,TRX-13373,3.0,3,Sin Comentario,Tal vez,True,61.0,82.0,FBK-000749,Promotor
FB-8750,TRX-13818,3.0,2,Excelente,Tal vez,False,70.0,-87.0,FBK-000750,Detractor
FB-8751,TRX-14769,1.0,2,Precio justo,Sí,True,27.0,-92.5,FBK-000751,Detractor
FB-8752,TRX-18591,3.0,2,No volvería,No,False,62.0,45.0,FBK-000752,Pasivo
FB-8753,TRX-11146,1.0,5,Lento,No,True,75.0,41.0,FBK-000753,Pasivo
FB-8754,TRX-17449,2.0,3,Excelente,Sin Respuesta,True,41.0,-29.9,FBK-000754,Detractor
FB-8755,TRX-10941,5.0,3,Sin Comentario,Sin Respuesta,False,39.0,48.1,FBK-000755,Pasivo
FB-8756,TRX-16039,3.0,1,Sin Comentario,Sí,True,58.0,-2.5,FBK-000756,Detractor
FB-8757,TRX-18495,5.0,1,Excelente,No,False,22.0,45.7,FBK-000757,Pasivo
FB-8758,TRX-10180,5.0,1,Dañado,Sin Respuesta,True,21.0,9.2,FBK-000758,Pasivo
FB-8759,TRX-12815,2.0,5,Precio justo,Sin Respuesta,True,76.0,46.5,FBK-000759,Pasivo
FB-8760,TRX-15353,3.0,5,Dañado,Sí,False,39.0,54.5,FBK-000760,Promotor
FB-8761,TRX-16731,4.0,2,No volvería,Sin Respuesta,False,77.0,-43.3,FBK-000761,Detractor
FB-8762,TRX-16407,2.0,5,Dañado,Sin Respuesta,False,28.0,-23.0,FBK-000762,Detractor
FB-8763,TRX-12572,5.0,3,Precio justo,Sin Respuesta,True,63.0,0.9,FBK-000763,Pasivo
FB-8764,TRX-11814,3.0,3,Excelente,Sin Respuesta,False,58.0,-61.9,FBK-000764,Detractor
FB-8765,TRX-12115,2.0,4,Excelente,Tal vez,False,24.0,94.1,FBK-000765,Promotor
FB-8766,TRX-18789,2.0,4,Lento,Sí,False,41.0,84.8,FBK-000766,Promotor
FB-8767,TRX-16855,4.0,5,No volvería,Sí,True,25.0,55.4,FBK-000767,Promotor
FB-8768,TRX-17835,1.0,4,Excelente,Tal vez,False,29.0,-60.3,FBK-000768,Detractor
FB-8769,TRX-11126,3.0,5,Dañado,Sin Respuesta,False,27.0,-9.4,FBK-000769,Detractor
FB-8770,TRX-16373,3.0,2,Lento,No,False,28.0,85.5,FBK-000770,Promotor
FB-8771,TRX-13382,3.0,2,Lento,Sin Respuesta,True,37.0,22.4,FBK-000771,Pasivo
FB-8772,TRX-12128,3.0,4,Sin Comentario,Tal vez,True,61.0,-22.9,FBK-000772,Detractor
FB-8773,TRX-13369,1.0,5,No volvería,Sin Respuesta,False,40.0,-81.7,FBK-000773,Detractor
FB-8774,TRX-15075,2.0,4,Lento,Sí,False,39.0,-80.0,FBK-000774,Detractor
FB-8775,TRX-17081,2.0,3,Sin Comentario,Sin Respuesta,False,62.0,35.7,FBK-000775,Pasivo
FB-8776,TRX-17778,1.0,5,Precio justo,No,True,39.0,-37.7,FBK-000776,Detractor
FB-8777,TRX-12601,2.0,1,Dañado,Sí,False,56.0,-0.7,FBK-000777,Detractor
FB-8778,TRX-19891,1.0,3,Lento,Sin Respuesta,True,58.0,50.3,FBK-000778,Promotor
FB-8779,TRX-19422,1.0,5,Excelente,Sin Respuesta,False,73.0,-63.4,FBK-000779,Detractor
FB-8780,TRX-15084,2.0,4,Dañado,No,True,84.0,-84.5,FBK-000780,Detractor
FB-8781,TRX-19625,2.0,4,No volvería,Sin Respuesta,False,52.0,-24.7,FBK-000781,Detractor
FB-8782,TRX-13325,1.0,4,Lento,Tal vez,True,33.0,-67.5,FBK-000782,Detractor
FB-8783,TRX-18232,4.0,5,Dañado,No,True,35.0,2.1,FBK-000783,Pasivo
FB-8784,TRX-17519,5.0,4,Excelente,Tal vez,False,30.0,10.6,FBK-000784,Pasivo
FB-8785,TRX-14512,3.0,5,Lento,No,False,39.0,-77.9,FBK-000785,Detractor
FB-8786,TRX-13304,1.0,5,No volvería,Sí,True,26.0,58.6,FBK-000786,Promotor
FB-8787,TRX-10121,2.0,4,No volvería,No,True,26.0,-95.3,FBK-000787,Detractor
FB-8788,TRX-12337,1.0,2,Sin Comentario,No,True,35.0,-31.2,FBK-000788,Detractor
FB-8789,TRX-17302,2.0,2,No volvería,Tal vez,True,81.0,-90.6,FBK-000789,Detractor
FB-8790,TRX-11048,1.0,3,Sin Comentario,Tal vez,False,55.0,41.4,FBK-000790,Pasivo
FB-8791,TRX-16541,2.0,5,Lento,No,True,68.0,75.7,FBK-000791,Promotor
FB-8792,TRX-19909,4.0,4,Lento,Sí,True,75.0,-30.4,FBK-000792,Detractor
FB-8793,TRX-14044,5.0,4,Lento,No,False,39.0,-34.4,FBK-000793,Detractor
FB-8794,TRX-18615,2.0,4,Excelente,Sin Respuesta,False,73.0,38.9,FBK-000794,Pasivo
FB-8795,TRX-15388,4.0,2,Sin Comentario,No,True,46.0,74.3,FBK-000795,Promotor
FB-8796,TRX-19326,5.0,1,Sin Comentario,Sí,False,72.0,77.4,FBK-000796,Promotor
FB-8797,TRX-18043,2.0,5,No volvería,Tal vez,True,21.0,16.9,FBK-000797,Pasivo
FB-8798,TRX-17539,3.0,3,Dañado,Sin Respuesta,True,53.0,18.8,FBK-000798,Pasivo
FB-8799,TRX-17580,1.0,3,Sin Comentario,No,True,49.0,23.9,FBK-000799,Pasivo
FB-8800,TRX-19439,1.0,3,Dañado,No,False,50.0,1.6,FBK-000800,Pasivo
FB-8801,TRX-10640,1.0,5,Lento,No,True,31.0,6.2,FBK-000801,Pasivo
FB-8802,TRX-11492,2.0,5,No volvería,Tal vez,False,35.0,-81.1,FBK-000802,Detractor
FB-8803,TRX-14717,3.0,3,Sin Comentario,Sí,False,84.0,96.5,FBK-000803,Promotor
FB-8804,TRX-17476,3.0,3,No volvería,Sin Respuesta,False,26.0,-87.6,FBK-000804,Detractor
FB-8805,TRX-15681,3.0,4,Lento,Sí,True,43.0,-3.9,FBK-000805,Detractor
FB-8806,TRX-14873,5.0,1,Excelente,Sí,True,65.0,57.1,FBK-000806,Promotor
FB-8807,TRX-16407,2.0,2,Dañado,No,True,36.0,16.6,FBK-000807,Pasivo
FB-8808,TRX-12869,4.0,5,Dañado,Sin Respuesta,True,19.0,-80.8,FBK-000808,Detractor
FB-8809,TRX-16800,5.0,1,Precio justo,Sin Respuesta,True,45.0,11.1,FBK-000809,Pasivo
FB-8810,TRX-14081,2.0,3,Sin Comentario,Tal vez,False,70.0,81.1,FBK-000810,Promotor
FB-8811,TRX-12942,3.0,3,Lento,Sin Respuesta,True,59.0,24.4,FBK-000811,Pasivo
FB-8812,TRX-17079,2.0,3,Dañado,Sí,False,47.0,55.9,FBK-000812,Promotor
FB-8813,TRX-17501,3.0,3,Sin Comentario,No,False,35.0,-7.5,FBK-000813,Detractor
FB-8814,TRX-16302,4.0,4,Dañado,No,True,26.0,-37.6,FBK-000814,Detractor
FB-8815,TRX-13005,3.0,5,Excelente,No,False,24.0,-60.0,FBK-000815,Detractor
FB-8816,TRX-19316,5.0,3,Sin Comentario,Sí,False,70.0,69.8,FBK-000816,Promotor
FB-8817,TRX-11565,2.0,3,Lento,Tal vez,False,22.0,41.3,FBK-000817,Pasivo
FB-8818,TRX-16447,1.0,5,Lento,Tal vez,True,60.0,-64.4,FBK-000818,Detractor
FB-8819,TRX-10715,3.0,2,Sin Comentario,Sin Respuesta,True,30.0,10.3,FBK-000819,Pasivo
FB-8820,TRX-13927,3.0,4,Sin Comentario,No,False,64.0,41.9,FBK-000820,Pasivo
FB-8821,TRX-12587,1.0,4,Sin Comentario,No,False,62.0,13.6,FBK-000821,Pasivo
FB-8822,TRX-14485,5.0,1,Sin Comentario,No,True,19.0,89.9,FBK-000822,Promotor
FB-8823,TRX-18810,4.0,4,Sin Comentario,No,False,26.0,-63.0,FBK-000823,Detractor
FB-8824,TRX-14782,4.0,1,Dañado,No,True,39.0,42.9,FBK-000824,Pasivo
FB-8825,TRX-11093,5.0,2,Dañado,Sin Respuesta,True,37.0,23.3,FBK-000825,Pasivo
FB-8826,TRX-13559,2.0,5,Sin Comentario,Tal vez,True,77.0,83.8,FBK-000826,Promotor
FB-8827,TRX-18085,4.0,3,No volvería,Tal vez,False,28.0,72.5,FBK-000827,Promotor
FB-8828,TRX-16738,5.0,1,Precio justo,Sí,True,38.0,29.7,FBK-000828,Pasivo
FB-8829,TRX-19057,3.0,4,Sin Comentario,No,True,83.0,-12.8,FBK-000829,Detractor
FB-8830,TRX-11986,1.0,3,Dañado,Tal vez,False,70.0,-67.2,FBK-000830,Detractor
FB-8831,TRX-16041,2.0,2,Lento,Tal vez,True,39.0,60.6,FBK-000831,Promotor
FB-8832,TRX-11253,2.0,5,No volvería,Sin Respuesta,True,41.0,64.9,FBK-000832,Promotor
FB-8833,TRX-11723,3.0,1,Sin Comentario,Sin Respuesta,True,83.0,-27.6,FBK-000833,Detractor
FB-8834,TRX-18264,4.0,4,Excelente,Sí,True,43.0,-54.8,FBK-000834,Detractor
FB-8835,TRX-15341,2.0,3,Lento,Sí,False,53.0,86.3,FBK-000835,Promotor
FB-8836,TRX-16719,1.0,3,No volvería,Tal vez,False,54.0,-6.2,FBK-000836,Detractor
FB-8837,TRX-17388,3.0,3,Sin Comentario,Sí,False,35.0,47.2,FBK-000837,Pasivo
FB-8838,TRX-12700,2.0,5,Lento,Tal vez,True,44.0,24.3,FBK-000838,Pasivo
FB-8839,TRX-14141,3.0,1,Sin Comentario,Sin Respuesta,True,36.0,39.9,FBK-000839,Pasivo
FB-8840,TRX-13397,4.0,5,Lento,Sí,False,75.0,-96.3,FBK-000840,Detractor
FB-8841,TRX-18291,5.0,4,Lento,Tal vez,True,53.0,25.2,FBK-000841,Pasivo
FB-8842,TRX-10731,3.0,1,Dañado,Tal vez,True,50.0,9.9,FBK-000842,Pasivo
FB-8843,TRX-17572,4.0,2,Dañado,Sin Respuesta,False,78.0,50.7,FBK-000843,Promotor
FB-8844,TRX-10437,2.0,2,Precio justo,Tal vez,False,23.0,87.5,FBK-000844,Promotor
FB-8845,TRX-11199,2.0,5,Excelente,No,True,21.0,66.0,FBK-000845,Promotor
FB-8846,TRX-17567,4.0,5,Excelente,No,True,26.0,-11.6,FBK-000846,Detractor
FB-8847,TRX-16244,2.0,5,Dañado,Tal vez,False,42.0,19.1,FBK-000847,Pasivo
FB-8848,TRX-15630,2.0,2,Lento,Sí,False,40.0,-52.3,FBK-000848,Detractor
FB-8849,TRX-16542,2.0,2,Lento,No,True,74.0,-99.5,FBK-000849,Detractor
FB-8850,TRX-13185,4.0,1,Sin Comentario,No,False,43.0,-70.9,FBK-000850,Detractor
FB-8851,TRX-16499,4.0,1,Sin Comentario,No,False,21.0,-85.6,FBK-000851,Detractor
FB-8852,TRX-10618,3.0,5,No volvería,No,False,38.0,50.0,FBK-000852,Promotor
FB-8853,TRX-10175,1.0,3,Sin Comentario,Sí,True,42.0,-62.5,FBK-000853,Detractor
FB-8854,TRX-14105,5.0,1,Sin Comentario,Sin Respuesta,True,48.0,-77.7,FBK-000854,Detractor
FB-8855,TRX-11878,2.0,2,No volvería,Sí,True,24.0,-43.0,FBK-000855,Detractor
FB-8856,TRX-12236,1.0,4,No volvería,Sin Respuesta,False,30.0,86.7,FBK-000856,Promotor
FB-8857,TRX-15359,1.0,3,Sin Comentario,No,False,72.0,-45.0,FBK-000857,Detractor
FB-8858,TRX-17606,4.0,2,Sin Comentario,No,False,26.0,31.4,FBK-000858,Pasivo
FB-8859,TRX-17942,4.0,3,Excelente,Sí,True,75.0,66.7,FBK-000859,Promotor
FB-8860,TRX-17558,1.0,4,Excelente,Sí,False,60.0,65.8,FBK-000860,Promotor
FB-8861,TRX-11117,4.0,5,No volvería,Sin Respuesta,False,47.0,88.7,FBK-000861,Promotor
FB-8862,TRX-11352,3.0,3,No volvería,Sí,True,78.0,-27.5,FBK-000862,Detractor
FB-8863,TRX-18985,3.0,4,No volvería,Tal vez,True,84.0,-2.4,FBK-000863,Detractor
FB-8864,TRX-13969,5.0,4,Excelente,Sí,False,71.0,-52.5,FBK-000864,Detractor
FB-8865,TRX-17171,5.0,3,Dañado,No,True,56.0,-87.0,FBK-000865,Detractor
FB-8866,TRX-12297,5.0,3,Sin Comentario,Sí,True,46.0,95.6,FBK-000866,Promotor
FB-8867,TRX-17713,2.0,3,Sin Comentario,No,False,38.0,73.3,FBK-000867,Promotor
FB-8868,TRX-14573,3.0,3,Sin Comentario,Tal vez,False,29.0,-37.0,FBK-000868,Detractor
FB-8869,TRX-12643,2.0,5,Sin Comentario,No,True,40.0,58.0,FBK-000869,Promotor
FB-8870,TRX-12794,3.0,2,Lento,Sí,True,34.0,65.9,FBK-000870,Promotor
FB-8871,TRX-10295,1.0,1,Sin Comentario,Sin Respuesta,False,78.0,-51.0,FBK-000871,Detractor
FB-8872,TRX-19944,2.0,5,Sin Comentario,Tal vez,False,48.0,86.8,FBK-000872,Promotor
FB-8873,TRX-11646,5.0,3,Dañado,Tal vez,False,29.0,-35.9,FBK-000873,Detractor
FB-8874,TRX-12903,3.0,4,Excelente,Sí,True,65.0,13.6,FBK-000874,Pasivo
FB-8875,TRX-14819,5.0,5,Excelente,Tal vez,True,39.0,59.5,FBK-000875,Promotor
FB-8876,TRX-12034,4.0,1,No volvería,No,False,69.0,18.0,FBK-000876,Pasivo
FB-8877,TRX-18759,3.0,1,Dañado,Sin Respuesta,False,22.0,-48.1,FBK-000877,Detractor
FB-8878,TRX-16403,3.0,5,Excelente,Sí,False,80.0,86.5,FBK-000878,Promotor
FB-8879,TRX-12759,5.0,4,Precio justo,Tal vez,True,23.0,-99.3,FBK-000879,Detractor
FB-8880,TRX-11271,5.0,4,Dañado,No,False,81.0,5.0,FBK-000880,Pasivo
FB-8881,TRX-10183,5.0,4,Sin Comentario,No,True,75.0,-91.1,FBK-000881,Detractor
FB-8882,TRX-14476,3.0,2,Dañado,Tal vez,True,42.0,31.0,FBK-000882,Pasivo
FB-8883,TRX-12514,1.0,4,Sin Comentario,Sí,False,70.0,-91.5,FBK-000883,Detractor
FB-8884,TRX-17219,4.0,1,Excelente,No,False,37.0,-88.7,FBK-000884,Detractor
FB-8885,TRX-15866,5.0,3,Lento,Tal vez,False,20.0,-1.4,FBK-000885,Detractor
FB-8886,TRX-12915,1.0,3,Excelente,Sí,True,81.0,37.6,FBK-000886,Pasivo
FB-8887,TRX-13549,5.0,1,Dañado,Sí,True,24.0,-15.8,FBK-000887,Detractor
FB-8888,TRX-10564,3.0,4,Precio justo,No,False,20.0,82.8,FBK-000888,Promotor
FB-8889,TRX-18721,1.0,3,Dañado,Sí,True,60.0,85.4,FBK-000889,Promotor
FB-8890,TRX-13541,3.0,1,Sin Comentario,Sin Respuesta,False,62.0,-10.3,FBK-000890,Detractor
FB-8891,TRX-17242,2.0,4,Excelente,No,False,21.0,20.4,FBK-000891,Pasivo
FB-8892,TRX-10782,5.0,2,Sin Comentario,Sí,True,51.0,95.8,FBK-000892,Promotor
FB-8893,TRX-18566,4.0,3,No volvería,Sin Respuesta,False,61.0,64.3,FBK-000893,Promotor
FB-8894,TRX-11684,1.0,4,Sin Comentario,Sin Respuesta,False,59.0,-73.1,FBK-000894,Detractor
FB-8895,TRX-16399,2.0,4,Lento,No,False,75.0,-85.8,FBK-000895,Detractor
FB-8896,TRX-15051,5.0,3,Dañado,Tal vez,False,69.0,13.9,FBK-000896,Pasivo
FB-8897,TRX-17274,2.0,4,Precio justo,Sí,True,66.0,68.5,FBK-000897,Promotor
FB-8898,TRX-10858,1.0,5,Precio justo,Sin Respuesta,True,29.0,51.4,FBK-000898,Promotor
FB-8899,TRX-19800,4.0,5,Precio justo,No,False,68.0,25.3,FBK-000899,Pasivo
FB-8900,TRX-10076,3.0,2,Lento,Sí,False,24.0,67.0,FBK-000900,Promotor
FB-8901,TRX-10797,1.0,1,Sin Comentario,Tal vez,False,79.0,-74.0,FBK-000901,Detractor
FB-8902,TRX-16183,4.0,5,Dañado,Sí,False,76.0,-5.8,FBK-000902,Detractor
FB-8903,TRX-13305,3.0,5,No volvería,Tal vez,True,57.0,57.9,FBK-000903,Promotor
FB-8904,TRX-14091,5.0,2,Excelente,Sí,False,67.0,-68.0,FBK-000904,Detractor
FB-8905,TRX-16138,2.0,5,Sin Comentario,Sí,False,57.0,-25.3,FBK-000905,Detractor
FB-8906,TRX-13908,3.0,5,Sin Comentario,Tal vez,True,42.0,-8.2,FBK-000906,Detractor
FB-8907,TRX-13276,5.0,3,Dañado,Tal vez,False,23.0,-85.0,FBK-000907,Detractor
FB-8908,TRX-11497,2.0,2,Dañado,No,True,81.0,-95.5,FBK-000908,Detractor
FB-8909,TRX-10262,3.0,4,No volvería,No,True,61.0,1.5,FBK-000909,Pasivo
FB-8910,TRX-16908,5.0,4,Lento,Tal vez,True,18.0,81.4,FBK-000910,Promotor
FB-8911,TRX-10457,5.0,1,Sin Comentario,Sin Respuesta,False,22.0,-79.5,FBK-000911,Detractor
FB-8912,TRX-10238,3.0,1,Excelente,Sí,False,61.0,-74.1,FBK-000912,Detractor
FB-8913,TRX-15523,1.0,5,Excelente,Tal vez,True,75.0,-88.5,FBK-000913,Detractor
FB-8914,TRX-13148,4.0,5,Excelente,Sin Respuesta,False,35.0,-27.6,FBK-000914,Detractor
FB-8915,TRX-11035,4.0,4,Sin Comentario,Sin Respuesta,True,62.0,-21.2,FBK-000915,Detractor
FB-8916,TRX-13613,1.0,2,Sin Comentario,No,False,75.0,96.7,FBK-000916,Promotor
FB-8917,TRX-11582,5.0,3,Dañado,No,True,58.0,64.6,FBK-000917,Promotor
FB-8918,TRX-12750,2.0,1,No volvería,Sí,True,52.0,-26.9,FBK-000918,Detractor
FB-8919,TRX-12736,1.0,5,No volvería,No,False,53.0,-23.9,FBK-000919,Detractor
FB-8920,TRX-10721,5.0,1,Lento,Sí,True,59.0,-16.8,FBK-000920,Detractor
FB-8921,TRX-16810,3.0,4,No volvería,Tal vez,True,19.0,18.1,FBK-000921,Pasivo
FB-8922,TRX-18396,3.0,2,No volvería,Sí,False,35.0,75.3,FBK-000922,Promotor
FB-8923,TRX-11764,5.0,4,Excelente,No,True,52.0,-54.1,FBK-000923,Detractor
FB-8924,TRX-15359,3.0,3,Lento,No,False,39.0,-50.9,FBK-000924,Detractor
FB-8925,TRX-15286,4.0,2,No volvería,Sin Respuesta,False,72.0,98.1,FBK-000925,Promotor
FB-8926,TRX-19208,1.0,3,Sin Comentario,No,True,64.0,-2.2,FBK-000926,Detractor
FB-8927,TRX-13105,4.0,3,No volvería,Sin Respuesta,False,41.0,36.9,FBK-000927,Pasivo
FB-8928,TRX-13393,5.0,2,No volvería,No,True,49.0,61.7,FBK-000928,Promotor
FB-8929,TRX-18875,1.0,3,No volvería,Sin Respuesta,False,28.0,-2.1,FBK-000929,Detractor
FB-8930,TRX-16472,3.0,1,Excelente,Sí,True,27.0,-96.7,FBK-000930,Detractor
FB-8931,TRX-17010,1.0,5,Sin Comentario,Sí,False,60.0,49.9,FBK-000931,Pasivo
FB-8932,TRX-11979,1.0,2,Sin Comentario,Sí,True,24.0,16.6,FBK-000932,Pasivo
FB-8933,TRX-13807,3.0,4,Dañado,Sin Respuesta,False,65.0,75.5,FBK-000933,Promotor
FB-8934,TRX-13502,2.0,4,Sin Comentario,Sí,False,40.0,60.1,FBK-000934,Promotor
FB-8935,TRX-11734,3.0,5,Sin Comentario,Tal vez,True,25.0,-21.0,FBK-000935,Detractor
FB-8936,TRX-15842,4.0,4,Sin Comentario,Sí,False,24.0,-91.5,FBK-000936,Detractor
FB-8937,TRX-15298,2.0,5,Sin Comentario,Sí,True,27.0,10.0,FBK-000937,Pasivo
FB-8938,TRX-12844,4.0,1,Lento,Sin Respuesta,False,29.0,96.2,FBK-000938,Promotor
FB-8939,TRX-10245,5.0,4,Dañado,Sí,True,54.0,-65.7,FBK-000939,Detractor
FB-8940,TRX-16588,4.0,4,Sin Comentario,No,False,43.0,1.4,FBK-000940,Pasivo
FB-8941,TRX-15181,1.0,1,Excelente,Sin Respuesta,False,22.0,-76.0,FBK-000941,Detractor
FB-8942,TRX-10196,5.0,4,Dañado,Sí,True,68.0,87.8,FBK-000942,Promotor
FB-8943,TRX-16376,2.0,4,Sin Comentario,Tal vez,False,64.0,65.5,FBK-000943,Promotor
FB-8944,TRX-13485,4.0,1,No volvería,Sin Respuesta,True,24.0,7.4,FBK-000944,Pasivo
FB-8945,TRX-17516,5.0,1,Sin Comentario,Sí,True,53.0,27.7,FBK-000945,Pasivo
FB-8946,TRX-13606,4.0,1,Lento,Tal vez,True,24.0,29.2,FBK-000946,Pasivo
FB-8947,TRX-11081,1.0,4,No volvería,Sin Respuesta,True,56.0,90.8,FBK-000947,Promotor
FB-8948,TRX-14562,1.0,5,Lento,No,False,59.0,94.2,FBK-000948,Promotor
FB-8949,TRX-16045,2.0,5,Dañado,No,False,71.0,33.0,FBK-000949,Pasivo
FB-8950,TRX-10719,3.0,2,No volvería,Sí,False,23.0,-41.2,FBK-000950,Detractor
FB-8951,TRX-11103,3.0,2,Excelente,Tal vez,False,82.0,27.9,FBK-000951,Pasivo
FB-8952,TRX-13580,1.0,4,No volvería,No,False,19.0,11.2,FBK-000952,Pasivo
FB-8953,TRX-16735,5.0,4,Precio justo,Tal vez,False,84.0,57.8,FBK-000953,Promotor
FB-8954,TRX-14940,2.0,5,Sin Comentario,No,False,31.0,72.6,FBK-000954,Promotor
FB-8955,TRX-19811,4.0,3,Excelente,Sin Respuesta,True,41.0,27.5,FBK-000955,Pasivo
FB-8956,TRX-18185,4.0,2,Lento,No,False,58.0,3.4,FBK-000956,Pasivo
FB-8957,TRX-11668,5.0,5,Precio justo,Tal vez,False,71.0,71.4,FBK-000957,Promotor
FB-8958,TRX-18784,3.0,4,Sin Comentario,Tal vez,True,19.0,-10.7,FBK-000958,Detractor
FB-8959,TRX-19325,1.0,2,No volvería,Sí,True,35.0,-4.6,FBK-000959,Detractor
FB-8960,TRX-12809,1.0,2,Sin Comentario,Sin Respuesta,True,35.0,-96.6,FBK-000960,Detractor
FB-8961,TRX-14127,2.0,2,Sin Comentario,No,True,36.0,-85.6,FBK-000961,Detractor
FB-8962,TRX-11552,1.0,4,No volvería,Sin Respuesta,False,54.0,-14.1,FBK-000962,Detractor
FB-8963,TRX-19828,3.0,5,No volvería,Sin Respuesta,True,38.0,-98.5,FBK-000963,Detractor
FB-8964,TRX-15314,3.0,3,No volvería,Tal vez,False,79.0,-59.3,FBK-000964,Detractor
FB-8965,TRX-16366,5.0,4,Sin Comentario,Sí,False,38.0,35.9,FBK-000965,Pasivo
FB-8966,TRX-12177,2.0,2,Precio justo,Sin Respuesta,False,60.0,25.8,FBK-000966,Pasivo
FB-8967,TRX-15440,2.0,1,Excelente,Tal vez,False,75.0,13.4,FBK-000967,Pasivo
FB-8968,TRX-12872,1.0,5,Sin Comentario,No,False,52.0,65.0,FBK-000968,Promotor
FB-8969,TRX-15209,4.0,4,Precio justo,Tal vez,False,33.0,-27.7,FBK-000969,Detractor
FB-8970,TRX-17899,2.0,2,Excelente,Sí,True,69.0,32.0,FBK-000970,Pasivo
FB-8971,TRX-11106,1.0,3,Dañado,Tal vez,False,48.0,28.9,FBK-000971,Pasivo
FB-8972,TRX-15490,4.0,2,Dañado,Sin Respuesta,False,27.0,31.8,FBK-000972,Pasivo
FB-8973,TRX-10289,1.0,2,Excelente,Tal vez,False,65.0,34.8,FBK-000973,Pasivo
FB-8974,TRX-19970,5.0,4,Excelente,Tal vez,False,81.0,60.5,FBK-000974,Promotor
FB-8975,TRX-19585,2.0,3,Excelente,Tal vez,True,66.0,21.7,FBK-000975,Pasivo
FB-8976,TRX-17354,1.0,1,Sin Comentario,Sin Respuesta,False,21.0,75.2,FBK-000976,Promotor
FB-8977,TRX-16264,5.0,4,Dañado,Sí,True,57.0,-14.5,FBK-000977,Detractor
FB-8978,TRX-18372,1.0,5,Sin Comentario,No,True,77.0,94.7,FBK-000978,Promotor
FB-8979,TRX-13808,3.0,3,Excelente,Sin Respuesta,True,58.0,-93.3,FBK-000979,Detractor
FB-8980,TRX-18248,1.0,1,Excelente,No,True,64.0,-73.2,FBK-000980,Detractor
FB-8981,TRX-19625,3.0,1,Sin Comentario,No,True,60.0,-83.3,FBK-000981,Detractor
FB-8982,TRX-10217,2.0,3,Precio justo,Sin Respuesta,True,81.0,-12.3,FBK-000982,Detractor
FB-8983,TRX-13811,1.0,5,Lento,Sin Respuesta,False,32.0,17.6,FBK-000983,Pasivo
FB-8984,TRX-10347,5.0,2,No volvería,Sin Respuesta,False,46.0,-11.5,FBK-000984,Detractor
FB-8985,TRX-12032,2.0,4,No volvería,Sin Respuesta,True,47.0,-58.0,FBK-000985,Detractor
FB-8986,TRX-15060,2.0,5,Sin Comentario,Sí,False,46.0,-53.6,FBK-000986,Detractor
FB-8987,TRX-13873,3.0,1,Precio justo,Sí,True,51.0,61.4,FBK-000987,Promotor
FB-8988,TRX-17020,2.0,5,Sin Comentario,Tal vez,False,80.0,-89.3,FBK-000988,Detractor
FB-8989,TRX-13990,1.0,2,Excelente,No,True,29.0,98.3,FBK-000989,Promotor
FB-8990,TRX-11300,1.0,5,Lento,No,False,42.0,44.1,FBK-000990,Pasivo
FB-8991,TRX-10981,3.0,5,Precio justo,Sin Respuesta,False,25.0,84.2,FBK-000991,Promotor
FB-8992,TRX-12253,1.0,1,Lento,Sin Respuesta,True,22.0,-63.4,FBK-000992,Detractor
FB-8993,TRX-16136,3.0,5,Dañado,No,True,36.0,11.8,FBK-000993,Pasivo
FB-8994,TRX-18171,4.0,4,Lento,Sin Respuesta,False,45.0,5.8,FBK-000994,Pasivo
FB-8995,TRX-14859,3.0,3,Precio justo,Sí,True,41.0,24.2,FBK-000995,Pasivo
FB-8996,TRX-13309,5.0,1,Sin Comentario,Tal vez,True,55.0,55.5,FBK-000996,Promotor
FB-8997,TRX-12484,5.0,3,Sin Comentario,Tal vez,False,48.0,42.7,FBK-000997,Pasivo
FB-8998,TRX-16156,1.0,5,No volvería,No,False,65.0,-21.4,FBK-000998,Detractor
FB-8999,TRX-13348,4.0,2,Sin Comentario,Sí,False,20.0,73.9,FBK-000999,Promotor
FB-9000,TRX-10621,5.0,1,Dañado,Sí,False,50.0,-97.2,FBK-001000,Detractor
FB-9001,TRX-13900,5.0,5,Lento,Sin Respuesta,False,20.0,-49.4,FBK-001001,Detractor
FB-9002,TRX-19798,5.0,5,No volvería,Sin Respuesta,False,64.0,3.9,FBK-001002,Pasivo
FB-9003,TRX-17270,1.0,2,Lento,Sin Respuesta,True,55.0,71.8,FBK-001003,Promotor
FB-9004,TRX-15385,2.0,5,Sin Comentario,Tal vez,True,46.0,-20.2,FBK-001004,Detractor
FB-9005,TRX-12199,2.0,4,Lento,Tal vez,True,62.0,55.2,FBK-001005,Promotor
FB-9006,TRX-14556,2.0,2,Excelente,Sí,True,38.0,-47.0,FBK-001006,Detractor
FB-9007,TRX-15202,1.0,1,No volvería,Sí,True,66.0,93.9,FBK-001007,Promotor
FB-9008,TRX-10648,2.0,1,Sin Comentario,Sí,False,66.0,-96.9,FBK-001008,Detractor
FB-9009,TRX-18533,3.0,3,Sin Comentario,Sin Respuesta,True,43.0,-64.6,FBK-001009,Detractor
FB-9010,TRX-16797,1.0,4,Dañado,Tal vez,False,47.0,-95.6,FBK-001010,Detractor
FB-9011,TRX-14726,1.0,4,Dañado,Sin Respuesta,True,45.0,-96.6,FBK-001011,Detractor
FB-9012,TRX-10388,4.0,1,Dañado,Sin Respuesta,True,39.0,81.1,FBK-001012,Promotor
FB-9013,TRX-13752,5.0,5,Lento,Tal vez,False,45.0,-44.8,FBK-001013,Detractor
FB-9014,TRX-15427,4.0,4,Sin Comentario,Sin Respuesta,True,81.0,-53.1,FBK-001014,Detractor
FB-9015,TRX-15615,2.0,4,No volvería,Tal vez,True,36.0,-46.6,FBK-001015,Detractor
FB-9016,TRX-13969,1.0,5,Dañado,No,False,64.0,60.6,FBK-001016,Promotor
FB-9017,TRX-13372,1.0,2,Sin Comentario,Sí,False,64.0,-37.6,FBK-001017,Detractor
FB-9018,TRX-18836,2.0,5,Dañado,No,True,65.0,18.6,FBK-001018,Pasivo
FB-9019,TRX-10885,5.0,3,Sin Comentario,Sí,True,19.0,71.7,FBK-001019,Promotor
FB-9020,TRX-14068,4.0,3,Sin Comentario,Sí,True,40.0,-36.2,FBK-001020,Detractor
FB-9021,TRX-13644,5.0,1,Lento,No,False,22.0,-70.8,FBK-001021,Detractor
FB-9022,TRX-19962,2.0,2,Precio justo,Tal vez,False,60.0,-86.5,FBK-001022,Detractor
FB-9023,TRX-16250,4.0,4,Sin Comentario,Sin Respuesta,True,31.0,12.7,FBK-001023,Pasivo
FB-9024,TRX-18543,4.0,1,Dañado,No,False,45.0,21.2,FBK-001024,Pasivo
FB-9025,TRX-15269,5.0,1,No volvería,Sí,False,23.0,74.2,FBK-001025,Promotor
FB-9026,TRX-13007,5.0,4,Dañado,Tal vez,False,37.0,-5.3,FBK-001026,Detractor
FB-9027,TRX-17247,1.0,4,Lento,No,False,84.0,73.4,FBK-001027,Promotor
FB-9028,TRX-10099,1.0,5,Precio justo,Tal vez,False,48.0,2.9,FBK-001028,Pasivo
FB-9029,TRX-11058,5.0,3,Precio justo,No,True,67.0,18.0,FBK-001029,Pasivo
FB-9030,TRX-18055,2.0,4,Sin Comentario,No,True,60.0,7.5,FBK-001030,Pasivo
FB-9031,TRX-11146,5.0,5,No volvería,Tal vez,False,29.0,-39.9,FBK-001031,Detractor
FB-9032,TRX-13153,1.0,3,Sin Comentario,Tal vez,True,65.0,68.7,FBK-001032,Promotor
FB-9033,TRX-10853,4.0,2,Precio justo,Tal vez,False,45.0,76.9,FBK-001033,Promotor
FB-9034,TRX-12318,2.0,2,Sin Comentario,Tal vez,True,56.0,69.7,FBK-001034,Promotor
FB-9035,TRX-13345,1.0,2,Dañado,No,True,26.0,-78.5,FBK-001035,Detractor
FB-9036,TRX-12057,2.0,4,Sin Comentario,Sin Respuesta,False,50.0,33.3,FBK-001036,Pasivo
FB-9037,TRX-11503,2.0,3,Excelente,Tal vez,True,60.0,-11.2,FBK-001037,Detractor
FB-9038,TRX-12845,4.0,3,Lento,No,True,18.0,-80.4,FBK-001038,Detractor
FB-9039,TRX-19709,1.0,2,Dañado,Tal vez,True,27.0,-87.6,FBK-001039,Detractor
FB-9040,TRX-18992,5.0,1,Sin Comentario,Sin Respuesta,True,35.0,39.6,FBK-001040,Pasivo
FB-9041,TRX-13348,2.0,3,Dañado,No,True,26.0,-20.5,FBK-001041,Detractor
FB-9042,TRX-13871,2.0,3,Lento,Sin Respuesta,False,30.0,-23.6,FBK-001042,Detractor
FB-9043,TRX-18313,4.0,5,Lento,No,True,60.0,-57.4,FBK-001043,Detractor
FB-9044,TRX-11280,1.0,2,Dañado,No,True,21.0,20.4,FBK-001044,Pasivo
FB-9045,TRX-16983,2.0,1,Precio justo,Tal vez,True,60.0,-70.3,FBK-001045,Detractor
FB-9046,TRX-17652,2.0,5,No volvería,Sin Respuesta,True,48.0,-99.2,FBK-001046,Detractor
FB-9047,TRX-15103,3.0,1,Dañado,Sí,True,42.0,-97.2,FBK-001047,Detractor
FB-9048,TRX-12689,3.0,1,Excelente,Sin Respuesta,True,34.0,-26.4,FBK-001048,Detractor
FB-9049,TRX-13236,2.0,1,Dañado,Sí,True,83.0,43.8,FBK-001049,Pasivo
FB-9050,TRX-14012,3.0,4,Sin Comentario,Sin Respuesta,True,45.0,20.5,FBK-001050,Pasivo
FB-9051,TRX-16947,4.0,3,Excelente,Tal vez,False,31.0,-49.9,FBK-001051,Detractor
FB-9052,TRX-12890,5.0,3,Sin Comentario,Sin Respuesta,False,30.0,-79.6,FBK-001052,Detractor
FB-9053,TRX-19926,3.0,5,Dañado,Sin Respuesta,False,31.0,-27.6,FBK-001053,Detractor
FB-9054,TRX-14079,3.0,1,Sin Comentario,Sí,False,35.0,79.3,FBK-001054,Promotor
FB-9055,TRX-14966,1.0,1,Dañado,Sí,True,26.0,-30.6,FBK-001055,Detractor
FB-9056,TRX-14675,5.0,3,Excelente,Sin Respuesta,False,61.0,-76.0,FBK-001056,Detractor
FB-9057,TRX-19444,3.0,1,No volvería,Tal vez,True,44.0,78.2,FBK-001057,Promotor
FB-9058,TRX-17344,5.0,1,Excelente,Sí,True,58.0,-35.2,FBK-001058,Detractor
FB-9059,TRX-13299,5.0,1,No volvería,Tal vez,False,73.0,54.4,FBK-001059,Promotor
FB-9060,TRX-14454,1.0,2,Sin Comentario,Sí,True,61.0,-45.4,FBK-001060,Detractor
FB-9061,TRX-17883,2.0,2,No volvería,No,False,27.0,73.8,FBK-001061,Promotor
FB-9062,TRX-11310,2.0,2,Excelente,No,False,49.0,-83.6,FBK-001062,Detractor
FB-9063,TRX-15891,3.0,5,Sin Comentario,No,False,43.0,-49.4,FBK-001063,Detractor
FB-9064,TRX-16524,1.0,1,Lento,No,True,58.0,45.5,FBK-001064,Pasivo
FB-9065,TRX-16188,3.0,2,Excelente,No,False,63.0,-21.1,FBK-001065,Detractor
FB-9066,TRX-12748,3.0,2,Lento,No,False,31.0,10.1,FBK-001066,Pasivo
FB-9067,TRX-17712,2.0,4,Sin Comentario,Tal vez,False,62.0,-44.6,FBK-001067,Detractor
FB-9068,TRX-17231,1.0,5,Sin Comentario,Tal vez,False,43.0,-27.7,FBK-001068,Detractor
FB-9069,TRX-16925,5.0,2,Sin Comentario,Sí,False,24.0,21.3,FBK-001069,Pasivo
FB-9070,TRX-18278,2.0,2,Sin Comentario,Sin Respuesta,True,54.0,58.5,FBK-001070,Promotor
FB-9071,TRX-19984,3.0,2,Sin Comentario,Sin Respuesta,False,67.0,78.4,FBK-001071,Promotor
FB-9072,TRX-17101,3.0,4,Sin Comentario,Sin Respuesta,False,83.0,-28.2,FBK-001072,Detractor
FB-9073,TRX-12553,4.0,4,Dañado,Sin Respuesta,True,46.0,26.1,FBK-001073,Pasivo
FB-9074,TRX-17897,1.0,5,Lento,No,True,72.0,-0.4,FBK-001074,Detractor
FB-9075,TRX-10324,5.0,1,Sin Comentario,Sin Respuesta,True,26.0,31.3,FBK-001075,Pasivo
FB-9076,TRX-16249,5.0,1,Precio justo,No,True,48.0,24.4,FBK-001076,Pasivo
FB-9077,TRX-17002,3.0,5,Dañado,Sin Respuesta,False,35.0,24.0,FBK-001077,Pasivo
FB-9078,TRX-11363,4.0,1,Sin Comentario,Sí,True,69.0,-12.7,FBK-001078,Detractor
FB-9079,TRX-14918,4.0,3,Dañado,Tal vez,True,47.0,-41.3,FBK-001079,Detractor
FB-9080,TRX-19751,1.0,1,Lento,No,True,28.0,-15.8,FBK-001080,Detractor
FB-9081,TRX-18801,3.0,4,Lento,Tal vez,False,42.0,67.4,FBK-001081,Promotor
FB-9082,TRX-12503,3.0,4,Precio justo,Sin Respuesta,True,43.0,-31.4,FBK-001082,Detractor
FB-9083,TRX-19057,3.0,2,Dañado,Tal vez,True,27.0,72.3,FBK-001083,Promotor
FB-9084,TRX-12878,1.0,4,Lento,Sin Respuesta,True,49.0,-66.7,FBK-001084,Detractor
FB-9085,TRX-14215,5.0,3,Excelente,Tal vez,True,71.0,10.7,FBK-001085,Pasivo
FB-9086,TRX-16233,2.0,3,No volvería,Tal vez,True,42.0,-78.2,FBK-001086,Detractor
FB-9087,TRX-17596,4.0,3,Sin Comentario,Sin Respuesta,True,46.0,-11.5,FBK-001087,Detractor
FB-9088,TRX-15011,5.0,2,No volvería,Sin Respuesta,True,52.0,94.1,FBK-001088,Promotor
FB-9089,TRX-17431,2.0,1,Lento,No,False,69.0,25.3,FBK-001089,Pasivo
FB-9090,TRX-14640,5.0,2,Sin Comentario,Tal vez,True,29.0,-96.4,FBK-001090,Detractor
FB-9091,TRX-16146,5.0,4,Precio justo,No,False,65.0,64.5,FBK-001091,Promotor
FB-9092,TRX-19210,5.0,3,Lento,Sin Respuesta,False,24.0,0.1,FBK-001092,Pasivo
FB-9093,TRX-19929,5.0,2,Precio justo,Sin Respuesta,True,70.0,34.3,FBK-001093,Pasivo
FB-9094,TRX-17878,3.0,2,Dañado,Sí,True,62.0,28.4,FBK-001094,Pasivo
FB-9095,TRX-11178,5.0,3,Excelente,Sí,False,50.0,-62.3,FBK-001095,Detractor
FB-9096,TRX-15459,2.0,5,Dañado,Sí,True,74.0,-18.9,FBK-001096,Detractor
FB-9097,TRX-12238,2.0,3,Sin Comentario,Sin Respuesta,True,35.0,-57.0,FBK-001097,Detractor
FB-9098,TRX-17688,4.0,5,Excelente,Tal vez,True,33.0,-64.3,FBK-001098,Detractor
FB-9099,TRX-13206,1.0,3,Precio justo,Sin Respuesta,True,65.0,11.4,FBK-001099,Pasivo
FB-9100,TRX-12535,2.0,1,Lento,Sin Respuesta,True,58.0,-59.3,FBK-001100,Detractor
FB-9101,TRX-13106,2.0,5,Lento,Sí,False,80.0,-59.7,FBK-001101,Detractor
FB-9102,TRX-10068,2.0,5,Lento,Tal vez,True,46.0,25.3,FBK-001102,Pasivo
FB-9103,TRX-10210,2.0,2,Lento,No,True,34.0,-19.6,FBK-001103,Detractor
FB-9104,TRX-18203,1.0,5,Dañado,Sí,True,43.0,-59.5,FBK-001104,Detractor
FB-9105,TRX-16131,1.0,4,Dañado,Sin Respuesta,False,48.0,-23.3,FBK-001105,Detractor
FB-9106,TRX-18051,5.0,2,Precio justo,Sin Respuesta,True,57.0,15.9,FBK-001106,Pasivo
FB-9107,TRX-16628,2.0,2,Excelente,Tal vez,False,66.0,19.8,FBK-001107,Pasivo
FB-9108,TRX-16812,2.0,1,Excelente,No,False,25.0,79.6,FBK-001108,Promotor
FB-9109,TRX-16465,4.0,2,Sin Comentario,Tal vez,True,66.0,86.0,FBK-001109,Promotor
FB-9110,TRX-16113,4.0,2,Excelente,Tal vez,False,81.0,-59.4,FBK-001110,Detractor
FB-9111,TRX-16292,4.0,4,Lento,No,True,62.0,-1.9,FBK-001111,Detractor
FB-9112,TRX-18020,4.0,2,Dañado,No,False,57.0,-10.9,FBK-001112,Detractor
FB-9113,TRX-15043,5.0,5,No volvería,Sí,True,19.0,53.5,FBK-001113,Promotor
FB-9114,TRX-19638,3.0,1,No volvería,Tal vez,True,70.0,-61.5,FBK-001114,Detractor
FB-9115,TRX-11167,4.0,4,Lento,Sí,True,72.0,-54.8,FBK-001115,Detractor
FB-9116,TRX-16697,4.0,3,Sin Comentario,Tal vez,False,41.0,-68.4,FBK-001116,Detractor
FB-9117,TRX-10636,1.0,3,No volvería,Tal vez,True,45.0,46.5,FBK-001117,Pasivo
FB-9118,TRX-12039,2.0,3,Excelente,Sí,True,23.0,-54.5,FBK-001118,Detractor
FB-9119,TRX-16304,5.0,4,Excelente,Sí,False,57.0,-16.1,FBK-001119,Detractor
FB-9120,TRX-19266,2.0,3,Precio justo,Tal vez,False,84.0,-48.1,FBK-001120,Detractor
FB-9121,TRX-12660,3.0,5,Lento,Sin Respuesta,True,83.0,96.5,FBK-001121,Promotor
FB-9122,TRX-13182,5.0,3,Precio justo,No,True,27.0,29.6,FBK-001122,Pasivo
FB-9123,TRX-17148,3.0,3,Excelente,Tal vez,True,20.0,-42.9,FBK-001123,Detractor
FB-9124,TRX-14182,2.0,1,Dañado,Sí,False,28.0,-76.8,FBK-001124,Detractor
FB-9125,TRX-15711,1.0,3,Lento,Sin Respuesta,True,42.0,-12.3,FBK-001125,Detractor
FB-9126,TRX-18349,4.0,3,Sin Comentario,Tal vez,True,83.0,-63.8,FBK-001126,Detractor
FB-9127,TRX-18005,2.0,2,Sin Comentario,Tal vez,True,26.0,-66.6,FBK-001127,Detractor
FB-9128,TRX-16032,5.0,5,Precio justo,Sin Respuesta,False,78.0,-41.0,FBK-001128,Detractor
FB-9129,TRX-10945,4.0,4,Precio justo,No,True,76.0,93.3,FBK-001129,Promotor
FB-9130,TRX-16313,5.0,1,Excelente,No,True,18.0,-20.0,FBK-001130,Detractor
FB-9131,TRX-16947,3.0,4,Precio justo,No,False,40.0,-57.9,FBK-001131,Detractor
FB-9132,TRX-14043,5.0,3,Sin Comentario,Sí,False,18.0,-34.3,FBK-001132,Detractor
FB-9133,TRX-13970,1.0,2,Excelente,No,False,28.0,-4.5,FBK-001133,Detractor
FB-9134,TRX-17827,3.0,3,Dañado,Sin Respuesta,False,46.0,-85.6,FBK-001134,Detractor
FB-9135,TRX-10565,2.0,3,Precio justo,Sin Respuesta,False,24.0,-39.0,FBK-001135,Detractor
FB-9136,TRX-15921,4.0,1,Excelente,Tal vez,True,55.0,-71.4,FBK-001136,Detractor
FB-9137,TRX-10462,4.0,1,Excelente,No,True,21.0,-81.9,FBK-001137,Detractor
FB-9138,TRX-12422,1.0,4,Dañado,Sí,False,27.0,81.8,FBK-001138,Promotor
FB-9139,TRX-14281,5.0,3,Precio justo,Sin Respuesta,False,71.0,-43.2,FBK-001139,Detractor
FB-9140,TRX-19919,2.0,4,Sin Comentario,Sí,False,47.0,-58.2,FBK-001140,Detractor
FB-9141,TRX-17462,5.0,3,Sin Comentario,Sin Respuesta,True,27.0,40.1,FBK-001141,Pasivo
FB-9142,TRX-12414,5.0,1,Sin Comentario,Sin Respuesta,True,71.0,-88.5,FBK-001142,Detractor
FB-9143,TRX-14166,1.0,2,Dañado,Sin Respuesta,False,58.0,94.6,FBK-001143,Promotor
FB-9144,TRX-14053,3.0,4,Dañado,Sí,True,24.0,97.0,FBK-001144,Promotor
FB-9145,TRX-19865,3.0,4,Dañado,Sin Respuesta,True,73.0,53.0,FBK-001145,Promotor
FB-9146,TRX-19475,1.0,5,Sin Comentario,Sin Respuesta,False,37.0,97.4,FBK-001146,Promotor
FB-9147,TRX-12644,1.0,5,Precio justo,Sin Respuesta,False,23.0,-48.8,FBK-001147,Detractor
FB-9148,TRX-10202,1.0,2,No volvería,Sí,True,33.0,-49.1,FBK-001148,Detractor
FB-9149,TRX-11912,5.0,5,Sin Comentario,Sin Respuesta,True,33.0,73.8,FBK-001149,Promotor
FB-9150,TRX-11512,5.0,2,Excelente,Sin Respuesta,True,40.0,21.5,FBK-001150,Pasivo
FB-9151,TRX-16297,2.0,3,Excelente,No,False,20.0,44.6,FBK-001151,Pasivo
FB-9152,TRX-16515,1.0,5,Dañado,Sin Respuesta,False,45.0,-97.2,FBK-001152,Detractor
FB-9153,TRX-19603,5.0,5,Dañado,Tal vez,False,36.0,-7.2,FBK-001153,Detractor
FB-9154,TRX-11316,3.0,4,No volvería,Tal vez,True,75.0,-44.3,FBK-001154,Detractor
FB-9155,TRX-18495,1.0,2,Lento,Sin Respuesta,False,78.0,-69.2,FBK-001155,Detractor
FB-9156,TRX-13093,3.0,4,Sin Comentario,Sin Respuesta,False,57.0,3.8,FBK-001156,Pasivo
FB-9157,TRX-16929,4.0,5,Excelente,Tal vez,False,20.0,-44.6,FBK-001157,Detractor
FB-9158,TRX-12716,2.0,3,Sin Comentario,Tal vez,True,50.0,8.7,FBK-001158,Pasivo
FB-9159,TRX-16993,4.0,1,Lento,Sí,False,25.0,-84.4,FBK-001159,Detractor
FB-9160,TRX-14143,2.0,2,Dañado,Tal vez,False,56.0,59.5,FBK-001160,Promotor
FB-9161,TRX-14951,1.0,2,Excelente,Sí,False,59.0,89.9,FBK-001161,Promotor
FB-9162,TRX-18202,2.0,3,Excelente,Tal vez,True,45.0,25.9,FBK-001162,Pasivo
FB-9163,TRX-18735,5.0,3,Dañado,Sin Respuesta,True,46.0,-71.4,FBK-001163,Detractor
FB-9164,TRX-16271,3.0,2,Lento,Sin Respuesta,False,37.0,49.8,FBK-001164,Pasivo
FB-9165,TRX-19602,5.0,2,Lento,Tal vez,False,69.0,75.7,FBK-001165,Promotor
FB-9166,TRX-15045,1.0,3,Precio justo,Tal vez,False,53.0,-26.7,FBK-001166,Detractor
FB-9167,TRX-16743,4.0,3,Precio justo,Tal vez,True,38.0,2.8,FBK-001167,Pasivo
FB-9168,TRX-11456,3.0,3,No volvería,Tal vez,True,54.0,-87.3,FBK-001168,Detractor
FB-9169,TRX-11790,1.0,5,Sin Comentario,Sin Respuesta,True,35.0,9.5,FBK-001169,Pasivo
FB-9170,TRX-19381,5.0,2,No volvería,Sí,False,35.0,-90.5,FBK-001170,Detractor
FB-9171,TRX-15642,5.0,2,Lento,No,False,73.0,-29.6,FBK-001171,Detractor
FB-9172,TRX-12338,2.0,3,Dañado,No,True,83.0,-44.3,FBK-001172,Detractor
FB-9173,TRX-14407,2.0,4,Lento,Sí,False,19.0,-63.4,FBK-001173,Detractor
FB-9174,TRX-13432,4.0,1,Excelente,Tal vez,True,38.0,70.6,FBK-001174,Promotor
FB-9175,TRX-16520,2.0,2,Precio justo,Sí,False,33.0,20.7,FBK-001175,Pasivo
FB-9176,TRX-15047,2.0,5,Precio justo,Sin Respuesta,True,53.0,35.6,FBK-001176,Pasivo
FB-9177,TRX-10105,2.0,1,Sin Comentario,Sí,True,51.0,-1.5,FBK-001177,Detractor
FB-9178,TRX-12759,4.0,4,Sin Comentario,No,False,37.0,49.5,FBK-001178,Pasivo
FB-9179,TRX-18056,1.0,5,Sin Comentario,Sí,False,40.0,-26.0,FBK-001179,Detractor
FB-9180,TRX-10025,3.0,3,Sin Comentario,Tal vez,True,50.0,-11.7,FBK-001180,Detractor
FB-9181,TRX-11587,1.0,4,Lento,Sí,False,24.0,-83.4,FBK-001181,Detractor
FB-9182,TRX-11144,1.0,3,Excelente,No,False,68.0,-36.1,FBK-001182,Detractor
FB-9183,TRX-16845,1.0,5,Lento,Tal vez,True,62.0,-78.9,FBK-001183,Detractor
FB-9184,TRX-18600,5.0,5,Sin Comentario,Sin Respuesta,True,65.0,-3.7,FBK-001184,Detractor
FB-9185,TRX-16829,3.0,3,Sin Comentario,No,True,81.0,87.7,FBK-001185,Promotor
FB-9186,TRX-14724,3.0,1,Sin Comentario,Tal vez,True,31.0,62.2,FBK-001186,Promotor
FB-9187,TRX-17060,5.0,2,Lento,Tal vez,False,67.0,-12.6,FBK-001187,Detractor
FB-9188,TRX-12795,5.0,2,Lento,Sin Respuesta,True,26.0,-39.9,FBK-001188,Detractor
FB-9189,TRX-12890,2.0,5,Excelente,No,False,61.0,-34.1,FBK-001189,Detractor
FB-9190,TRX-16138,5.0,4,Precio justo,No,True,38.0,-5.5,FBK-001190,Detractor
FB-9191,TRX-13053,4.0,3,Dañado,Sí,True,81.0,-51.4,FBK-001191,Detractor
FB-9192,TRX-12200,5.0,4,Sin Comentario,Sí,False,73.0,-32.4,FBK-001192,Detractor
FB-9193,TRX-13244,2.0,3,No volvería,Tal vez,False,28.0,-1.5,FBK-001193,Detractor
FB-9194,TRX-17970,5.0,4,Sin Comentario,Tal vez,True,74.0,68.2,FBK-001194,Promotor
FB-9195,TRX-12981,4.0,3,Excelente,Tal vez,True,55.0,-80.9,FBK-001195,Detractor
FB-9196,TRX-18234,5.0,5,Precio justo,Tal vez,True,45.0,-19.0,FBK-001196,Detractor
FB-9197,TRX-11806,1.0,1,Lento,Sin Respuesta,False,24.0,-61.9,FBK-001197,Detractor
FB-9198,TRX-17383,3.0,2,Dañado,Sí,True,51.0,27.4,FBK-001198,Pasivo
FB-9199,TRX-19291,4.0,4,No volvería,Sin Respuesta,True,19.0,14.1,FBK-001199,Pasivo
FB-9200,TRX-13482,3.0,2,Sin Comentario,Sin Respuesta,True,50.0,15.5,FBK-001200,Pasivo
FB-9201,TRX-13041,4.0,4,No volvería,Sí,False,61.0,6.6,FBK-001201,Pasivo
FB-9202,TRX-13292,4.0,5,Excelente,No,False,83.0,46.7,FBK-001202,Pasivo
FB-9203,TRX-10966,1.0,5,Lento,Sí,False,39.0,-69.2,FBK-001203,Detractor
FB-9204,TRX-12993,1.0,4,Sin Comentario,Sin Respuesta,False,75.0,-62.8,FBK-001204,Detractor
FB-9205,TRX-13143,3.0,4,Lento,Tal vez,False,18.0,41.8,FBK-001205,Pasivo
FB-9206,TRX-14249,2.0,4,Dañado,Sí,True,54.0,-73.6,FBK-001206,Detractor
FB-9207,TRX-16697,3.0,5,No volvería,Sin Respuesta,False,74.0,45.4,FBK-001207,Pasivo
FB-9208,TRX-17220,4.0,1,Excelente,Sin Respuesta,False,28.0,-67.1,FBK-001208,Detractor
FB-9209,TRX-11789,4.0,1,Lento,Tal vez,True,78.0,98.3,FBK-001209,Promotor
FB-9210,TRX-12721,4.0,4,No volvería,No,False,31.0,-91.0,FBK-001210,Detractor
FB-9211,TRX-11307,3.0,3,No volvería,Sin Respuesta,True,24.0,55.3,FBK-001211,Promotor
FB-9212,TRX-14802,2.0,1,Precio justo,Sin Respuesta,False,58.0,-53.6,FBK-001212,Detractor
FB-9213,TRX-11404,2.0,5,Dañado,No,False,32.0,-35.3,FBK-001213,Detractor
FB-9214,TRX-16188,3.0,5,Lento,Sin Respuesta,False,79.0,82.4,FBK-001214,Promotor
FB-9215,TRX-12042,4.0,5,Precio justo,Sí,True,75.0,-38.7,FBK-001215,Detractor
FB-9216,TRX-14534,3.0,2,Dañado,Sí,True,64.0,-24.6,FBK-001216,Detractor
FB-9217,TRX-11052,3.0,2,Precio justo,Sin Respuesta,False,53.0,-63.6,FBK-001217,Detractor
FB-9218,TRX-15605,5.0,5,Lento,Sin Respuesta,True,21.0,-84.6,FBK-001218,Detractor
FB-9219,TRX-10486,5.0,1,Excelente,No,False,75.0,-78.4,FBK-001219,Detractor
FB-9220,TRX-19595,1.0,2,Precio justo,Tal vez,True,77.0,18.7,FBK-001220,Pasivo
FB-9221,TRX-13846,1.0,3,Precio justo,Sí,True,46.0,-90.6,FBK-001221,Detractor
FB-9222,TRX-17829,3.0,4,No volvería,No,False,82.0,-54.9,FBK-001222,Detractor
FB-9223,TRX-17949,5.0,2,Sin Comentario,Tal vez,True,44.0,-21.3,FBK-001223,Detractor
FB-9224,TRX-11651,4.0,2,Lento,Sí,False,24.0,-78.3,FBK-001224,Detractor
FB-9225,TRX-10155,1.0,1,Precio justo,Sí,False,82.0,49.7,FBK-001225,Pasivo
FB-9226,TRX-11000,4.0,1,Sin Comentario,Sin Respuesta,True,58.0,94.3,FBK-001226,Promotor
FB-9227,TRX-14359,4.0,3,Excelente,Tal vez,True,59.0,79.0,FBK-001227,Promotor
FB-9228,TRX-10118,1.0,3,Precio justo,Sin Respuesta,True,52.0,90.7,FBK-001228,Promotor
FB-9229,TRX-19542,3.0,3,Dañado,No,True,51.0,9.0,FBK-001229,Pasivo
FB-9230,TRX-10685,5.0,3,Excelente,Tal vez,False,26.0,-70.4,FBK-001230,Detractor
FB-9231,TRX-11586,1.0,2,Excelente,Tal vez,False,66.0,33.4,FBK-001231,Pasivo
FB-9232,TRX-13458,2.0,3,Precio justo,Sin Respuesta,False,39.0,-88.1,FBK-001232,Detractor
FB-9233,TRX-18557,2.0,3,Precio justo,Sí,False,54.0,-4.8,FBK-001233,Detractor
FB-9234,TRX-10118,4.0,5,No volvería,Sí,True,77.0,57.9,FBK-001234,Promotor
FB-9235,TRX-16154,2.0,2,Lento,Sin Respuesta,True,29.0,71.0,FBK-001235,Promotor
FB-9236,TRX-19879,4.0,2,No volvería,No,False,53.0,-40.9,FBK-001236,Detractor
FB-9237,TRX-18520,5.0,2,Dañado,Sin Respuesta,True,59.0,-55.6,FBK-001237,Detractor
FB-9238,TRX-14355,1.0,4,Lento,Tal vez,False,19.0,37.9,FBK-001238,Pasivo
FB-9239,TRX-17961,1.0,3,No volvería,Sí,False,48.0,-72.2,FBK-001239,Detractor
FB-9240,TRX-17753,5.0,3,No volvería,No,True,37.0,98.8,FBK-001240,Promotor
FB-9241,TRX-15521,4.0,3,Precio justo,Tal vez,False,55.0,-33.6,FBK-001241,Detractor
FB-9242,TRX-19902,3.0,1,No volvería,Sin Respuesta,False,22.0,49.9,FBK-001242,Pasivo
FB-9243,TRX-17036,2.0,1,Precio justo,Sí,False,33.0,45.1,FBK-001243,Pasivo
FB-9244,TRX-15514,5.0,1,Excelente,No,True,77.0,-38.0,FBK-001244,Detractor
FB-9245,TRX-16074,2.0,4,Lento,Sí,True,20.0,-22.8,FBK-001245,Detractor
FB-9246,TRX-15620,3.0,3,Precio justo,No,True,50.0,68.3,FBK-001246,Promotor
FB-9247,TRX-15164,4.0,2,Sin Comentario,Sin Respuesta,False,35.0,-54.4,FBK-001247,Detractor
FB-9248,TRX-13925,2.0,2,Sin Comentario,No,True,21.0,-88.0,FBK-001248,Detractor
FB-9249,TRX-15918,4.0,5,Sin Comentario,Tal vez,False,61.0,-70.5,FBK-001249,Detractor
FB-9250,TRX-16528,3.0,1,Sin Comentario,Sí,True,52.0,36.8,FBK-001250,Pasivo
FB-9251,TRX-16200,4.0,4,No volvería,No,True,51.0,-52.5,FBK-001251,Detractor
FB-9252,TRX-10937,3.0,5,Sin Comentario,Tal vez,True,54.0,13.4,FBK-001252,Pasivo
FB-9253,TRX-15833,1.0,4,Precio justo,Sí,False,33.0,-21.3,FBK-001253,Detractor
FB-9254,TRX-15410,2.0,2,Excelente,Sin Respuesta,True,77.0,73.6,FBK-001254,Promotor
FB-9255,TRX-11641,2.0,3,Dañado,Tal vez,True,40.0,-2.5,FBK-001255,Detractor
FB-9256,TRX-10050,3.0,2,Dañado,Tal vez,True,28.0,-72.1,FBK-001256,Detractor
FB-9257,TRX-17486,3.0,2,Excelente,Sí,True,51.0,66.6,FBK-001257,Promotor
FB-9258,TRX-16583,5.0,1,No volvería,Sin Respuesta,True,75.0,-83.5,FBK-001258,Detractor
FB-9259,TRX-12275,3.0,2,Lento,No,True,65.0,65.6,FBK-001259,Promotor
FB-9260,TRX-10420,3.0,4,Lento,Tal vez,True,23.0,-91.7,FBK-001260,Detractor
FB-9261,TRX-19861,4.0,3,Precio justo,Sí,False,20.0,-99.3,FBK-001261,Detractor
FB-9262,TRX-12013,4.0,1,Sin Comentario,Sí,False,75.0,51.1,FBK-001262,Promotor
FB-9263,TRX-18693,2.0,5,Dañado,Sí,False,40.0,12.0,FBK-001263,Pasivo
FB-9264,TRX-14578,4.0,2,Excelente,No,False,74.0,-57.0,FBK-001264,Detractor
FB-9265,TRX-14072,4.0,1,Sin Comentario,Sí,False,18.0,93.2,FBK-001265,Promotor
FB-9266,TRX-16036,2.0,1,No volvería,No,False,20.0,27.4,FBK-001266,Pasivo
FB-9267,TRX-17404,1.0,1,Excelente,Sin Respuesta,False,40.0,-52.3,FBK-001267,Detractor
FB-9268,TRX-17785,5.0,4,Dañado,No,True,18.0,-16.8,FBK-001268,Detractor
FB-9269,TRX-18436,4.0,5,Excelente,Sí,True,22.0,82.6,FBK-001269,Promotor
FB-9270,TRX-16768,1.0,1,Excelente,Sí,True,45.0,-59.3,FBK-001270,Detractor
FB-9271,TRX-13079,5.0,4,Excelente,Tal vez,False,61.0,85.4,FBK-001271,Promotor
FB-9272,TRX-10051,2.0,5,Precio justo,No,False,30.0,-56.6,FBK-001272,Detractor
FB-9273,TRX-15278,4.0,3,No volvería,Tal vez,False,42.0,-95.3,FBK-001273,Detractor
FB-9274,TRX-10272,4.0,4,Lento,No,False,46.0,-46.3,FBK-001274,Detractor
FB-9275,TRX-15901,3.0,1,Sin Comentario,Sí,True,18.0,-89.1,FBK-001275,Detractor
FB-9276,TRX-10749,4.0,2,Sin Comentario,Tal vez,True,83.0,-53.4,FBK-001276,Detractor
FB-9277,TRX-15333,4.0,4,No volvería,Tal vez,False,51.0,-45.6,FBK-001277,Detractor
FB-9278,TRX-17279,1.0,3,Dañado,Sin Respuesta,False,76.0,-16.7,FBK-001278,Detractor
FB-9279,TRX-13826,1.0,5,Sin Comentario,Sin Respuesta,True,82.0,-43.5,FBK-001279,Detractor
FB-9280,TRX-19941,4.0,3,Lento,Sí,True,39.0,42.3,FBK-001280,Pasivo
FB-9281,TRX-17938,5.0,5,Sin Comentario,Sí,True,70.0,94.2,FBK-001281,Promotor
FB-9282,TRX-16556,2.0,4,Precio justo,Tal vez,True,48.0,-90.5,FBK-001282,Detractor
FB-9283,TRX-11333,1.0,5,Lento,Sin Respuesta,True,83.0,2.6,FBK-001283,Pasivo
FB-9284,TRX-15707,5.0,1,Lento,Sí,True,20.0,-47.7,FBK-001284,Detractor
FB-9285,TRX-17010,4.0,4,Lento,Sí,False,63.0,-7.5,FBK-001285,Detractor
FB-9286,TRX-17800,3.0,2,Excelente,Sin Respuesta,True,61.0,40.9,FBK-001286,Pasivo
FB-9287,TRX-11645,1.0,3,Dañado,Sin Respuesta,False,58.0,75.4,FBK-001287,Promotor
FB-9288,TRX-16305,1.0,3,Sin Comentario,No,True,30.0,77.3,FBK-001288,Promotor
FB-9289,TRX-14814,3.0,4,Precio justo,Sí,True,27.0,-67.4,FBK-001289,Detractor
FB-9290,TRX-19947,4.0,2,Sin Comentario,Sin Respuesta,False,79.0,12.5,FBK-001290,Pasivo
FB-9291,TRX-13196,1.0,4,Dañado,No,True,23.0,-43.4,FBK-001291,Detractor
FB-9292,TRX-12345,4.0,1,Excelente,Sin Respuesta,False,67.0,-0.4,FBK-001292,Detractor
FB-9293,TRX-18520,5.0,1,Precio justo,No,False,56.0,84.0,FBK-001293,Promotor
FB-9294,TRX-19369,1.0,2,Sin Comentario,Sí,False,60.0,-87.9,FBK-001294,Detractor
FB-9295,TRX-18267,4.0,4,Sin Comentario,Sin Respuesta,True,59.0,18.8,FBK-001295,Pasivo
FB-9296,TRX-10520,5.0,2,Excelente,Sin Respuesta,False,57.0,-28.1,FBK-001296,Detractor
FB-9297,TRX-12094,1.0,2,Precio justo,Sí,False,22.0,73.6,FBK-001297,Promotor
FB-9298,TRX-18158,2.0,1,Precio justo,Tal vez,False,84.0,-56.3,FBK-001298,Detractor
FB-9299,TRX-11426,4.0,1,No volvería,No,True,78.0,-33.4,FBK-001299,Detractor
FB-9300,TRX-14937,5.0,2,Excelente,No,True,32.0,-95.9,FBK-001300,Detractor
FB-9301,TRX-18990,2.0,2,Dañado,Sin Respuesta,False,27.0,-14.0,FBK-001301,Detractor
FB-9302,TRX-17648,4.0,5,Sin Comentario,Sí,False,18.0,26.6,FBK-001302,Pasivo
FB-9303,TRX-12753,1.0,1,Sin Comentario,Sí,True,80.0,-60.8,FBK-001303,Detractor
FB-9304,TRX-17311,4.0,2,Sin Comentario,Tal vez,False,33.0,27.1,FBK-001304,Pasivo
FB-9305,TRX-11895,5.0,5,Excelente,Sí,False,45.0,48.9,FBK-001305,Pasivo
FB-9306,TRX-17899,1.0,2,Sin Comentario,Sí,False,54.0,-61.5,FBK-001306,Detractor
FB-9307,TRX-18858,1.0,5,Excelente,Tal vez,True,71.0,51.1,FBK-001307,Promotor
FB-9308,TRX-13946,1.0,2,Excelente,No,False,28.0,86.6,FBK-001308,Promotor
FB-9309,TRX-13987,3.0,4,No volvería,Sí,True,54.0,-55.5,FBK-001309,Detractor
FB-9310,TRX-13467,5.0,1,No volvería,Sí,False,55.0,-73.0,FBK-001310,Detractor
FB-9311,TRX-12792,2.0,2,No volvería,No,True,51.0,-33.3,FBK-001311,Detractor
FB-9312,TRX-11465,1.0,3,No volvería,No,False,39.0,-61.9,FBK-001312,Detractor
FB-9313,TRX-11728,5.0,3,Excelente,Tal vez,False,72.0,55.0,FBK-001313,Promotor
FB-9314,TRX-17125,3.0,5,Sin Comentario,No,True,21.0,-73.4,FBK-001314,Detractor
FB-9315,TRX-10478,3.0,1,Dañado,Sí,False,61.0,-95.5,FBK-001315,Detractor
FB-9316,TRX-12625,1.0,5,Lento,No,False,22.0,-29.6,FBK-001316,Detractor
FB-9317,TRX-15349,5.0,1,Excelente,Sin Respuesta,False,73.0,56.9,FBK-001317,Promotor
FB-9318,TRX-16283,3.0,3,Sin Comentario,Tal vez,False,36.0,30.3,FBK-001318,Pasivo
FB-9319,TRX-14593,1.0,3,Dañado,Sí,False,32.0,6.1,FBK-001319,Pasivo
FB-9320,TRX-13610,4.0,5,Lento,Tal vez,False,68.0,-8.4,FBK-001320,Detractor
FB-9321,TRX-14220,4.0,4,Lento,Tal vez,True,42.0,29.9,FBK-001321,Pasivo
FB-9322,TRX-17803,4.0,3,No volvería,Tal vez,False,70.0,-1.6,FBK-001322,Detractor
FB-9323,TRX-12016,2.0,1,Lento,Tal vez,True,84.0,55.0,FBK-001323,Promotor
FB-9324,TRX-12224,5.0,2,Sin Comentario,Tal vez,False,61.0,73.3,FBK-001324,Promotor
FB-9325,TRX-18757,4.0,2,Sin Comentario,No,True,55.0,-65.3,FBK-001325,Detractor
FB-9326,TRX-18060,3.0,2,Dañado,Tal vez,False,78.0,-53.6,FBK-001326,Detractor
FB-9327,TRX-11481,2.0,3,No volvería,Tal vez,False,63.0,2.7,FBK-001327,Pasivo
FB-9328,TRX-15452,4.0,4,Excelente,Tal vez,False,77.0,73.2,FBK-001328,Promotor
FB-9329,TRX-13666,1.0,3,Excelente,Sin Respuesta,False,49.0,83.7,FBK-001329,Promotor
FB-9330,TRX-19436,3.0,1,No volvería,Sí,False,40.0,-74.8,FBK-001330,Detractor
FB-9331,TRX-19841,2.0,3,Sin Comentario,Tal vez,True,36.0,-39.4,FBK-001331,Detractor
FB-9332,TRX-11059,2.0,3,No volvería,Sin Respuesta,True,44.0,53.9,FBK-001332,Promotor
FB-9333,TRX-15623,3.0,3,Lento,Sí,False,51.0,86.7,FBK-001333,Promotor
FB-9334,TRX-16176,4.0,3,Sin Comentario,No,True,83.0,-83.8,FBK-001334,Detractor
FB-9335,TRX-16252,1.0,1,Lento,Tal vez,False,70.0,-6.1,FBK-001335,Detractor
FB-9336,TRX-19206,1.0,3,Dañado,Tal vez,True,26.0,-0.9,FBK-001336,Detractor
FB-9337,TRX-17159,1.0,4,No volvería,Sin Respuesta,True,48.0,-98.3,FBK-001337,Detractor
FB-9338,TRX-13823,2.0,5,Excelente,Tal vez,True,73.0,70.9,FBK-001338,Promotor
FB-9339,TRX-13662,4.0,1,Dañado,No,False,53.0,-78.5,FBK-001339,Detractor
FB-9340,TRX-14244,3.0,4,Excelente,Sí,False,42.0,67.5,FBK-001340,Promotor
FB-9341,TRX-11895,5.0,2,Sin Comentario,Sin Respuesta,True,18.0,-95.8,FBK-001341,Detractor
FB-9342,TRX-14767,1.0,2,Excelente,Sin Respuesta,False,22.0,96.6,FBK-001342,Promotor
FB-9343,TRX-11436,3.0,1,Dañado,Tal vez,True,68.0,5.0,FBK-001343,Pasivo
FB-9344,TRX-11824,3.0,5,Excelente,No,False,50.0,-40.2,FBK-001344,Detractor
FB-9345,TRX-11460,1.0,3,No volvería,No,True,70.0,21.3,FBK-001345,Pasivo
FB-9346,TRX-15574,5.0,1,Sin Comentario,Tal vez,True,78.0,-43.2,FBK-001346,Detractor
FB-9347,TRX-19702,2.0,3,Sin Comentario,Sí,False,52.0,-78.5,FBK-001347,Detractor
FB-9348,TRX-13082,2.0,3,No volvería,Sí,True,52.0,-49.6,FBK-001348,Detractor
FB-9349,TRX-11902,4.0,2,Dañado,Sin Respuesta,True,44.0,68.2,FBK-001349,Promotor
FB-9350,TRX-19385,3.0,5,Excelente,No,False,28.0,-50.6,FBK-001350,Detractor
FB-9351,TRX-16025,2.0,3,Excelente,No,False,45.0,-17.8,FBK-001351,Detractor
FB-9352,TRX-12087,3.0,1,Lento,Sí,True,27.0,9.9,FBK-001352,Pasivo
FB-9353,TRX-15134,2.0,2,Precio justo,Sí,True,52.0,74.0,FBK-001353,Promotor
FB-9354,TRX-16229,4.0,3,Dañado,Sin Respuesta,True,35.0,-97.8,FBK-001354,Detractor
FB-9355,TRX-19452,3.0,2,Sin Comentario,Sin Respuesta,True,22.0,76.4,FBK-001355,Promotor
FB-9356,TRX-10027,3.0,2,Excelente,No,False,23.0,48.2,FBK-001356,Pasivo
FB-9357,TRX-15092,5.0,1,Dañado,Sin Respuesta,True,47.0,-22.6,FBK-001357,Detractor
FB-9358,TRX-11013,1.0,1,Lento,Sin Respuesta,False,82.0,98.4,FBK-001358,Promotor
FB-9359,TRX-19667,1.0,4,Dañado,Sí,False,79.0,-88.2,FBK-001359,Detractor
FB-9360,TRX-18775,1.0,3,No volvería,Tal vez,False,65.0,47.6,FBK-001360,Pasivo
FB-9361,TRX-13110,4.0,2,Excelente,Sí,False,41.0,44.0,FBK-001361,Pasivo
FB-9362,TRX-16359,2.0,4,Lento,Sí,True,60.0,89.4,FBK-001362,Promotor
FB-9363,TRX-16941,1.0,1,No volvería,Sí,True,35.0,64.9,FBK-001363,Promotor
FB-9364,TRX-15237,2.0,5,Precio justo,Tal vez,True,50.0,15.1,FBK-001364,Pasivo
FB-9365,TRX-15980,1.0,2,Precio justo,Tal vez,False,26.0,-53.5,FBK-001365,Detractor
FB-9366,TRX-12069,5.0,5,Dañado,Tal vez,False,69.0,2.0,FBK-001366,Pasivo
FB-9367,TRX-18515,2.0,5,Excelente,No,False,28.0,-79.5,FBK-001367,Detractor
FB-9368,TRX-19856,4.0,2,Precio justo,Tal vez,True,19.0,-2.3,FBK-001368,Detractor
FB-9369,TRX-19679,4.0,4,Lento,Sí,False,44.0,-61.2,FBK-001369,Detractor
FB-9370,TRX-13639,2.0,4,Excelente,Sí,True,35.0,86.9,FBK-001370,Promotor
FB-9371,TRX-11746,4.0,2,Sin Comentario,No,False,51.0,-18.7,FBK-001371,Detractor
FB-9372,TRX-16476,3.0,3,Lento,Sin Respuesta,False,71.0,-70.1,FBK-001372,Detractor
FB-9373,TRX-10150,4.0,5,Lento,No,True,28.0,-95.3,FBK-001373,Detractor
FB-9374,TRX-18819,5.0,4,Lento,Sí,False,83.0,-33.9,FBK-001374,Detractor
FB-9375,TRX-17546,5.0,2,Sin Comentario,Sí,False,48.0,-88.4,FBK-001375,Detractor
FB-9376,TRX-15176,2.0,1,Sin Comentario,Tal vez,True,61.0,-8.1,FBK-001376,Detractor
FB-9377,TRX-12370,4.0,1,Precio justo,No,True,73.0,-90.6,FBK-001377,Detractor
FB-9378,TRX-14863,2.0,2,Dañado,Tal vez,False,36.0,66.7,FBK-001378,Promotor
FB-9379,TRX-13586,1.0,3,Precio justo,Sin Respuesta,False,49.0,-6.9,FBK-001379,Detractor
FB-9380,TRX-18189,3.0,1,Precio justo,Tal vez,False,53.0,58.6,FBK-001380,Promotor
FB-9381,TRX-17467,2.0,3,Sin Comentario,Tal vez,True,31.0,-27.2,FBK-001381,Detractor
FB-9382,TRX-12415,2.0,2,Dañado,Tal vez,False,62.0,53.6,FBK-001382,Promotor
FB-9383,TRX-19854,2.0,2,No volvería,Sin Respuesta,False,18.0,-18.9,FBK-001383,Detractor
FB-9384,TRX-14643,2.0,5,Lento,Tal vez,True,69.0,34.3,FBK-001384,Pasivo
FB-9385,TRX-12389,5.0,2,Sin Comentario,Sí,False,50.0,42.6,FBK-001385,Pasivo
FB-9386,TRX-10562,3.0,3,No volvería,Sin Respuesta,False,51.0,20.5,FBK-001386,Pasivo
FB-9387,TRX-19812,1.0,4,Lento,Tal vez,True,33.0,-89.0,FBK-001387,Detractor
FB-9388,TRX-15245,3.0,1,No volvería,No,True,19.0,-26.6,FBK-001388,Detractor
FB-9389,TRX-15060,2.0,1,Lento,No,False,79.0,55.3,FBK-001389,Promotor
FB-9390,TRX-18230,5.0,5,Dañado,Tal vez,True,36.0,84.9,FBK-001390,Promotor
FB-9391,TRX-12022,1.0,4,Sin Comentario,No,False,32.0,32.1,FBK-001391,Pasivo
FB-9392,TRX-14480,2.0,3,Dañado,No,False,33.0,93.5,FBK-001392,Promotor
FB-9393,TRX-19403,2.0,3,Sin Comentario,Sin Respuesta,True,45.0,-45.1,FBK-001393,Detractor
FB-9394,TRX-17836,4.0,5,Dañado,Sin Respuesta,False,23.0,-72.7,FBK-001394,Detractor
FB-9395,TRX-13534,3.0,2,Excelente,Sí,False,44.0,-34.4,FBK-001395,Detractor
FB-9396,TRX-18110,3.0,4,Sin Comentario,Sin Respuesta,True,56.0,35.6,FBK-001396,Pasivo
FB-9397,TRX-14775,3.0,1,Sin Comentario,Sí,False,28.0,-21.9,FBK-001397,Detractor
FB-9398,TRX-16171,4.0,4,Lento,Tal vez,False,30.0,31.8,FBK-001398,Pasivo
FB-9399,TRX-10963,5.0,5,Sin Comentario,Sin Respuesta,False,42.0,40.4,FBK-001399,Pasivo
FB-9400,TRX-15458,5.0,2,Dañado,Sí,False,50.0,22.8,FBK-001400,Pasivo
FB-9401,TRX-12501,5.0,4,No volvería,Sin Respuesta,False,58.0,55.8,FBK-001401,Promotor
FB-9402,TRX-13450,1.0,2,Excelente,Tal vez,False,54.0,-53.4,FBK-001402,Detractor
FB-9403,TRX-13687,4.0,4,Sin Comentario,No,False,31.0,-78.1,FBK-001403,Detractor
FB-9404,TRX-10861,4.0,1,Excelente,No,True,38.0,-90.3,FBK-001404,Detractor
FB-9405,TRX-12933,5.0,3,Sin Comentario,Sí,True,60.0,95.2,FBK-001405,Promotor
FB-9406,TRX-17987,5.0,4,Dañado,Sin Respuesta,False,61.0,43.6,FBK-001406,Pasivo
FB-9407,TRX-16419,5.0,3,Precio justo,No,True,59.0,-52.3,FBK-001407,Detractor
FB-9408,TRX-14900,4.0,3,Dañado,Sin Respuesta,False,44.0,-4.6,FBK-001408,Detractor
FB-9409,TRX-12608,5.0,3,Sin Comentario,Tal vez,False,50.0,-87.6,FBK-001409,Detractor
FB-9410,TRX-10353,3.0,5,Sin Comentario,Tal vez,False,48.0,32.9,FBK-001410,Pasivo
FB-9411,TRX-18977,5.0,1,Sin Comentario,Sí,True,33.0,93.4,FBK-001411,Promotor
FB-9412,TRX-16427,3.0,3,Precio justo,No,True,24.0,41.2,FBK-001412,Pasivo
FB-9413,TRX-15528,2.0,1,Dañado,No,False,33.0,24.5,FBK-001413,Pasivo
FB-9414,TRX-16921,2.0,4,Lento,Tal vez,False,63.0,84.4,FBK-001414,Promotor
FB-9415,TRX-17756,4.0,1,No volvería,Tal vez,True,21.0,2.5,FBK-001415,Pasivo
FB-9416,TRX-15706,1.0,2,Sin Comentario,Sí,False,20.0,49.0,FBK-001416,Pasivo
FB-9417,TRX-16412,2.0,3,Sin Comentario,Sí,True,36.0,86.6,FBK-001417,Promotor
FB-9418,TRX-16407,4.0,4,Sin Comentario,Sí,False,46.0,29.4,FBK-001418,Pasivo
FB-9419,TRX-11176,4.0,3,Precio justo,Sí,True,82.0,5.2,FBK-001419,Pasivo
FB-9420,TRX-18648,3.0,3,Precio justo,Sin Respuesta,True,38.0,16.1,FBK-001420,Pasivo
FB-9421,TRX-14637,3.0,4,Sin Comentario,Tal vez,True,72.0,53.9,FBK-001421,Promotor
FB-9422,TRX-14626,5.0,4,Excelente,Sin Respuesta,False,28.0,-89.6,FBK-001422,Detractor
FB-9423,TRX-13196,2.0,5,Precio justo,Sí,True,53.0,-34.4,FBK-001423,Detractor
FB-9424,TRX-18978,3.0,5,Lento,Tal vez,True,56.0,-89.7,FBK-001424,Detractor
FB-9425,TRX-16451,1.0,5,No volvería,No,False,67.0,57.2,FBK-001425,Promotor
FB-9426,TRX-11594,4.0,1,Precio justo,Sí,True,45.0,83.0,FBK-001426,Promotor
FB-9427,TRX-12144,5.0,2,Excelente,Tal vez,False,37.0,-20.1,FBK-001427,Detractor
FB-9428,TRX-15298,3.0,2,Sin Comentario,No,False,56.0,-49.6,FBK-001428,Detractor
FB-9429,TRX-19509,3.0,1,No volvería,Sin Respuesta,True,42.0,-91.9,FBK-001429,Detractor
FB-9430,TRX-10886,3.0,5,Precio justo,Sí,True,63.0,-98.6,FBK-001430,Detractor
FB-9431,TRX-14981,2.0,2,Lento,Sin Respuesta,False,49.0,9.1,FBK-001431,Pasivo
FB-9432,TRX-17496,3.0,5,Lento,Sin Respuesta,False,80.0,-33.3,FBK-001432,Detractor
FB-9433,TRX-12681,4.0,4,No volvería,Sí,True,61.0,92.8,FBK-001433,Promotor
FB-9434,TRX-19456,3.0,1,Excelente,Tal vez,True,58.0,63.5,FBK-001434,Promotor
FB-9435,TRX-12253,1.0,5,Lento,Tal vez,False,26.0,-9.8,FBK-001435,Detractor
FB-9436,TRX-17239,3.0,1,Dañado,Sin Respuesta,True,55.0,-60.3,FBK-001436,Detractor
FB-9437,TRX-17904,5.0,3,Dañado,Tal vez,True,54.0,-23.4,FBK-001437,Detractor
FB-9438,TRX-14769,5.0,1,Precio justo,Sí,True,59.0,-85.7,FBK-001438,Detractor
FB-9439,TRX-12372,1.0,1,Lento,Sin Respuesta,False,40.0,24.5,FBK-001439,Pasivo
FB-9440,TRX-13436,5.0,5,Dañado,No,True,33.0,73.0,FBK-001440,Promotor
FB-9441,TRX-13573,2.0,1,Precio justo,Sin Respuesta,True,56.0,-12.9,FBK-001441,Detractor
FB-9442,TRX-13205,4.0,3,Precio justo,Sí,True,71.0,-3.9,FBK-001442,Detractor
FB-9443,TRX-10149,4.0,4,Precio justo,Sí,False,44.0,87.6,FBK-001443,Promotor
FB-9444,TRX-15934,2.0,2,Excelente,Tal vez,True,63.0,-38.1,FBK-001444,Detractor
FB-9445,TRX-19431,5.0,4,Precio justo,No,False,63.0,-79.7,FBK-001445,Detractor
FB-9446,TRX-11670,1.0,1,Excelente,Sí,True,37.0,-86.2,FBK-001446,Detractor
FB-9447,TRX-12418,1.0,3,Dañado,Sin Respuesta,True,62.0,53.6,FBK-001447,Promotor
FB-9448,TRX-16169,4.0,3,Precio justo,Tal vez,False,49.0,-56.3,FBK-001448,Detractor
FB-9449,TRX-16997,1.0,4,Dañado,Sin Respuesta,True,49.0,99.8,FBK-001449,Promotor
FB-9450,TRX-12756,2.0,5,Lento,Sí,True,66.0,92.6,FBK-001450,Promotor
FB-9451,TRX-10922,4.0,2,Excelente,Tal vez,False,64.0,70.8,FBK-001451,Promotor
FB-9452,TRX-11573,3.0,1,Sin Comentario,Sí,False,57.0,0.8,FBK-001452,Pasivo
FB-9453,TRX-15825,2.0,1,Sin Comentario,Tal vez,False,22.0,1.6,FBK-001453,Pasivo
FB-9454,TRX-17763,2.0,4,Dañado,Sí,True,79.0,86.4,FBK-001454,Promotor
FB-9455,TRX-12943,1.0,3,Precio justo,Tal vez,False,26.0,-40.5,FBK-001455,Detractor
FB-9456,TRX-10859,1.0,3,Dañado,Sí,True,35.0,-2.7,FBK-001456,Detractor
FB-9457,TRX-11922,1.0,5,Precio justo,Sin Respuesta,True,63.0,-19.5,FBK-001457,Detractor
FB-9458,TRX-18444,3.0,2,No volvería,Sin Respuesta,False,18.0,-28.3,FBK-001458,Detractor
FB-9459,TRX-15545,2.0,1,Sin Comentario,Sin Respuesta,True,23.0,78.4,FBK-001459,Promotor
FB-9460,TRX-19722,5.0,4,Excelente,No,True,38.0,44.9,FBK-001460,Pasivo
FB-9461,TRX-17107,4.0,5,Lento,No,False,52.0,88.9,FBK-001461,Promotor
FB-9462,TRX-12434,1.0,2,Dañado,Tal vez,True,75.0,-85.6,FBK-001462,Detractor
FB-9463,TRX-16619,1.0,1,Sin Comentario,No,True,66.0,65.5,FBK-001463,Promotor
FB-9464,TRX-14014,2.0,2,Sin Comentario,No,True,31.0,-34.4,FBK-001464,Detractor
FB-9465,TRX-10556,3.0,1,Dañado,Sí,False,23.0,18.2,FBK-001465,Pasivo
FB-9466,TRX-11946,1.0,2,No volvería,No,True,37.0,40.7,FBK-001466,Pasivo
FB-9467,TRX-13946,3.0,2,Precio justo,No,True,40.0,-71.7,FBK-001467,Detractor
FB-9468,TRX-16498,3.0,4,Lento,No,True,31.0,49.7,FBK-001468,Pasivo
FB-9469,TRX-18005,5.0,5,Precio justo,No,True,68.0,-31.9,FBK-001469,Detractor
FB-9470,TRX-14959,3.0,3,Precio justo,Tal vez,False,19.0,-44.3,FBK-001470,Detractor
FB-9471,TRX-19767,5.0,2,Dañado,No,False,66.0,-5.7,FBK-001471,Detractor
FB-9472,TRX-12826,4.0,4,Dañado,Tal vez,False,24.0,56.6,FBK-001472,Promotor
FB-9473,TRX-16150,3.0,3,Dañado,Sin Respuesta,False,67.0,-18.2,FBK-001473,Detractor
FB-9474,TRX-11468,4.0,5,Sin Comentario,No,True,31.0,9.0,FBK-001474,Pasivo
FB-9475,TRX-17596,3.0,5,Excelente,Sin Respuesta,False,37.0,-52.3,FBK-001475,Detractor
FB-9476,TRX-16260,5.0,2,Excelente,Sí,True,30.0,-36.4,FBK-001476,Detractor
FB-9477,TRX-14509,5.0,1,Dañado,No,False,74.0,88.3,FBK-001477,Promotor
FB-9478,TRX-17292,4.0,5,Precio justo,Sí,False,66.0,83.8,FBK-001478,Promotor
FB-9479,TRX-16018,2.0,4,Lento,Sin Respuesta,False,84.0,77.5,FBK-001479,Promotor
FB-9480,TRX-10190,2.0,2,Lento,Sin Respuesta,True,22.0,-22.3,FBK-001480,Detractor
FB-9481,TRX-11966,2.0,5,Precio justo,No,False,70.0,-94.1,FBK-001481,Detractor
FB-9482,TRX-11910,3.0,2,Sin Comentario,No,True,69.0,83.8,FBK-001482,Promotor
FB-9483,TRX-11353,2.0,1,Sin Comentario,Sí,False,63.0,-19.8,FBK-001483,Detractor
FB-9484,TRX-11999,4.0,5,No volvería,Tal vez,False,76.0,60.7,FBK-001484,Promotor
FB-9485,TRX-18015,2.0,2,Precio justo,Sin Respuesta,False,26.0,3.1,FBK-001485,Pasivo
FB-9486,TRX-18351,4.0,4,Lento,Sin Respuesta,False,70.0,78.7,FBK-001486,Promotor
FB-9487,TRX-13685,4.0,5,No volvería,Sí,False,32.0,-76.6,FBK-001487,Detractor
FB-9488,TRX-10377,3.0,1,Sin Comentario,Tal vez,False,21.0,66.0,FBK-001488,Promotor
FB-9489,TRX-19614,5.0,3,Sin Comentario,Sí,False,51.0,73.5,FBK-001489,Promotor
FB-9490,TRX-19387,3.0,3,No volvería,Sin Respuesta,True,79.0,-42.0,FBK-001490,Detractor
FB-9491,TRX-19381,3.0,2,Lento,Sin Respuesta,True,69.0,25.0,FBK-001491,Pasivo
FB-9492,TRX-17856,1.0,5,No volvería,No,True,53.0,-89.0,FBK-001492,Detractor
FB-9493,TRX-14484,2.0,5,Sin Comentario,Tal vez,True,75.0,-37.3,FBK-001493,Detractor
FB-9494,TRX-11549,2.0,1,Excelente,Tal vez,False,63.0,-25.5,FBK-001494,Detractor
FB-9495,TRX-19713,4.0,3,Dañado,No,False,54.0,-81.0,FBK-001495,Detractor
FB-9496,TRX-12967,5.0,4,Sin Comentario,Tal vez,False,83.0,-13.3,FBK-001496,Detractor
FB-9497,TRX-16290,2.0,3,Sin Comentario,Sí,True,58.0,29.6,FBK-001497,Pasivo
FB-9498,TRX-17932,2.0,5,No volvería,Tal vez,True,45.0,29.8,FBK-001498,Pasivo
FB-9499,TRX-17105,5.0,4,No volvería,Sin Respuesta,True,71.0,-6.0,FBK-001499,Detractor
FB-9500,TRX-14888,3.0,4,Excelente,Sí,True,47.0,-75.3,FBK-001500,Detractor
FB-9501,TRX-19362,2.0,1,Excelente,Sí,False,48.0,-84.2,FBK-001501,Detractor
FB-9502,TRX-12051,1.0,2,Precio justo,Sin Respuesta,False,25.0,64.5,FBK-001502,Promotor
FB-9503,TRX-11629,2.0,2,Sin Comentario,No,False,65.0,11.9,FBK-001503,Pasivo
FB-9504,TRX-15328,1.0,1,Lento,Sin Respuesta,False,75.0,50.0,FBK-001504,Promotor
FB-9505,TRX-11040,3.0,5,Precio justo,No,False,21.0,-93.4,FBK-001505,Detractor
FB-9506,TRX-18806,3.0,5,Sin Comentario,No,False,35.0,-11.7,FBK-001506,Detractor
FB-9507,TRX-13029,1.0,2,Lento,Sí,True,39.0,80.8,FBK-001507,Promotor
FB-9508,TRX-16640,4.0,3,Sin Comentario,Tal vez,False,44.0,41.6,FBK-001508,Pasivo
FB-9509,TRX-10323,1.0,1,Excelente,Sí,True,49.0,53.3,FBK-001509,Promotor
FB-9510,TRX-16451,4.0,3,Dañado,Sin Respuesta,True,57.0,-5.8,FBK-001510,Detractor
FB-9511,TRX-19110,5.0,1,Lento,Tal vez,True,78.0,49.0,FBK-001511,Pasivo
FB-9512,TRX-18788,5.0,1,Lento,Sí,True,53.0,34.4,FBK-001512,Pasivo
FB-9513,TRX-18684,1.0,2,Excelente,No,False,27.0,-73.3,FBK-001513,Detractor
FB-9514,TRX-18004,4.0,2,No volvería,No,True,20.0,-81.8,FBK-001514,Detractor
FB-9515,TRX-11047,3.0,3,Precio justo,Sí,True,80.0,-64.7,FBK-001515,Detractor
FB-9516,TRX-18501,1.0,5,Dañado,Sin Respuesta,False,27.0,-84.1,FBK-001516,Detractor
FB-9517,TRX-19580,1.0,4,Sin Comentario,Tal vez,False,38.0,15.6,FBK-001517,Pasivo
FB-9518,TRX-18830,4.0,3,Sin Comentario,Sí,True,55.0,93.0,FBK-001518,Promotor
FB-9519,TRX-12033,5.0,1,Lento,No,False,37.0,54.7,FBK-001519,Promotor
FB-9520,TRX-13399,3.0,4,No volvería,No,False,32.0,49.1,FBK-001520,Pasivo
FB-9521,TRX-11922,4.0,4,Excelente,No,True,38.0,66.0,FBK-001521,Promotor
FB-9522,TRX-12960,4.0,4,Lento,Sin Respuesta,False,36.0,80.2,FBK-001522,Promotor
FB-9523,TRX-19815,3.0,4,No volvería,Tal vez,False,25.0,-39.2,FBK-001523,Detractor
FB-9524,TRX-12948,1.0,4,Sin Comentario,Sí,True,59.0,-82.0,FBK-001524,Detractor
FB-9525,TRX-10087,1.0,3,Precio justo,Tal vez,True,39.0,50.3,FBK-001525,Promotor
FB-9526,TRX-19088,2.0,2,Excelente,Sí,True,34.0,-14.6,FBK-001526,Detractor
FB-9527,TRX-17327,3.0,2,No volvería,Sin Respuesta,True,29.0,89.1,FBK-001527,Promotor
FB-9528,TRX-15149,4.0,1,Sin Comentario,Sí,False,80.0,86.7,FBK-001528,Promotor
FB-9529,TRX-12015,2.0,5,No volvería,No,True,76.0,94.8,FBK-001529,Promotor
FB-9530,TRX-10641,2.0,3,Lento,No,False,65.0,55.0,FBK-001530,Promotor
FB-9531,TRX-12110,2.0,4,Sin Comentario,Sin Respuesta,False,44.0,22.6,FBK-001531,Pasivo
FB-9532,TRX-19422,1.0,2,Sin Comentario,Tal vez,True,81.0,53.4,FBK-001532,Promotor
FB-9533,TRX-13378,5.0,1,Sin Comentario,No,True,80.0,-45.0,FBK-001533,Detractor
FB-9534,TRX-12641,2.0,4,Precio justo,Sí,False,60.0,-99.6,FBK-001534,Detractor
FB-9535,TRX-11438,4.0,1,Sin Comentario,No,False,45.0,-7.8,FBK-001535,Detractor
FB-9536,TRX-19215,1.0,4,Sin Comentario,Sí,False,46.0,27.9,FBK-001536,Pasivo
FB-9537,TRX-14206,5.0,4,Sin Comentario,Tal vez,False,35.0,67.8,FBK-001537,Promotor
FB-9538,TRX-10573,5.0,2,Excelente,No,False,63.0,-89.8,FBK-001538,Detractor
FB-9539,TRX-11386,2.0,2,Excelente,No,True,74.0,-90.9,FBK-001539,Detractor
FB-9540,TRX-12043,2.0,4,Precio justo,Sí,False,27.0,87.3,FBK-001540,Promotor
FB-9541,TRX-18292,1.0,2,Dañado,Sin Respuesta,False,69.0,-59.7,FBK-001541,Detractor
FB-9542,TRX-14891,2.0,3,Lento,Sin Respuesta,False,44.0,37.7,FBK-001542,Pasivo
FB-9543,TRX-15956,1.0,4,Sin Comentario,No,False,35.0,-70.6,FBK-001543,Detractor
FB-9544,TRX-18919,5.0,2,No volvería,Tal vez,False,58.0,80.2,FBK-001544,Promotor
FB-9545,TRX-12811,4.0,1,Sin Comentario,Tal vez,True,70.0,49.6,FBK-001545,Pasivo
FB-9546,TRX-16931,4.0,1,Lento,Sin Respuesta,False,30.0,-89.1,FBK-001546,Detractor
FB-9547,TRX-10001,3.0,1,Sin Comentario,No,True,40.0,-45.6,FBK-001547,Detractor
FB-9548,TRX-14068,3.0,5,Precio justo,Sin Respuesta,False,68.0,94.0,FBK-001548,Promotor
FB-9549,TRX-14925,3.0,1,No volvería,Sí,True,57.0,69.2,FBK-001549,Promotor
FB-9550,TRX-10756,4.0,1,Dañado,Tal vez,False,57.0,-90.5,FBK-001550,Detractor
FB-9551,TRX-18510,2.0,3,Sin Comentario,Sin Respuesta,False,67.0,-38.5,FBK-001551,Detractor
FB-9552,TRX-14807,1.0,3,Precio justo,No,True,46.0,-34.2,FBK-001552,Detractor
FB-9553,TRX-18750,4.0,5,Lento,Sin Respuesta,False,39.0,-4.1,FBK-001553,Detractor
FB-9554,TRX-17289,3.0,3,No volvería,No,True,75.0,-44.8,FBK-001554,Detractor
FB-9555,TRX-12291,3.0,2,Excelente,Sin Respuesta,True,59.0,65.9,FBK-001555,Promotor
FB-9556,TRX-19454,2.0,1,No volvería,Sin Respuesta,False,40.0,-5.8,FBK-001556,Detractor
FB-9557,TRX-18035,3.0,2,No volvería,Tal vez,True,19.0,-97.5,FBK-001557,Detractor
FB-9558,TRX-15127,3.0,5,Precio justo,Sin Respuesta,True,57.0,-22.1,FBK-001558,Detractor
FB-9559,TRX-18563,1.0,2,Dañado,Sí,False,43.0,18.6,FBK-001559,Pasivo
FB-9560,TRX-15769,2.0,2,No volvería,Sin Respuesta,True,39.0,31.9,FBK-001560,Pasivo
FB-9561,TRX-19931,5.0,2,Sin Comentario,No,False,63.0,-80.7,FBK-001561,Detractor
FB-9562,TRX-18818,5.0,3,No volvería,No,False,77.0,-0.5,FBK-001562,Detractor
FB-9563,TRX-18365,3.0,1,Sin Comentario,Sí,True,32.0,-13.9,FBK-001563,Detractor
FB-9564,TRX-13438,3.0,2,Sin Comentario,Sí,False,64.0,-64.8,FBK-001564,Detractor
FB-9565,TRX-11622,1.0,4,Dañado,No,False,77.0,-64.0,FBK-001565,Detractor
FB-9566,TRX-10732,5.0,1,Dañado,Sin Respuesta,False,34.0,94.6,FBK-001566,Promotor
FB-9567,TRX-13884,2.0,1,Sin Comentario,Sí,True,35.0,-17.3,FBK-001567,Detractor
FB-9568,TRX-10601,2.0,4,No volvería,Sin Respuesta,True,83.0,28.1,FBK-001568,Pasivo
FB-9569,TRX-13081,4.0,5,Excelente,Sí,True,54.0,-58.8,FBK-001569,Detractor
FB-9570,TRX-12321,4.0,5,Excelente,Sin Respuesta,True,41.0,91.3,FBK-001570,Promotor
FB-9571,TRX-14910,2.0,1,Excelente,Sí,True,32.0,89.4,FBK-001571,Promotor
FB-9572,TRX-13526,4.0,3,Precio justo,No,True,68.0,58.7,FBK-001572,Promotor
FB-9573,TRX-12198,1.0,5,Precio justo,Sin Respuesta,True,41.0,-12.8,FBK-001573,Detractor
FB-9574,TRX-19865,3.0,5,Excelente,Sí,False,40.0,-17.0,FBK-001574,Detractor
FB-9575,TRX-19045,2.0,2,Excelente,Sin Respuesta,False,64.0,78.0,FBK-001575,Promotor
FB-9576,TRX-13539,5.0,2,Excelente,Tal vez,False,79.0,73.7,FBK-001576,Promotor
FB-9577,TRX-19695,5.0,5,Dañado,Tal vez,False,80.0,84.9,FBK-001577,Promotor
FB-9578,TRX-15882,2.0,3,Sin Comentario,Sí,False,29.0,-45.4,FBK-001578,Detractor
FB-9579,TRX-14544,4.0,2,Lento,Tal vez,True,27.0,32.4,FBK-001579,Pasivo
FB-9580,TRX-12105,4.0,3,Precio justo,Sí,False,72.0,34.4,FBK-001580,Pasivo
FB-9581,TRX-16914,2.0,1,Sin Comentario,Sí,False,62.0,-28.0,FBK-001581,Detractor
FB-9582,TRX-11218,2.0,3,Precio justo,Tal vez,False,54.0,-81.1,FBK-001582,Detractor
FB-9583,TRX-19008,2.0,2,Precio justo,No,True,26.0,-79.1,FBK-001583,Detractor
FB-9584,TRX-14177,1.0,4,Lento,Sí,False,73.0,68.6,FBK-001584,Promotor
FB-9585,TRX-14270,5.0,3,No volvería,Sí,True,66.0,-31.7,FBK-001585,Detractor
FB-9586,TRX-16255,1.0,5,Precio justo,Tal vez,False,83.0,78.1,FBK-001586,Promotor
FB-9587,TRX-12675,1.0,3,No volvería,Sin Respuesta,True,75.0,-42.7,FBK-001587,Detractor
FB-9588,TRX-16554,3.0,3,Dañado,Tal vez,False,70.0,-59.5,FBK-001588,Detractor
FB-9589,TRX-17472,1.0,3,Sin Comentario,Sí,True,40.0,-21.4,FBK-001589,Detractor
FB-9590,TRX-11364,5.0,5,Excelente,Sin Respuesta,False,29.0,44.8,FBK-001590,Pasivo
FB-9591,TRX-14164,4.0,3,Excelente,Sin Respuesta,False,46.0,24.0,FBK-001591,Pasivo
FB-9592,TRX-16968,5.0,4,Dañado,Tal vez,True,44.0,-70.0,FBK-001592,Detractor
FB-9593,TRX-12346,2.0,5,Excelente,Sin Respuesta,True,37.0,96.2,FBK-001593,Promotor
FB-9594,TRX-18780,2.0,4,Dañado,No,True,71.0,95.7,FBK-001594,Promotor
FB-9595,TRX-13338,2.0,4,Excelente,No,True,65.0,-45.6,FBK-001595,Detractor
FB-9596,TRX-11156,1.0,4,Dañado,No,True,73.0,6.0,FBK-001596,Pasivo
FB-9597,TRX-14413,3.0,5,Dañado,Sí,True,39.0,-54.5,FBK-001597,Detractor
FB-9598,TRX-13156,4.0,2,Excelente,Tal vez,False,40.0,98.4,FBK-001598,Promotor
FB-9599,TRX-16097,1.0,5,No volvería,Tal vez,False,51.0,-30.3,FBK-001599,Detractor
FB-9600,TRX-19234,2.0,3,Precio justo,Sí,True,50.0,80.4,FBK-001600,Promotor
FB-9601,TRX-18379,5.0,4,Precio justo,Sí,True,21.0,-14.2,FBK-001601,Detractor
FB-9602,TRX-19911,2.0,3,Sin Comentario,Tal vez,False,33.0,43.2,FBK-001602,Pasivo
FB-9603,TRX-12687,5.0,4,Lento,Sí,False,45.0,81.1,FBK-001603,Promotor
FB-9604,TRX-16876,4.0,4,Sin Comentario,Tal vez,False,39.0,24.2,FBK-001604,Pasivo
FB-9605,TRX-12514,2.0,3,Sin Comentario,Sin Respuesta,True,25.0,-53.8,FBK-001605,Detractor
FB-9606,TRX-15183,4.0,1,Lento,Sin Respuesta,False,70.0,59.5,FBK-001606,Promotor
FB-9607,TRX-17104,2.0,4,Excelente,Sin Respuesta,False,26.0,81.8,FBK-001607,Promotor
FB-9608,TRX-16208,2.0,1,Precio justo,Tal vez,True,59.0,-82.2,FBK-001608,Detractor
FB-9609,TRX-10424,5.0,5,Sin Comentario,Sí,False,71.0,-25.3,FBK-001609,Detractor
FB-9610,TRX-19889,3.0,4,Lento,Sí,True,42.0,98.5,FBK-001610,Promotor
FB-9611,TRX-14055,5.0,4,Precio justo,Sí,False,27.0,30.4,FBK-001611,Pasivo
FB-9612,TRX-11270,1.0,5,Sin Comentario,Sí,True,29.0,-65.2,FBK-001612,Detractor
FB-9613,TRX-14425,4.0,3,Dañado,Sí,True,25.0,68.6,FBK-001613,Promotor
FB-9614,TRX-12041,4.0,3,No volvería,Sí,False,18.0,-5.8,FBK-001614,Detractor
FB-9615,TRX-18707,3.0,1,Dañado,Tal vez,False,42.0,72.4,FBK-001615,Promotor
FB-9616,TRX-11802,2.0,5,Lento,No,True,62.0,52.7,FBK-001616,Promotor
FB-9617,TRX-18984,4.0,4,Lento,Sí,True,64.0,44.4,FBK-001617,Pasivo
FB-9618,TRX-16664,3.0,1,Excelente,Tal vez,False,28.0,-46.0,FBK-001618,Detractor
FB-9619,TRX-11080,1.0,3,No volvería,Tal vez,True,79.0,11.7,FBK-001619,Pasivo
FB-9620,TRX-15396,4.0,4,Sin Comentario,Tal vez,True,53.0,71.1,FBK-001620,Promotor
FB-9621,TRX-11457,1.0,3,Sin Comentario,Tal vez,False,57.0,70.8,FBK-001621,Promotor
FB-9622,TRX-15944,5.0,1,Sin Comentario,Sí,True,22.0,-65.9,FBK-001622,Detractor
FB-9623,TRX-15464,4.0,3,No volvería,Sin Respuesta,False,74.0,-19.8,FBK-001623,Detractor
FB-9624,TRX-14476,4.0,3,Precio justo,Sin Respuesta,False,33.0,-8.0,FBK-001624,Detractor
FB-9625,TRX-12397,2.0,5,Excelente,Tal vez,False,28.0,-3.8,FBK-001625,Detractor
FB-9626,TRX-13698,1.0,1,No volvería,No,False,71.0,-8.4,FBK-001626,Detractor
FB-9627,TRX-14483,5.0,4,Lento,Sí,True,49.0,-80.8,FBK-001627,Detractor
FB-9628,TRX-10161,3.0,3,Dañado,No,True,67.0,80.7,FBK-001628,Promotor
FB-9629,TRX-11604,5.0,3,Dañado,Sin Respuesta,True,79.0,56.3,FBK-001629,Promotor
FB-9630,TRX-16179,4.0,2,Sin Comentario,No,True,24.0,-13.7,FBK-001630,Detractor
FB-9631,TRX-13640,1.0,1,Sin Comentario,Tal vez,True,77.0,90.3,FBK-001631,Promotor
FB-9632,TRX-16203,4.0,1,No volvería,No,True,56.0,8.3,FBK-001632,Pasivo
FB-9633,TRX-11720,3.0,4,Dañado,Sí,True,68.0,-88.4,FBK-001633,Detractor
FB-9634,TRX-12023,3.0,5,Lento,Tal vez,True,24.0,-11.4,FBK-001634,Detractor
FB-9635,TRX-12879,4.0,4,Sin Comentario,Sí,False,56.0,-58.7,FBK-001635,Detractor
FB-9636,TRX-18625,4.0,1,Precio justo,Sin Respuesta,False,53.0,99.6,FBK-001636,Promotor
FB-9637,TRX-15022,4.0,3,Lento,Sin Respuesta,True,29.0,-75.2,FBK-001637,Detractor
FB-9638,TRX-19647,1.0,5,Sin Comentario,Sí,False,70.0,-38.8,FBK-001638,Detractor
FB-9639,TRX-18021,2.0,5,No volvería,No,False,78.0,35.7,FBK-001639,Pasivo
FB-9640,TRX-11565,3.0,1,Sin Comentario,No,False,40.0,-55.3,FBK-001640,Detractor
FB-9641,TRX-18666,1.0,1,Sin Comentario,Sí,True,40.0,-77.6,FBK-001641,Detractor
FB-9642,TRX-15716,3.0,4,Sin Comentario,Tal vez,True,46.0,-22.8,FBK-001642,Detractor
FB-9643,TRX-19374,4.0,2,Lento,Sí,True,67.0,79.1,FBK-001643,Promotor
FB-9644,TRX-14620,3.0,1,Lento,No,True,41.0,15.4,FBK-001644,Pasivo
FB-9645,TRX-19036,5.0,1,Dañado,Sin Respuesta,True,39.0,49.1,FBK-001645,Pasivo
FB-9646,TRX-14440,3.0,4,Sin Comentario,Sin Respuesta,True,29.0,-43.0,FBK-001646,Detractor
FB-9647,TRX-19952,5.0,1,Precio justo,Sí,False,82.0,78.6,FBK-001647,Promotor
FB-9648,TRX-11623,1.0,4,Sin Comentario,No,False,47.0,12.2,FBK-001648,Pasivo
FB-9649,TRX-10785,1.0,1,Excelente,Sin Respuesta,True,53.0,-29.2,FBK-001649,Detractor
FB-9650,TRX-12797,3.0,3,No volvería,Sí,True,59.0,31.0,FBK-001650,Pasivo
FB-9651,TRX-15210,5.0,1,No volvería,No,True,41.0,-18.6,FBK-001651,Detractor
FB-9652,TRX-16382,3.0,2,Lento,Sí,False,56.0,-44.6,FBK-001652,Detractor
FB-9653,TRX-12960,1.0,5,Dañado,Sin Respuesta,False,55.0,53.4,FBK-001653,Promotor
FB-9654,TRX-15655,3.0,4,Dañado,No,True,49.0,-78.5,FBK-001654,Detractor
FB-9655,TRX-18711,2.0,2,No volvería,Tal vez,False,75.0,32.8,FBK-001655,Pasivo
FB-9656,TRX-19038,2.0,4,Sin Comentario,Sin Respuesta,False,71.0,5.1,FBK-001656,Pasivo
FB-9657,TRX-19742,5.0,2,Excelente,Tal vez,False,49.0,2.7,FBK-001657,Pasivo
FB-9658,TRX-16597,5.0,4,Excelente,Sin Respuesta,True,27.0,-31.5,FBK-001658,Detractor
FB-9659,TRX-17812,3.0,4,Precio justo,Tal vez,False,74.0,-45.0,FBK-001659,Detractor
FB-9660,TRX-19704,2.0,5,Lento,Tal vez,False,47.0,38.1,FBK-001660,Pasivo
FB-9661,TRX-12090,2.0,1,No volvería,Sí,True,70.0,62.2,FBK-001661,Promotor
FB-9662,TRX-14244,5.0,4,Sin Comentario,Sí,False,65.0,-22.8,FBK-001662,Detractor
FB-9663,TRX-10155,4.0,4,Excelente,No,False,60.0,-71.2,FBK-001663,Detractor
FB-9664,TRX-18414,3.0,5,Sin Comentario,Sí,True,18.0,-95.7,FBK-001664,Detractor
FB-9665,TRX-12547,3.0,4,Excelente,Sí,True,56.0,16.0,FBK-001665,Pasivo
FB-9666,TRX-12070,1.0,4,Dañado,No,False,29.0,-50.0,FBK-001666,Detractor
FB-9667,TRX-12337,5.0,3,Precio justo,Sí,False,67.0,-17.4,FBK-001667,Detractor
FB-9668,TRX-16206,1.0,3,No volvería,Sin Respuesta,True,26.0,11.5,FBK-001668,Pasivo
FB-9669,TRX-19298,4.0,3,Precio justo,Tal vez,True,66.0,44.7,FBK-001669,Pasivo
FB-9670,TRX-14380,1.0,5,Excelente,Tal vez,False,21.0,-15.3,FBK-001670,Detractor
FB-9671,TRX-10866,4.0,4,Precio justo,Sí,False,41.0,40.5,FBK-001671,Pasivo
FB-9672,TRX-16064,1.0,5,Sin Comentario,Sí,True,77.0,82.7,FBK-001672,Promotor
FB-9673,TRX-14081,5.0,5,Excelente,No,False,45.0,-44.5,FBK-001673,Detractor
FB-9674,TRX-19972,4.0,2,Sin Comentario,Sí,True,69.0,39.4,FBK-001674,Pasivo
FB-9675,TRX-16852,3.0,1,Dañado,Sin Respuesta,False,37.0,-39.2,FBK-001675,Detractor
FB-9676,TRX-17500,5.0,2,Sin Comentario,Tal vez,True,80.0,-86.4,FBK-001676,Detractor
FB-9677,TRX-12999,5.0,1,Lento,No,True,47.0,-83.4,FBK-001677,Detractor
FB-9678,TRX-17191,2.0,2,Sin Comentario,No,True,84.0,40.5,FBK-001678,Pasivo
FB-9679,TRX-15799,3.0,4,No volvería,No,False,36.0,-70.1,FBK-001679,Detractor
FB-9680,TRX-17678,1.0,5,Lento,Sí,False,38.0,99.3,FBK-001680,Promotor
FB-9681,TRX-18228,5.0,2,Precio justo,Sí,True,57.0,8.7,FBK-001681,Pasivo
FB-9682,TRX-14699,1.0,2,Excelente,Sí,False,38.0,-37.5,FBK-001682,Detractor
FB-9683,TRX-14519,5.0,4,Lento,No,True,72.0,21.0,FBK-001683,Pasivo
FB-9684,TRX-17008,3.0,5,Dañado,No,False,50.0,-82.0,FBK-001684,Detractor
FB-9685,TRX-18529,5.0,1,Sin Comentario,Tal vez,True,55.0,-89.4,FBK-001685,Detractor
FB-9686,TRX-13748,1.0,2,Sin Comentario,Tal vez,False,26.0,7.4,FBK-001686,Pasivo
FB-9687,TRX-15000,1.0,1,Precio justo,Sí,True,67.0,-64.1,FBK-001687,Detractor
FB-9688,TRX-11424,3.0,3,Precio justo,Sí,True,49.0,-85.5,FBK-001688,Detractor
FB-9689,TRX-15007,1.0,2,Sin Comentario,Tal vez,True,58.0,25.6,FBK-001689,Pasivo
FB-9690,TRX-16660,4.0,5,Lento,Sin Respuesta,False,40.0,-10.2,FBK-001690,Detractor
FB-9691,TRX-15123,5.0,3,Precio justo,Tal vez,True,59.0,-0.6,FBK-001691,Detractor
FB-9692,TRX-11476,4.0,3,No volvería,Sí,True,33.0,52.9,FBK-001692,Promotor
FB-9693,TRX-11302,2.0,2,Lento,Sí,False,38.0,37.6,FBK-001693,Pasivo
FB-9694,TRX-11256,2.0,2,Lento,Sí,False,80.0,61.1,FBK-001694,Promotor
FB-9695,TRX-13932,5.0,3,Sin Comentario,Sí,True,31.0,-82.3,FBK-001695,Detractor
FB-9696,TRX-11534,1.0,2,Dañado,Tal vez,False,64.0,-83.5,FBK-001696,Detractor
FB-9697,TRX-12705,3.0,5,Sin Comentario,Sí,True,59.0,15.4,FBK-001697,Pasivo
FB-9698,TRX-19425,2.0,5,Precio justo,Sí,True,45.0,84.6,FBK-001698,Promotor
FB-9699,TRX-10940,1.0,3,Dañado,Tal vez,False,43.0,49.2,FBK-001699,Pasivo
FB-9700,TRX-11385,3.0,2,Precio justo,Sin Respuesta,True,69.0,40.3,FBK-001700,Pasivo
FB-9701,TRX-14683,5.0,3,Lento,Tal vez,False,73.0,-29.2,FBK-001701,Detractor
FB-9702,TRX-19079,1.0,5,Sin Comentario,Sí,False,25.0,13.8,FBK-001702,Pasivo
FB-9703,TRX-18074,4.0,2,Precio justo,Sí,True,20.0,39.2,FBK-001703,Pasivo
FB-9704,TRX-10175,5.0,5,Sin Comentario,No,False,83.0,1.1,FBK-001704,Pasivo
FB-9705,TRX-16946,2.0,2,Sin Comentario,Sí,True,18.0,-53.9,FBK-001705,Detractor
FB-9706,TRX-18334,5.0,4,Dañado,Sin Respuesta,True,18.0,35.8,FBK-001706,Pasivo
FB-9707,TRX-12235,5.0,5,Sin Comentario,Sí,False,59.0,3.0,FBK-001707,Pasivo
FB-9708,TRX-17858,3.0,1,Lento,Tal vez,False,67.0,-50.0,FBK-001708,Detractor
FB-9709,TRX-18156,2.0,2,Sin Comentario,Sí,False,68.0,5.6,FBK-001709,Pasivo
FB-9710,TRX-18437,3.0,4,Precio justo,Sí,True,65.0,-31.4,FBK-001710,Detractor
FB-9711,TRX-18722,5.0,4,Dañado,No,False,84.0,-86.7,FBK-001711,Detractor
FB-9712,TRX-12042,1.0,4,Sin Comentario,Sí,False,56.0,-5.5,FBK-001712,Detractor
FB-9713,TRX-16643,4.0,5,Sin Comentario,Sí,True,54.0,93.8,FBK-001713,Promotor
FB-9714,TRX-10227,4.0,1,Precio justo,Tal vez,True,53.0,-50.2,FBK-001714,Detractor
FB-9715,TRX-13115,3.0,4,Sin Comentario,Sin Respuesta,False,52.0,-11.8,FBK-001715,Detractor
FB-9716,TRX-10119,1.0,3,Dañado,No,True,83.0,64.3,FBK-001716,Promotor
FB-9717,TRX-16962,4.0,2,No volvería,Sin Respuesta,False,48.0,90.0,FBK-001717,Promotor
FB-9718,TRX-18754,1.0,2,Dañado,Sin Respuesta,True,57.0,-88.8,FBK-001718,Detractor
FB-9719,TRX-15653,3.0,1,Excelente,Sí,True,50.0,49.9,FBK-001719,Pasivo
FB-9720,TRX-14001,2.0,1,Sin Comentario,No,True,83.0,-35.6,FBK-001720,Detractor
FB-9721,TRX-18652,1.0,5,Precio justo,Sí,True,44.0,-78.5,FBK-001721,Detractor
FB-9722,TRX-19981,1.0,3,Excelente,Sí,False,67.0,51.1,FBK-001722,Promotor
FB-9723,TRX-10693,2.0,2,No volvería,Tal vez,True,43.0,-5.8,FBK-001723,Detractor
FB-9724,TRX-19951,5.0,4,Dañado,Sí,True,39.0,-58.6,FBK-001724,Detractor
FB-9725,TRX-17350,5.0,4,Sin Comentario,No,False,83.0,43.5,FBK-001725,Pasivo
FB-9726,TRX-12761,5.0,2,Lento,No,False,33.0,-55.8,FBK-001726,Detractor
FB-9727,TRX-18577,3.0,3,Lento,Sí,True,42.0,25.8,FBK-001727,Pasivo
FB-9728,TRX-13687,5.0,3,Sin Comentario,No,False,33.0,-33.1,FBK-001728,Detractor
FB-9729,TRX-12864,3.0,4,Dañado,Sin Respuesta,True,53.0,-54.6,FBK-001729,Detractor
FB-9730,TRX-11230,2.0,2,No volvería,Sin Respuesta,True,31.0,-92.1,FBK-001730,Detractor
FB-9731,TRX-16013,1.0,4,Sin Comentario,Sin Respuesta,False,57.0,-68.7,FBK-001731,Detractor
FB-9732,TRX-12184,4.0,5,Sin Comentario,Tal vez,False,26.0,86.9,FBK-001732,Promotor
FB-9733,TRX-18416,4.0,2,Dañado,Sin Respuesta,True,57.0,-9.9,FBK-001733,Detractor
FB-9734,TRX-15788,3.0,3,Sin Comentario,Sin Respuesta,True,62.0,69.0,FBK-001734,Promotor
FB-9735,TRX-10834,3.0,4,Lento,No,False,18.0,52.1,FBK-001735,Promotor
FB-9736,TRX-16925,1.0,1,Lento,No,True,46.0,38.4,FBK-001736,Pasivo
FB-9737,TRX-18118,2.0,1,Lento,Sin Respuesta,False,25.0,47.4,FBK-001737,Pasivo
FB-9738,TRX-16211,1.0,5,Sin Comentario,Sí,True,75.0,-66.5,FBK-001738,Detractor
FB-9739,TRX-12793,3.0,1,Dañado,No,False,36.0,-50.7,FBK-001739,Detractor
FB-9740,TRX-16115,1.0,5,No volvería,Tal vez,True,64.0,55.7,FBK-001740,Promotor
FB-9741,TRX-11855,3.0,5,No volvería,No,True,44.0,33.6,FBK-001741,Pasivo
FB-9742,TRX-15537,4.0,3,Sin Comentario,Tal vez,False,71.0,62.3,FBK-001742,Promotor
FB-9743,TRX-14092,1.0,3,No volvería,Sin Respuesta,False,74.0,37.2,FBK-001743,Pasivo
FB-9744,TRX-18832,2.0,2,Sin Comentario,Sin Respuesta,True,72.0,57.1,FBK-001744,Promotor
FB-9745,TRX-11931,4.0,4,Sin Comentario,Tal vez,False,22.0,16.5,FBK-001745,Pasivo
FB-9746,TRX-14752,2.0,1,Sin Comentario,Tal vez,True,59.0,63.4,FBK-001746,Promotor
FB-9747,TRX-14901,2.0,4,Lento,Tal vez,False,45.0,-35.3,FBK-001747,Detractor
FB-9748,TRX-17915,3.0,4,Precio justo,No,True,29.0,-86.4,FBK-001748,Detractor
FB-9749,TRX-14809,2.0,5,Sin Comentario,Sin Respuesta,False,62.0,-59.7,FBK-001749,Detractor
FB-9750,TRX-14337,5.0,1,Dañado,No,False,51.0,-69.7,FBK-001750,Detractor
FB-9751,TRX-13490,2.0,3,Sin Comentario,Sí,False,75.0,-5.5,FBK-001751,Detractor
FB-9752,TRX-10036,1.0,4,Lento,Tal vez,True,30.0,80.9,FBK-001752,Promotor
FB-9753,TRX-19319,3.0,5,No volvería,Sí,False,26.0,-37.8,FBK-001753,Detractor
FB-9754,TRX-16449,3.0,3,Dañado,Tal vez,True,66.0,3.4,FBK-001754,Pasivo
FB-9755,TRX-13562,5.0,5,Sin Comentario,Tal vez,True,27.0,63.0,FBK-001755,Promotor
FB-9756,TRX-14994,3.0,4,No volvería,Sin Respuesta,False,46.0,74.2,FBK-001756,Promotor
FB-9757,TRX-18446,3.0,4,Excelente,Tal vez,True,66.0,-44.4,FBK-001757,Detractor
FB-9758,TRX-10580,4.0,4,Lento,No,False,68.0,4.7,FBK-001758,Pasivo
FB-9759,TRX-17586,4.0,1,Sin Comentario,Tal vez,True,68.0,-48.7,FBK-001759,Detractor
FB-9760,TRX-17999,4.0,1,No volvería,Tal vez,True,83.0,-16.1,FBK-001760,Detractor
FB-9761,TRX-10942,5.0,4,Excelente,Sí,False,28.0,-21.5,FBK-001761,Detractor
FB-9762,TRX-15828,3.0,1,No volvería,Sin Respuesta,True,38.0,-87.2,FBK-001762,Detractor
FB-9763,TRX-10096,3.0,5,Lento,Sin Respuesta,True,67.0,-94.5,FBK-001763,Detractor
FB-9764,TRX-17542,3.0,5,Precio justo,Tal vez,False,26.0,23.6,FBK-001764,Pasivo
FB-9765,TRX-15382,2.0,2,No volvería,Sí,False,60.0,-65.6,FBK-001765,Detractor
FB-9766,TRX-14888,3.0,3,No volvería,No,True,55.0,-70.3,FBK-001766,Detractor
FB-9767,TRX-15798,3.0,5,Sin Comentario,No,True,61.0,-28.4,FBK-001767,Detractor
FB-9768,TRX-11755,1.0,3,Excelente,Tal vez,False,70.0,-53.7,FBK-001768,Detractor
FB-9769,TRX-10084,1.0,2,Lento,Tal vez,True,77.0,49.1,FBK-001769,Pasivo
FB-9770,TRX-15729,3.0,2,No volvería,Sí,True,43.0,29.9,FBK-001770,Pasivo
FB-9771,TRX-13050,2.0,3,Sin Comentario,Sin Respuesta,False,73.0,92.5,FBK-001771,Promotor
FB-9772,TRX-16587,2.0,4,Sin Comentario,Sí,True,73.0,-19.6,FBK-001772,Detractor
FB-9773,TRX-15808,5.0,3,Dañado,No,False,63.0,-94.7,FBK-001773,Detractor
FB-9774,TRX-10145,5.0,5,Sin Comentario,Tal vez,False,37.0,69.4,FBK-001774,Promotor
FB-9775,TRX-11660,3.0,3,Sin Comentario,Tal vez,False,54.0,-75.5,FBK-001775,Detractor
FB-9776,TRX-17058,4.0,5,Lento,Sí,True,53.0,-46.2,FBK-001776,Detractor
FB-9777,TRX-18061,2.0,5,Excelente,Sin Respuesta,False,60.0,26.1,FBK-001777,Pasivo
FB-9778,TRX-13236,4.0,5,Excelente,Sí,False,70.0,-7.7,FBK-001778,Detractor
FB-9779,TRX-11388,5.0,4,Sin Comentario,Sin Respuesta,False,73.0,38.4,FBK-001779,Pasivo
FB-9780,TRX-18668,2.0,4,Excelente,Sin Respuesta,False,61.0,-61.2,FBK-001780,Detractor
FB-9781,TRX-18426,4.0,2,Lento,No,True,84.0,17.1,FBK-001781,Pasivo
FB-9782,TRX-12518,3.0,1,Sin Comentario,Sin Respuesta,True,52.0,-9.2,FBK-001782,Detractor
FB-9783,TRX-16729,4.0,4,Lento,No,True,18.0,17.5,FBK-001783,Pasivo
FB-9784,TRX-12029,5.0,4,No volvería,Tal vez,True,59.0,76.4,FBK-001784,Promotor
FB-9785,TRX-17985,2.0,2,Excelente,Sí,True,82.0,6.7,FBK-001785,Pasivo
FB-9786,TRX-10113,2.0,2,Sin Comentario,No,False,43.0,48.2,FBK-001786,Pasivo
FB-9787,TRX-12549,2.0,2,Excelente,Sí,True,84.0,48.8,FBK-001787,Pasivo
FB-9788,TRX-14098,3.0,3,Sin Comentario,No,True,78.0,32.4,FBK-001788,Pasivo
FB-9789,TRX-13704,2.0,5,Sin Comentario,Tal vez,True,62.0,-3.3,FBK-001789,Detractor
FB-9790,TRX-17711,4.0,4,Lento,No,True,50.0,-99.3,FBK-001790,Detractor
FB-9791,TRX-16477,1.0,5,Lento,No,True,75.0,-75.8,FBK-001791,Detractor
FB-9792,TRX-16132,1.0,1,Dañado,Sí,False,26.0,8.6,FBK-001792,Pasivo
FB-9793,TRX-14903,3.0,2,Excelente,No,False,36.0,-91.2,FBK-001793,Detractor
FB-9794,TRX-15971,4.0,1,Sin Comentario,Sí,True,47.0,-90.9,FBK-001794,Detractor
FB-9795,TRX-17017,3.0,2,Lento,Tal vez,True,80.0,-74.8,FBK-001795,Detractor
FB-9796,TRX-12984,1.0,2,Lento,Tal vez,False,70.0,-53.4,FBK-001796,Detractor
FB-9797,TRX-18788,2.0,1,No volvería,No,True,28.0,99.9,FBK-001797,Promotor
FB-9798,TRX-14415,1.0,5,Excelente,Sin Respuesta,False,43.0,-75.9,FBK-001798,Detractor
FB-9799,TRX-11780,1.0,1,Sin Comentario,Tal vez,True,43.0,-45.8,FBK-001799,Detractor
FB-9800,TRX-17185,3.0,3,Dañado,Sin Respuesta,True,50.0,36.6,FBK-001800,Pasivo
FB-9801,TRX-17198,1.0,4,Lento,Sin Respuesta,True,31.0,35.3,FBK-001801,Pasivo
FB-9802,TRX-12651,3.0,4,Sin Comentario,Sí,True,33.0,75.0,FBK-001802,Promotor
FB-9803,TRX-12291,5.0,5,No volvería,Sin Respuesta,False,56.0,22.1,FBK-001803,Pasivo
FB-9804,TRX-15795,3.0,5,Sin Comentario,Sin Respuesta,True,47.0,-46.8,FBK-001804,Detractor
FB-9805,TRX-17110,5.0,5,No volvería,Sin Respuesta,False,30.0,-52.2,FBK-001805,Detractor
FB-9806,TRX-10095,3.0,1,Sin Comentario,Sí,True,82.0,66.0,FBK-001806,Promotor
FB-9807,TRX-15885,1.0,1,Precio justo,No,True,19.0,-80.4,FBK-001807,Detractor
FB-9808,TRX-13251,2.0,1,Sin Comentario,Sin Respuesta,True,40.0,-3.8,FBK-001808,Detractor
FB-9809,TRX-11813,4.0,2,Sin Comentario,Tal vez,False,51.0,-3.4,FBK-001809,Detractor
FB-9810,TRX-13105,5.0,1,Sin Comentario,Sí,False,82.0,47.8,FBK-001810,Pasivo
FB-9811,TRX-14667,3.0,4,Excelente,Sin Respuesta,False,59.0,99.1,FBK-001811,Promotor
FB-9812,TRX-10659,2.0,4,No volvería,Sin Respuesta,True,59.0,-0.7,FBK-001812,Detractor
FB-9813,TRX-12190,4.0,2,Dañado,Sí,True,56.0,55.1,FBK-001813,Promotor
FB-9814,TRX-16464,2.0,1,Excelente,Sí,False,39.0,70.3,FBK-001814,Promotor
FB-9815,TRX-16898,5.0,1,Dañado,Sí,False,52.0,-93.2,FBK-001815,Detractor
FB-9816,TRX-15426,5.0,3,Sin Comentario,Sin Respuesta,False,61.0,27.2,FBK-001816,Pasivo
FB-9817,TRX-10517,4.0,3,No volvería,Sí,False,65.0,76.9,FBK-001817,Promotor
FB-9818,TRX-12626,4.0,4,Excelente,Sin Respuesta,True,67.0,44.1,FBK-001818,Pasivo
FB-9819,TRX-13260,5.0,5,No volvería,Tal vez,True,76.0,54.7,FBK-001819,Promotor
FB-9820,TRX-17852,5.0,4,No volvería,Sin Respuesta,False,50.0,62.2,FBK-001820,Promotor
FB-9821,TRX-14354,1.0,2,No volvería,No,True,33.0,-96.1,FBK-001821,Detractor
FB-9822,TRX-11946,4.0,1,Sin Comentario,Sin Respuesta,True,22.0,85.8,FBK-001822,Promotor
FB-9823,TRX-16899,4.0,3,Lento,Sin Respuesta,True,61.0,81.2,FBK-001823,Promotor
FB-9824,TRX-18012,5.0,4,Sin Comentario,Sin Respuesta,False,31.0,20.3,FBK-001824,Pasivo
FB-9825,TRX-19013,3.0,2,Lento,No,True,74.0,-30.2,FBK-001825,Detractor
FB-9826,TRX-18119,1.0,5,Sin Comentario,Sí,True,64.0,-26.2,FBK-001826,Detractor
FB-9827,TRX-12087,3.0,4,Dañado,Sin Respuesta,False,36.0,7.0,FBK-001827,Pasivo
FB-9828,TRX-15322,5.0,1,Sin Comentario,Tal vez,True,79.0,-41.7,FBK-001828,Detractor
FB-9829,TRX-16551,1.0,1,Sin Comentario,Tal vez,True,27.0,13.2,FBK-001829,Pasivo
FB-9830,TRX-18222,1.0,3,Sin Comentario,Sí,False,73.0,23.6,FBK-001830,Pasivo
FB-9831,TRX-16370,5.0,2,Lento,Tal vez,False,28.0,45.7,FBK-001831,Pasivo
FB-9832,TRX-12153,2.0,5,Dañado,No,False,24.0,-86.8,FBK-001832,Detractor
FB-9833,TRX-11797,2.0,5,Lento,Sí,True,70.0,-86.6,FBK-001833,Detractor
FB-9834,TRX-11767,4.0,2,Sin Comentario,Sí,True,33.0,84.5,FBK-001834,Promotor
FB-9835,TRX-10346,5.0,3,No volvería,No,True,77.0,48.9,FBK-001835,Pasivo
FB-9836,TRX-12066,5.0,1,Sin Comentario,No,False,68.0,-31.6,FBK-001836,Detractor
FB-9837,TRX-12548,3.0,5,Sin Comentario,Tal vez,False,26.0,-95.1,FBK-001837,Detractor
FB-9838,TRX-15638,5.0,2,Lento,Tal vez,True,66.0,21.9,FBK-001838,Pasivo
FB-9839,TRX-18192,2.0,3,Precio justo,No,False,53.0,-50.2,FBK-001839,Detractor
FB-9840,TRX-10223,5.0,1,Sin Comentario,Tal vez,False,26.0,-88.4,FBK-001840,Detractor
FB-9841,TRX-13874,3.0,2,No volvería,Sin Respuesta,True,49.0,51.0,FBK-001841,Promotor
FB-9842,TRX-10852,4.0,3,Precio justo,No,True,74.0,95.3,FBK-001842,Promotor
FB-9843,TRX-15605,1.0,4,No volvería,Tal vez,False,74.0,49.4,FBK-001843,Pasivo
FB-9844,TRX-17039,4.0,2,Sin Comentario,Tal vez,True,61.0,-77.6,FBK-001844,Detractor
FB-9845,TRX-19782,3.0,5,Sin Comentario,Sí,True,36.0,-26.5,FBK-001845,Detractor
FB-9846,TRX-10131,5.0,2,Lento,Sí,False,60.0,-50.4,FBK-001846,Detractor
FB-9847,TRX-17116,2.0,1,Excelente,Sin Respuesta,True,81.0,-25.2,FBK-001847,Detractor
FB-9848,TRX-17867,5.0,2,Dañado,No,True,30.0,11.5,FBK-001848,Pasivo
FB-9849,TRX-14742,1.0,1,No volvería,Sin Respuesta,False,27.0,27.0,FBK-001849,Pasivo
FB-9850,TRX-14623,2.0,3,Excelente,No,True,65.0,-38.4,FBK-001850,Detractor
FB-9851,TRX-17961,4.0,4,Excelente,No,False,37.0,34.9,FBK-001851,Pasivo
FB-9852,TRX-11353,3.0,1,Lento,Tal vez,False,23.0,36.9,FBK-001852,Pasivo
FB-9853,TRX-17027,4.0,3,No volvería,Sí,True,61.0,98.6,FBK-001853,Promotor
FB-9854,TRX-14059,1.0,3,Sin Comentario,Sí,True,65.0,-3.8,FBK-001854,Detractor
FB-9855,TRX-12498,1.0,4,Excelente,No,True,81.0,-34.3,FBK-001855,Detractor
FB-9856,TRX-18376,5.0,5,Dañado,Tal vez,True,46.0,71.6,FBK-001856,Promotor
FB-9857,TRX-13061,5.0,5,Precio justo,No,False,26.0,-66.4,FBK-001857,Detractor
FB-9858,TRX-14087,5.0,2,Sin Comentario,Sí,False,40.0,-10.6,FBK-001858,Detractor
FB-9859,TRX-14606,1.0,5,Lento,Sin Respuesta,True,72.0,25.3,FBK-001859,Pasivo
FB-9860,TRX-11884,2.0,2,Sin Comentario,Sí,False,45.0,-71.5,FBK-001860,Detractor
FB-9861,TRX-14317,4.0,1,Lento,Sin Respuesta,False,64.0,-89.1,FBK-001861,Detractor
FB-9862,TRX-14052,4.0,1,Sin Comentario,Sí,True,32.0,-20.6,FBK-001862,Detractor
FB-9863,TRX-17031,3.0,2,Lento,Sí,False,75.0,-30.0,FBK-001863,Detractor
FB-9864,TRX-13250,3.0,4,Dañado,No,True,35.0,49.0,FBK-001864,Pasivo
FB-9865,TRX-17764,2.0,4,Sin Comentario,Sin Respuesta,False,57.0,6.6,FBK-001865,Pasivo
FB-9866,TRX-11688,5.0,5,Lento,Sin Respuesta,True,35.0,-95.5,FBK-001866,Detractor
FB-9867,TRX-18230,5.0,1,Dañado,No,True,24.0,83.8,FBK-001867,Promotor
FB-9868,TRX-12968,2.0,1,Sin Comentario,No,True,19.0,72.2,FBK-001868,Promotor
FB-9869,TRX-13091,4.0,4,Excelente,Tal vez,True,68.0,-85.1,FBK-001869,Detractor
FB-9870,TRX-19686,5.0,3,No volvería,Sin Respuesta,False,52.0,-49.0,FBK-001870,Detractor
FB-9871,TRX-12436,4.0,4,Excelente,Sí,True,27.0,24.8,FBK-001871,Pasivo
FB-9872,TRX-13758,1.0,4,No volvería,No,True,37.0,-63.9,FBK-001872,Detractor
FB-9873,TRX-11973,3.0,3,Sin Comentario,Sin Respuesta,True,74.0,94.8,FBK-001873,Promotor
FB-9874,TRX-12167,5.0,5,Lento,No,True,30.0,-15.9,FBK-001874,Detractor
FB-9875,TRX-16574,3.0,2,Excelente,Sin Respuesta,True,41.0,40.9,FBK-001875,Pasivo
FB-9876,TRX-10628,2.0,5,Dañado,Sí,False,59.0,2.2,FBK-001876,Pasivo
FB-9877,TRX-14486,1.0,3,Sin Comentario,No,False,80.0,-38.3,FBK-001877,Detractor
FB-9878,TRX-13148,5.0,3,Lento,Tal vez,False,63.0,39.4,FBK-001878,Pasivo
FB-9879,TRX-12395,5.0,5,Excelente,Sí,True,78.0,-4.9,FBK-001879,Detractor
FB-9880,TRX-16984,4.0,2,Excelente,No,False,80.0,27.2,FBK-001880,Pasivo
FB-9881,TRX-10289,3.0,5,Dañado,Tal vez,True,37.0,-21.4,FBK-001881,Detractor
FB-9882,TRX-13270,1.0,1,Dañado,No,False,33.0,99.5,FBK-001882,Promotor
FB-9883,TRX-11489,4.0,1,Excelente,Sí,False,52.0,-58.7,FBK-001883,Detractor
FB-9884,TRX-10834,1.0,1,Sin Comentario,Sí,False,26.0,-63.4,FBK-001884,Detractor
FB-9885,TRX-16231,1.0,2,Dañado,Sí,True,53.0,-98.1,FBK-001885,Detractor
FB-9886,TRX-16673,2.0,2,Sin Comentario,Tal vez,True,31.0,74.1,FBK-001886,Promotor
FB-9887,TRX-18601,2.0,3,Precio justo,Sin Respuesta,False,60.0,-68.6,FBK-001887,Detractor
FB-9888,TRX-15020,4.0,4,Sin Comentario,Sí,False,40.0,-50.7,FBK-001888,Detractor
FB-9889,TRX-13791,4.0,2,Sin Comentario,Sí,False,66.0,-58.7,FBK-001889,Detractor
FB-9890,TRX-13633,4.0,4,Sin Comentario,Sin Respuesta,False,18.0,95.8,FBK-001890,Promotor
FB-9891,TRX-15507,1.0,1,Precio justo,Tal vez,False,67.0,70.6,FBK-001891,Promotor
FB-9892,TRX-16980,5.0,1,Dañado,Tal vez,False,75.0,49.8,FBK-001892,Pasivo
FB-9893,TRX-17851,2.0,4,Excelente,Sin Respuesta,True,46.0,-22.4,FBK-001893,Detractor
FB-9894,TRX-11005,5.0,5,Dañado,Sí,False,19.0,-98.6,FBK-001894,Detractor
FB-9895,TRX-18353,3.0,3,Sin Comentario,Tal vez,True,33.0,93.6,FBK-001895,Promotor
FB-9896,TRX-16997,2.0,3,Dañado,Sin Respuesta,True,44.0,-59.3,FBK-001896,Detractor
FB-9897,TRX-10846,3.0,5,No volvería,Tal vez,True,53.0,-86.8,FBK-001897,Detractor
FB-9898,TRX-14985,3.0,4,Precio justo,No,False,43.0,-23.9,FBK-001898,Detractor
FB-9899,TRX-11803,4.0,4,Lento,No,False,24.0,-44.3,FBK-001899,Detractor
FB-9900,TRX-14411,1.0,2,Lento,Sin Respuesta,True,55.0,88.8,FBK-001900,Promotor
FB-9901,TRX-15956,5.0,1,Lento,Sí,True,55.0,-94.5,FBK-001901,Detractor
FB-9902,TRX-14596,3.0,1,Sin Comentario,No,True,42.0,95.8,FBK-001902,Promotor
FB-9903,TRX-15751,4.0,4,Dañado,Sí,False,69.0,17.3,FBK-001903,Pasivo
FB-9904,TRX-16849,1.0,2,Lento,Tal vez,True,73.0,-40.0,FBK-001904,Detractor
FB-9905,TRX-14046,2.0,2,No volvería,Sin Respuesta,False,67.0,73.6,FBK-001905,Promotor
FB-9906,TRX-15240,3.0,3,Dañado,No,False,75.0,-16.6,FBK-001906,Detractor
FB-9907,TRX-10779,4.0,3,Excelente,Sin Respuesta,False,23.0,6.5,FBK-001907,Pasivo
FB-9908,TRX-12977,4.0,4,Excelente,Sin Respuesta,False,46.0,-71.5,FBK-001908,Detractor
FB-9909,TRX-10669,4.0,3,Dañado,Sin Respuesta,True,84.0,76.1,FBK-001909,Promotor
FB-9910,TRX-10008,2.0,2,Sin Comentario,Sin Respuesta,False,53.0,75.7,FBK-001910,Promotor
FB-9911,TRX-10854,1.0,5,Precio justo,Sin Respuesta,True,23.0,50.3,FBK-001911,Promotor
FB-9912,TRX-15269,5.0,1,Precio justo,Tal vez,True,18.0,45.2,FBK-001912,Pasivo
FB-9913,TRX-13473,5.0,4,Excelente,No,False,46.0,-60.0,FBK-001913,Detractor
FB-9914,TRX-14674,3.0,3,Lento,Sin Respuesta,False,29.0,-11.5,FBK-001914,Detractor
FB-9915,TRX-17734,1.0,3,Sin Comentario,No,False,73.0,-81.6,FBK-001915,Detractor
FB-9916,TRX-14590,3.0,2,No volvería,No,False,23.0,18.3,FBK-001916,Pasivo
FB-9917,TRX-19937,5.0,3,Dañado,Tal vez,True,76.0,-57.8,FBK-001917,Detractor
FB-9918,TRX-11650,2.0,1,Sin Comentario,No,True,69.0,-40.3,FBK-001918,Detractor
FB-9919,TRX-17059,1.0,4,No volvería,No,False,54.0,63.1,FBK-001919,Promotor
FB-9920,TRX-13028,1.0,3,No volvería,No,False,59.0,97.0,FBK-001920,Promotor
FB-9921,TRX-14133,3.0,5,Sin Comentario,Tal vez,True,56.0,-24.0,FBK-001921,Detractor
FB-9922,TRX-18049,3.0,5,No volvería,Sí,True,56.0,58.9,FBK-001922,Promotor
FB-9923,TRX-15956,2.0,4,Dañado,No,True,72.0,-73.6,FBK-001923,Detractor
FB-9924,TRX-15476,1.0,5,Lento,No,True,63.0,5.8,FBK-001924,Pasivo
FB-9925,TRX-14986,5.0,5,Sin Comentario,No,True,70.0,10.2,FBK-001925,Pasivo
FB-9926,TRX-11827,5.0,3,Sin Comentario,Sí,False,78.0,77.6,FBK-001926,Promotor
FB-9927,TRX-11587,4.0,5,Dañado,Sí,False,27.0,-51.7,FBK-001927,Detractor
FB-9928,TRX-10223,5.0,3,Sin Comentario,Tal vez,False,24.0,-87.2,FBK-001928,Detractor
FB-9929,TRX-19040,4.0,1,Excelente,Sin Respuesta,False,52.0,-30.0,FBK-001929,Detractor
FB-9930,TRX-12134,4.0,2,Sin Comentario,No,False,24.0,49.2,FBK-001930,Pasivo
FB-9931,TRX-15426,3.0,3,Sin Comentario,Sin Respuesta,True,55.0,-90.8,FBK-001931,Detractor
FB-9932,TRX-15907,5.0,2,Lento,Sí,False,25.0,-70.8,FBK-001932,Detractor
FB-9933,TRX-15920,4.0,3,Excelente,Sin Respuesta,True,60.0,-90.9,FBK-001933,Detractor
FB-9934,TRX-19648,5.0,3,No volvería,Tal vez,False,59.0,-0.7,FBK-001934,Detractor
FB-9935,TRX-18664,5.0,4,Lento,Sí,False,43.0,65.0,FBK-001935,Promotor
FB-9936,TRX-19907,5.0,3,No volvería,No,True,23.0,-46.7,FBK-001936,Detractor
FB-9937,TRX-16088,2.0,5,Excelente,Sin Respuesta,False,75.0,-93.7,FBK-001937,Detractor
FB-9938,TRX-13903,4.0,5,Sin Comentario,Sí,False,27.0,-64.7,FBK-001938,Detractor
FB-9939,TRX-14521,5.0,3,Dañado,Sí,True,29.0,-83.3,FBK-001939,Detractor
FB-9940,TRX-13441,3.0,1,Sin Comentario,Sin Respuesta,True,46.0,10.7,FBK-001940,Pasivo
FB-9941,TRX-19573,2.0,5,Sin Comentario,Sin Respuesta,True,38.0,0.0,FBK-001941,Pasivo
FB-9942,TRX-16292,4.0,2,Lento,Sin Respuesta,True,38.0,-51.0,FBK-001942,Detractor
FB-9943,TRX-11429,1.0,1,No volvería,Sí,False,59.0,68.5,FBK-001943,Promotor
FB-9944,TRX-11742,4.0,2,Sin Comentario,No,False,46.0,-17.8,FBK-001944,Detractor
FB-9945,TRX-12137,2.0,3,Precio justo,Sí,True,31.0,93.8,FBK-001945,Promotor
FB-9946,TRX-19860,3.0,3,No volvería,No,True,42.0,-53.4,FBK-001946,Detractor
FB-9947,TRX-11971,2.0,3,Excelente,Sin Respuesta,False,56.0,24.5,FBK-001947,Pasivo
FB-9948,TRX-10672,5.0,5,Excelente,Sin Respuesta,True,76.0,59.1,FBK-001948,Promotor
FB-9949,TRX-19610,2.0,1,Sin Comentario,Tal vez,False,79.0,-62.2,FBK-001949,Detractor
FB-9950,TRX-13120,3.0,2,Sin Comentario,No,False,44.0,58.7,FBK-001950,Promotor
FB-9951,TRX-13160,1.0,4,Sin Comentario,Sin Respuesta,True,22.0,76.9,FBK-001951,Promotor
FB-9952,TRX-17303,1.0,1,Dañado,No,True,21.0,33.5,FBK-001952,Pasivo
FB-9953,TRX-11616,5.0,2,Lento,No,True,69.0,79.2,FBK-001953,Promotor
FB-9954,TRX-11226,5.0,4,Sin Comentario,No,False,23.0,-21.5,FBK-001954,Detractor
FB-9955,TRX-18955,1.0,1,Precio justo,No,True,46.0,-19.6,FBK-001955,Detractor
FB-9956,TRX-15618,3.0,1,Excelente,Sí,True,72.0,-96.3,FBK-001956,Detractor
FB-9957,TRX-14939,2.0,3,Lento,Tal vez,False,84.0,59.8,FBK-001957,Promotor
FB-9958,TRX-17769,1.0,1,Precio justo,No,True,53.0,-93.4,FBK-001958,Detractor
FB-9959,TRX-13309,5.0,2,Sin Comentario,No,False,34.0,-47.2,FBK-001959,Detractor
FB-9960,TRX-18741,5.0,3,Sin Comentario,Tal vez,True,54.0,24.0,FBK-001960,Pasivo
FB-9961,TRX-12517,3.0,1,Sin Comentario,Sin Respuesta,True,66.0,21.5,FBK-001961,Pasivo
FB-9962,TRX-10717,4.0,3,Dañado,No,True,81.0,-3.9,FBK-001962,Detractor
FB-9963,TRX-12094,5.0,4,Lento,Sin Respuesta,False,74.0,23.5,FBK-001963,Pasivo
FB-9964,TRX-13140,3.0,2,No volvería,Sí,False,38.0,-35.5,FBK-001964,Detractor
FB-9965,TRX-16851,1.0,4,Sin Comentario,Tal vez,False,83.0,-59.3,FBK-001965,Detractor
FB-9966,TRX-19019,4.0,2,Sin Comentario,Sí,True,28.0,-41.4,FBK-001966,Detractor
FB-9967,TRX-14137,1.0,5,Sin Comentario,Sin Respuesta,True,34.0,-50.5,FBK-001967,Detractor
FB-9968,TRX-19180,3.0,4,Precio justo,Tal vez,True,78.0,-14.2,FBK-001968,Detractor
FB-9969,TRX-15690,1.0,5,No volvería,Sí,False,46.0,51.7,FBK-001969,Promotor
FB-9970,TRX-15996,2.0,3,Sin Comentario,Sin Respuesta,False,38.0,-35.0,FBK-001970,Detractor
FB-9971,TRX-17347,3.0,4,Sin Comentario,Sin Respuesta,False,68.0,-28.8,FBK-001971,Detractor
FB-9972,TRX-11923,4.0,1,No volvería,Tal vez,True,45.0,39.5,FBK-001972,Pasivo
FB-9973,TRX-17145,5.0,2,Sin Comentario,Tal vez,False,32.0,82.7,FBK-001973,Promotor
FB-9974,TRX-11109,1.0,1,Precio justo,Sin Respuesta,True,21.0,-47.9,FBK-001974,Detractor
FB-9975,TRX-17910,3.0,1,No volvería,Sin Respuesta,True,55.0,47.1,FBK-001975,Pasivo
FB-9976,TRX-16864,1.0,3,Precio justo,Sí,True,84.0,24.8,FBK-001976,Pasivo
FB-9977,TRX-18581,3.0,3,No volvería,Sí,False,46.0,4.3,FBK-001977,Pasivo
FB-9978,TRX-18255,3.0,1,Dañado,Sin Respuesta,False,28.0,-96.2,FBK-001978,Detractor
FB-9979,TRX-10358,4.0,1,Dañado,No,False,68.0,-23.9,FBK-001979,Detractor
FB-9980,TRX-12735,1.0,1,Sin Comentario,Tal vez,True,53.0,-58.9,FBK-001980,Detractor
FB-9981,TRX-19816,1.0,2,Lento,Tal vez,True,74.0,-72.0,FBK-001981,Detractor
FB-9982,TRX-14491,3.0,3,No volvería,Tal vez,False,22.0,-44.9,FBK-001982,Detractor
FB-9983,TRX-12112,2.0,4,Dañado,Sin Respuesta,False,33.0,30.6,FBK-001983,Pasivo
FB-9984,TRX-14745,5.0,3,Dañado,Sí,False,42.0,7.7,FBK-001984,Pasivo
FB-9985,TRX-10744,5.0,1,Sin Comentario,Sí,True,47.0,-12.6,FBK-001985,Detractor
FB-9986,TRX-19276,2.0,4,Dañado,Tal vez,True,68.0,-71.0,FBK-001986,Detractor
FB-9987,TRX-10996,4.0,4,Excelente,No,True,20.0,55.7,FBK-001987,Promotor
FB-9988,TRX-13116,2.0,4,No volvería,Tal vez,True,54.0,-3.8,FBK-001988,Detractor
FB-9989,TRX-16512,2.0,3,Lento,Tal vez,False,20.0,29.0,FBK-001989,Pasivo
FB-9990,TRX-18110,4.0,1,Dañado,Tal vez,False,75.0,-92.6,FBK-001990,Detractor
FB-9991,TRX-18723,3.0,1,Precio justo,No,False,38.0,78.5,FBK-001991,Promotor
FB-9992,TRX-18412,1.0,5,Excelente,Tal vez,True,35.0,3.6,FBK-001992,Pasivo
FB-9993,TRX-11228,5.0,2,No volvería,Sí,True,75.0,-30.1,FBK-001993,Detractor
FB-9994,TRX-12711,5.0,3,Sin Comentario,No,True,27.0,65.4,FBK-001994,Promotor
FB-9995,TRX-17172,5.0,5,Sin Comentario,No,True,37.0,62.3,FBK-001995,Promotor
FB-9996,TRX-18344,2.0,5,Lento,Sí,False,57.0,-56.0,FBK-001996,Detractor
FB-9997,TRX-16293,3.0,5,Dañado,Sin Respuesta,True,46.0,-25.8,FBK-001997,Detractor
FB-9998,TRX-19215,3.0,3,Precio justo,No,True,53.0,21.1,FBK-001998,Pasivo
FB-9999,TRX-16393,2.0,2,Excelente,No,False,49.0,99.7,FBK-001999,Promotor
FB-10000,TRX-16567,4.0,4,Precio justo,No,False,50.0,57.3,FBK-002000,Promotor
FB-10001,TRX-19948,4.0,2,Precio justo,Sin Respuesta,True,36.0,-90.0,FBK-002001,Detractor
FB-10002,TRX-14448,3.0,2,Excelente,Tal vez,True,29.0,47.2,FBK-002002,Pasivo
FB-10003,TRX-13390,2.0,1,Precio justo,Sin Respuesta,False,54.0,-1.9,FBK-002003,Detractor
FB-10004,TRX-13015,5.0,5,Dañado,Sí,False,63.0,-96.3,FBK-002004,Detractor
FB-10005,TRX-10058,1.0,5,Sin Comentario,Sí,True,48.0,-9.4,FBK-002005,Detractor
FB-10006,TRX-12621,3.0,4,Excelente,Sí,True,34.0,-34.5,FBK-002006,Detractor
FB-10007,TRX-19369,5.0,1,No volvería,No,True,21.0,-79.1,FBK-002007,Detractor
FB-10008,TRX-13568,3.0,4,Excelente,Tal vez,False,32.0,6.6,FBK-002008,Pasivo
FB-10009,TRX-19701,1.0,3,Sin Comentario,Tal vez,True,62.0,88.3,FBK-002009,Promotor
FB-10010,TRX-10145,4.0,1,Lento,No,False,29.0,74.9,FBK-002010,Promotor
FB-10011,TRX-18401,3.0,5,Sin Comentario,Tal vez,False,23.0,12.1,FBK-002011,Pasivo
FB-10012,TRX-17461,2.0,4,Sin Comentario,Sin Respuesta,False,39.0,-58.7,FBK-002012,Detractor
FB-10013,TRX-18254,4.0,1,Sin Comentario,Sí,True,79.0,-77.1,FBK-002013,Detractor
FB-10014,TRX-18602,4.0,1,Dañado,Sí,True,58.0,36.8,FBK-002014,Pasivo
FB-10015,TRX-14240,5.0,2,No volvería,No,False,33.0,-21.6,FBK-002015,Detractor
FB-10016,TRX-14971,2.0,1,Sin Comentario,No,False,63.0,4.4,FBK-002016,Pasivo
FB-10017,TRX-13609,3.0,1,Sin Comentario,No,True,79.0,55.5,FBK-002017,Promotor
FB-10018,TRX-14855,3.0,5,Sin Comentario,No,False,75.0,20.5,FBK-002018,Pasivo
FB-10019,TRX-14399,2.0,3,Sin Comentario,Sí,True,53.0,-84.7,FBK-002019,Detractor
FB-10020,TRX-19046,4.0,4,Dañado,No,True,20.0,97.2,FBK-002020,Promotor
FB-10021,TRX-11951,3.0,3,Dañado,Sí,False,46.0,-71.2,FBK-002021,Detractor
FB-10022,TRX-12803,3.0,1,Excelente,Tal vez,True,20.0,96.0,FBK-002022,Promotor
FB-10023,TRX-13668,3.0,5,Sin Comentario,Sin Respuesta,False,68.0,1.5,FBK-002023,Pasivo
FB-10024,TRX-10747,1.0,5,No volvería,Tal vez,True,27.0,67.8,FBK-002024,Promotor
FB-10025,TRX-18741,2.0,5,Excelente,Sin Respuesta,False,63.0,-75.2,FBK-002025,Detractor
FB-10026,TRX-13902,1.0,5,Lento,No,True,23.0,72.3,FBK-002026,Promotor
FB-10027,TRX-14781,1.0,2,Lento,Sí,True,49.0,-74.1,FBK-002027,Detractor
FB-10028,TRX-10640,5.0,1,Lento,Sin Respuesta,False,78.0,78.0,FBK-002028,Promotor
FB-10029,TRX-12427,3.0,2,Excelente,Sí,False,81.0,-11.5,FBK-002029,Detractor
FB-10030,TRX-14550,1.0,2,Excelente,Tal vez,False,81.0,72.3,FBK-002030,Promotor
FB-10031,TRX-12178,2.0,1,Lento,No,True,56.0,-44.9,FBK-002031,Detractor
FB-10032,TRX-14430,5.0,5,Excelente,No,True,18.0,41.6,FBK-002032,Pasivo
FB-10033,TRX-10844,5.0,4,Precio justo,Sin Respuesta,True,68.0,54.8,FBK-002033,Promotor
FB-10034,TRX-14079,4.0,5,Precio justo,Tal vez,False,71.0,-0.0,FBK-002034,Pasivo
FB-10035,TRX-13440,4.0,5,Precio justo,No,False,37.0,73.0,FBK-002035,Promotor
FB-10036,TRX-18758,5.0,2,Dañado,Tal vez,False,54.0,36.6,FBK-002036,Pasivo
FB-10037,TRX-11903,2.0,3,No volvería,Tal vez,False,75.0,-37.1,FBK-002037,Detractor
FB-10038,TRX-10022,1.0,5,Sin Comentario,Sí,True,18.0,85.9,FBK-002038,Promotor
FB-10039,TRX-15692,4.0,1,No volvería,Tal vez,False,71.0,-32.0,FBK-002039,Detractor
FB-10040,TRX-19914,1.0,1,No volvería,Tal vez,False,30.0,46.2,FBK-002040,Pasivo
FB-10041,TRX-16047,2.0,1,Lento,Tal vez,True,19.0,38.5,FBK-002041,Pasivo
FB-10042,TRX-15317,1.0,2,Sin Comentario,Tal vez,True,57.0,-73.6,FBK-002042,Detractor
FB-10043,TRX-11363,5.0,4,Precio justo,No,True,73.0,-14.4,FBK-002043,Detractor
FB-10044,TRX-18999,4.0,4,Sin Comentario,Sí,False,39.0,14.9,FBK-002044,Pasivo
FB-10045,TRX-14326,2.0,4,Precio justo,Sin Respuesta,True,76.0,-62.7,FBK-002045,Detractor
FB-10046,TRX-12189,5.0,5,Excelente,Sí,False,72.0,-80.1,FBK-002046,Detractor
FB-10047,TRX-16690,2.0,5,Dañado,No,True,32.0,9.2,FBK-002047,Pasivo
FB-10048,TRX-14831,4.0,3,Dañado,No,False,47.0,-69.3,FBK-002048,Detractor
FB-10049,TRX-15318,1.0,3,Precio justo,Sin Respuesta,False,42.0,57.6,FBK-002049,Promotor
FB-10050,TRX-10938,2.0,3,Excelente,No,True,56.0,71.1,FBK-002050,Promotor
FB-10051,TRX-10170,4.0,2,Precio justo,No,True,51.0,-81.2,FBK-002051,Detractor
FB-10052,TRX-15824,5.0,4,Lento,Sí,True,66.0,40.6,FBK-002052,Pasivo
FB-10053,TRX-13592,4.0,5,Sin Comentario,Sí,False,70.0,46.4,FBK-002053,Pasivo
FB-10054,TRX-14582,1.0,3,Lento,Sí,True,55.0,-86.8,FBK-002054,Detractor
FB-10055,TRX-12895,4.0,2,No volvería,Sin Respuesta,True,67.0,19.3,FBK-002055,Pasivo
FB-10056,TRX-14194,5.0,3,Sin Comentario,Sí,True,76.0,24.3,FBK-002056,Pasivo
FB-10057,TRX-10256,5.0,5,Sin Comentario,Sin Respuesta,False,79.0,2.4,FBK-002057,Pasivo
FB-10058,TRX-18804,2.0,3,Sin Comentario,No,True,43.0,38.0,FBK-002058,Pasivo
FB-10059,TRX-19556,5.0,2,Sin Comentario,Sin Respuesta,False,83.0,-50.6,FBK-002059,Detractor
FB-10060,TRX-11743,3.0,2,No volvería,Sin Respuesta,False,79.0,-47.7,FBK-002060,Detractor
FB-10061,TRX-16258,5.0,3,Precio justo,Tal vez,True,69.0,84.8,FBK-002061,Promotor
FB-10062,TRX-14216,1.0,5,Sin Comentario,Tal vez,True,79.0,35.8,FBK-002062,Pasivo
FB-10063,TRX-19901,5.0,2,Sin Comentario,No,True,59.0,-20.6,FBK-002063,Detractor
FB-10064,TRX-19025,2.0,4,No volvería,No,False,30.0,34.3,FBK-002064,Pasivo
FB-10065,TRX-13377,5.0,2,Sin Comentario,Sí,False,53.0,49.6,FBK-002065,Pasivo
FB-10066,TRX-17244,4.0,1,Precio justo,Sin Respuesta,False,44.0,-39.6,FBK-002066,Detractor
FB-10067,TRX-13614,4.0,3,Dañado,Tal vez,True,20.0,3.9,FBK-002067,Pasivo
FB-10068,TRX-15312,4.0,4,Lento,Sí,True,62.0,-77.1,FBK-002068,Detractor
FB-10069,TRX-14403,3.0,5,Sin Comentario,Tal vez,False,52.0,20.2,FBK-002069,Pasivo
FB-10070,TRX-13341,2.0,4,Excelente,Sí,False,54.0,37.6,FBK-002070,Pasivo
FB-10071,TRX-19529,4.0,2,Excelente,Tal vez,False,31.0,48.6,FBK-002071,Pasivo
FB-10072,TRX-16479,4.0,2,Dañado,Sí,True,46.0,92.1,FBK-002072,Promotor
FB-10073,TRX-12550,4.0,1,Sin Comentario,Sin Respuesta,True,79.0,-66.6,FBK-002073,Detractor
FB-10074,TRX-17308,2.0,4,Sin Comentario,Sí,False,31.0,-86.1,FBK-002074,Detractor
FB-10075,TRX-13796,4.0,2,Sin Comentario,No,False,48.0,88.5,FBK-002075,Promotor
FB-10076,TRX-17109,3.0,5,Precio justo,Sí,True,65.0,29.7,FBK-002076,Pasivo
FB-10077,TRX-16039,4.0,5,Sin Comentario,Tal vez,True,55.0,12.6,FBK-002077,Pasivo
FB-10078,TRX-12430,1.0,4,Lento,Sin Respuesta,True,72.0,-15.3,FBK-002078,Detractor
FB-10079,TRX-17848,3.0,4,Precio justo,Sí,False,22.0,-11.8,FBK-002079,Detractor
FB-10080,TRX-11535,1.0,1,Precio justo,Sí,True,35.0,-40.6,FBK-002080,Detractor
FB-10081,TRX-18125,4.0,4,Dañado,No,True,32.0,24.9,FBK-002081,Pasivo
FB-10082,TRX-12973,4.0,5,Dañado,Tal vez,True,68.0,-96.9,FBK-002082,Detractor
FB-10083,TRX-17526,2.0,4,No volvería,No,True,70.0,8.8,FBK-002083,Pasivo
FB-10084,TRX-13031,1.0,2,Dañado,Sí,False,26.0,-88.4,FBK-002084,Detractor
FB-10085,TRX-12885,1.0,2,No volvería,Sin Respuesta,True,36.0,44.8,FBK-002085,Pasivo
FB-10086,TRX-13094,5.0,4,Sin Comentario,Tal vez,True,42.0,92.4,FBK-002086,Promotor
FB-10087,TRX-19333,5.0,3,Sin Comentario,Sí,True,66.0,-63.0,FBK-002087,Detractor
FB-10088,TRX-18036,5.0,4,Sin Comentario,Sí,False,76.0,-45.1,FBK-002088,Detractor
FB-10089,TRX-12955,5.0,1,Excelente,Tal vez,False,25.0,7.7,FBK-002089,Pasivo
FB-10090,TRX-14621,1.0,5,No volvería,No,True,38.0,-2.0,FBK-002090,Detractor
FB-10091,TRX-10344,2.0,5,No volvería,Sin Respuesta,False,57.0,63.3,FBK-002091,Promotor
FB-10092,TRX-15081,5.0,4,Sin Comentario,No,True,74.0,-74.9,FBK-002092,Detractor
FB-10093,TRX-12669,1.0,3,Excelente,No,True,76.0,10.6,FBK-002093,Pasivo
FB-10094,TRX-12911,2.0,5,Lento,Sin Respuesta,False,43.0,84.4,FBK-002094,Promotor
FB-10095,TRX-16458,2.0,3,Precio justo,Sí,True,59.0,33.4,FBK-002095,Pasivo
FB-10096,TRX-19958,5.0,5,Sin Comentario,Tal vez,False,76.0,-46.2,FBK-002096,Detractor
FB-10097,TRX-13077,1.0,2,Precio justo,Tal vez,False,47.0,-87.5,FBK-002097,Detractor
FB-10098,TRX-11137,3.0,1,Dañado,No,True,64.0,-16.2,FBK-002098,Detractor
FB-10099,TRX-12351,1.0,5,Dañado,No,False,78.0,-6.6,FBK-002099,Detractor
FB-10100,TRX-11180,3.0,4,Lento,Sí,False,24.0,-73.4,FBK-002100,Detractor
FB-10101,TRX-16986,2.0,2,Sin Comentario,Sin Respuesta,True,71.0,-4.0,FBK-002101,Detractor
FB-10102,TRX-14018,4.0,3,Dañado,Sin Respuesta,True,37.0,35.3,FBK-002102,Pasivo
FB-10103,TRX-17455,5.0,1,Precio justo,Tal vez,True,33.0,-4.9,FBK-002103,Detractor
FB-10104,TRX-16594,2.0,3,Sin Comentario,Sin Respuesta,True,19.0,-54.7,FBK-002104,Detractor
FB-10105,TRX-11642,3.0,3,Sin Comentario,No,True,27.0,91.7,FBK-002105,Promotor
FB-10106,TRX-18630,3.0,5,No volvería,Sí,True,60.0,-77.0,FBK-002106,Detractor
FB-10107,TRX-12249,3.0,2,No volvería,Sí,False,45.0,21.7,FBK-002107,Pasivo
FB-10108,TRX-10193,3.0,1,Sin Comentario,No,False,27.0,45.9,FBK-002108,Pasivo
FB-10109,TRX-19884,1.0,2,Dañado,Tal vez,True,39.0,-46.0,FBK-002109,Detractor
FB-10110,TRX-11633,2.0,2,Precio justo,No,True,51.0,-24.1,FBK-002110,Detractor
FB-10111,TRX-16191,3.0,5,Sin Comentario,Sí,True,33.0,-12.7,FBK-002111,Detractor
FB-10112,TRX-16291,2.0,3,Excelente,Sí,True,72.0,29.4,FBK-002112,Pasivo
FB-10113,TRX-10339,2.0,2,Excelente,Sí,True,81.0,2.5,FBK-002113,Pasivo
FB-10114,TRX-11802,4.0,3,Sin Comentario,Sin Respuesta,True,70.0,-61.8,FBK-002114,Detractor
FB-10115,TRX-10222,1.0,2,Sin Comentario,No,False,59.0,78.5,FBK-002115,Promotor
FB-10116,TRX-10716,4.0,1,Sin Comentario,Tal vez,True,47.0,-27.1,FBK-002116,Detractor
FB-10117,TRX-12165,5.0,4,No volvería,No,False,77.0,-23.5,FBK-002117,Detractor
FB-10118,TRX-14068,5.0,4,Precio justo,No,True,19.0,60.0,FBK-002118,Promotor
FB-10119,TRX-11369,5.0,4,Sin Comentario,No,False,51.0,7.1,FBK-002119,Pasivo
FB-10120,TRX-14385,4.0,5,Sin Comentario,Sin Respuesta,True,59.0,-53.7,FBK-002120,Detractor
FB-10121,TRX-12336,2.0,5,No volvería,No,True,38.0,82.9,FBK-002121,Promotor
FB-10122,TRX-19824,5.0,3,Precio justo,Sí,False,51.0,61.0,FBK-002122,Promotor
FB-10123,TRX-10221,5.0,5,Sin Comentario,Tal vez,True,49.0,20.0,FBK-002123,Pasivo
FB-10124,TRX-10153,4.0,4,Sin Comentario,Sin Respuesta,False,47.0,2.4,FBK-002124,Pasivo
FB-10125,TRX-11742,2.0,5,Excelente,Sin Respuesta,True,81.0,35.1,FBK-002125,Pasivo
FB-10126,TRX-18886,5.0,4,Sin Comentario,Sin Respuesta,True,36.0,-27.8,FBK-002126,Detractor
FB-10127,TRX-15544,1.0,2,Dañado,Sin Respuesta,False,47.0,38.8,FBK-002127,Pasivo
FB-10128,TRX-11392,5.0,4,Lento,Sí,True,75.0,-92.3,FBK-002128,Detractor
FB-10129,TRX-13314,4.0,4,Dañado,Sí,True,58.0,-20.0,FBK-002129,Detractor
FB-10130,TRX-12281,4.0,1,Precio justo,Tal vez,True,44.0,23.5,FBK-002130,Pasivo
FB-10131,TRX-17871,1.0,1,No volvería,No,False,33.0,24.3,FBK-002131,Pasivo
FB-10132,TRX-19221,2.0,1,No volvería,Sin Respuesta,False,42.0,-85.7,FBK-002132,Detractor
FB-10133,TRX-17279,1.0,1,Excelente,No,True,78.0,43.9,FBK-002133,Pasivo
FB-10134,TRX-12672,5.0,4,Sin Comentario,No,False,84.0,-83.0,FBK-002134,Detractor
FB-10135,TRX-15036,4.0,3,Excelente,Tal vez,False,28.0,48.2,FBK-002135,Pasivo
FB-10136,TRX-15435,2.0,1,Dañado,Sin Respuesta,True,49.0,82.4,FBK-002136,Promotor
FB-10137,TRX-17846,5.0,5,Sin Comentario,No,True,54.0,95.1,FBK-002137,Promotor
FB-10138,TRX-12531,1.0,5,Sin Comentario,Tal vez,False,69.0,20.7,FBK-002138,Pasivo
FB-10139,TRX-13994,5.0,5,Dañado,No,True,51.0,42.8,FBK-002139,Pasivo
FB-10140,TRX-10915,1.0,4,Sin Comentario,Tal vez,True,67.0,-53.2,FBK-002140,Detractor
FB-10141,TRX-18905,3.0,2,Lento,Sí,True,51.0,-25.1,FBK-002141,Detractor
FB-10142,TRX-14382,3.0,2,Precio justo,Tal vez,True,26.0,-97.6,FBK-002142,Detractor
FB-10143,TRX-18906,4.0,1,Dañado,Tal vez,True,59.0,59.6,FBK-002143,Promotor
FB-10144,TRX-12016,2.0,5,Dañado,Sí,False,56.0,37.9,FBK-002144,Pasivo
FB-10145,TRX-10347,4.0,1,Excelente,Sin Respuesta,False,47.0,-48.4,FBK-002145,Detractor
FB-10146,TRX-10729,5.0,4,Sin Comentario,Tal vez,False,20.0,-2.0,FBK-002146,Detractor
FB-10147,TRX-11684,3.0,5,Precio justo,Tal vez,True,19.0,45.7,FBK-002147,Pasivo
FB-10148,TRX-18923,4.0,1,Excelente,No,False,84.0,33.3,FBK-002148,Pasivo
FB-10149,TRX-14861,1.0,3,Sin Comentario,Tal vez,True,84.0,-35.9,FBK-002149,Detractor
FB-10150,TRX-11680,2.0,4,Sin Comentario,Tal vez,True,34.0,-26.1,FBK-002150,Detractor
FB-10151,TRX-18381,3.0,4,Lento,No,False,80.0,-69.2,FBK-002151,Detractor
FB-10152,TRX-16804,2.0,4,Dañado,Sin Respuesta,False,20.0,-72.5,FBK-002152,Detractor
FB-10153,TRX-12323,2.0,3,Sin Comentario,Sí,True,27.0,-19.0,FBK-002153,Detractor
FB-10154,TRX-10019,3.0,2,Dañado,Sí,False,72.0,-4.1,FBK-002154,Detractor
FB-10155,TRX-13675,1.0,2,Dañado,Tal vez,False,37.0,90.1,FBK-002155,Promotor
FB-10156,TRX-10393,1.0,3,No volvería,Sin Respuesta,True,18.0,1.1,FBK-002156,Pasivo
FB-10157,TRX-13713,1.0,2,Sin Comentario,Sí,True,59.0,-62.0,FBK-002157,Detractor
FB-10158,TRX-16998,2.0,3,Precio justo,No,False,30.0,-66.2,FBK-002158,Detractor
FB-10159,TRX-16314,1.0,1,Excelente,Tal vez,False,25.0,-30.9,FBK-002159,Detractor
FB-10160,TRX-12414,5.0,3,Excelente,Tal vez,False,41.0,83.8,FBK-002160,Promotor
FB-10161,TRX-15788,5.0,2,Sin Comentario,Sin Respuesta,True,39.0,58.8,FBK-002161,Promotor
FB-10162,TRX-14699,1.0,3,Excelente,Tal vez,True,64.0,-1.2,FBK-002162,Detractor
FB-10163,TRX-13700,1.0,3,Lento,Sin Respuesta,False,50.0,91.2,FBK-002163,Promotor
FB-10164,TRX-16303,3.0,5,No volvería,Sí,True,77.0,-56.9,FBK-002164,Detractor
FB-10165,TRX-11841,3.0,3,Lento,Sí,True,43.0,-13.1,FBK-002165,Detractor
FB-10166,TRX-18057,4.0,2,Precio justo,Sin Respuesta,False,61.0,-99.8,FBK-002166,Detractor
FB-10167,TRX-12778,2.0,4,Excelente,Sí,False,20.0,73.3,FBK-002167,Promotor
FB-10168,TRX-11804,2.0,1,Excelente,Sí,False,77.0,-68.4,FBK-002168,Detractor
FB-10169,TRX-13678,3.0,3,Excelente,Sí,True,27.0,91.5,FBK-002169,Promotor
FB-10170,TRX-11666,5.0,2,Dañado,Sin Respuesta,True,23.0,1.4,FBK-002170,Pasivo
FB-10171,TRX-14617,4.0,2,Sin Comentario,No,True,34.0,98.8,FBK-002171,Promotor
FB-10172,TRX-15854,3.0,5,Sin Comentario,No,False,76.0,8.3,FBK-002172,Pasivo
FB-10173,TRX-11249,4.0,2,Dañado,Sí,True,24.0,-8.9,FBK-002173,Detractor
FB-10174,TRX-15467,2.0,4,Sin Comentario,No,False,31.0,-5.6,FBK-002174,Detractor
FB-10175,TRX-11939,2.0,2,Excelente,Sí,True,50.0,67.2,FBK-002175,Promotor
FB-10176,TRX-15906,2.0,4,Sin Comentario,Tal vez,True,35.0,-27.5,FBK-002176,Detractor
FB-10177,TRX-11389,5.0,1,Excelente,No,False,42.0,70.7,FBK-002177,Promotor
FB-10178,TRX-10710,3.0,3,Dañado,Tal vez,True,84.0,77.3,FBK-002178,Promotor
FB-10179,TRX-19904,4.0,1,Lento,Sí,True,63.0,-42.2,FBK-002179,Detractor
FB-10180,TRX-12475,3.0,3,No volvería,No,False,57.0,85.4,FBK-002180,Promotor
FB-10181,TRX-12917,2.0,1,Lento,No,True,75.0,-61.9,FBK-002181,Detractor
FB-10182,TRX-17022,2.0,4,Sin Comentario,Tal vez,True,22.0,65.3,FBK-002182,Promotor
FB-10183,TRX-18691,3.0,3,No volvería,Sí,False,62.0,-66.3,FBK-002183,Detractor
FB-10184,TRX-15486,1.0,3,Sin Comentario,No,False,71.0,43.5,FBK-002184,Pasivo
FB-10185,TRX-19824,1.0,1,Dañado,Sin Respuesta,False,81.0,95.1,FBK-002185,Promotor
FB-10186,TRX-12971,3.0,5,Sin Comentario,Sí,True,69.0,-84.8,FBK-002186,Detractor
FB-10187,TRX-16967,2.0,5,Sin Comentario,Sin Respuesta,False,18.0,-60.7,FBK-002187,Detractor
FB-10188,TRX-12461,4.0,1,Excelente,No,True,62.0,-29.4,FBK-002188,Detractor
FB-10189,TRX-14940,1.0,2,Sin Comentario,No,True,79.0,-28.0,FBK-002189,Detractor
FB-10190,TRX-14702,3.0,1,Excelente,Sin Respuesta,True,63.0,-63.6,FBK-002190,Detractor
FB-10191,TRX-15707,5.0,4,Excelente,No,True,50.0,-0.6,FBK-002191,Detractor
FB-10192,TRX-11702,3.0,4,Sin Comentario,No,True,54.0,58.1,FBK-002192,Promotor
FB-10193,TRX-14441,2.0,2,Lento,Sí,True,77.0,60.5,FBK-002193,Promotor
FB-10194,TRX-18179,3.0,5,Excelente,Sí,True,66.0,-6.8,FBK-002194,Detractor
FB-10195,TRX-16047,1.0,4,No volvería,Sí,True,34.0,-37.3,FBK-002195,Detractor
FB-10196,TRX-14348,1.0,4,Excelente,Tal vez,False,40.0,-51.7,FBK-002196,Detractor
FB-10197,TRX-11251,3.0,3,Dañado,Sí,True,54.0,43.1,FBK-002197,Pasivo
FB-10198,TRX-10035,4.0,3,Excelente,No,True,83.0,-83.0,FBK-002198,Detractor
FB-10199,TRX-12435,3.0,2,Lento,No,False,31.0,9.1,FBK-002199,Pasivo
FB-10200,TRX-12401,4.0,4,Lento,Tal vez,False,50.0,8.3,FBK-002200,Pasivo
FB-10201,TRX-15247,1.0,1,Sin Comentario,No,False,18.0,-77.4,FBK-002201,Detractor
FB-10202,TRX-12421,5.0,5,Dañado,Tal vez,True,59.0,-5.8,FBK-002202,Detractor
FB-10203,TRX-16399,4.0,2,Sin Comentario,Sí,False,58.0,-50.0,FBK-002203,Detractor
FB-10204,TRX-17318,3.0,1,Precio justo,Sin Respuesta,False,56.0,-66.7,FBK-002204,Detractor
FB-10205,TRX-17838,2.0,1,Sin Comentario,Sin Respuesta,False,61.0,-83.6,FBK-002205,Detractor
FB-10206,TRX-11102,2.0,2,Lento,Sin Respuesta,True,51.0,-61.3,FBK-002206,Detractor
FB-10207,TRX-11854,3.0,2,Precio justo,Sin Respuesta,True,71.0,29.0,FBK-002207,Pasivo
FB-10208,TRX-19467,1.0,4,Dañado,Sin Respuesta,False,63.0,45.9,FBK-002208,Pasivo
FB-10209,TRX-17003,1.0,5,Excelente,Tal vez,True,50.0,-54.3,FBK-002209,Detractor
FB-10210,TRX-14562,1.0,4,Sin Comentario,No,True,76.0,14.8,FBK-002210,Pasivo
FB-10211,TRX-12370,3.0,1,Precio justo,Tal vez,True,54.0,-25.7,FBK-002211,Detractor
FB-10212,TRX-11481,2.0,4,Dañado,No,False,25.0,8.3,FBK-002212,Pasivo
FB-10213,TRX-15292,5.0,4,Precio justo,Sí,True,47.0,-50.8,FBK-002213,Detractor
FB-10214,TRX-12089,2.0,5,Precio justo,Tal vez,True,37.0,-90.8,FBK-002214,Detractor
FB-10215,TRX-12979,1.0,3,Sin Comentario,Sí,False,82.0,-34.6,FBK-002215,Detractor
FB-10216,TRX-16308,3.0,5,Excelente,No,False,66.0,-67.9,FBK-002216,Detractor
FB-10217,TRX-15777,3.0,4,Sin Comentario,No,False,75.0,46.9,FBK-002217,Pasivo
FB-10218,TRX-15231,5.0,3,Lento,No,True,79.0,46.1,FBK-002218,Pasivo
FB-10219,TRX-18097,2.0,1,Precio justo,No,False,24.0,-85.5,FBK-002219,Detractor
FB-10220,TRX-16944,1.0,5,No volvería,Sin Respuesta,True,53.0,-20.7,FBK-002220,Detractor
FB-10221,TRX-17885,5.0,2,Excelente,No,False,76.0,-81.4,FBK-002221,Detractor
FB-10222,TRX-16782,1.0,1,Sin Comentario,No,True,51.0,43.0,FBK-002222,Pasivo
FB-10223,TRX-19858,2.0,3,No volvería,Sí,True,80.0,-96.3,FBK-002223,Detractor
FB-10224,TRX-15463,5.0,1,Excelente,Sí,True,41.0,-12.4,FBK-002224,Detractor
FB-10225,TRX-12264,1.0,2,Excelente,Sin Respuesta,True,78.0,-69.5,FBK-002225,Detractor
FB-10226,TRX-14028,4.0,2,Sin Comentario,Sin Respuesta,False,26.0,33.0,FBK-002226,Pasivo
FB-10227,TRX-16278,3.0,5,Lento,Sin Respuesta,True,40.0,-57.2,FBK-002227,Detractor
FB-10228,TRX-16859,2.0,5,No volvería,Sin Respuesta,False,65.0,-18.7,FBK-002228,Detractor
FB-10229,TRX-19000,3.0,4,Precio justo,Sin Respuesta,False,73.0,-99.0,FBK-002229,Detractor
FB-10230,TRX-18144,1.0,4,Excelente,Sí,False,56.0,97.8,FBK-002230,Promotor
FB-10231,TRX-18826,5.0,1,Sin Comentario,Sí,False,23.0,50.8,FBK-002231,Promotor
FB-10232,TRX-18745,1.0,2,No volvería,Tal vez,False,20.0,-67.1,FBK-002232,Detractor
FB-10233,TRX-18070,4.0,1,No volvería,Sin Respuesta,False,55.0,-11.2,FBK-002233,Detractor
FB-10234,TRX-18724,4.0,3,Lento,No,False,25.0,-0.4,FBK-002234,Detractor
FB-10235,TRX-18785,2.0,3,No volvería,Sin Respuesta,False,57.0,-54.8,FBK-002235,Detractor
FB-10236,TRX-13770,3.0,4,Precio justo,Tal vez,True,26.0,-83.0,FBK-002236,Detractor
FB-10237,TRX-16301,1.0,1,No volvería,Tal vez,False,81.0,13.9,FBK-002237,Pasivo
FB-10238,TRX-11369,4.0,3,Lento,No,True,66.0,67.0,FBK-002238,Promotor
FB-10239,TRX-19518,5.0,4,Sin Comentario,Sí,True,50.0,14.4,FBK-002239,Pasivo
FB-10240,TRX-16911,1.0,1,Excelente,Tal vez,False,23.0,26.2,FBK-002240,Pasivo
FB-10241,TRX-18633,2.0,2,No volvería,No,True,46.0,18.2,FBK-002241,Pasivo
FB-10242,TRX-19467,5.0,3,No volvería,No,True,36.0,-8.7,FBK-002242,Detractor
FB-10243,TRX-13593,3.0,3,Dañado,Tal vez,True,44.0,-70.5,FBK-002243,Detractor
FB-10244,TRX-11429,2.0,2,Precio justo,Tal vez,True,26.0,-59.5,FBK-002244,Detractor
FB-10245,TRX-13853,3.0,4,Sin Comentario,Sí,True,35.0,-34.4,FBK-002245,Detractor
FB-10246,TRX-15926,3.0,3,Precio justo,No,True,30.0,-41.2,FBK-002246,Detractor
FB-10247,TRX-10046,4.0,2,Sin Comentario,No,True,49.0,4.3,FBK-002247,Pasivo
FB-10248,TRX-13330,3.0,4,Sin Comentario,Sí,False,43.0,-15.8,FBK-002248,Detractor
FB-10249,TRX-10281,5.0,5,Precio justo,Tal vez,True,69.0,27.4,FBK-002249,Pasivo
FB-10250,TRX-15937,3.0,4,Sin Comentario,No,True,39.0,68.1,FBK-002250,Promotor
FB-10251,TRX-19148,5.0,3,No volvería,Sí,True,45.0,-90.2,FBK-002251,Detractor
FB-10252,TRX-17764,5.0,4,Precio justo,No,False,72.0,-7.5,FBK-002252,Detractor
FB-10253,TRX-12188,1.0,3,Precio justo,No,True,45.0,-56.9,FBK-002253,Detractor
FB-10254,TRX-11804,4.0,4,Sin Comentario,Tal vez,True,46.0,82.0,FBK-002254,Promotor
FB-10255,TRX-10976,4.0,5,Dañado,No,False,82.0,8.9,FBK-002255,Pasivo
FB-10256,TRX-15723,5.0,4,Lento,Tal vez,False,48.0,76.8,FBK-002256,Promotor
FB-10257,TRX-15912,1.0,5,Lento,No,True,42.0,34.1,FBK-002257,Pasivo
FB-10258,TRX-12283,3.0,3,Excelente,No,False,80.0,-72.9,FBK-002258,Detractor
FB-10259,TRX-14828,3.0,4,Sin Comentario,No,True,70.0,69.4,FBK-002259,Promotor
FB-10260,TRX-17543,3.0,2,Sin Comentario,Sí,True,35.0,-36.5,FBK-002260,Detractor
FB-10261,TRX-12361,4.0,5,Sin Comentario,Tal vez,True,54.0,48.7,FBK-002261,Pasivo
FB-10262,TRX-19035,3.0,1,Sin Comentario,Sí,False,78.0,1.7,FBK-002262,Pasivo
FB-10263,TRX-16898,1.0,5,Dañado,Sin Respuesta,False,68.0,46.0,FBK-002263,Pasivo
FB-10264,TRX-13973,1.0,4,Sin Comentario,No,True,22.0,5.5,FBK-002264,Pasivo
FB-10265,TRX-13452,3.0,5,Sin Comentario,Sin Respuesta,False,72.0,85.6,FBK-002265,Promotor
FB-10266,TRX-13679,4.0,4,No volvería,Tal vez,False,61.0,2.0,FBK-002266,Pasivo
FB-10267,TRX-10915,2.0,3,Sin Comentario,Sí,False,27.0,-87.9,FBK-002267,Detractor
FB-10268,TRX-12257,5.0,3,Sin Comentario,Sí,True,42.0,-9.6,FBK-002268,Detractor
FB-10269,TRX-11920,3.0,2,Excelente,Tal vez,True,78.0,93.5,FBK-002269,Promotor
FB-10270,TRX-12344,3.0,1,Precio justo,Tal vez,False,72.0,57.9,FBK-002270,Promotor
FB-10271,TRX-16184,5.0,3,Excelente,Sí,False,27.0,26.3,FBK-002271,Pasivo
FB-10272,TRX-10431,2.0,2,Lento,Sin Respuesta,True,37.0,-69.7,FBK-002272,Detractor
FB-10273,TRX-16958,3.0,1,Excelente,Tal vez,False,59.0,-63.4,FBK-002273,Detractor
FB-10274,TRX-16089,3.0,2,Excelente,No,True,80.0,44.5,FBK-002274,Pasivo
FB-10275,TRX-10886,2.0,3,Sin Comentario,Sin Respuesta,True,20.0,46.1,FBK-002275,Pasivo
FB-10276,TRX-11736,5.0,1,Dañado,Sí,True,60.0,-25.3,FBK-002276,Detractor
FB-10277,TRX-19529,1.0,3,Precio justo,Tal vez,True,21.0,98.9,FBK-002277,Promotor
FB-10278,TRX-11208,3.0,4,No volvería,Tal vez,True,45.0,38.3,FBK-002278,Pasivo
FB-10279,TRX-17812,3.0,1,Sin Comentario,Sin Respuesta,False,58.0,78.9,FBK-002279,Promotor
FB-10280,TRX-19730,4.0,2,No volvería,Tal vez,False,55.0,-90.7,FBK-002280,Detractor
FB-10281,TRX-12591,2.0,4,Dañado,No,True,28.0,24.7,FBK-002281,Pasivo
FB-10282,TRX-10494,3.0,2,Sin Comentario,Sí,True,49.0,49.9,FBK-002282,Pasivo
FB-10283,TRX-12406,4.0,3,Sin Comentario,Sin Respuesta,True,57.0,59.5,FBK-002283,Promotor
FB-10284,TRX-15984,1.0,3,Dañado,Sin Respuesta,True,71.0,34.5,FBK-002284,Pasivo
FB-10285,TRX-12314,2.0,4,Sin Comentario,No,True,20.0,21.2,FBK-002285,Pasivo
FB-10286,TRX-11294,1.0,4,Sin Comentario,Tal vez,True,30.0,49.2,FBK-002286,Pasivo
FB-10287,TRX-14014,4.0,1,No volvería,Sin Respuesta,False,73.0,-92.3,FBK-002287,Detractor
FB-10288,TRX-11262,5.0,2,Sin Comentario,Sí,True,68.0,50.3,FBK-002288,Promotor
FB-10289,TRX-10204,2.0,5,Excelente,Tal vez,False,54.0,-34.1,FBK-002289,Detractor
FB-10290,TRX-19325,5.0,3,Precio justo,Sin Respuesta,False,31.0,52.2,FBK-002290,Promotor
FB-10291,TRX-16823,4.0,5,No volvería,Sin Respuesta,True,53.0,55.4,FBK-002291,Promotor
FB-10292,TRX-12452,2.0,5,Excelente,Sí,True,49.0,-44.7,FBK-002292,Detractor
FB-10293,TRX-12988,3.0,4,Excelente,Sin Respuesta,False,58.0,43.0,FBK-002293,Pasivo
FB-10294,TRX-17696,4.0,2,Lento,Tal vez,True,57.0,-34.2,FBK-002294,Detractor
FB-10295,TRX-12295,4.0,5,Dañado,No,True,49.0,45.0,FBK-002295,Pasivo
FB-10296,TRX-18641,1.0,2,Sin Comentario,Sin Respuesta,False,29.0,-62.0,FBK-002296,Detractor
FB-10297,TRX-14907,5.0,4,Sin Comentario,No,True,71.0,-84.5,FBK-002297,Detractor
FB-10298,TRX-17703,2.0,5,Sin Comentario,Sí,True,74.0,17.6,FBK-002298,Pasivo
FB-10299,TRX-16742,2.0,5,No volvería,No,False,25.0,-61.4,FBK-002299,Detractor
FB-10300,TRX-15526,3.0,3,No volvería,Sin Respuesta,True,59.0,78.9,FBK-002300,Promotor
FB-10301,TRX-17274,2.0,5,Sin Comentario,Sí,False,61.0,-68.3,FBK-002301,Detractor
FB-10302,TRX-10216,3.0,1,Precio justo,Tal vez,True,48.0,21.4,FBK-002302,Pasivo
FB-10303,TRX-14698,2.0,4,Sin Comentario,No,True,24.0,39.4,FBK-002303,Pasivo
FB-10304,TRX-11822,1.0,1,Sin Comentario,Sin Respuesta,True,43.0,-99.5,FBK-002304,Detractor
FB-10305,TRX-12554,4.0,5,Sin Comentario,Tal vez,True,45.0,73.9,FBK-002305,Promotor
FB-10306,TRX-10983,2.0,5,Sin Comentario,No,False,19.0,45.3,FBK-002306,Pasivo
FB-10307,TRX-10526,4.0,1,No volvería,Tal vez,False,61.0,53.9,FBK-002307,Promotor
FB-10308,TRX-19898,5.0,3,Excelente,Sin Respuesta,True,34.0,-88.7,FBK-002308,Detractor
FB-10309,TRX-12843,4.0,3,Excelente,Sin Respuesta,True,32.0,-29.6,FBK-002309,Detractor
FB-10310,TRX-18245,5.0,1,Precio justo,No,True,49.0,28.5,FBK-002310,Pasivo
FB-10311,TRX-12627,2.0,1,Sin Comentario,No,True,40.0,-54.2,FBK-002311,Detractor
FB-10312,TRX-10178,1.0,4,Excelente,Sin Respuesta,False,43.0,66.4,FBK-002312,Promotor
FB-10313,TRX-16494,1.0,3,Excelente,Tal vez,False,81.0,-18.3,FBK-002313,Detractor
FB-10314,TRX-16940,4.0,2,No volvería,No,True,73.0,60.2,FBK-002314,Promotor
FB-10315,TRX-17443,1.0,5,Sin Comentario,Sin Respuesta,True,38.0,75.2,FBK-002315,Promotor
FB-10316,TRX-19079,5.0,5,Dañado,Sí,True,54.0,-4.9,FBK-002316,Detractor
FB-10317,TRX-14227,1.0,1,No volvería,Tal vez,False,60.0,-54.6,FBK-002317,Detractor
FB-10318,TRX-19372,1.0,2,Lento,Sí,False,25.0,-23.8,FBK-002318,Detractor
FB-10319,TRX-18222,1.0,3,Precio justo,Sí,True,31.0,-0.1,FBK-002319,Detractor
FB-10320,TRX-15014,3.0,3,Sin Comentario,Tal vez,True,83.0,-8.9,FBK-002320,Detractor
FB-10321,TRX-13724,3.0,3,Excelente,Sí,False,44.0,-99.1,FBK-002321,Detractor
FB-10322,TRX-16941,4.0,1,Sin Comentario,Sí,True,25.0,-83.1,FBK-002322,Detractor
FB-10323,TRX-12569,2.0,1,No volvería,Sí,False,76.0,-8.7,FBK-002323,Detractor
FB-10324,TRX-14453,2.0,5,No volvería,Sin Respuesta,False,27.0,-12.6,FBK-002324,Detractor
FB-10325,TRX-11506,5.0,5,Sin Comentario,Sí,True,64.0,78.0,FBK-002325,Promotor
FB-10326,TRX-18544,5.0,3,Sin Comentario,Sí,False,27.0,-44.7,FBK-002326,Detractor
FB-10327,TRX-16185,4.0,5,Excelente,Tal vez,False,33.0,95.5,FBK-002327,Promotor
FB-10328,TRX-12050,3.0,5,Precio justo,Tal vez,True,20.0,94.5,FBK-002328,Promotor
FB-10329,TRX-13471,1.0,3,No volvería,Sí,False,40.0,-62.3,FBK-002329,Detractor
FB-10330,TRX-16560,3.0,1,Dañado,Sí,True,19.0,-95.1,FBK-002330,Detractor
FB-10331,TRX-10917,3.0,5,Sin Comentario,Sí,False,82.0,-60.4,FBK-002331,Detractor
FB-10332,TRX-13586,4.0,1,Excelente,Sin Respuesta,False,80.0,-16.1,FBK-002332,Detractor
FB-10333,TRX-16427,3.0,2,Precio justo,Sí,True,75.0,-26.5,FBK-002333,Detractor
FB-10334,TRX-13009,2.0,1,Lento,Tal vez,True,54.0,-5.3,FBK-002334,Detractor
FB-10335,TRX-19163,3.0,4,Sin Comentario,Tal vez,False,78.0,38.4,FBK-002335,Pasivo
FB-10336,TRX-19913,2.0,4,Excelente,Sí,False,37.0,3.6,FBK-002336,Pasivo
FB-10337,TRX-11264,5.0,3,Lento,Sí,True,77.0,-31.0,FBK-002337,Detractor
FB-10338,TRX-17674,5.0,4,Excelente,Tal vez,True,38.0,35.1,FBK-002338,Pasivo
FB-10339,TRX-17821,4.0,2,No volvería,Sí,True,42.0,-33.2,FBK-002339,Detractor
FB-10340,TRX-15131,1.0,1,Precio justo,Sí,True,64.0,-29.5,FBK-002340,Detractor
FB-10341,TRX-16637,3.0,1,Dañado,Sin Respuesta,True,57.0,-31.4,FBK-002341,Detractor
FB-10342,TRX-16233,1.0,5,Lento,Sí,True,68.0,-39.2,FBK-002342,Detractor
FB-10343,TRX-12700,2.0,5,Sin Comentario,Sin Respuesta,True,38.0,40.1,FBK-002343,Pasivo
FB-10344,TRX-10895,1.0,5,Lento,No,True,24.0,-65.0,FBK-002344,Detractor
FB-10345,TRX-16086,3.0,1,Sin Comentario,Sin Respuesta,True,23.0,54.9,FBK-002345,Promotor
FB-10346,TRX-16950,1.0,1,Excelente,Sí,False,83.0,84.5,FBK-002346,Promotor
FB-10347,TRX-13190,1.0,5,Lento,Sí,True,20.0,-44.7,FBK-002347,Detractor
FB-10348,TRX-14422,1.0,1,Sin Comentario,Tal vez,True,58.0,40.8,FBK-002348,Pasivo
FB-10349,TRX-11776,4.0,2,Excelente,Sí,True,28.0,20.8,FBK-002349,Pasivo
FB-10350,TRX-11710,1.0,5,Excelente,Sí,False,77.0,-40.1,FBK-002350,Detractor
FB-10351,TRX-11274,3.0,4,Lento,Sí,True,39.0,-52.7,FBK-002351,Detractor
FB-10352,TRX-15942,3.0,5,Lento,Sin Respuesta,False,67.0,88.8,FBK-002352,Promotor
FB-10353,TRX-19882,1.0,4,Sin Comentario,Sin Respuesta,False,65.0,39.4,FBK-002353,Pasivo
FB-10354,TRX-15496,4.0,3,No volvería,No,True,70.0,28.9,FBK-002354,Pasivo
FB-10355,TRX-10459,2.0,4,No volvería,Sin Respuesta,True,59.0,99.4,FBK-002355,Promotor
FB-10356,TRX-13924,1.0,2,Sin Comentario,Tal vez,False,26.0,-29.3,FBK-002356,Detractor
FB-10357,TRX-14623,4.0,1,No volvería,Sin Respuesta,False,19.0,-54.2,FBK-002357,Detractor
FB-10358,TRX-12666,5.0,2,Precio justo,Sí,False,80.0,-34.0,FBK-002358,Detractor
FB-10359,TRX-18873,3.0,3,Dañado,Sin Respuesta,True,40.0,-66.0,FBK-002359,Detractor
FB-10360,TRX-11744,5.0,2,No volvería,Sí,True,21.0,85.0,FBK-002360,Promotor
FB-10361,TRX-11070,3.0,2,No volvería,Tal vez,True,69.0,39.4,FBK-002361,Pasivo
FB-10362,TRX-13471,2.0,3,Excelente,No,False,70.0,21.0,FBK-002362,Pasivo
FB-10363,TRX-19783,4.0,2,Dañado,No,False,71.0,61.3,FBK-002363,Promotor
FB-10364,TRX-10179,2.0,3,Lento,No,False,69.0,3.2,FBK-002364,Pasivo
FB-10365,TRX-15064,5.0,1,Precio justo,No,True,56.0,-61.8,FBK-002365,Detractor
FB-10366,TRX-13075,4.0,5,Lento,Sí,False,53.0,-69.1,FBK-002366,Detractor
FB-10367,TRX-19038,5.0,1,Excelente,Sí,True,48.0,4.5,FBK-002367,Pasivo
FB-10368,TRX-13305,1.0,1,Precio justo,Sin Respuesta,True,50.0,61.1,FBK-002368,Promotor
FB-10369,TRX-10530,5.0,1,No volvería,Sí,False,26.0,-55.7,FBK-002369,Detractor
FB-10370,TRX-13937,2.0,2,Sin Comentario,No,True,39.0,41.0,FBK-002370,Pasivo
FB-10371,TRX-14410,2.0,1,Dañado,Sí,True,53.0,-50.0,FBK-002371,Detractor
FB-10372,TRX-11393,1.0,3,Dañado,Tal vez,True,69.0,-13.4,FBK-002372,Detractor
FB-10373,TRX-19340,4.0,3,No volvería,Tal vez,True,26.0,-87.8,FBK-002373,Detractor
FB-10374,TRX-19253,5.0,3,Lento,Tal vez,False,81.0,0.6,FBK-002374,Pasivo
FB-10375,TRX-10735,5.0,3,Lento,No,True,29.0,-66.1,FBK-002375,Detractor
FB-10376,TRX-19236,5.0,1,No volvería,Sin Respuesta,True,33.0,68.9,FBK-002376,Promotor
FB-10377,TRX-17926,4.0,4,No volvería,Sí,False,26.0,91.5,FBK-002377,Promotor
FB-10378,TRX-10748,2.0,5,Dañado,Sin Respuesta,True,51.0,-83.2,FBK-002378,Detractor
FB-10379,TRX-10787,1.0,4,Lento,Sí,False,24.0,6.8,FBK-002379,Pasivo
FB-10380,TRX-15154,4.0,2,Sin Comentario,No,False,49.0,40.8,FBK-002380,Pasivo
FB-10381,TRX-11527,1.0,1,Precio justo,Tal vez,False,66.0,-86.9,FBK-002381,Detractor
FB-10382,TRX-15056,3.0,4,Precio justo,No,True,71.0,10.7,FBK-002382,Pasivo
FB-10383,TRX-10138,1.0,1,Excelente,Tal vez,False,59.0,87.3,FBK-002383,Promotor
FB-10384,TRX-15843,3.0,3,Excelente,Sin Respuesta,True,18.0,5.3,FBK-002384,Pasivo
FB-10385,TRX-14626,1.0,2,Excelente,Sin Respuesta,False,37.0,24.2,FBK-002385,Pasivo
FB-10386,TRX-16523,3.0,4,Sin Comentario,No,True,55.0,-34.5,FBK-002386,Detractor
FB-10387,TRX-18195,5.0,5,Lento,No,False,29.0,23.0,FBK-002387,Pasivo
FB-10388,TRX-13192,4.0,3,Precio justo,Sí,False,76.0,77.6,FBK-002388,Promotor
FB-10389,TRX-15152,5.0,3,Lento,Sin Respuesta,True,67.0,-34.1,FBK-002389,Detractor
FB-10390,TRX-16400,2.0,2,No volvería,Tal vez,False,24.0,54.4,FBK-002390,Promotor
FB-10391,TRX-15830,4.0,3,Dañado,Sin Respuesta,True,44.0,14.1,FBK-002391,Pasivo
FB-10392,TRX-12122,5.0,3,Sin Comentario,Sí,True,30.0,-48.6,FBK-002392,Detractor
FB-10393,TRX-11595,1.0,4,Excelente,No,False,37.0,-21.7,FBK-002393,Detractor
FB-10394,TRX-15428,4.0,3,No volvería,Tal vez,True,35.0,-28.4,FBK-002394,Detractor
FB-10395,TRX-16672,1.0,2,No volvería,Sí,False,75.0,-6.3,FBK-002395,Detractor
FB-10396,TRX-18250,5.0,1,Sin Comentario,No,True,40.0,-77.4,FBK-002396,Detractor
FB-10397,TRX-11654,4.0,2,Dañado,Tal vez,False,19.0,-69.8,FBK-002397,Detractor
FB-10398,TRX-18227,5.0,2,Precio justo,Sí,True,61.0,-24.3,FBK-002398,Detractor
FB-10399,TRX-12460,2.0,1,Precio justo,No,False,67.0,12.4,FBK-002399,Pasivo
FB-10400,TRX-10388,3.0,4,Sin Comentario,Sin Respuesta,False,50.0,23.6,FBK-002400,Pasivo
FB-10401,TRX-19620,5.0,5,No volvería,No,True,76.0,82.1,FBK-002401,Promotor
FB-10402,TRX-16260,2.0,5,Dañado,No,True,61.0,13.8,FBK-002402,Pasivo
FB-10403,TRX-17814,5.0,2,Precio justo,Sí,True,82.0,46.0,FBK-002403,Pasivo
FB-10404,TRX-19606,4.0,4,Sin Comentario,Sí,False,51.0,-3.7,FBK-002404,Detractor
FB-10405,TRX-10612,1.0,4,Excelente,Sí,False,48.0,4.7,FBK-002405,Pasivo
FB-10406,TRX-14753,4.0,4,Lento,No,False,31.0,18.0,FBK-002406,Pasivo
FB-10407,TRX-12641,5.0,4,Dañado,No,True,69.0,4.4,FBK-002407,Pasivo
FB-10408,TRX-12482,5.0,2,Sin Comentario,Sin Respuesta,True,36.0,-38.1,FBK-002408,Detractor
FB-10409,TRX-17587,5.0,3,Sin Comentario,Sí,False,46.0,95.5,FBK-002409,Promotor
FB-10410,TRX-11290,3.0,5,No volvería,Sin Respuesta,False,72.0,23.7,FBK-002410,Pasivo
FB-10411,TRX-11528,2.0,5,Lento,Tal vez,False,47.0,-30.8,FBK-002411,Detractor
FB-10412,TRX-13794,1.0,1,Precio justo,Sin Respuesta,True,76.0,59.7,FBK-002412,Promotor
FB-10413,TRX-13533,2.0,2,Precio justo,Sí,False,70.0,-67.2,FBK-002413,Detractor
FB-10414,TRX-12307,5.0,5,Sin Comentario,Tal vez,True,83.0,98.5,FBK-002414,Promotor
FB-10415,TRX-12638,5.0,2,Dañado,No,True,56.0,57.8,FBK-002415,Promotor
FB-10416,TRX-18218,2.0,2,Lento,No,False,42.0,-80.5,FBK-002416,Detractor
FB-10417,TRX-18459,2.0,4,Precio justo,Tal vez,True,62.0,69.7,FBK-002417,Promotor
FB-10418,TRX-19973,2.0,1,Dañado,Sí,True,25.0,-48.3,FBK-002418,Detractor
FB-10419,TRX-18573,3.0,2,Lento,Sin Respuesta,True,76.0,27.6,FBK-002419,Pasivo
FB-10420,TRX-15593,2.0,5,Sin Comentario,No,True,19.0,-67.0,FBK-002420,Detractor
FB-10421,TRX-17331,5.0,5,Sin Comentario,Tal vez,True,32.0,42.2,FBK-002421,Pasivo
FB-10422,TRX-12149,1.0,1,No volvería,Sin Respuesta,True,37.0,51.5,FBK-002422,Promotor
FB-10423,TRX-15554,4.0,2,No volvería,Sin Respuesta,True,28.0,70.3,FBK-002423,Promotor
FB-10424,TRX-14765,2.0,4,Sin Comentario,No,False,58.0,-2.4,FBK-002424,Detractor
FB-10425,TRX-15903,2.0,1,Precio justo,Sí,False,21.0,10.7,FBK-002425,Pasivo
FB-10426,TRX-17059,2.0,2,Sin Comentario,Sí,False,65.0,-57.0,FBK-002426,Detractor
FB-10427,TRX-10655,1.0,1,Dañado,Tal vez,False,18.0,3.1,FBK-002427,Pasivo
FB-10428,TRX-16350,2.0,4,Excelente,Tal vez,True,78.0,6.4,FBK-002428,Pasivo
FB-10429,TRX-13917,2.0,3,Precio justo,Sí,True,44.0,61.8,FBK-002429,Promotor
FB-10430,TRX-13421,2.0,3,Excelente,Tal vez,True,51.0,42.2,FBK-002430,Pasivo
FB-10431,TRX-19943,1.0,3,Lento,Sí,True,19.0,39.7,FBK-002431,Pasivo
FB-10432,TRX-11228,4.0,4,Dañado,No,False,40.0,-94.1,FBK-002432,Detractor
FB-10433,TRX-12496,5.0,4,Sin Comentario,Sin Respuesta,True,53.0,9.3,FBK-002433,Pasivo
FB-10434,TRX-19288,1.0,1,Precio justo,Tal vez,False,27.0,98.5,FBK-002434,Promotor
FB-10435,TRX-18151,2.0,5,No volvería,No,False,80.0,50.4,FBK-002435,Promotor
FB-10436,TRX-11595,3.0,4,Sin Comentario,Sí,False,68.0,67.0,FBK-002436,Promotor
FB-10437,TRX-10244,1.0,4,Lento,Tal vez,True,38.0,-1.3,FBK-002437,Detractor
FB-10438,TRX-12336,2.0,3,Sin Comentario,No,True,35.0,66.4,FBK-002438,Promotor
FB-10439,TRX-15071,2.0,3,Sin Comentario,Tal vez,True,40.0,63.4,FBK-002439,Promotor
FB-10440,TRX-18964,5.0,3,Lento,No,False,73.0,6.0,FBK-002440,Pasivo
FB-10441,TRX-11428,1.0,5,Lento,Sí,False,61.0,13.7,FBK-002441,Pasivo
FB-10442,TRX-18174,1.0,3,Excelente,Sin Respuesta,True,69.0,-89.6,FBK-002442,Detractor
FB-10443,TRX-11541,5.0,3,Excelente,No,False,38.0,70.6,FBK-002443,Promotor
FB-10444,TRX-17451,3.0,5,Sin Comentario,Sí,True,39.0,-73.2,FBK-002444,Detractor
FB-10445,TRX-15139,3.0,3,Lento,Tal vez,True,30.0,-39.8,FBK-002445,Detractor
FB-10446,TRX-12780,4.0,1,Sin Comentario,Sin Respuesta,False,79.0,48.9,FBK-002446,Pasivo
FB-10447,TRX-14843,4.0,1,Precio justo,Sin Respuesta,False,79.0,-39.8,FBK-002447,Detractor
FB-10448,TRX-12645,5.0,2,Excelente,Tal vez,True,37.0,1.1,FBK-002448,Pasivo
FB-10449,TRX-11116,1.0,1,Dañado,Sin Respuesta,False,78.0,-69.2,FBK-002449,Detractor
FB-10450,TRX-14589,2.0,5,Sin Comentario,Tal vez,True,41.0,-41.7,FBK-002450,Detractor
FB-10451,TRX-19445,3.0,3,No volvería,Tal vez,False,59.0,46.9,FBK-002451,Pasivo
FB-10452,TRX-15952,1.0,2,Precio justo,Sí,True,52.0,-16.3,FBK-002452,Detractor
FB-10453,TRX-15789,4.0,4,Sin Comentario,Tal vez,True,56.0,12.6,FBK-002453,Pasivo
FB-10454,TRX-11461,3.0,4,Sin Comentario,Sí,True,59.0,-28.6,FBK-002454,Detractor
FB-10455,TRX-11165,2.0,1,Sin Comentario,No,False,82.0,86.1,FBK-002455,Promotor
FB-10456,TRX-12935,4.0,2,Dañado,No,False,29.0,71.2,FBK-002456,Promotor
FB-10457,TRX-17548,2.0,4,Sin Comentario,Tal vez,False,18.0,-77.5,FBK-002457,Detractor
FB-10458,TRX-14226,4.0,4,Sin Comentario,Sí,True,56.0,95.5,FBK-002458,Promotor
FB-10459,TRX-17753,2.0,4,Sin Comentario,No,False,57.0,61.9,FBK-002459,Promotor
FB-10460,TRX-14194,3.0,1,Excelente,Sí,False,23.0,-68.3,FBK-002460,Detractor
FB-10461,TRX-17242,5.0,1,No volvería,No,False,46.0,-91.7,FBK-002461,Detractor
FB-10462,TRX-12301,2.0,2,Lento,Tal vez,False,64.0,78.6,FBK-002462,Promotor
FB-10463,TRX-12031,3.0,1,Sin Comentario,No,False,67.0,51.6,FBK-002463,Promotor
FB-10464,TRX-19318,1.0,1,No volvería,Tal vez,True,40.0,-44.9,FBK-002464,Detractor
FB-10465,TRX-17999,1.0,5,Lento,Tal vez,False,25.0,90.4,FBK-002465,Promotor
FB-10466,TRX-10648,4.0,1,Sin Comentario,No,False,19.0,81.2,FBK-002466,Promotor
FB-10467,TRX-15955,5.0,2,Dañado,Tal vez,True,21.0,-57.4,FBK-002467,Detractor
FB-10468,TRX-14696,4.0,1,Dañado,Sí,False,68.0,-20.2,FBK-002468,Detractor
FB-10469,TRX-16568,2.0,1,Precio justo,Sí,False,38.0,-90.5,FBK-002469,Detractor
FB-10470,TRX-16701,5.0,5,Dañado,Sí,False,70.0,-38.3,FBK-002470,Detractor
FB-10471,TRX-12113,2.0,2,Excelente,Sin Respuesta,False,43.0,-0.8,FBK-002471,Detractor
FB-10472,TRX-17222,3.0,4,Excelente,No,False,47.0,-87.3,FBK-002472,Detractor
FB-10473,TRX-16008,5.0,5,No volvería,No,False,50.0,-32.6,FBK-002473,Detractor
FB-10474,TRX-18396,1.0,1,Sin Comentario,Sin Respuesta,False,39.0,-69.8,FBK-002474,Detractor
FB-10475,TRX-15138,3.0,3,Lento,No,True,23.0,84.7,FBK-002475,Promotor
FB-10476,TRX-16122,3.0,5,Sin Comentario,Sí,True,47.0,65.9,FBK-002476,Promotor
FB-10477,TRX-11367,2.0,5,No volvería,Sin Respuesta,True,74.0,53.3,FBK-002477,Promotor
FB-10478,TRX-16769,4.0,2,Precio justo,Sin Respuesta,False,25.0,54.9,FBK-002478,Promotor
FB-10479,TRX-18289,2.0,4,Sin Comentario,Sí,False,34.0,-97.1,FBK-002479,Detractor
FB-10480,TRX-17374,3.0,4,Precio justo,No,False,49.0,20.5,FBK-002480,Pasivo
FB-10481,TRX-14306,5.0,4,Sin Comentario,Tal vez,False,65.0,18.2,FBK-002481,Pasivo
FB-10482,TRX-10699,1.0,5,Excelente,Tal vez,False,26.0,98.5,FBK-002482,Promotor
FB-10483,TRX-10934,3.0,3,Precio justo,No,False,61.0,26.5,FBK-002483,Pasivo
FB-10484,TRX-14011,4.0,2,Sin Comentario,Tal vez,True,20.0,30.1,FBK-002484,Pasivo
FB-10485,TRX-19188,4.0,3,Excelente,Sin Respuesta,True,61.0,-23.8,FBK-002485,Detractor
FB-10486,TRX-10130,5.0,4,Lento,Tal vez,False,67.0,0.1,FBK-002486,Pasivo
FB-10487,TRX-12532,4.0,5,Sin Comentario,No,False,65.0,-20.9,FBK-002487,Detractor
FB-10488,TRX-11725,5.0,4,No volvería,No,True,24.0,82.3,FBK-002488,Promotor
FB-10489,TRX-14762,4.0,3,Sin Comentario,No,False,27.0,-59.4,FBK-002489,Detractor
FB-10490,TRX-16157,2.0,4,Precio justo,Sin Respuesta,False,35.0,-69.9,FBK-002490,Detractor
FB-10491,TRX-12592,1.0,1,Lento,No,False,50.0,99.4,FBK-002491,Promotor
FB-10492,TRX-19341,1.0,2,Precio justo,Tal vez,True,81.0,86.2,FBK-002492,Promotor
FB-10493,TRX-16541,3.0,3,Dañado,No,False,56.0,18.6,FBK-002493,Pasivo
FB-10494,TRX-11195,3.0,1,Sin Comentario,No,True,73.0,54.6,FBK-002494,Promotor
FB-10495,TRX-13654,2.0,4,Precio justo,No,False,67.0,-77.8,FBK-002495,Detractor
FB-10496,TRX-16360,2.0,2,Lento,Sin Respuesta,False,45.0,53.7,FBK-002496,Promotor
FB-10497,TRX-17573,1.0,2,Precio justo,Sin Respuesta,False,83.0,-7.0,FBK-002497,Detractor
FB-10498,TRX-11531,3.0,2,Dañado,Sin Respuesta,True,48.0,65.4,FBK-002498,Promotor
FB-10499,TRX-15716,3.0,5,Sin Comentario,Sin Respuesta,False,28.0,3.1,FBK-002499,Pasivo
FB-10500,TRX-17632,1.0,2,Sin Comentario,Sí,True,40.0,45.4,FBK-002500,Pasivo
FB-10501,TRX-17675,5.0,1,Precio justo,Sí,False,64.0,-32.1,FBK-002501,Detractor
FB-10502,TRX-18767,2.0,3,Sin Comentario,Tal vez,True,81.0,46.4,FBK-002502,Pasivo
FB-10503,TRX-17616,3.0,1,Lento,No,True,77.0,-45.6,FBK-002503,Detractor
FB-10504,TRX-11787,1.0,4,Sin Comentario,Sin Respuesta,True,40.0,90.9,FBK-002504,Promotor
FB-10505,TRX-11406,2.0,5,Sin Comentario,Sin Respuesta,True,52.0,34.1,FBK-002505,Pasivo
FB-10506,TRX-12953,1.0,5,Excelente,No,True,69.0,-4.3,FBK-002506,Detractor
FB-10507,TRX-11775,5.0,4,Sin Comentario,No,False,66.0,21.2,FBK-002507,Pasivo
FB-10508,TRX-16503,4.0,3,Lento,Sí,False,49.0,23.3,FBK-002508,Pasivo
FB-10509,TRX-17096,3.0,5,Excelente,No,True,55.0,70.9,FBK-002509,Promotor
FB-10510,TRX-13268,2.0,4,Sin Comentario,Sí,False,63.0,11.7,FBK-002510,Pasivo
FB-10511,TRX-16578,1.0,4,Excelente,No,False,79.0,12.7,FBK-002511,Pasivo
FB-10512,TRX-15385,1.0,4,No volvería,No,False,49.0,17.3,FBK-002512,Pasivo
FB-10513,TRX-11056,2.0,4,Sin Comentario,Sin Respuesta,True,43.0,54.6,FBK-002513,Promotor
FB-10514,TRX-15198,3.0,2,Lento,Sin Respuesta,False,32.0,-1.8,FBK-002514,Detractor
FB-10515,TRX-15610,3.0,3,Sin Comentario,Sí,True,38.0,-57.4,FBK-002515,Detractor
FB-10516,TRX-19901,1.0,4,No volvería,No,True,84.0,-16.4,FBK-002516,Detractor
FB-10517,TRX-17967,3.0,2,Excelente,Sin Respuesta,False,47.0,-24.9,FBK-002517,Detractor
FB-10518,TRX-13483,4.0,2,Precio justo,Sí,True,22.0,-88.3,FBK-002518,Detractor
FB-10519,TRX-17802,5.0,1,Excelente,Sin Respuesta,True,69.0,60.0,FBK-002519,Promotor
FB-10520,TRX-11873,5.0,4,Lento,Tal vez,False,33.0,67.3,FBK-002520,Promotor
FB-10521,TRX-14560,4.0,2,Lento,Sí,True,23.0,-46.6,FBK-002521,Detractor
FB-10522,TRX-17447,3.0,1,Lento,Tal vez,False,57.0,-35.2,FBK-002522,Detractor
FB-10523,TRX-10627,1.0,1,Lento,No,False,43.0,-35.8,FBK-002523,Detractor
FB-10524,TRX-18930,3.0,4,Sin Comentario,Sí,True,73.0,3.5,FBK-002524,Pasivo
FB-10525,TRX-12551,2.0,5,Precio justo,Tal vez,True,18.0,-6.2,FBK-002525,Detractor
FB-10526,TRX-17699,2.0,2,Sin Comentario,No,False,75.0,77.4,FBK-002526,Promotor
FB-10527,TRX-12384,3.0,5,No volvería,Sí,True,71.0,-1.3,FBK-002527,Detractor
FB-10528,TRX-13497,4.0,1,Dañado,No,False,37.0,-64.4,FBK-002528,Detractor
FB-10529,TRX-15245,2.0,5,No volvería,Tal vez,False,56.0,49.5,FBK-002529,Pasivo
FB-10530,TRX-19309,5.0,5,Excelente,Sí,False,21.0,73.6,FBK-002530,Promotor
FB-10531,TRX-10513,1.0,4,Lento,No,False,55.0,21.9,FBK-002531,Pasivo
FB-10532,TRX-19848,4.0,1,Lento,No,True,63.0,52.9,FBK-002532,Promotor
FB-10533,TRX-16230,2.0,3,Dañado,Sin Respuesta,True,59.0,-55.1,FBK-002533,Detractor
FB-10534,TRX-11022,1.0,2,Sin Comentario,Tal vez,False,47.0,80.0,FBK-002534,Promotor
FB-10535,TRX-15922,5.0,4,Sin Comentario,Sí,True,53.0,-84.9,FBK-002535,Detractor
FB-10536,TRX-17046,2.0,4,No volvería,Sí,True,39.0,79.8,FBK-002536,Promotor
FB-10537,TRX-17756,2.0,3,Excelente,No,False,57.0,-27.2,FBK-002537,Detractor
FB-10538,TRX-13496,1.0,4,Lento,Tal vez,False,35.0,-82.0,FBK-002538,Detractor
FB-10539,TRX-10886,1.0,1,Sin Comentario,No,True,22.0,-63.7,FBK-002539,Detractor
FB-10540,TRX-13465,3.0,4,Sin Comentario,No,False,61.0,97.8,FBK-002540,Promotor
FB-10541,TRX-10375,2.0,4,Dañado,Sí,False,22.0,-25.4,FBK-002541,Detractor
FB-10542,TRX-16929,5.0,3,Dañado,No,True,56.0,54.8,FBK-002542,Promotor
FB-10543,TRX-14421,1.0,2,Sin Comentario,Sí,False,38.0,-4.6,FBK-002543,Detractor
FB-10544,TRX-14129,4.0,2,Excelente,Sí,True,77.0,15.3,FBK-002544,Pasivo
FB-10545,TRX-12885,2.0,5,Dañado,Sin Respuesta,True,49.0,27.3,FBK-002545,Pasivo
FB-10546,TRX-11369,4.0,1,Sin Comentario,Sí,False,84.0,20.6,FBK-002546,Pasivo
FB-10547,TRX-12322,2.0,3,Dañado,Sin Respuesta,True,30.0,99.7,FBK-002547,Promotor
FB-10548,TRX-11134,1.0,2,No volvería,No,True,23.0,10.3,FBK-002548,Pasivo
FB-10549,TRX-14487,3.0,3,Lento,Sí,False,65.0,24.3,FBK-002549,Pasivo
FB-10550,TRX-16636,3.0,5,No volvería,Sí,False,40.0,-30.1,FBK-002550,Detractor
FB-10551,TRX-11338,2.0,2,Dañado,Sin Respuesta,True,39.0,-51.9,FBK-002551,Detractor
FB-10552,TRX-14887,1.0,3,Precio justo,Sin Respuesta,True,62.0,-10.2,FBK-002552,Detractor
FB-10553,TRX-17396,1.0,1,Excelente,Sí,False,75.0,22.8,FBK-002553,Pasivo
FB-10554,TRX-16876,1.0,1,Sin Comentario,Tal vez,False,57.0,-37.1,FBK-002554,Detractor
FB-10555,TRX-18597,4.0,5,Dañado,Tal vez,True,66.0,-0.1,FBK-002555,Detractor
FB-10556,TRX-13507,1.0,2,Dañado,Sin Respuesta,True,51.0,63.0,FBK-002556,Promotor
FB-10557,TRX-14250,4.0,2,Sin Comentario,Sí,True,18.0,-15.2,FBK-002557,Detractor
FB-10558,TRX-13015,5.0,1,No volvería,No,True,39.0,15.6,FBK-002558,Pasivo
FB-10559,TRX-10880,3.0,5,Excelente,No,True,84.0,85.0,FBK-002559,Promotor
FB-10560,TRX-11514,1.0,4,Sin Comentario,Tal vez,False,74.0,24.6,FBK-002560,Pasivo
FB-10561,TRX-17021,5.0,1,Lento,Tal vez,True,83.0,-37.8,FBK-002561,Detractor
FB-10562,TRX-15603,1.0,1,Excelente,No,True,67.0,14.0,FBK-002562,Pasivo
FB-10563,TRX-14864,5.0,3,Dañado,Sin Respuesta,True,41.0,72.2,FBK-002563,Promotor
FB-10564,TRX-12695,1.0,5,No volvería,Sí,False,83.0,-69.4,FBK-002564,Detractor
FB-10565,TRX-13253,3.0,4,Sin Comentario,Tal vez,False,29.0,64.7,FBK-002565,Promotor
FB-10566,TRX-15722,1.0,5,Precio justo,Sí,True,22.0,-79.9,FBK-002566,Detractor
FB-10567,TRX-16866,4.0,5,Dañado,Sin Respuesta,False,27.0,91.4,FBK-002567,Promotor
FB-10568,TRX-17890,1.0,1,Excelente,Sin Respuesta,False,39.0,-68.1,FBK-002568,Detractor
FB-10569,TRX-17790,2.0,1,Sin Comentario,Tal vez,True,24.0,-6.8,FBK-002569,Detractor
FB-10570,TRX-18773,4.0,1,Sin Comentario,Sin Respuesta,True,21.0,90.2,FBK-002570,Promotor
FB-10571,TRX-12632,5.0,3,Sin Comentario,No,True,83.0,-58.2,FBK-002571,Detractor
FB-10572,TRX-17156,1.0,4,Excelente,Sin Respuesta,True,74.0,28.4,FBK-002572,Pasivo
FB-10573,TRX-15811,1.0,4,Precio justo,Tal vez,False,43.0,47.5,FBK-002573,Pasivo
FB-10574,TRX-19344,1.0,5,Excelente,Sin Respuesta,False,39.0,-92.4,FBK-002574,Detractor
FB-10575,TRX-16375,2.0,1,Sin Comentario,Sin Respuesta,False,79.0,18.8,FBK-002575,Pasivo
FB-10576,TRX-10162,3.0,5,Excelente,Tal vez,False,36.0,52.0,FBK-002576,Promotor
FB-10577,TRX-19189,3.0,1,Sin Comentario,Tal vez,False,58.0,93.9,FBK-002577,Promotor
FB-10578,TRX-19783,4.0,5,Sin Comentario,Sí,False,39.0,-72.2,FBK-002578,Detractor
FB-10579,TRX-13253,4.0,5,No volvería,No,False,44.0,72.7,FBK-002579,Promotor
FB-10580,TRX-11274,2.0,3,Excelente,Tal vez,True,19.0,25.9,FBK-002580,Pasivo
FB-10581,TRX-19477,2.0,3,Lento,Sin Respuesta,True,38.0,45.5,FBK-002581,Pasivo
FB-10582,TRX-12369,2.0,5,Precio justo,Sí,False,39.0,48.1,FBK-002582,Pasivo
FB-10583,TRX-15304,5.0,1,Dañado,Sin Respuesta,True,26.0,44.8,FBK-002583,Pasivo
FB-10584,TRX-15185,2.0,5,Sin Comentario,No,False,48.0,84.6,FBK-002584,Promotor
FB-10585,TRX-10232,2.0,1,Precio justo,Sin Respuesta,True,62.0,-75.4,FBK-002585,Detractor
FB-10586,TRX-12465,2.0,2,Sin Comentario,Sí,True,18.0,-43.3,FBK-002586,Detractor
FB-10587,TRX-17514,2.0,4,Dañado,No,False,32.0,80.7,FBK-002587,Promotor
FB-10588,TRX-12416,3.0,5,No volvería,Sin Respuesta,False,47.0,-8.7,FBK-002588,Detractor
FB-10589,TRX-18182,1.0,2,Excelente,Sí,True,30.0,-18.8,FBK-002589,Detractor
FB-10590,TRX-15184,1.0,5,Sin Comentario,Sin Respuesta,True,51.0,7.8,FBK-002590,Pasivo
FB-10591,TRX-11861,3.0,3,Dañado,No,False,42.0,-37.9,FBK-002591,Detractor
FB-10592,TRX-16658,2.0,4,Dañado,Sin Respuesta,False,74.0,19.5,FBK-002592,Pasivo
FB-10593,TRX-14305,5.0,5,No volvería,Sin Respuesta,True,50.0,75.9,FBK-002593,Promotor
FB-10594,TRX-18531,5.0,3,Sin Comentario,Sí,True,33.0,-20.9,FBK-002594,Detractor
FB-10595,TRX-10060,4.0,3,Precio justo,Sin Respuesta,True,44.0,-58.4,FBK-002595,Detractor
FB-10596,TRX-17381,1.0,2,Sin Comentario,Tal vez,False,43.0,-68.8,FBK-002596,Detractor
FB-10597,TRX-12059,4.0,3,Precio justo,No,True,79.0,39.5,FBK-002597,Pasivo
FB-10598,TRX-17361,2.0,2,Precio justo,Sí,False,36.0,-85.3,FBK-002598,Detractor
FB-10599,TRX-19476,4.0,1,Excelente,Tal vez,True,39.0,-85.0,FBK-002599,Detractor
FB-10600,TRX-11596,2.0,1,No volvería,Tal vez,False,50.0,92.3,FBK-002600,Promotor
FB-10601,TRX-10597,4.0,1,Dañado,No,True,74.0,33.4,FBK-002601,Pasivo
FB-10602,TRX-13581,3.0,1,Precio justo,Sí,True,52.0,-62.2,FBK-002602,Detractor
FB-10603,TRX-13074,2.0,5,Precio justo,Tal vez,False,31.0,26.5,FBK-002603,Pasivo
FB-10604,TRX-16884,5.0,2,Precio justo,Sin Respuesta,True,24.0,15.8,FBK-002604,Pasivo
FB-10605,TRX-18947,2.0,1,Lento,Tal vez,False,27.0,55.8,FBK-002605,Promotor
FB-10606,TRX-12721,5.0,3,Excelente,No,True,65.0,-15.3,FBK-002606,Detractor
FB-10607,TRX-19845,5.0,2,Precio justo,Tal vez,False,63.0,-96.6,FBK-002607,Detractor
FB-10608,TRX-16185,4.0,5,Sin Comentario,Sí,True,43.0,-12.0,FBK-002608,Detractor
FB-10609,TRX-13541,1.0,1,Lento,Tal vez,False,35.0,38.3,FBK-002609,Pasivo
FB-10610,TRX-15703,1.0,2,Sin Comentario,Tal vez,True,82.0,91.5,FBK-002610,Promotor
FB-10611,TRX-13436,1.0,4,No volvería,No,False,20.0,68.0,FBK-002611,Promotor
FB-10612,TRX-13131,5.0,1,Dañado,Tal vez,False,46.0,-95.4,FBK-002612,Detractor
FB-10613,TRX-19450,1.0,2,Precio justo,Tal vez,False,22.0,-51.1,FBK-002613,Detractor
FB-10614,TRX-10235,2.0,1,Excelente,Sí,True,32.0,10.0,FBK-002614,Pasivo
FB-10615,TRX-16066,2.0,4,Precio justo,No,False,43.0,-88.9,FBK-002615,Detractor
FB-10616,TRX-15960,2.0,3,Excelente,No,True,53.0,19.1,FBK-002616,Pasivo
FB-10617,TRX-10265,5.0,3,Lento,No,True,21.0,-14.2,FBK-002617,Detractor
FB-10618,TRX-14947,5.0,4,Excelente,No,False,46.0,33.7,FBK-002618,Pasivo
FB-10619,TRX-15029,1.0,2,Sin Comentario,Sin Respuesta,True,56.0,-55.9,FBK-002619,Detractor
FB-10620,TRX-18226,4.0,5,No volvería,Sin Respuesta,True,39.0,-62.6,FBK-002620,Detractor
FB-10621,TRX-12043,5.0,1,Excelente,Sin Respuesta,False,79.0,83.0,FBK-002621,Promotor
FB-10622,TRX-18177,3.0,5,Sin Comentario,No,False,82.0,-31.3,FBK-002622,Detractor
FB-10623,TRX-17471,2.0,1,Dañado,No,False,63.0,94.2,FBK-002623,Promotor
FB-10624,TRX-16783,2.0,5,Lento,Sin Respuesta,True,71.0,-68.1,FBK-002624,Detractor
FB-10625,TRX-16723,1.0,1,Excelente,No,False,23.0,50.7,FBK-002625,Promotor
FB-10626,TRX-15762,4.0,3,Precio justo,Tal vez,False,28.0,-59.7,FBK-002626,Detractor
FB-10627,TRX-15770,2.0,1,Sin Comentario,Sí,False,18.0,43.2,FBK-002627,Pasivo
FB-10628,TRX-18887,5.0,1,No volvería,No,True,82.0,-47.5,FBK-002628,Detractor
FB-10629,TRX-16977,4.0,4,Sin Comentario,Tal vez,False,24.0,-33.7,FBK-002629,Detractor
FB-10630,TRX-18571,2.0,4,Dañado,Tal vez,True,60.0,28.3,FBK-002630,Pasivo
FB-10631,TRX-15502,1.0,1,Excelente,Sin Respuesta,True,59.0,-93.3,FBK-002631,Detractor
FB-10632,TRX-11857,1.0,1,Excelente,Sí,True,51.0,-50.7,FBK-002632,Detractor
FB-10633,TRX-12880,1.0,2,Dañado,No,False,24.0,71.5,FBK-002633,Promotor
FB-10634,TRX-17517,5.0,3,Dañado,No,True,48.0,-37.7,FBK-002634,Detractor
FB-10635,TRX-17018,1.0,1,Excelente,Sí,True,73.0,91.2,FBK-002635,Promotor
FB-10636,TRX-16113,3.0,1,Precio justo,Tal vez,True,18.0,-71.4,FBK-002636,Detractor
FB-10637,TRX-12898,5.0,3,Precio justo,No,False,43.0,44.3,FBK-002637,Pasivo
FB-10638,TRX-19056,3.0,2,Precio justo,No,False,46.0,-67.4,FBK-002638,Detractor
FB-10639,TRX-19746,1.0,4,Excelente,Sí,True,52.0,52.8,FBK-002639,Promotor
FB-10640,TRX-12664,4.0,4,Lento,Tal vez,False,54.0,-57.4,FBK-002640,Detractor
FB-10641,TRX-18892,5.0,3,Excelente,Tal vez,False,27.0,73.2,FBK-002641,Promotor
FB-10642,TRX-17141,3.0,1,Lento,Tal vez,True,21.0,24.8,FBK-002642,Pasivo
FB-10643,TRX-16251,5.0,4,Precio justo,No,False,78.0,76.2,FBK-002643,Promotor
FB-10644,TRX-14669,3.0,1,Excelente,Tal vez,True,24.0,25.6,FBK-002644,Pasivo
FB-10645,TRX-17167,5.0,5,Sin Comentario,Sí,False,66.0,61.3,FBK-002645,Promotor
FB-10646,TRX-14640,2.0,1,Precio justo,Sin Respuesta,True,78.0,74.0,FBK-002646,Promotor
FB-10647,TRX-11625,3.0,4,Excelente,Sin Respuesta,True,31.0,-6.2,FBK-002647,Detractor
FB-10648,TRX-11435,3.0,1,Precio justo,Sí,True,41.0,34.7,FBK-002648,Pasivo
FB-10649,TRX-11700,5.0,1,Dañado,Sí,True,68.0,-94.7,FBK-002649,Detractor
FB-10650,TRX-11468,4.0,2,Sin Comentario,Sí,False,48.0,-0.7,FBK-002650,Detractor
FB-10651,TRX-10269,2.0,2,Excelente,Tal vez,False,19.0,-57.5,FBK-002651,Detractor
FB-10652,TRX-16738,3.0,1,Lento,Sí,False,60.0,-77.1,FBK-002652,Detractor
FB-10653,TRX-11698,1.0,3,Precio justo,No,False,68.0,99.3,FBK-002653,Promotor
FB-10654,TRX-18133,1.0,3,Sin Comentario,Sin Respuesta,False,28.0,99.4,FBK-002654,Promotor
FB-10655,TRX-18924,5.0,3,Sin Comentario,No,True,66.0,-57.4,FBK-002655,Detractor
FB-10656,TRX-11633,4.0,3,Sin Comentario,No,False,33.0,79.5,FBK-002656,Promotor
FB-10657,TRX-17276,2.0,4,No volvería,Tal vez,True,58.0,79.4,FBK-002657,Promotor
FB-10658,TRX-18247,3.0,3,Lento,Tal vez,False,47.0,95.3,FBK-002658,Promotor
FB-10659,TRX-19522,1.0,4,No volvería,Sin Respuesta,False,62.0,-21.5,FBK-002659,Detractor
FB-10660,TRX-10534,3.0,3,Precio justo,Tal vez,True,33.0,86.4,FBK-002660,Promotor
FB-10661,TRX-14749,1.0,1,Sin Comentario,Tal vez,True,48.0,56.4,FBK-002661,Promotor
FB-10662,TRX-16891,5.0,3,Sin Comentario,Sin Respuesta,True,28.0,47.0,FBK-002662,Pasivo
FB-10663,TRX-13471,5.0,1,Excelente,Sí,False,25.0,-50.4,FBK-002663,Detractor
FB-10664,TRX-13651,3.0,1,Excelente,Sin Respuesta,False,29.0,-1.9,FBK-002664,Detractor
FB-10665,TRX-17448,5.0,2,Excelente,Sin Respuesta,False,78.0,57.6,FBK-002665,Promotor
FB-10666,TRX-19037,2.0,5,No volvería,Sí,True,55.0,69.4,FBK-002666,Promotor
FB-10667,TRX-16243,5.0,5,Sin Comentario,Sí,True,72.0,-60.4,FBK-002667,Detractor
FB-10668,TRX-11875,2.0,1,Sin Comentario,Sin Respuesta,False,30.0,-37.8,FBK-002668,Detractor
FB-10669,TRX-13204,5.0,5,Sin Comentario,Sí,False,52.0,-67.5,FBK-002669,Detractor
FB-10670,TRX-17693,3.0,5,Precio justo,Sí,False,79.0,-69.7,FBK-002670,Detractor
FB-10671,TRX-12038,2.0,3,Dañado,Sin Respuesta,False,37.0,-57.3,FBK-002671,Detractor
FB-10672,TRX-15744,4.0,5,Sin Comentario,Sí,False,71.0,81.9,FBK-002672,Promotor
FB-10673,TRX-17601,3.0,5,Excelente,No,True,84.0,-27.5,FBK-002673,Detractor
FB-10674,TRX-16765,2.0,5,Precio justo,Tal vez,False,80.0,-0.5,FBK-002674,Detractor
FB-10675,TRX-16484,1.0,2,Dañado,Tal vez,False,26.0,-97.7,FBK-002675,Detractor
FB-10676,TRX-10124,1.0,5,Dañado,Sin Respuesta,False,78.0,50.6,FBK-002676,Promotor
FB-10677,TRX-16138,4.0,3,Sin Comentario,Sí,True,67.0,-42.3,FBK-002677,Detractor
FB-10678,TRX-13668,1.0,4,Precio justo,No,True,76.0,40.8,FBK-002678,Pasivo
FB-10679,TRX-18315,3.0,2,Excelente,Sí,True,65.0,-60.2,FBK-002679,Detractor
FB-10680,TRX-14646,2.0,3,Excelente,Sí,True,34.0,-24.6,FBK-002680,Detractor
FB-10681,TRX-14384,3.0,1,Lento,Sí,False,69.0,3.5,FBK-002681,Pasivo
FB-10682,TRX-14333,5.0,3,Precio justo,Sin Respuesta,False,68.0,26.3,FBK-002682,Pasivo
FB-10683,TRX-15036,5.0,4,Sin Comentario,Tal vez,True,83.0,-67.0,FBK-002683,Detractor
FB-10684,TRX-16794,1.0,2,Dañado,Tal vez,False,74.0,-13.5,FBK-002684,Detractor
FB-10685,TRX-13957,4.0,4,No volvería,No,False,32.0,-97.6,FBK-002685,Detractor
FB-10686,TRX-10068,4.0,1,No volvería,No,False,19.0,-73.5,FBK-002686,Detractor
FB-10687,TRX-16792,5.0,1,Sin Comentario,Sí,True,44.0,-34.4,FBK-002687,Detractor
FB-10688,TRX-10535,4.0,1,Sin Comentario,No,False,69.0,87.4,FBK-002688,Promotor
FB-10689,TRX-10254,4.0,3,Excelente,No,False,68.0,76.7,FBK-002689,Promotor
FB-10690,TRX-10430,1.0,3,Lento,No,False,55.0,4.8,FBK-002690,Pasivo
FB-10691,TRX-12512,3.0,5,Sin Comentario,Sí,True,36.0,20.9,FBK-002691,Pasivo
FB-10692,TRX-16134,3.0,1,Sin Comentario,Sí,False,47.0,-42.3,FBK-002692,Detractor
FB-10693,TRX-18502,2.0,4,Sin Comentario,Tal vez,False,30.0,34.0,FBK-002693,Pasivo
FB-10694,TRX-19829,3.0,1,No volvería,Sin Respuesta,True,44.0,-52.6,FBK-002694,Detractor
FB-10695,TRX-15201,3.0,2,Excelente,Sí,True,63.0,-99.5,FBK-002695,Detractor
FB-10696,TRX-15490,1.0,3,Lento,Tal vez,True,36.0,92.6,FBK-002696,Promotor
FB-10697,TRX-12792,1.0,1,No volvería,No,True,36.0,-23.7,FBK-002697,Detractor
FB-10698,TRX-19374,3.0,5,Dañado,No,False,58.0,4.5,FBK-002698,Pasivo
FB-10699,TRX-17045,2.0,1,No volvería,Sin Respuesta,False,32.0,-80.0,FBK-002699,Detractor
FB-10700,TRX-13962,3.0,5,No volvería,Sí,True,45.0,5.5,FBK-002700,Pasivo
FB-10701,TRX-19105,3.0,3,No volvería,Sin Respuesta,True,45.0,80.5,FBK-002701,Promotor
FB-10702,TRX-16412,3.0,3,Sin Comentario,Tal vez,True,67.0,75.5,FBK-002702,Promotor
FB-10703,TRX-13156,5.0,5,No volvería,Sin Respuesta,False,50.0,15.6,FBK-002703,Pasivo
FB-10704,TRX-16444,2.0,2,Excelente,Sin Respuesta,False,61.0,71.3,FBK-002704,Promotor
FB-10705,TRX-10845,3.0,3,Precio justo,No,True,72.0,-27.2,FBK-002705,Detractor
FB-10706,TRX-19467,1.0,5,Dañado,No,True,26.0,-61.5,FBK-002706,Detractor
FB-10707,TRX-17030,3.0,3,Sin Comentario,No,False,53.0,-15.7,FBK-002707,Detractor
FB-10708,TRX-12111,4.0,1,Precio justo,Tal vez,False,19.0,61.9,FBK-002708,Promotor
FB-10709,TRX-16396,5.0,4,Excelente,Tal vez,True,60.0,41.4,FBK-002709,Pasivo
FB-10710,TRX-12846,5.0,2,No volvería,Sí,True,43.0,-23.1,FBK-002710,Detractor
FB-10711,TRX-16604,5.0,4,Sin Comentario,Sí,True,40.0,-31.7,FBK-002711,Detractor
FB-10712,TRX-15212,2.0,2,Lento,No,False,77.0,92.9,FBK-002712,Promotor
FB-10713,TRX-18475,5.0,1,Lento,No,True,23.0,-47.3,FBK-002713,Detractor
FB-10714,TRX-12595,3.0,5,Precio justo,Sin Respuesta,True,78.0,-38.4,FBK-002714,Detractor
FB-10715,TRX-17166,2.0,5,Sin Comentario,Sí,True,82.0,-30.5,FBK-002715,Detractor
FB-10716,TRX-13784,4.0,5,Sin Comentario,Sin Respuesta,False,58.0,56.6,FBK-002716,Promotor
FB-10717,TRX-11631,1.0,1,Lento,Tal vez,False,43.0,70.0,FBK-002717,Promotor
FB-10718,TRX-12069,5.0,4,Precio justo,Tal vez,False,30.0,-56.6,FBK-002718,Detractor
FB-10719,TRX-18261,3.0,3,Dañado,Tal vez,True,33.0,-18.5,FBK-002719,Detractor
FB-10720,TRX-11939,2.0,5,Lento,Sí,False,61.0,73.1,FBK-002720,Promotor
FB-10721,TRX-19452,3.0,3,Sin Comentario,Tal vez,True,47.0,-37.3,FBK-002721,Detractor
FB-10722,TRX-16422,5.0,4,Sin Comentario,Sí,True,19.0,-19.2,FBK-002722,Detractor
FB-10723,TRX-14263,1.0,3,No volvería,No,True,55.0,10.7,FBK-002723,Pasivo
FB-10724,TRX-19058,2.0,3,Excelente,Sin Respuesta,False,40.0,28.3,FBK-002724,Pasivo
FB-10725,TRX-12605,3.0,3,Dañado,Sin Respuesta,False,46.0,-39.3,FBK-002725,Detractor
FB-10726,TRX-15282,2.0,1,Sin Comentario,Tal vez,True,74.0,15.2,FBK-002726,Pasivo
FB-10727,TRX-13338,5.0,4,Lento,Sin Respuesta,False,74.0,44.9,FBK-002727,Pasivo
FB-10728,TRX-11527,5.0,3,Sin Comentario,Tal vez,True,32.0,-82.0,FBK-002728,Detractor
FB-10729,TRX-11528,4.0,5,Lento,Sí,True,83.0,99.9,FBK-002729,Promotor
FB-10730,TRX-10420,4.0,5,Sin Comentario,Tal vez,False,84.0,86.5,FBK-002730,Promotor
FB-10731,TRX-17166,5.0,4,Sin Comentario,Tal vez,True,35.0,-69.4,FBK-002731,Detractor
FB-10732,TRX-10189,2.0,1,Precio justo,Sin Respuesta,True,78.0,-33.6,FBK-002732,Detractor
FB-10733,TRX-19720,3.0,3,Dañado,Sin Respuesta,True,56.0,-43.7,FBK-002733,Detractor
FB-10734,TRX-12507,3.0,1,Excelente,Sí,False,24.0,-95.6,FBK-002734,Detractor
FB-10735,TRX-10455,2.0,4,Excelente,Sin Respuesta,False,43.0,0.4,FBK-002735,Pasivo
FB-10736,TRX-18907,1.0,2,Precio justo,Sí,False,41.0,-68.4,FBK-002736,Detractor
FB-10737,TRX-11290,2.0,5,Precio justo,Sin Respuesta,True,54.0,-72.7,FBK-002737,Detractor
FB-10738,TRX-19368,5.0,3,Precio justo,Tal vez,False,40.0,-57.9,FBK-002738,Detractor
FB-10739,TRX-16265,5.0,3,Lento,No,True,50.0,51.9,FBK-002739,Promotor
FB-10740,TRX-10414,4.0,4,Sin Comentario,Sin Respuesta,True,19.0,-74.2,FBK-002740,Detractor
FB-10741,TRX-12138,3.0,4,Dañado,Sin Respuesta,True,47.0,25.7,FBK-002741,Pasivo
FB-10742,TRX-17433,4.0,1,Excelente,Sin Respuesta,True,78.0,-41.8,FBK-002742,Detractor
FB-10743,TRX-15867,3.0,5,No volvería,Sí,False,29.0,-86.3,FBK-002743,Detractor
FB-10744,TRX-13056,2.0,1,Excelente,Sí,True,66.0,95.6,FBK-002744,Promotor
FB-10745,TRX-13927,1.0,4,Sin Comentario,Sin Respuesta,False,23.0,29.5,FBK-002745,Pasivo
FB-10746,TRX-13633,3.0,5,Dañado,Sí,True,27.0,-59.3,FBK-002746,Detractor
FB-10747,TRX-14864,1.0,4,Precio justo,Sí,True,78.0,1.2,FBK-002747,Pasivo
FB-10748,TRX-13175,1.0,1,Lento,Sí,False,67.0,-22.3,FBK-002748,Detractor
FB-10749,TRX-18772,1.0,1,Excelente,Sí,False,80.0,-64.9,FBK-002749,Detractor
FB-10750,TRX-14018,2.0,1,No volvería,Sí,False,21.0,92.2,FBK-002750,Promotor
FB-10751,TRX-16194,1.0,2,Lento,Tal vez,False,21.0,71.9,FBK-002751,Promotor
FB-10752,TRX-14267,1.0,1,Excelente,Sin Respuesta,False,54.0,-26.2,FBK-002752,Detractor
FB-10753,TRX-10847,5.0,3,Sin Comentario,No,True,72.0,62.2,FBK-002753,Promotor
FB-10754,TRX-14505,5.0,1,Dañado,Sin Respuesta,True,50.0,-62.1,FBK-002754,Detractor
FB-10755,TRX-11359,3.0,4,Sin Comentario,No,False,69.0,-85.0,FBK-002755,Detractor
FB-10756,TRX-12355,5.0,1,Excelente,No,True,80.0,5.3,FBK-002756,Pasivo
FB-10757,TRX-10379,3.0,4,No volvería,Sí,False,39.0,-21.5,FBK-002757,Detractor
FB-10758,TRX-19492,1.0,4,Lento,Sin Respuesta,False,73.0,-86.0,FBK-002758,Detractor
FB-10759,TRX-11694,5.0,5,Excelente,Sin Respuesta,False,75.0,26.1,FBK-002759,Pasivo
FB-10760,TRX-11817,4.0,2,No volvería,Sí,True,42.0,63.9,FBK-002760,Promotor
FB-10761,TRX-17522,2.0,4,Sin Comentario,No,False,18.0,5.5,FBK-002761,Pasivo
FB-10762,TRX-19763,5.0,4,Excelente,Tal vez,False,45.0,-89.2,FBK-002762,Detractor
FB-10763,TRX-12010,2.0,3,Excelente,Sí,True,65.0,-24.5,FBK-002763,Detractor
FB-10764,TRX-11754,5.0,1,Sin Comentario,No,True,83.0,-49.8,FBK-002764,Detractor
FB-10765,TRX-12323,5.0,2,Sin Comentario,No,True,72.0,-70.3,FBK-002765,Detractor
FB-10766,TRX-14627,4.0,2,Precio justo,No,False,19.0,-0.2,FBK-002766,Detractor
FB-10767,TRX-14292,1.0,5,Sin Comentario,No,False,50.0,-86.9,FBK-002767,Detractor
FB-10768,TRX-12959,3.0,4,No volvería,Tal vez,True,66.0,-87.4,FBK-002768,Detractor
FB-10769,TRX-11520,5.0,4,Excelente,Sí,False,53.0,55.3,FBK-002769,Promotor
FB-10770,TRX-11267,5.0,3,Sin Comentario,Tal vez,True,47.0,-14.5,FBK-002770,Detractor
FB-10771,TRX-18097,2.0,2,Lento,Sin Respuesta,True,35.0,48.9,FBK-002771,Pasivo
FB-10772,TRX-15921,1.0,1,Dañado,Tal vez,False,53.0,-34.7,FBK-002772,Detractor
FB-10773,TRX-13407,5.0,5,Sin Comentario,Sin Respuesta,True,41.0,-30.0,FBK-002773,Detractor
FB-10774,TRX-16402,5.0,5,Precio justo,Sí,False,18.0,-14.3,FBK-002774,Detractor
FB-10775,TRX-11649,3.0,5,Sin Comentario,Tal vez,True,63.0,-39.1,FBK-002775,Detractor
FB-10776,TRX-18045,1.0,5,Precio justo,Sin Respuesta,False,41.0,11.8,FBK-002776,Pasivo
FB-10777,TRX-10359,1.0,2,Precio justo,Sí,True,38.0,-85.4,FBK-002777,Detractor
FB-10778,TRX-16778,5.0,4,Dañado,Sí,True,46.0,11.5,FBK-002778,Pasivo
FB-10779,TRX-11205,1.0,2,Sin Comentario,No,False,81.0,42.7,FBK-002779,Pasivo
FB-10780,TRX-17971,1.0,1,No volvería,Sin Respuesta,False,27.0,98.4,FBK-002780,Promotor
FB-10781,TRX-11250,3.0,5,Lento,Tal vez,False,30.0,27.5,FBK-002781,Pasivo
FB-10782,TRX-13445,4.0,2,Dañado,Tal vez,False,28.0,41.8,FBK-002782,Pasivo
FB-10783,TRX-16879,3.0,1,Lento,Sí,True,75.0,19.0,FBK-002783,Pasivo
FB-10784,TRX-16148,4.0,3,Lento,No,False,23.0,90.2,FBK-002784,Promotor
FB-10785,TRX-15137,3.0,5,Precio justo,No,False,68.0,62.0,FBK-002785,Promotor
FB-10786,TRX-17387,5.0,4,Excelente,No,False,27.0,23.0,FBK-002786,Pasivo
FB-10787,TRX-12639,3.0,4,Lento,Sí,True,81.0,-33.5,FBK-002787,Detractor
FB-10788,TRX-12945,1.0,4,Lento,Sí,True,52.0,-35.1,FBK-002788,Detractor
FB-10789,TRX-14894,1.0,1,Lento,Sin Respuesta,True,34.0,50.7,FBK-002789,Promotor
FB-10790,TRX-10166,2.0,2,Lento,Tal vez,False,20.0,85.7,FBK-002790,Promotor
FB-10791,TRX-12927,5.0,5,Precio justo,Tal vez,True,47.0,97.1,FBK-002791,Promotor
FB-10792,TRX-19294,1.0,5,Lento,Sin Respuesta,False,44.0,-47.5,FBK-002792,Detractor
FB-10793,TRX-19939,5.0,5,Excelente,Sin Respuesta,True,62.0,18.4,FBK-002793,Pasivo
FB-10794,TRX-10515,3.0,5,Sin Comentario,Sí,False,21.0,40.4,FBK-002794,Pasivo
FB-10795,TRX-11920,1.0,3,No volvería,Tal vez,True,50.0,-17.4,FBK-002795,Detractor
FB-10796,TRX-15616,5.0,5,No volvería,Tal vez,True,60.0,-78.2,FBK-002796,Detractor
FB-10797,TRX-15681,3.0,3,Lento,Tal vez,True,48.0,-42.8,FBK-002797,Detractor
FB-10798,TRX-17928,4.0,2,Precio justo,Sí,True,36.0,3.1,FBK-002798,Pasivo
FB-10799,TRX-19830,2.0,4,Excelente,Sí,False,28.0,-77.0,FBK-002799,Detractor
FB-10800,TRX-18953,3.0,3,Sin Comentario,Sin Respuesta,False,50.0,-37.4,FBK-002800,Detractor
FB-10801,TRX-10082,4.0,4,Excelente,Sí,True,54.0,-48.5,FBK-002801,Detractor
FB-10802,TRX-12595,5.0,4,Lento,Sí,True,78.0,-29.1,FBK-002802,Detractor
FB-10803,TRX-18548,4.0,1,Precio justo,Tal vez,False,19.0,37.4,FBK-002803,Pasivo
FB-10804,TRX-14169,1.0,3,Sin Comentario,Tal vez,False,67.0,-4.8,FBK-002804,Detractor
FB-10805,TRX-11992,5.0,5,No volvería,Sin Respuesta,True,44.0,-24.8,FBK-002805,Detractor
FB-10806,TRX-13159,2.0,1,Sin Comentario,Sí,False,67.0,-45.0,FBK-002806,Detractor
FB-10807,TRX-19930,2.0,5,Dañado,Tal vez,True,41.0,37.7,FBK-002807,Pasivo
FB-10808,TRX-10484,5.0,4,Lento,Tal vez,False,45.0,34.9,FBK-002808,Pasivo
FB-10809,TRX-18781,1.0,1,Lento,Sin Respuesta,False,73.0,-10.7,FBK-002809,Detractor
FB-10810,TRX-10377,5.0,5,Lento,Tal vez,False,51.0,-44.2,FBK-002810,Detractor
FB-10811,TRX-18486,5.0,5,Precio justo,Sin Respuesta,True,50.0,61.8,FBK-002811,Promotor
FB-10812,TRX-18384,5.0,2,Sin Comentario,Tal vez,True,40.0,70.4,FBK-002812,Promotor
FB-10813,TRX-12496,3.0,1,Sin Comentario,Sin Respuesta,True,25.0,69.2,FBK-002813,Promotor
FB-10814,TRX-13543,2.0,1,Dañado,Sin Respuesta,True,50.0,-21.5,FBK-002814,Detractor
FB-10815,TRX-15978,2.0,4,Precio justo,Sin Respuesta,True,81.0,-49.2,FBK-002815,Detractor
FB-10816,TRX-11880,1.0,4,Lento,No,True,36.0,69.2,FBK-002816,Promotor
FB-10817,TRX-13554,2.0,1,Dañado,No,False,29.0,95.9,FBK-002817,Promotor
FB-10818,TRX-10483,1.0,2,Excelente,Sí,False,21.0,-61.3,FBK-002818,Detractor
FB-10819,TRX-15366,1.0,2,Excelente,Sí,False,80.0,27.3,FBK-002819,Pasivo
FB-10820,TRX-12270,2.0,4,Sin Comentario,Tal vez,False,61.0,-34.1,FBK-002820,Detractor
FB-10821,TRX-13600,5.0,3,Dañado,No,False,38.0,-2.8,FBK-002821,Detractor
FB-10822,TRX-11367,5.0,5,Lento,Sin Respuesta,False,29.0,14.4,FBK-002822,Pasivo
FB-10823,TRX-12073,3.0,4,Precio justo,Sí,False,35.0,7.7,FBK-002823,Pasivo
FB-10824,TRX-14384,1.0,2,Lento,Sí,False,56.0,52.3,FBK-002824,Promotor
FB-10825,TRX-14483,4.0,1,Dañado,Sin Respuesta,False,50.0,94.3,FBK-002825,Promotor
FB-10826,TRX-17890,4.0,2,Sin Comentario,Sin Respuesta,True,56.0,-82.8,FBK-002826,Detractor
FB-10827,TRX-13264,2.0,1,Sin Comentario,No,True,48.0,36.7,FBK-002827,Pasivo
FB-10828,TRX-11506,2.0,4,Lento,Sin Respuesta,True,44.0,4.7,FBK-002828,Pasivo
FB-10829,TRX-15710,4.0,5,Sin Comentario,Sí,False,58.0,-20.7,FBK-002829,Detractor
FB-10830,TRX-19035,3.0,5,Lento,Sí,True,44.0,32.4,FBK-002830,Pasivo
FB-10831,TRX-14822,1.0,4,Excelente,No,True,27.0,77.2,FBK-002831,Promotor
FB-10832,TRX-17652,1.0,5,No volvería,Tal vez,False,40.0,22.1,FBK-002832,Pasivo
FB-10833,TRX-18123,2.0,5,Precio justo,No,True,50.0,64.1,FBK-002833,Promotor
FB-10834,TRX-17144,2.0,3,Sin Comentario,Sí,True,43.0,-40.9,FBK-002834,Detractor
FB-10835,TRX-18399,5.0,3,Lento,No,True,48.0,-12.5,FBK-002835,Detractor
FB-10836,TRX-16552,3.0,3,Excelente,Tal vez,True,44.0,-65.1,FBK-002836,Detractor
FB-10837,TRX-13163,1.0,1,No volvería,Sí,False,30.0,14.5,FBK-002837,Pasivo
FB-10838,TRX-14097,5.0,3,Excelente,Sin Respuesta,False,65.0,47.9,FBK-002838,Pasivo
FB-10839,TRX-12833,4.0,4,Lento,Sí,True,72.0,15.9,FBK-002839,Pasivo
FB-10840,TRX-13242,5.0,3,Precio justo,Sin Respuesta,False,75.0,82.4,FBK-002840,Promotor
FB-10841,TRX-14605,4.0,4,No volvería,Sí,False,64.0,71.9,FBK-002841,Promotor
FB-10842,TRX-16436,4.0,3,Lento,Tal vez,False,64.0,-15.1,FBK-002842,Detractor
FB-10843,TRX-11685,1.0,5,Dañado,Sin Respuesta,True,61.0,14.5,FBK-002843,Pasivo
FB-10844,TRX-19562,5.0,3,Sin Comentario,Sí,True,22.0,29.4,FBK-002844,Pasivo
FB-10845,TRX-19626,1.0,4,Sin Comentario,Sin Respuesta,False,23.0,61.5,FBK-002845,Promotor
FB-10846,TRX-15105,3.0,4,Lento,Sí,True,36.0,-85.1,FBK-002846,Detractor
FB-10847,TRX-12714,3.0,4,Excelente,Tal vez,False,26.0,61.5,FBK-002847,Promotor
FB-10848,TRX-13372,3.0,3,Lento,No,False,52.0,-86.7,FBK-002848,Detractor
FB-10849,TRX-17992,3.0,1,Dañado,Tal vez,False,51.0,43.9,FBK-002849,Pasivo
FB-10850,TRX-17101,3.0,4,Sin Comentario,No,True,80.0,-6.9,FBK-002850,Detractor
FB-10851,TRX-17309,4.0,1,Dañado,Sí,False,44.0,-52.6,FBK-002851,Detractor
FB-10852,TRX-16942,3.0,3,Lento,Tal vez,True,63.0,41.4,FBK-002852,Pasivo
FB-10853,TRX-19770,1.0,1,Sin Comentario,Tal vez,True,62.0,74.1,FBK-002853,Promotor
FB-10854,TRX-14451,5.0,1,Dañado,No,False,29.0,65.7,FBK-002854,Promotor
FB-10855,TRX-15222,5.0,4,Excelente,Tal vez,False,56.0,-61.2,FBK-002855,Detractor
FB-10856,TRX-11762,1.0,3,Dañado,No,True,19.0,20.8,FBK-002856,Pasivo
FB-10857,TRX-19949,2.0,4,Sin Comentario,No,False,64.0,32.6,FBK-002857,Pasivo
FB-10858,TRX-16275,2.0,5,Dañado,No,True,70.0,-89.5,FBK-002858,Detractor
FB-10859,TRX-17033,2.0,2,Sin Comentario,Tal vez,False,23.0,-34.4,FBK-002859,Detractor
FB-10860,TRX-13272,2.0,1,Sin Comentario,Sin Respuesta,False,73.0,-79.1,FBK-002860,Detractor
FB-10861,TRX-19292,4.0,3,Precio justo,Sí,False,39.0,-16.6,FBK-002861,Detractor
FB-10862,TRX-15782,4.0,1,Excelente,Tal vez,False,28.0,45.5,FBK-002862,Pasivo
FB-10863,TRX-16126,5.0,3,Sin Comentario,Sin Respuesta,True,57.0,61.1,FBK-002863,Promotor
FB-10864,TRX-11052,5.0,4,Dañado,No,True,59.0,52.6,FBK-002864,Promotor
FB-10865,TRX-17363,4.0,2,Sin Comentario,Sin Respuesta,False,24.0,-45.7,FBK-002865,Detractor
FB-10866,TRX-12740,4.0,2,Lento,Sin Respuesta,True,48.0,-70.3,FBK-002866,Detractor
FB-10867,TRX-10553,5.0,2,Dañado,Sí,False,73.0,74.5,FBK-002867,Promotor
FB-10868,TRX-18378,1.0,2,No volvería,Sin Respuesta,True,53.0,48.5,FBK-002868,Pasivo
FB-10869,TRX-14146,4.0,1,No volvería,Tal vez,True,53.0,51.1,FBK-002869,Promotor
FB-10870,TRX-19615,1.0,3,Sin Comentario,Sí,True,20.0,-45.8,FBK-002870,Detractor
FB-10871,TRX-16714,3.0,5,Excelente,Sí,True,74.0,14.4,FBK-002871,Pasivo
FB-10872,TRX-14808,1.0,3,No volvería,Sí,True,48.0,79.6,FBK-002872,Promotor
FB-10873,TRX-19894,1.0,1,Sin Comentario,No,True,81.0,66.8,FBK-002873,Promotor
FB-10874,TRX-18691,4.0,4,No volvería,No,False,47.0,-46.5,FBK-002874,Detractor
FB-10875,TRX-15771,3.0,5,Dañado,Sí,True,60.0,90.2,FBK-002875,Promotor
FB-10876,TRX-16525,2.0,5,Excelente,Sí,False,57.0,-24.3,FBK-002876,Detractor
FB-10877,TRX-10490,1.0,5,Precio justo,No,True,23.0,14.5,FBK-002877,Pasivo
FB-10878,TRX-11878,3.0,1,Dañado,No,False,42.0,46.3,FBK-002878,Pasivo
FB-10879,TRX-12947,3.0,2,Precio justo,No,False,43.0,-49.8,FBK-002879,Detractor
FB-10880,TRX-15286,4.0,2,Lento,No,True,84.0,-21.3,FBK-002880,Detractor
FB-10881,TRX-17035,3.0,2,Sin Comentario,No,True,39.0,85.9,FBK-002881,Promotor
FB-10882,TRX-13046,2.0,3,Sin Comentario,No,False,59.0,-84.8,FBK-002882,Detractor
FB-10883,TRX-15861,4.0,2,No volvería,Tal vez,False,62.0,-95.9,FBK-002883,Detractor
FB-10884,TRX-14019,1.0,5,Dañado,No,True,24.0,92.9,FBK-002884,Promotor
FB-10885,TRX-11190,4.0,2,Excelente,Sin Respuesta,False,54.0,75.0,FBK-002885,Promotor
FB-10886,TRX-13525,1.0,5,No volvería,Sin Respuesta,True,45.0,60.1,FBK-002886,Promotor
FB-10887,TRX-16089,4.0,5,Lento,Sí,True,80.0,-33.3,FBK-002887,Detractor
FB-10888,TRX-16094,3.0,3,Sin Comentario,Sin Respuesta,True,78.0,-24.7,FBK-002888,Detractor
FB-10889,TRX-12376,2.0,2,No volvería,Sin Respuesta,True,67.0,79.5,FBK-002889,Promotor
FB-10890,TRX-15151,4.0,4,Sin Comentario,Tal vez,True,23.0,95.0,FBK-002890,Promotor
FB-10891,TRX-12003,5.0,2,Sin Comentario,No,False,81.0,-87.7,FBK-002891,Detractor
FB-10892,TRX-10157,3.0,4,No volvería,No,True,46.0,-6.4,FBK-002892,Detractor
FB-10893,TRX-15219,4.0,3,Precio justo,Sin Respuesta,True,48.0,-19.9,FBK-002893,Detractor
FB-10894,TRX-10178,3.0,1,Sin Comentario,No,False,23.0,47.4,FBK-002894,Pasivo
FB-10895,TRX-15388,5.0,3,Lento,No,True,80.0,-1.3,FBK-002895,Detractor
FB-10896,TRX-13502,3.0,3,Excelente,Sí,False,51.0,-84.3,FBK-002896,Detractor
FB-10897,TRX-17624,3.0,4,Sin Comentario,Sí,False,41.0,-66.5,FBK-002897,Detractor
FB-10898,TRX-19297,4.0,3,No volvería,Tal vez,False,75.0,-38.5,FBK-002898,Detractor
FB-10899,TRX-15268,3.0,5,No volvería,Sí,False,76.0,57.5,FBK-002899,Promotor
FB-10900,TRX-13811,4.0,3,Sin Comentario,No,True,41.0,54.7,FBK-002900,Promotor
FB-10901,TRX-19201,2.0,3,Sin Comentario,No,False,79.0,54.3,FBK-002901,Promotor
FB-10902,TRX-11085,5.0,4,Excelente,Tal vez,True,19.0,55.4,FBK-002902,Promotor
FB-10903,TRX-16317,1.0,3,Excelente,Sin Respuesta,True,67.0,-16.7,FBK-002903,Detractor
FB-10904,TRX-14646,5.0,3,Sin Comentario,Tal vez,False,52.0,22.9,FBK-002904,Pasivo
FB-10905,TRX-19859,3.0,2,Dañado,No,True,60.0,-71.0,FBK-002905,Detractor
FB-10906,TRX-13476,4.0,5,Dañado,Sin Respuesta,True,52.0,-55.1,FBK-002906,Detractor
FB-10907,TRX-18638,1.0,5,Sin Comentario,Sí,True,23.0,-35.3,FBK-002907,Detractor
FB-10908,TRX-13562,1.0,5,No volvería,Tal vez,True,73.0,2.7,FBK-002908,Pasivo
FB-10909,TRX-11686,3.0,3,Dañado,Sin Respuesta,False,40.0,-63.2,FBK-002909,Detractor
FB-10910,TRX-19190,1.0,5,No volvería,Tal vez,True,47.0,74.9,FBK-002910,Promotor
FB-10911,TRX-14555,4.0,2,Excelente,Sí,False,59.0,24.3,FBK-002911,Pasivo
FB-10912,TRX-19959,3.0,1,Dañado,Sin Respuesta,False,37.0,7.4,FBK-002912,Pasivo
FB-10913,TRX-11225,5.0,1,Sin Comentario,Tal vez,False,28.0,-96.8,FBK-002913,Detractor
FB-10914,TRX-19403,3.0,2,Lento,Sí,False,74.0,12.5,FBK-002914,Pasivo
FB-10915,TRX-16909,3.0,1,Lento,No,True,44.0,83.2,FBK-002915,Promotor
FB-10916,TRX-17130,1.0,1,Excelente,Sin Respuesta,False,70.0,-55.2,FBK-002916,Detractor
FB-10917,TRX-15206,2.0,4,No volvería,Sí,False,24.0,-55.9,FBK-002917,Detractor
FB-10918,TRX-15244,1.0,3,Lento,Tal vez,True,65.0,82.9,FBK-002918,Promotor
FB-10919,TRX-13246,2.0,4,Dañado,No,True,54.0,66.5,FBK-002919,Promotor
FB-10920,TRX-13229,3.0,4,Precio justo,Tal vez,False,58.0,36.1,FBK-002920,Pasivo
FB-10921,TRX-10813,3.0,2,No volvería,Sin Respuesta,True,43.0,46.6,FBK-002921,Pasivo
FB-10922,TRX-18092,5.0,1,Dañado,Sí,True,80.0,-88.2,FBK-002922,Detractor
FB-10923,TRX-18169,1.0,2,No volvería,Tal vez,False,20.0,52.3,FBK-002923,Promotor
FB-10924,TRX-10766,5.0,5,Sin Comentario,Tal vez,True,74.0,48.9,FBK-002924,Pasivo
FB-10925,TRX-14496,4.0,4,Sin Comentario,Sí,True,71.0,-90.0,FBK-002925,Detractor
FB-10926,TRX-16901,3.0,1,Dañado,Sin Respuesta,True,75.0,57.9,FBK-002926,Promotor
FB-10927,TRX-11953,5.0,3,Sin Comentario,Sin Respuesta,True,37.0,28.2,FBK-002927,Pasivo
FB-10928,TRX-12033,4.0,4,Excelente,Sin Respuesta,True,68.0,14.3,FBK-002928,Pasivo
FB-10929,TRX-17418,2.0,1,Excelente,No,True,57.0,2.9,FBK-002929,Pasivo
FB-10930,TRX-12803,1.0,5,Excelente,No,True,34.0,2.7,FBK-002930,Pasivo
FB-10931,TRX-19853,4.0,2,Excelente,Sin Respuesta,True,58.0,-53.1,FBK-002931,Detractor
FB-10932,TRX-15355,1.0,1,Dañado,Tal vez,False,82.0,-99.4,FBK-002932,Detractor
FB-10933,TRX-19685,3.0,1,Lento,Sí,False,30.0,92.0,FBK-002933,Promotor
FB-10934,TRX-16272,2.0,4,Dañado,Tal vez,False,81.0,-7.7,FBK-002934,Detractor
FB-10935,TRX-13873,3.0,1,Dañado,No,False,69.0,-91.3,FBK-002935,Detractor
FB-10936,TRX-19443,4.0,5,Precio justo,Sí,True,29.0,-33.8,FBK-002936,Detractor
FB-10937,TRX-10348,2.0,3,Precio justo,Tal vez,False,81.0,-25.4,FBK-002937,Detractor
FB-10938,TRX-14670,4.0,5,Sin Comentario,Sin Respuesta,False,61.0,74.2,FBK-002938,Promotor
FB-10939,TRX-10292,1.0,1,Sin Comentario,Tal vez,False,29.0,-31.5,FBK-002939,Detractor
FB-10940,TRX-19433,3.0,3,Dañado,Sí,True,43.0,75.9,FBK-002940,Promotor
FB-10941,TRX-10076,1.0,5,Excelente,Tal vez,False,59.0,-11.5,FBK-002941,Detractor
FB-10942,TRX-17565,2.0,3,Sin Comentario,No,True,45.0,-66.6,FBK-002942,Detractor
FB-10943,TRX-14659,5.0,4,Precio justo,Sí,True,61.0,-42.8,FBK-002943,Detractor
FB-10944,TRX-12147,1.0,1,Precio justo,Tal vez,False,65.0,69.6,FBK-002944,Promotor
FB-10945,TRX-16599,2.0,3,Sin Comentario,No,True,67.0,-67.9,FBK-002945,Detractor
FB-10946,TRX-10606,2.0,2,Sin Comentario,No,False,28.0,23.0,FBK-002946,Pasivo
FB-10947,TRX-18740,4.0,4,Sin Comentario,No,False,53.0,45.1,FBK-002947,Pasivo
FB-10948,TRX-18642,1.0,1,Dañado,Tal vez,True,46.0,-37.6,FBK-002948,Detractor
FB-10949,TRX-10640,3.0,4,No volvería,Tal vez,False,57.0,60.7,FBK-002949,Promotor
FB-10950,TRX-15527,1.0,2,Precio justo,Sí,False,34.0,-37.4,FBK-002950,Detractor
FB-10951,TRX-10266,4.0,1,Excelente,Sin Respuesta,True,54.0,-45.6,FBK-002951,Detractor
FB-10952,TRX-11137,2.0,4,Sin Comentario,Sin Respuesta,False,66.0,-85.0,FBK-002952,Detractor
FB-10953,TRX-17698,3.0,4,Sin Comentario,Sí,False,70.0,17.1,FBK-002953,Pasivo
FB-10954,TRX-11558,5.0,3,Dañado,Sin Respuesta,True,40.0,6.5,FBK-002954,Pasivo
FB-10955,TRX-16800,3.0,3,No volvería,Sin Respuesta,True,71.0,32.5,FBK-002955,Pasivo
FB-10956,TRX-14931,1.0,4,Lento,Sí,True,27.0,-6.4,FBK-002956,Detractor
FB-10957,TRX-14500,3.0,3,Sin Comentario,Sí,False,64.0,-58.9,FBK-002957,Detractor
FB-10958,TRX-15196,1.0,1,Excelente,Sí,True,44.0,-79.3,FBK-002958,Detractor
FB-10959,TRX-15665,3.0,3,Excelente,No,True,49.0,-0.2,FBK-002959,Detractor
FB-10960,TRX-16559,1.0,1,Dañado,Sí,True,73.0,7.5,FBK-002960,Pasivo
FB-10961,TRX-11306,2.0,1,Sin Comentario,No,True,68.0,86.5,FBK-002961,Promotor
FB-10962,TRX-19116,2.0,1,Lento,Tal vez,True,63.0,-1.1,FBK-002962,Detractor
FB-10963,TRX-15131,1.0,1,Excelente,Sí,True,52.0,86.5,FBK-002963,Promotor
FB-10964,TRX-18090,1.0,4,Excelente,Sin Respuesta,True,48.0,27.1,FBK-002964,Pasivo
FB-10965,TRX-10771,5.0,5,Sin Comentario,Sin Respuesta,False,52.0,-69.9,FBK-002965,Detractor
FB-10966,TRX-16444,1.0,5,Dañado,Sin Respuesta,True,79.0,-82.8,FBK-002966,Detractor
FB-10967,TRX-14889,4.0,1,Excelente,Sin Respuesta,False,53.0,92.3,FBK-002967,Promotor
FB-10968,TRX-17447,1.0,5,Sin Comentario,No,False,77.0,-59.2,FBK-002968,Detractor
FB-10969,TRX-18082,2.0,1,No volvería,Tal vez,True,66.0,-30.5,FBK-002969,Detractor
FB-10970,TRX-11989,3.0,5,Lento,Sí,False,37.0,-92.9,FBK-002970,Detractor
FB-10971,TRX-16126,2.0,2,Precio justo,Sí,True,65.0,-45.0,FBK-002971,Detractor
FB-10972,TRX-11683,4.0,3,Precio justo,Tal vez,False,55.0,91.3,FBK-002972,Promotor
FB-10973,TRX-10479,3.0,5,Lento,Sin Respuesta,True,72.0,-81.7,FBK-002973,Detractor
FB-10974,TRX-13670,2.0,1,Sin Comentario,Sí,True,28.0,79.7,FBK-002974,Promotor
FB-10975,TRX-10783,1.0,3,No volvería,Tal vez,True,66.0,-86.9,FBK-002975,Detractor
FB-10976,TRX-10170,1.0,3,Dañado,Sin Respuesta,False,29.0,30.2,FBK-002976,Pasivo
FB-10977,TRX-12273,3.0,4,Dañado,Sí,True,63.0,-0.9,FBK-002977,Detractor
FB-10978,TRX-11722,5.0,4,Precio justo,Sin Respuesta,False,48.0,46.1,FBK-002978,Pasivo
FB-10979,TRX-15289,4.0,5,Excelente,Tal vez,False,57.0,55.5,FBK-002979,Promotor
FB-10980,TRX-17138,2.0,4,Lento,No,False,44.0,35.6,FBK-002980,Pasivo
FB-10981,TRX-13708,2.0,1,No volvería,Sin Respuesta,True,42.0,-60.7,FBK-002981,Detractor
FB-10982,TRX-12788,4.0,4,Dañado,Sin Respuesta,True,67.0,26.9,FBK-002982,Pasivo
FB-10983,TRX-11442,2.0,2,Lento,No,True,52.0,23.6,FBK-002983,Pasivo
FB-10984,TRX-13131,3.0,5,Excelente,Tal vez,True,60.0,70.1,FBK-002984,Promotor
FB-10985,TRX-16043,5.0,3,Precio justo,Tal vez,True,69.0,-77.2,FBK-002985,Detractor
FB-10986,TRX-18807,3.0,3,Excelente,No,True,22.0,20.7,FBK-002986,Pasivo
FB-10987,TRX-10080,5.0,2,No volvería,Sin Respuesta,False,56.0,-58.8,FBK-002987,Detractor
FB-10988,TRX-10860,1.0,1,Sin Comentario,No,False,80.0,32.7,FBK-002988,Pasivo
FB-10989,TRX-14254,5.0,3,Sin Comentario,No,False,36.0,3.7,FBK-002989,Pasivo
FB-10990,TRX-10705,5.0,2,Precio justo,No,True,35.0,-62.0,FBK-002990,Detractor
FB-10991,TRX-11815,5.0,4,Excelente,Sí,True,46.0,-75.4,FBK-002991,Detractor
FB-10992,TRX-10786,2.0,5,Sin Comentario,No,True,34.0,39.7,FBK-002992,Pasivo
FB-10993,TRX-14985,5.0,2,Sin Comentario,Sin Respuesta,True,32.0,63.6,FBK-002993,Promotor
FB-10994,TRX-11229,4.0,2,Sin Comentario,Sin Respuesta,True,57.0,-26.0,FBK-002994,Detractor
FB-10995,TRX-14320,1.0,4,Sin Comentario,Sin Respuesta,True,20.0,24.4,FBK-002995,Pasivo
FB-10996,TRX-15395,1.0,1,No volvería,No,False,55.0,61.2,FBK-002996,Promotor
FB-10997,TRX-16218,2.0,4,Sin Comentario,Sí,True,26.0,44.7,FBK-002997,Pasivo
FB-10998,TRX-14422,3.0,4,No volvería,Sí,True,65.0,45.9,FBK-002998,Pasivo
FB-10999,TRX-12790,4.0,3,No volvería,Sí,True,74.0,11.6,FBK-002999,Pasivo
FB-11000,TRX-12257,3.0,2,Lento,No,True,50.0,-72.6,FBK-003000,Detractor
FB-11001,TRX-19559,3.0,2,No volvería,Tal vez,False,66.0,89.4,FBK-003001,Promotor
FB-11002,TRX-17548,5.0,4,Dañado,No,False,19.0,-38.6,FBK-003002,Detractor
FB-11003,TRX-11964,3.0,4,No volvería,Tal vez,True,50.0,-77.1,FBK-003003,Detractor
FB-11004,TRX-12069,4.0,2,Excelente,Sí,False,33.0,72.7,FBK-003004,Promotor
FB-11005,TRX-15231,2.0,2,Dañado,Sin Respuesta,True,22.0,76.5,FBK-003005,Promotor
FB-11006,TRX-12424,2.0,2,Precio justo,Sí,True,70.0,75.2,FBK-003006,Promotor
FB-11007,TRX-19570,5.0,1,Sin Comentario,Sin Respuesta,False,80.0,3.3,FBK-003007,Pasivo
FB-11008,TRX-16771,4.0,4,Sin Comentario,Sin Respuesta,False,73.0,-38.2,FBK-003008,Detractor
FB-11009,TRX-17320,2.0,4,Dañado,Sí,False,49.0,62.4,FBK-003009,Promotor
FB-11010,TRX-12004,5.0,3,Excelente,No,True,32.0,85.5,FBK-003010,Promotor
FB-11011,TRX-18548,3.0,3,Sin Comentario,Tal vez,False,78.0,-97.9,FBK-003011,Detractor
FB-11012,TRX-18644,4.0,5,Sin Comentario,Sin Respuesta,True,29.0,81.1,FBK-003012,Promotor
FB-11013,TRX-13940,2.0,2,Sin Comentario,No,True,34.0,-52.7,FBK-003013,Detractor
FB-11014,TRX-19468,4.0,2,Precio justo,No,True,27.0,58.9,FBK-003014,Promotor
FB-11015,TRX-17830,2.0,5,Excelente,Sí,False,61.0,62.1,FBK-003015,Promotor
FB-11016,TRX-18029,2.0,4,Sin Comentario,Sí,False,45.0,12.4,FBK-003016,Pasivo
FB-11017,TRX-14596,4.0,2,Excelente,Sí,False,37.0,-12.5,FBK-003017,Detractor
FB-11018,TRX-15274,2.0,3,Lento,Sí,True,69.0,-55.1,FBK-003018,Detractor
FB-11019,TRX-17908,3.0,1,Lento,Sin Respuesta,True,25.0,-52.0,FBK-003019,Detractor
FB-11020,TRX-13700,5.0,4,Excelente,Sí,True,44.0,-0.5,FBK-003020,Detractor
FB-11021,TRX-11504,1.0,1,No volvería,Sí,False,56.0,-71.5,FBK-003021,Detractor
FB-11022,TRX-14322,4.0,1,Lento,No,True,80.0,35.3,FBK-003022,Pasivo
FB-11023,TRX-14853,4.0,5,Sin Comentario,No,True,55.0,-93.7,FBK-003023,Detractor
FB-11024,TRX-11356,5.0,1,Sin Comentario,Tal vez,True,68.0,-94.6,FBK-003024,Detractor
FB-11025,TRX-15783,3.0,2,Excelente,No,True,24.0,2.0,FBK-003025,Pasivo
FB-11026,TRX-19150,1.0,5,Dañado,Sí,False,50.0,-46.8,FBK-003026,Detractor
FB-11027,TRX-13971,3.0,3,Excelente,Sí,False,64.0,-4.5,FBK-003027,Detractor
FB-11028,TRX-13373,4.0,1,Excelente,Tal vez,False,52.0,11.5,FBK-003028,Pasivo
FB-11029,TRX-11278,1.0,2,Precio justo,Sí,True,80.0,-37.7,FBK-003029,Detractor
FB-11030,TRX-11231,2.0,2,Sin Comentario,Tal vez,True,20.0,75.8,FBK-003030,Promotor
FB-11031,TRX-18103,4.0,3,Lento,Tal vez,True,58.0,-0.8,FBK-003031,Detractor
FB-11032,TRX-10987,3.0,5,Precio justo,Sí,True,49.0,64.5,FBK-003032,Promotor
FB-11033,TRX-13481,5.0,5,No volvería,No,True,64.0,78.6,FBK-003033,Promotor
FB-11034,TRX-10215,2.0,5,Excelente,No,False,55.0,77.9,FBK-003034,Promotor
FB-11035,TRX-13541,1.0,3,Lento,No,False,23.0,-86.9,FBK-003035,Detractor
FB-11036,TRX-17670,4.0,3,Lento,Tal vez,True,79.0,-91.0,FBK-003036,Detractor
FB-11037,TRX-16308,5.0,3,Sin Comentario,No,True,25.0,18.4,FBK-003037,Pasivo
FB-11038,TRX-13078,5.0,5,Sin Comentario,Tal vez,True,71.0,-18.0,FBK-003038,Detractor
FB-11039,TRX-17989,3.0,1,Lento,Sin Respuesta,True,42.0,54.3,FBK-003039,Promotor
FB-11040,TRX-11712,5.0,3,Excelente,Tal vez,False,44.0,90.7,FBK-003040,Promotor
FB-11041,TRX-15577,3.0,3,Excelente,Sí,False,30.0,-86.5,FBK-003041,Detractor
FB-11042,TRX-13418,1.0,5,Sin Comentario,Sí,False,22.0,26.1,FBK-003042,Pasivo
FB-11043,TRX-19675,4.0,3,Dañado,No,False,75.0,20.9,FBK-003043,Pasivo
FB-11044,TRX-18644,1.0,1,Precio justo,Sí,False,45.0,73.8,FBK-003044,Promotor
FB-11045,TRX-18420,3.0,5,Precio justo,No,False,54.0,-37.3,FBK-003045,Detractor
FB-11046,TRX-15134,1.0,3,Sin Comentario,Sin Respuesta,False,54.0,3.1,FBK-003046,Pasivo
FB-11047,TRX-15108,4.0,3,Excelente,Tal vez,False,24.0,88.1,FBK-003047,Promotor
FB-11048,TRX-17438,4.0,4,Sin Comentario,Sí,True,63.0,99.1,FBK-003048,Promotor
FB-11049,TRX-12523,5.0,4,Sin Comentario,No,False,75.0,13.5,FBK-003049,Pasivo
FB-11050,TRX-18265,3.0,2,No volvería,Sin Respuesta,True,73.0,-58.4,FBK-003050,Detractor
FB-11051,TRX-11731,1.0,2,Sin Comentario,Sí,False,23.0,58.7,FBK-003051,Promotor
FB-11052,TRX-12130,5.0,3,Lento,Sí,False,47.0,-25.0,FBK-003052,Detractor
FB-11053,TRX-13584,5.0,4,Excelente,Sin Respuesta,True,26.0,82.5,FBK-003053,Promotor
FB-11054,TRX-15957,1.0,2,Excelente,Tal vez,False,82.0,59.1,FBK-003054,Promotor
FB-11055,TRX-16317,3.0,5,Excelente,Sí,True,67.0,88.0,FBK-003055,Promotor
FB-11056,TRX-17412,3.0,4,Lento,Sin Respuesta,True,32.0,-57.0,FBK-003056,Detractor
FB-11057,TRX-18412,4.0,1,Sin Comentario,No,True,75.0,-16.9,FBK-003057,Detractor
FB-11058,TRX-13326,3.0,1,Lento,Sí,False,23.0,-50.1,FBK-003058,Detractor
FB-11059,TRX-16556,5.0,1,Sin Comentario,Tal vez,True,63.0,88.1,FBK-003059,Promotor
FB-11060,TRX-13079,4.0,1,Excelente,Tal vez,False,27.0,46.9,FBK-003060,Pasivo
FB-11061,TRX-11124,2.0,4,Dañado,Sin Respuesta,False,61.0,-95.1,FBK-003061,Detractor
FB-11062,TRX-14552,4.0,5,Precio justo,Tal vez,False,54.0,-44.1,FBK-003062,Detractor
FB-11063,TRX-16931,5.0,1,Sin Comentario,No,False,71.0,47.5,FBK-003063,Pasivo
FB-11064,TRX-12690,1.0,5,Dañado,Sin Respuesta,True,56.0,36.2,FBK-003064,Pasivo
FB-11065,TRX-15032,1.0,2,Dañado,Sin Respuesta,True,77.0,-92.4,FBK-003065,Detractor
FB-11066,TRX-19457,1.0,2,Excelente,Tal vez,False,58.0,-22.9,FBK-003066,Detractor
FB-11067,TRX-11672,5.0,3,Sin Comentario,Tal vez,True,65.0,58.7,FBK-003067,Promotor
FB-11068,TRX-12413,4.0,4,Lento,Sin Respuesta,False,19.0,-32.2,FBK-003068,Detractor
FB-11069,TRX-17552,1.0,1,Precio justo,No,True,41.0,-52.0,FBK-003069,Detractor
FB-11070,TRX-11755,3.0,5,Dañado,No,True,27.0,42.0,FBK-003070,Pasivo
FB-11071,TRX-11805,2.0,5,No volvería,No,False,59.0,30.6,FBK-003071,Pasivo
FB-11072,TRX-13941,1.0,4,Lento,No,True,23.0,-94.9,FBK-003072,Detractor
FB-11073,TRX-10271,1.0,2,Sin Comentario,No,False,20.0,81.2,FBK-003073,Promotor
FB-11074,TRX-17550,2.0,4,Sin Comentario,Sin Respuesta,False,79.0,-2.7,FBK-003074,Detractor
FB-11075,TRX-13064,3.0,5,Lento,Sin Respuesta,False,51.0,71.5,FBK-003075,Promotor
FB-11076,TRX-14370,2.0,4,Precio justo,Sí,True,55.0,-21.9,FBK-003076,Detractor
FB-11077,TRX-10468,1.0,2,Precio justo,Tal vez,True,71.0,-24.9,FBK-003077,Detractor
FB-11078,TRX-17802,1.0,2,Precio justo,No,False,42.0,-75.6,FBK-003078,Detractor
FB-11079,TRX-18698,4.0,1,Excelente,Tal vez,True,83.0,59.6,FBK-003079,Promotor
FB-11080,TRX-17416,5.0,1,Lento,Sin Respuesta,False,53.0,-99.2,FBK-003080,Detractor
FB-11081,TRX-15766,4.0,1,Excelente,Sí,False,82.0,-42.1,FBK-003081,Detractor
FB-11082,TRX-14351,4.0,2,Excelente,Sin Respuesta,False,61.0,-85.5,FBK-003082,Detractor
FB-11083,TRX-11938,4.0,5,Sin Comentario,Sí,False,53.0,42.4,FBK-003083,Pasivo
FB-11084,TRX-19016,4.0,1,Excelente,Sin Respuesta,True,61.0,43.3,FBK-003084,Pasivo
FB-11085,TRX-11377,4.0,4,Sin Comentario,No,False,52.0,-37.3,FBK-003085,Detractor
FB-11086,TRX-15806,3.0,5,Lento,Tal vez,False,77.0,40.4,FBK-003086,Pasivo
FB-11087,TRX-17069,5.0,3,Sin Comentario,Tal vez,True,64.0,-50.3,FBK-003087,Detractor
FB-11088,TRX-13474,5.0,1,No volvería,Sí,False,33.0,-37.2,FBK-003088,Detractor
FB-11089,TRX-12467,5.0,3,Dañado,Sí,False,53.0,61.4,FBK-003089,Promotor
FB-11090,TRX-16503,3.0,1,Lento,Sin Respuesta,False,76.0,47.8,FBK-003090,Pasivo
FB-11091,TRX-18227,3.0,5,Sin Comentario,Sí,True,78.0,54.8,FBK-003091,Promotor
FB-11092,TRX-17059,3.0,3,Lento,No,True,63.0,-77.5,FBK-003092,Detractor
FB-11093,TRX-18321,1.0,2,Precio justo,Sin Respuesta,False,31.0,-73.5,FBK-003093,Detractor
FB-11094,TRX-15467,5.0,1,Dañado,No,True,37.0,-39.4,FBK-003094,Detractor
FB-11095,TRX-10870,2.0,4,Precio justo,Sí,False,45.0,-79.3,FBK-003095,Detractor
FB-11096,TRX-17230,4.0,3,No volvería,Tal vez,True,23.0,4.3,FBK-003096,Pasivo
FB-11097,TRX-14466,1.0,4,Sin Comentario,No,True,39.0,6.2,FBK-003097,Pasivo
FB-11098,TRX-16058,1.0,3,Excelente,Sin Respuesta,True,25.0,-30.5,FBK-003098,Detractor
FB-11099,TRX-11602,4.0,5,Precio justo,Tal vez,False,18.0,-17.1,FBK-003099,Detractor
FB-11100,TRX-10805,1.0,4,No volvería,Sí,True,78.0,-80.1,FBK-003100,Detractor
FB-11101,TRX-16267,3.0,1,Dañado,No,False,78.0,35.8,FBK-003101,Pasivo
FB-11102,TRX-16923,1.0,2,Excelente,Sí,False,56.0,-47.0,FBK-003102,Detractor
FB-11103,TRX-13177,5.0,5,No volvería,No,False,67.0,55.4,FBK-003103,Promotor
FB-11104,TRX-14816,5.0,3,Precio justo,Tal vez,True,26.0,54.2,FBK-003104,Promotor
FB-11105,TRX-13103,2.0,1,No volvería,Sin Respuesta,True,26.0,18.2,FBK-003105,Pasivo
FB-11106,TRX-16597,5.0,3,No volvería,Sí,False,51.0,-12.2,FBK-003106,Detractor
FB-11107,TRX-12894,4.0,4,Sin Comentario,Tal vez,False,40.0,-58.6,FBK-003107,Detractor
FB-11108,TRX-19732,4.0,4,Sin Comentario,Tal vez,True,26.0,87.5,FBK-003108,Promotor
FB-11109,TRX-14520,5.0,2,Excelente,Sin Respuesta,False,67.0,79.2,FBK-003109,Promotor
FB-11110,TRX-18676,3.0,4,Lento,Sin Respuesta,False,75.0,50.4,FBK-003110,Promotor
FB-11111,TRX-19952,5.0,5,No volvería,Tal vez,False,60.0,83.6,FBK-003111,Promotor
FB-11112,TRX-18087,3.0,3,Excelente,No,True,19.0,79.8,FBK-003112,Promotor
FB-11113,TRX-18497,4.0,3,Sin Comentario,Tal vez,False,83.0,4.4,FBK-003113,Pasivo
FB-11114,TRX-17103,5.0,5,Sin Comentario,Tal vez,True,46.0,-58.0,FBK-003114,Detractor
FB-11115,TRX-11788,2.0,4,Excelente,No,True,62.0,-59.2,FBK-003115,Detractor
FB-11116,TRX-10817,4.0,4,Dañado,Sí,False,74.0,-0.6,FBK-003116,Detractor
FB-11117,TRX-14078,2.0,5,Dañado,Tal vez,False,39.0,45.0,FBK-003117,Pasivo
FB-11118,TRX-11819,4.0,2,Lento,No,True,60.0,-19.1,FBK-003118,Detractor
FB-11119,TRX-13597,1.0,1,Precio justo,Sí,True,76.0,-19.2,FBK-003119,Detractor
FB-11120,TRX-11887,1.0,1,No volvería,No,False,23.0,-85.4,FBK-003120,Detractor
FB-11121,TRX-10870,1.0,4,No volvería,No,True,74.0,55.8,FBK-003121,Promotor
FB-11122,TRX-10584,2.0,1,Excelente,No,False,45.0,-65.7,FBK-003122,Detractor
FB-11123,TRX-19424,3.0,1,Excelente,Sí,True,18.0,79.7,FBK-003123,Promotor
FB-11124,TRX-14361,4.0,1,Excelente,Sí,True,40.0,-65.2,FBK-003124,Detractor
FB-11125,TRX-13911,1.0,4,Sin Comentario,Tal vez,True,25.0,48.5,FBK-003125,Pasivo
FB-11126,TRX-11078,2.0,3,Dañado,Tal vez,True,78.0,49.1,FBK-003126,Pasivo
FB-11127,TRX-18718,4.0,4,Sin Comentario,Tal vez,False,18.0,72.3,FBK-003127,Promotor
FB-11128,TRX-11655,1.0,4,Sin Comentario,Tal vez,False,28.0,4.3,FBK-003128,Pasivo
FB-11129,TRX-14513,1.0,2,Excelente,Tal vez,False,25.0,-19.5,FBK-003129,Detractor
FB-11130,TRX-13710,1.0,2,Lento,Sí,True,68.0,-80.6,FBK-003130,Detractor
FB-11131,TRX-16628,2.0,4,Excelente,Sin Respuesta,True,48.0,67.0,FBK-003131,Promotor
FB-11132,TRX-16421,3.0,5,Precio justo,No,False,53.0,-16.6,FBK-003132,Detractor
FB-11133,TRX-16437,1.0,5,Sin Comentario,Tal vez,False,46.0,97.8,FBK-003133,Promotor
FB-11134,TRX-11659,1.0,2,Excelente,No,True,53.0,-40.2,FBK-003134,Detractor
FB-11135,TRX-13602,3.0,2,Sin Comentario,No,False,55.0,-12.4,FBK-003135,Detractor
FB-11136,TRX-14395,3.0,3,No volvería,Tal vez,True,30.0,-16.7,FBK-003136,Detractor
FB-11137,TRX-18112,5.0,2,No volvería,No,False,57.0,-4.5,FBK-003137,Detractor
FB-11138,TRX-13370,1.0,1,Sin Comentario,No,False,69.0,-55.5,FBK-003138,Detractor
FB-11139,TRX-12802,4.0,4,Excelente,Sin Respuesta,True,41.0,-45.2,FBK-003139,Detractor
FB-11140,TRX-13335,5.0,4,No volvería,No,False,78.0,-7.9,FBK-003140,Detractor
FB-11141,TRX-15695,4.0,4,Sin Comentario,No,False,29.0,54.2,FBK-003141,Promotor
FB-11142,TRX-14718,3.0,3,Excelente,Sin Respuesta,True,69.0,48.9,FBK-003142,Pasivo
FB-11143,TRX-19769,5.0,3,Sin Comentario,No,True,21.0,-63.1,FBK-003143,Detractor
FB-11144,TRX-14718,2.0,1,Excelente,No,False,28.0,6.3,FBK-003144,Pasivo
FB-11145,TRX-10050,5.0,4,Sin Comentario,No,True,73.0,4.5,FBK-003145,Pasivo
FB-11146,TRX-11544,5.0,1,Dañado,No,True,24.0,14.2,FBK-003146,Pasivo
FB-11147,TRX-13032,3.0,2,Sin Comentario,No,False,72.0,-37.1,FBK-003147,Detractor
FB-11148,TRX-18245,1.0,4,Dañado,No,True,80.0,43.6,FBK-003148,Pasivo
FB-11149,TRX-17811,3.0,1,No volvería,Sí,False,22.0,-43.9,FBK-003149,Detractor
FB-11150,TRX-15002,3.0,3,No volvería,Sin Respuesta,True,20.0,-34.2,FBK-003150,Detractor
FB-11151,TRX-13909,3.0,3,Sin Comentario,Sí,False,81.0,-61.7,FBK-003151,Detractor
FB-11152,TRX-12789,3.0,3,Lento,Sí,True,29.0,-67.9,FBK-003152,Detractor
FB-11153,TRX-15162,4.0,1,Sin Comentario,Sin Respuesta,True,50.0,76.3,FBK-003153,Promotor
FB-11154,TRX-11137,2.0,1,Sin Comentario,Sin Respuesta,False,57.0,-21.2,FBK-003154,Detractor
FB-11155,TRX-12730,4.0,1,Lento,No,False,58.0,51.1,FBK-003155,Promotor
FB-11156,TRX-13069,5.0,5,Excelente,Tal vez,False,20.0,51.7,FBK-003156,Promotor
FB-11157,TRX-15442,3.0,4,Lento,Tal vez,True,43.0,14.2,FBK-003157,Pasivo
FB-11158,TRX-17458,1.0,5,Precio justo,Sí,False,55.0,65.2,FBK-003158,Promotor
FB-11159,TRX-12323,3.0,5,Dañado,No,True,51.0,-99.8,FBK-003159,Detractor
FB-11160,TRX-10208,4.0,2,Sin Comentario,Tal vez,True,84.0,-67.7,FBK-003160,Detractor
FB-11161,TRX-17775,2.0,2,Sin Comentario,Sin Respuesta,False,31.0,70.8,FBK-003161,Promotor
FB-11162,TRX-17011,4.0,3,Sin Comentario,Sin Respuesta,False,29.0,87.4,FBK-003162,Promotor
FB-11163,TRX-15473,3.0,5,No volvería,Tal vez,False,56.0,2.2,FBK-003163,Pasivo
FB-11164,TRX-10341,2.0,2,Sin Comentario,No,False,79.0,38.7,FBK-003164,Pasivo
FB-11165,TRX-12908,1.0,5,Lento,No,False,66.0,-68.8,FBK-003165,Detractor
FB-11166,TRX-14322,4.0,4,Precio justo,Sí,False,76.0,34.3,FBK-003166,Pasivo
FB-11167,TRX-11261,4.0,5,Lento,Sin Respuesta,False,68.0,29.9,FBK-003167,Pasivo
FB-11168,TRX-12797,5.0,3,No volvería,No,True,52.0,-78.1,FBK-003168,Detractor
FB-11169,TRX-10159,2.0,1,Lento,Sin Respuesta,False,68.0,56.6,FBK-003169,Promotor
FB-11170,TRX-19732,4.0,3,Dañado,Sí,True,48.0,-93.3,FBK-003170,Detractor
FB-11171,TRX-15769,5.0,5,Sin Comentario,No,True,57.0,96.0,FBK-003171,Promotor
FB-11172,TRX-17763,1.0,5,Sin Comentario,No,True,54.0,93.2,FBK-003172,Promotor
FB-11173,TRX-19554,4.0,1,Lento,Tal vez,False,31.0,57.4,FBK-003173,Promotor
FB-11174,TRX-10016,4.0,3,Precio justo,Sin Respuesta,True,75.0,-2.6,FBK-003174,Detractor
FB-11175,TRX-18000,3.0,3,Sin Comentario,No,True,45.0,-40.4,FBK-003175,Detractor
FB-11176,TRX-14055,4.0,5,Lento,Sí,False,29.0,-32.2,FBK-003176,Detractor
FB-11177,TRX-17742,1.0,4,Sin Comentario,Sin Respuesta,True,73.0,-79.4,FBK-003177,Detractor
FB-11178,TRX-11792,5.0,2,Sin Comentario,No,True,22.0,45.0,FBK-003178,Pasivo
FB-11179,TRX-10740,2.0,5,No volvería,Sin Respuesta,True,26.0,92.2,FBK-003179,Promotor
FB-11180,TRX-10284,1.0,5,Sin Comentario,Sí,True,79.0,-52.2,FBK-003180,Detractor
FB-11181,TRX-19294,2.0,2,Sin Comentario,Tal vez,True,51.0,95.6,FBK-003181,Promotor
FB-11182,TRX-14762,1.0,1,Lento,Tal vez,True,57.0,-9.4,FBK-003182,Detractor
FB-11183,TRX-13740,5.0,5,Precio justo,Sí,True,56.0,-72.0,FBK-003183,Detractor
FB-11184,TRX-18606,3.0,4,Lento,Sin Respuesta,False,30.0,54.4,FBK-003184,Promotor
FB-11185,TRX-18243,5.0,1,Excelente,Sí,True,21.0,66.0,FBK-003185,Promotor
FB-11186,TRX-12741,2.0,1,No volvería,Tal vez,True,26.0,-32.4,FBK-003186,Detractor
FB-11187,TRX-12401,2.0,1,Excelente,Sin Respuesta,False,23.0,93.4,FBK-003187,Promotor
FB-11188,TRX-11538,4.0,5,Sin Comentario,Sin Respuesta,False,50.0,7.3,FBK-003188,Pasivo
FB-11189,TRX-11638,3.0,1,Excelente,No,False,65.0,-93.6,FBK-003189,Detractor
FB-11190,TRX-14990,5.0,3,Sin Comentario,No,False,54.0,-31.1,FBK-003190,Detractor
FB-11191,TRX-15499,5.0,5,Sin Comentario,No,True,39.0,53.2,FBK-003191,Promotor
FB-11192,TRX-17415,2.0,5,No volvería,No,False,67.0,-60.2,FBK-003192,Detractor
FB-11193,TRX-18039,3.0,2,Sin Comentario,No,True,36.0,-73.7,FBK-003193,Detractor
FB-11194,TRX-15747,5.0,1,No volvería,Sí,True,45.0,22.8,FBK-003194,Pasivo
FB-11195,TRX-18940,3.0,5,Precio justo,Sí,True,81.0,-40.2,FBK-003195,Detractor
FB-11196,TRX-14216,3.0,4,Precio justo,Sin Respuesta,False,75.0,22.7,FBK-003196,Pasivo
FB-11197,TRX-17970,5.0,4,Precio justo,Sin Respuesta,True,42.0,-36.9,FBK-003197,Detractor
FB-11198,TRX-14153,3.0,5,Excelente,No,False,75.0,54.3,FBK-003198,Promotor
FB-11199,TRX-15968,1.0,5,Sin Comentario,Tal vez,True,49.0,-15.7,FBK-003199,Detractor
FB-11200,TRX-17516,2.0,4,Lento,Tal vez,False,50.0,97.2,FBK-003200,Promotor
FB-11201,TRX-10222,3.0,4,Dañado,Sin Respuesta,False,64.0,-25.1,FBK-003201,Detractor
FB-11202,TRX-15777,3.0,3,Lento,Sin Respuesta,False,55.0,-70.7,FBK-003202,Detractor
FB-11203,TRX-14933,1.0,4,Dañado,Sin Respuesta,True,35.0,27.0,FBK-003203,Pasivo
FB-11204,TRX-15467,4.0,3,Dañado,No,True,44.0,45.7,FBK-003204,Pasivo
FB-11205,TRX-18484,3.0,5,Dañado,Sin Respuesta,True,54.0,-31.1,FBK-003205,Detractor
FB-11206,TRX-19760,5.0,1,Dañado,No,True,59.0,49.2,FBK-003206,Pasivo
FB-11207,TRX-17935,4.0,1,No volvería,Sí,False,53.0,-31.7,FBK-003207,Detractor
FB-11208,TRX-11847,4.0,2,Precio justo,Sin Respuesta,False,51.0,-80.6,FBK-003208,Detractor
FB-11209,TRX-14422,1.0,3,No volvería,Tal vez,True,32.0,-83.4,FBK-003209,Detractor
FB-11210,TRX-18508,5.0,4,Excelente,No,True,78.0,-4.7,FBK-003210,Detractor
FB-11211,TRX-10339,4.0,3,No volvería,Sí,False,44.0,96.7,FBK-003211,Promotor
FB-11212,TRX-12423,3.0,2,Precio justo,Sí,False,36.0,6.4,FBK-003212,Pasivo
FB-11213,TRX-16722,1.0,2,Lento,No,True,24.0,6.4,FBK-003213,Pasivo
FB-11214,TRX-13608,1.0,3,Sin Comentario,No,True,78.0,72.6,FBK-003214,Promotor
FB-11215,TRX-12320,1.0,4,Precio justo,Sí,False,18.0,89.5,FBK-003215,Promotor
FB-11216,TRX-15852,2.0,5,Lento,Sí,True,38.0,-64.8,FBK-003216,Detractor
FB-11217,TRX-18156,4.0,5,Excelente,Sí,True,33.0,-73.6,FBK-003217,Detractor
FB-11218,TRX-10506,5.0,5,Sin Comentario,No,True,66.0,36.5,FBK-003218,Pasivo
FB-11219,TRX-14003,5.0,2,Dañado,Sin Respuesta,False,46.0,22.4,FBK-003219,Pasivo
FB-11220,TRX-19463,2.0,3,Sin Comentario,Sí,True,64.0,-30.9,FBK-003220,Detractor
FB-11221,TRX-17056,3.0,2,No volvería,Sí,False,18.0,79.1,FBK-003221,Promotor
FB-11222,TRX-15888,4.0,4,Sin Comentario,Tal vez,True,31.0,8.5,FBK-003222,Pasivo
FB-11223,TRX-13380,1.0,1,Dañado,Sin Respuesta,False,64.0,-65.4,FBK-003223,Detractor
FB-11224,TRX-11462,2.0,2,Excelente,No,True,77.0,-22.1,FBK-003224,Detractor
FB-11225,TRX-13175,2.0,4,Excelente,Sí,False,43.0,75.6,FBK-003225,Promotor
FB-11226,TRX-16189,4.0,4,Lento,No,False,35.0,-96.3,FBK-003226,Detractor
FB-11227,TRX-11768,5.0,4,Lento,Sin Respuesta,True,53.0,67.6,FBK-003227,Promotor
FB-11228,TRX-14487,4.0,1,Sin Comentario,Sin Respuesta,True,70.0,90.3,FBK-003228,Promotor
FB-11229,TRX-18927,5.0,5,Excelente,Sin Respuesta,False,79.0,-26.7,FBK-003229,Detractor
FB-11230,TRX-17360,4.0,3,Precio justo,Tal vez,False,83.0,-43.0,FBK-003230,Detractor
FB-11231,TRX-18632,5.0,2,Dañado,Sí,False,27.0,-66.8,FBK-003231,Detractor
FB-11232,TRX-12866,2.0,1,No volvería,Sin Respuesta,False,75.0,-92.0,FBK-003232,Detractor
FB-11233,TRX-14346,5.0,4,Excelente,No,False,66.0,35.3,FBK-003233,Pasivo
FB-11234,TRX-15715,4.0,1,No volvería,Tal vez,True,72.0,-65.8,FBK-003234,Detractor
FB-11235,TRX-15426,3.0,2,Excelente,Sin Respuesta,False,60.0,79.0,FBK-003235,Promotor
FB-11236,TRX-16406,4.0,3,Lento,Sin Respuesta,False,68.0,-8.8,FBK-003236,Detractor
FB-11237,TRX-19652,2.0,2,Lento,No,True,39.0,94.6,FBK-003237,Promotor
FB-11238,TRX-16836,5.0,1,Sin Comentario,Tal vez,False,60.0,96.0,FBK-003238,Promotor
FB-11239,TRX-14526,5.0,4,Excelente,No,True,25.0,60.1,FBK-003239,Promotor
FB-11240,TRX-15067,5.0,4,No volvería,Sí,True,20.0,-12.0,FBK-003240,Detractor
FB-11241,TRX-13122,2.0,5,Dañado,Sin Respuesta,True,58.0,-7.5,FBK-003241,Detractor
FB-11242,TRX-10673,4.0,5,Excelente,No,True,70.0,90.1,FBK-003242,Promotor
FB-11243,TRX-19494,5.0,3,Excelente,Tal vez,True,57.0,45.5,FBK-003243,Pasivo
FB-11244,TRX-18520,3.0,3,Sin Comentario,Sí,True,75.0,-19.9,FBK-003244,Detractor
FB-11245,TRX-15624,3.0,5,Sin Comentario,Sin Respuesta,False,35.0,72.5,FBK-003245,Promotor
FB-11246,TRX-12014,1.0,5,Precio justo,Sin Respuesta,True,67.0,-45.6,FBK-003246,Detractor
FB-11247,TRX-17101,3.0,2,Sin Comentario,Tal vez,False,28.0,87.4,FBK-003247,Promotor
FB-11248,TRX-17455,1.0,2,Sin Comentario,No,False,83.0,-51.5,FBK-003248,Detractor
FB-11249,TRX-19284,5.0,4,Excelente,No,False,39.0,46.6,FBK-003249,Pasivo
FB-11250,TRX-15685,2.0,4,Sin Comentario,Sin Respuesta,False,80.0,29.5,FBK-003250,Pasivo
FB-11251,TRX-14725,2.0,5,Sin Comentario,Sí,True,25.0,17.3,FBK-003251,Pasivo
FB-11252,TRX-11805,2.0,2,Sin Comentario,No,False,32.0,-6.4,FBK-003252,Detractor
FB-11253,TRX-10136,5.0,5,Lento,Tal vez,True,32.0,11.5,FBK-003253,Pasivo
FB-11254,TRX-18174,5.0,5,Sin Comentario,Sin Respuesta,True,24.0,38.5,FBK-003254,Pasivo
FB-11255,TRX-12410,4.0,3,Precio justo,Sí,True,43.0,26.7,FBK-003255,Pasivo
FB-11256,TRX-17640,3.0,5,Sin Comentario,Tal vez,False,82.0,-44.7,FBK-003256,Detractor
FB-11257,TRX-12461,5.0,4,Precio justo,Sí,True,68.0,-45.7,FBK-003257,Detractor
FB-11258,TRX-18571,3.0,3,Lento,Sí,True,43.0,29.8,FBK-003258,Pasivo
FB-11259,TRX-14747,2.0,2,Sin Comentario,Sin Respuesta,False,26.0,-69.5,FBK-003259,Detractor
FB-11260,TRX-19144,3.0,4,Lento,Sí,True,43.0,95.0,FBK-003260,Promotor
FB-11261,TRX-12664,4.0,1,Sin Comentario,No,False,22.0,69.4,FBK-003261,Promotor
FB-11262,TRX-14974,2.0,2,Lento,No,True,35.0,-9.4,FBK-003262,Detractor
FB-11263,TRX-17976,3.0,1,No volvería,Sí,False,70.0,5.0,FBK-003263,Pasivo
FB-11264,TRX-14722,4.0,4,Sin Comentario,Sin Respuesta,False,40.0,-29.1,FBK-003264,Detractor
FB-11265,TRX-11058,3.0,2,Precio justo,Sin Respuesta,True,78.0,-69.5,FBK-003265,Detractor
FB-11266,TRX-14828,4.0,1,Dañado,Sí,False,51.0,18.3,FBK-003266,Pasivo
FB-11267,TRX-10255,3.0,1,Dañado,No,True,64.0,97.8,FBK-003267,Promotor
FB-11268,TRX-17436,2.0,2,Sin Comentario,No,False,44.0,-67.4,FBK-003268,Detractor
FB-11269,TRX-10670,2.0,5,No volvería,Sin Respuesta,False,19.0,7.2,FBK-003269,Pasivo
FB-11270,TRX-13560,1.0,4,Dañado,Sin Respuesta,True,26.0,92.0,FBK-003270,Promotor
FB-11271,TRX-14636,4.0,4,Precio justo,Tal vez,False,71.0,96.5,FBK-003271,Promotor
FB-11272,TRX-19716,3.0,3,Lento,Tal vez,True,22.0,-2.8,FBK-003272,Detractor
FB-11273,TRX-12022,3.0,2,Sin Comentario,Sí,False,20.0,-85.4,FBK-003273,Detractor
FB-11274,TRX-10871,3.0,4,Precio justo,Sí,False,31.0,-50.0,FBK-003274,Detractor
FB-11275,TRX-18001,5.0,1,Sin Comentario,Sin Respuesta,True,26.0,40.8,FBK-003275,Pasivo
FB-11276,TRX-15010,4.0,2,Sin Comentario,Sin Respuesta,False,66.0,-86.1,FBK-003276,Detractor
FB-11277,TRX-10083,3.0,1,No volvería,Tal vez,False,75.0,27.6,FBK-003277,Pasivo
FB-11278,TRX-17050,1.0,2,No volvería,Sí,True,27.0,-9.9,FBK-003278,Detractor
FB-11279,TRX-15771,2.0,1,Excelente,Tal vez,False,24.0,-63.9,FBK-003279,Detractor
FB-11280,TRX-10010,5.0,1,No volvería,Tal vez,False,30.0,-80.1,FBK-003280,Detractor
FB-11281,TRX-10817,5.0,2,Sin Comentario,Tal vez,False,52.0,36.6,FBK-003281,Pasivo
FB-11282,TRX-14119,2.0,3,Sin Comentario,No,False,78.0,-64.8,FBK-003282,Detractor
FB-11283,TRX-12256,5.0,1,No volvería,Sí,False,55.0,4.5,FBK-003283,Pasivo
FB-11284,TRX-15737,1.0,2,Sin Comentario,Tal vez,True,54.0,-1.4,FBK-003284,Detractor
FB-11285,TRX-14641,1.0,5,Sin Comentario,No,False,25.0,34.7,FBK-003285,Pasivo
FB-11286,TRX-18224,2.0,5,Precio justo,No,True,40.0,-13.7,FBK-003286,Detractor
FB-11287,TRX-19187,4.0,3,Precio justo,Sí,False,18.0,83.1,FBK-003287,Promotor
FB-11288,TRX-12540,5.0,2,No volvería,Tal vez,False,30.0,70.5,FBK-003288,Promotor
FB-11289,TRX-11409,3.0,3,Sin Comentario,Sin Respuesta,True,43.0,63.5,FBK-003289,Promotor
FB-11290,TRX-14434,3.0,1,Precio justo,Sí,True,77.0,-44.5,FBK-003290,Detractor
FB-11291,TRX-12337,1.0,5,Precio justo,Tal vez,False,67.0,97.0,FBK-003291,Promotor
FB-11292,TRX-13223,4.0,3,Sin Comentario,Tal vez,False,68.0,4.8,FBK-003292,Pasivo
FB-11293,TRX-17078,4.0,1,Sin Comentario,No,True,74.0,95.3,FBK-003293,Promotor
FB-11294,TRX-19588,5.0,5,Sin Comentario,Tal vez,True,83.0,68.2,FBK-003294,Promotor
FB-11295,TRX-11322,5.0,3,No volvería,No,False,80.0,73.0,FBK-003295,Promotor
FB-11296,TRX-14764,2.0,1,Lento,Tal vez,True,58.0,41.2,FBK-003296,Pasivo
FB-11297,TRX-13585,1.0,4,No volvería,Sin Respuesta,True,52.0,-65.2,FBK-003297,Detractor
FB-11298,TRX-10526,2.0,5,Sin Comentario,Sí,False,70.0,91.6,FBK-003298,Promotor
FB-11299,TRX-17752,2.0,1,Dañado,Tal vez,False,82.0,-20.0,FBK-003299,Detractor
FB-11300,TRX-15810,3.0,4,Precio justo,No,True,50.0,88.7,FBK-003300,Promotor
FB-11301,TRX-14075,4.0,3,Sin Comentario,No,False,70.0,75.5,FBK-003301,Promotor
FB-11302,TRX-16328,5.0,4,Excelente,No,False,21.0,64.5,FBK-003302,Promotor
FB-11303,TRX-16923,3.0,5,No volvería,No,True,19.0,-98.4,FBK-003303,Detractor
FB-11304,TRX-16539,2.0,2,Lento,No,False,25.0,15.3,FBK-003304,Pasivo
FB-11305,TRX-11607,1.0,3,Lento,No,False,39.0,-51.2,FBK-003305,Detractor
FB-11306,TRX-14280,2.0,4,Precio justo,Sí,False,47.0,76.1,FBK-003306,Promotor
FB-11307,TRX-14948,3.0,1,No volvería,Tal vez,False,60.0,40.3,FBK-003307,Pasivo
FB-11308,TRX-19781,3.0,2,Sin Comentario,Sí,False,72.0,29.7,FBK-003308,Pasivo
FB-11309,TRX-15091,1.0,2,No volvería,Sí,True,32.0,80.9,FBK-003309,Promotor
FB-11310,TRX-12839,3.0,3,Sin Comentario,Sí,False,78.0,-40.9,FBK-003310,Detractor
FB-11311,TRX-19239,3.0,4,Dañado,Sin Respuesta,False,84.0,-78.4,FBK-003311,Detractor
FB-11312,TRX-17140,3.0,5,Sin Comentario,Tal vez,False,40.0,-38.9,FBK-003312,Detractor
FB-11313,TRX-15283,2.0,4,Sin Comentario,Sí,True,44.0,-63.3,FBK-003313,Detractor
FB-11314,TRX-19472,1.0,4,No volvería,No,False,65.0,-49.5,FBK-003314,Detractor
FB-11315,TRX-12280,2.0,3,Sin Comentario,Tal vez,True,78.0,13.3,FBK-003315,Pasivo
FB-11316,TRX-13268,1.0,3,Dañado,Sí,True,33.0,-8.9,FBK-003316,Detractor
FB-11317,TRX-14096,3.0,1,Lento,Sí,True,31.0,96.2,FBK-003317,Promotor
FB-11318,TRX-12223,3.0,5,No volvería,Sin Respuesta,True,69.0,-16.3,FBK-003318,Detractor
FB-11319,TRX-16820,5.0,3,Sin Comentario,Tal vez,True,37.0,-69.6,FBK-003319,Detractor
FB-11320,TRX-19081,3.0,1,Sin Comentario,Tal vez,False,27.0,75.0,FBK-003320,Promotor
FB-11321,TRX-13268,1.0,2,Precio justo,No,False,75.0,-44.7,FBK-003321,Detractor
FB-11322,TRX-14932,4.0,1,Dañado,No,False,46.0,-78.4,FBK-003322,Detractor
FB-11323,TRX-14997,1.0,5,Dañado,Tal vez,False,21.0,31.8,FBK-003323,Pasivo
FB-11324,TRX-11402,3.0,1,Precio justo,No,True,22.0,-48.7,FBK-003324,Detractor
FB-11325,TRX-14871,3.0,1,Excelente,No,False,55.0,-96.8,FBK-003325,Detractor
FB-11326,TRX-19284,4.0,3,Precio justo,Sí,False,29.0,32.7,FBK-003326,Pasivo
FB-11327,TRX-17555,3.0,5,Dañado,No,True,69.0,-85.5,FBK-003327,Detractor
FB-11328,TRX-18942,5.0,1,Precio justo,Sin Respuesta,False,83.0,-99.5,FBK-003328,Detractor
FB-11329,TRX-13004,4.0,4,Dañado,Sí,True,82.0,36.4,FBK-003329,Pasivo
FB-11330,TRX-16159,2.0,1,Sin Comentario,No,True,63.0,-9.4,FBK-003330,Detractor
FB-11331,TRX-17158,5.0,2,Excelente,Sí,False,27.0,60.9,FBK-003331,Promotor
FB-11332,TRX-11573,1.0,2,No volvería,No,True,36.0,-67.1,FBK-003332,Detractor
FB-11333,TRX-12270,5.0,1,Sin Comentario,No,True,37.0,2.1,FBK-003333,Pasivo
FB-11334,TRX-18627,5.0,1,Lento,No,False,46.0,-76.8,FBK-003334,Detractor
FB-11335,TRX-17240,3.0,4,Excelente,Sí,True,84.0,-18.1,FBK-003335,Detractor
FB-11336,TRX-15132,2.0,1,No volvería,Tal vez,False,39.0,-28.7,FBK-003336,Detractor
FB-11337,TRX-18254,4.0,3,Sin Comentario,No,False,73.0,27.6,FBK-003337,Pasivo
FB-11338,TRX-15858,5.0,5,Precio justo,Sin Respuesta,False,40.0,24.7,FBK-003338,Pasivo
FB-11339,TRX-17673,3.0,4,Sin Comentario,No,True,57.0,-48.4,FBK-003339,Detractor
FB-11340,TRX-15803,5.0,1,Dañado,Tal vez,True,64.0,-89.9,FBK-003340,Detractor
FB-11341,TRX-17006,2.0,3,Sin Comentario,Sí,True,80.0,-79.0,FBK-003341,Detractor
FB-11342,TRX-17643,4.0,1,Sin Comentario,No,False,55.0,82.6,FBK-003342,Promotor
FB-11343,TRX-16889,3.0,4,Sin Comentario,Sin Respuesta,True,26.0,45.3,FBK-003343,Pasivo
FB-11344,TRX-16721,5.0,4,Excelente,Sí,True,67.0,88.5,FBK-003344,Promotor
FB-11345,TRX-17557,2.0,2,Precio justo,No,False,78.0,23.5,FBK-003345,Pasivo
FB-11346,TRX-10453,1.0,2,Sin Comentario,Sí,True,78.0,75.9,FBK-003346,Promotor
FB-11347,TRX-19157,1.0,1,Sin Comentario,Sí,True,40.0,54.6,FBK-003347,Promotor
FB-11348,TRX-10432,2.0,5,No volvería,Tal vez,True,43.0,-51.0,FBK-003348,Detractor
FB-11349,TRX-16896,4.0,3,Sin Comentario,Sí,False,20.0,50.0,FBK-003349,Promotor
FB-11350,TRX-11448,5.0,2,Lento,No,True,83.0,21.9,FBK-003350,Pasivo
FB-11351,TRX-12303,5.0,2,Excelente,Tal vez,False,53.0,-66.0,FBK-003351,Detractor
FB-11352,TRX-14954,2.0,5,Sin Comentario,Tal vez,True,62.0,-81.2,FBK-003352,Detractor
FB-11353,TRX-13975,5.0,4,Sin Comentario,Sí,False,63.0,-26.7,FBK-003353,Detractor
FB-11354,TRX-19508,4.0,1,Lento,Sí,True,82.0,17.1,FBK-003354,Pasivo
FB-11355,TRX-18391,2.0,1,Precio justo,No,True,52.0,11.3,FBK-003355,Pasivo
FB-11356,TRX-16113,1.0,3,No volvería,Sin Respuesta,True,33.0,-3.8,FBK-003356,Detractor
FB-11357,TRX-12085,1.0,5,Sin Comentario,Tal vez,False,64.0,-4.2,FBK-003357,Detractor
FB-11358,TRX-18900,3.0,5,Excelente,Tal vez,False,38.0,-96.7,FBK-003358,Detractor
FB-11359,TRX-19266,1.0,5,Sin Comentario,Tal vez,False,26.0,-95.7,FBK-003359,Detractor
FB-11360,TRX-14806,5.0,4,Sin Comentario,Sí,True,25.0,-18.4,FBK-003360,Detractor
FB-11361,TRX-10877,4.0,5,No volvería,Sin Respuesta,False,64.0,3.0,FBK-003361,Pasivo
FB-11362,TRX-16433,4.0,4,Dañado,No,False,59.0,35.1,FBK-003362,Pasivo
FB-11363,TRX-12063,3.0,1,Sin Comentario,No,True,28.0,33.0,FBK-003363,Pasivo
FB-11364,TRX-16601,5.0,4,No volvería,Tal vez,False,74.0,97.0,FBK-003364,Promotor
FB-11365,TRX-10097,2.0,1,No volvería,Sí,True,57.0,-21.6,FBK-003365,Detractor
FB-11366,TRX-17582,3.0,3,Sin Comentario,Sin Respuesta,False,51.0,-74.7,FBK-003366,Detractor
FB-11367,TRX-18487,5.0,5,No volvería,No,False,21.0,-39.8,FBK-003367,Detractor
FB-11368,TRX-17540,2.0,3,Sin Comentario,No,False,67.0,53.3,FBK-003368,Promotor
FB-11369,TRX-10890,1.0,5,Excelente,Sí,True,65.0,-51.2,FBK-003369,Detractor
FB-11370,TRX-11387,1.0,3,Sin Comentario,No,True,24.0,63.5,FBK-003370,Promotor
FB-11371,TRX-10896,2.0,2,Excelente,Tal vez,False,59.0,61.2,FBK-003371,Promotor
FB-11372,TRX-14426,3.0,2,Excelente,Sí,True,82.0,-6.2,FBK-003372,Detractor
FB-11373,TRX-11753,2.0,4,Lento,Tal vez,False,67.0,46.0,FBK-003373,Pasivo
FB-11374,TRX-15463,5.0,3,Sin Comentario,Tal vez,True,63.0,60.2,FBK-003374,Promotor
FB-11375,TRX-19737,2.0,5,Precio justo,Sin Respuesta,True,59.0,45.3,FBK-003375,Pasivo
FB-11376,TRX-11595,5.0,1,Sin Comentario,Sí,False,41.0,-37.5,FBK-003376,Detractor
FB-11377,TRX-14760,5.0,4,Precio justo,No,True,27.0,-66.0,FBK-003377,Detractor
FB-11378,TRX-19264,1.0,4,No volvería,Tal vez,False,43.0,-76.2,FBK-003378,Detractor
FB-11379,TRX-17888,5.0,2,Lento,Sin Respuesta,False,19.0,92.7,FBK-003379,Promotor
FB-11380,TRX-15428,4.0,3,Precio justo,No,True,78.0,-81.1,FBK-003380,Detractor
FB-11381,TRX-10997,1.0,3,Excelente,No,False,75.0,-11.8,FBK-003381,Detractor
FB-11382,TRX-11989,1.0,4,Dañado,No,False,68.0,-79.7,FBK-003382,Detractor
FB-11383,TRX-19578,2.0,2,Sin Comentario,No,True,63.0,59.0,FBK-003383,Promotor
FB-11384,TRX-18369,5.0,1,Dañado,Sin Respuesta,True,20.0,10.6,FBK-003384,Pasivo
FB-11385,TRX-10868,2.0,2,Precio justo,Sin Respuesta,False,67.0,-64.9,FBK-003385,Detractor
FB-11386,TRX-13359,5.0,3,Lento,No,True,53.0,91.9,FBK-003386,Promotor
FB-11387,TRX-18458,1.0,1,Precio justo,Sí,False,69.0,69.7,FBK-003387,Promotor
FB-11388,TRX-12361,4.0,4,Excelente,Sin Respuesta,False,61.0,-74.6,FBK-003388,Detractor
FB-11389,TRX-19208,1.0,1,Lento,No,False,31.0,62.7,FBK-003389,Promotor
FB-11390,TRX-18115,3.0,4,Dañado,Sin Respuesta,True,83.0,68.9,FBK-003390,Promotor
FB-11391,TRX-12234,2.0,2,Sin Comentario,Sin Respuesta,False,66.0,54.4,FBK-003391,Promotor
FB-11392,TRX-13662,4.0,1,No volvería,No,False,44.0,-29.8,FBK-003392,Detractor
FB-11393,TRX-12535,2.0,5,Excelente,Tal vez,True,19.0,-48.7,FBK-003393,Detractor
FB-11394,TRX-14929,5.0,3,Sin Comentario,Sí,False,64.0,5.0,FBK-003394,Pasivo
FB-11395,TRX-15093,2.0,4,Sin Comentario,Sin Respuesta,True,77.0,-5.2,FBK-003395,Detractor
FB-11396,TRX-10105,1.0,1,Lento,No,True,27.0,16.7,FBK-003396,Pasivo
FB-11397,TRX-17945,1.0,1,No volvería,No,True,78.0,-16.4,FBK-003397,Detractor
FB-11398,TRX-13288,2.0,5,Excelente,Tal vez,True,57.0,-57.9,FBK-003398,Detractor
FB-11399,TRX-11879,5.0,2,Sin Comentario,Sin Respuesta,True,22.0,14.0,FBK-003399,Pasivo
FB-11400,TRX-11100,5.0,5,Sin Comentario,Sí,True,50.0,7.5,FBK-003400,Pasivo
FB-11401,TRX-10000,4.0,1,Dañado,Sí,True,31.0,81.7,FBK-003401,Promotor
FB-11402,TRX-12507,1.0,3,Sin Comentario,Tal vez,False,84.0,27.0,FBK-003402,Pasivo
FB-11403,TRX-19892,2.0,1,Lento,Sí,False,40.0,53.9,FBK-003403,Promotor
FB-11404,TRX-11983,4.0,1,Precio justo,Sí,False,82.0,-14.6,FBK-003404,Detractor
FB-11405,TRX-18516,3.0,1,Lento,No,False,55.0,64.5,FBK-003405,Promotor
FB-11406,TRX-11587,4.0,5,Lento,Tal vez,False,31.0,-38.1,FBK-003406,Detractor
FB-11407,TRX-14050,3.0,5,Excelente,Sin Respuesta,False,36.0,95.6,FBK-003407,Promotor
FB-11408,TRX-13347,3.0,4,Precio justo,Tal vez,False,26.0,63.1,FBK-003408,Promotor
FB-11409,TRX-11697,4.0,4,Dañado,Sí,False,50.0,-99.1,FBK-003409,Detractor
FB-11410,TRX-17761,1.0,4,Sin Comentario,No,False,50.0,63.6,FBK-003410,Promotor
FB-11411,TRX-10403,4.0,1,No volvería,Sin Respuesta,False,62.0,7.6,FBK-003411,Pasivo
FB-11412,TRX-18287,4.0,4,Dañado,Sí,True,56.0,16.0,FBK-003412,Pasivo
FB-11413,TRX-17271,1.0,4,Precio justo,No,True,50.0,99.7,FBK-003413,Promotor
FB-11414,TRX-16401,1.0,2,Sin Comentario,Sí,True,21.0,43.5,FBK-003414,Pasivo
FB-11415,TRX-10911,1.0,5,No volvería,Sí,True,43.0,-73.9,FBK-003415,Detractor
FB-11416,TRX-11995,1.0,4,Lento,Tal vez,False,42.0,50.8,FBK-003416,Promotor
FB-11417,TRX-14913,1.0,5,Sin Comentario,Sí,True,50.0,-60.1,FBK-003417,Detractor
FB-11418,TRX-16628,1.0,3,No volvería,Sin Respuesta,True,35.0,87.0,FBK-003418,Promotor
FB-11419,TRX-17925,4.0,2,Sin Comentario,Sí,True,46.0,-47.3,FBK-003419,Detractor
FB-11420,TRX-13015,2.0,3,Lento,Tal vez,True,25.0,-7.7,FBK-003420,Detractor
FB-11421,TRX-13849,2.0,5,Sin Comentario,No,True,66.0,62.6,FBK-003421,Promotor
FB-11422,TRX-18957,2.0,5,Precio justo,Sí,False,83.0,92.8,FBK-003422,Promotor
FB-11423,TRX-14264,4.0,3,Dañado,Sí,False,64.0,-68.6,FBK-003423,Detractor
FB-11424,TRX-17194,1.0,4,Excelente,Tal vez,True,56.0,-86.2,FBK-003424,Detractor
FB-11425,TRX-12018,3.0,2,No volvería,No,True,81.0,58.0,FBK-003425,Promotor
FB-11426,TRX-17083,1.0,5,Excelente,Sí,False,29.0,72.5,FBK-003426,Promotor
FB-11427,TRX-12396,5.0,1,Sin Comentario,Sí,True,53.0,20.4,FBK-003427,Pasivo
FB-11428,TRX-10354,1.0,2,Sin Comentario,Sin Respuesta,False,31.0,-65.8,FBK-003428,Detractor
FB-11429,TRX-13027,2.0,3,Excelente,Tal vez,True,68.0,-68.6,FBK-003429,Detractor
FB-11430,TRX-12321,1.0,5,No volvería,No,False,72.0,-7.9,FBK-003430,Detractor
FB-11431,TRX-13943,1.0,5,Excelente,Sí,True,45.0,-61.2,FBK-003431,Detractor
FB-11432,TRX-12797,5.0,3,Excelente,Tal vez,False,60.0,-30.6,FBK-003432,Detractor
FB-11433,TRX-18380,3.0,1,Excelente,Tal vez,False,37.0,58.9,FBK-003433,Promotor
FB-11434,TRX-18956,3.0,1,Dañado,Tal vez,True,30.0,-78.8,FBK-003434,Detractor
FB-11435,TRX-13282,2.0,5,Lento,No,True,63.0,-39.3,FBK-003435,Detractor
FB-11436,TRX-17801,3.0,4,Dañado,Tal vez,True,62.0,-20.7,FBK-003436,Detractor
FB-11437,TRX-17871,2.0,1,Sin Comentario,Sí,False,47.0,-54.5,FBK-003437,Detractor
FB-11438,TRX-14751,4.0,1,Sin Comentario,Sí,True,65.0,41.7,FBK-003438,Pasivo
FB-11439,TRX-14742,5.0,4,Dañado,No,True,34.0,-6.2,FBK-003439,Detractor
FB-11440,TRX-11638,1.0,1,Sin Comentario,Sí,True,61.0,89.3,FBK-003440,Promotor
FB-11441,TRX-19646,5.0,4,Lento,No,True,60.0,-32.0,FBK-003441,Detractor
FB-11442,TRX-18076,3.0,3,Lento,Sí,False,81.0,85.1,FBK-003442,Promotor
FB-11443,TRX-16018,1.0,2,Sin Comentario,Tal vez,False,18.0,13.7,FBK-003443,Pasivo
FB-11444,TRX-14508,5.0,2,Excelente,Sí,True,66.0,7.7,FBK-003444,Pasivo
FB-11445,TRX-16409,5.0,3,Sin Comentario,Tal vez,True,36.0,-53.0,FBK-003445,Detractor
FB-11446,TRX-16321,2.0,1,Dañado,No,True,29.0,89.6,FBK-003446,Promotor
FB-11447,TRX-11758,4.0,2,No volvería,Sin Respuesta,False,45.0,-36.3,FBK-003447,Detractor
FB-11448,TRX-17601,5.0,3,No volvería,Tal vez,True,48.0,9.3,FBK-003448,Pasivo
FB-11449,TRX-16830,1.0,2,Excelente,Tal vez,True,77.0,87.9,FBK-003449,Promotor
FB-11450,TRX-16960,3.0,1,Dañado,Sin Respuesta,False,70.0,70.1,FBK-003450,Promotor
FB-11451,TRX-12427,4.0,4,Excelente,Sin Respuesta,False,70.0,-38.2,FBK-003451,Detractor
FB-11452,TRX-10458,4.0,3,Dañado,Sí,True,28.0,61.0,FBK-003452,Promotor
FB-11453,TRX-14643,1.0,2,Excelente,No,False,29.0,36.2,FBK-003453,Pasivo
FB-11454,TRX-17488,4.0,1,Sin Comentario,Sí,True,75.0,-93.3,FBK-003454,Detractor
FB-11455,TRX-11968,3.0,2,Lento,No,True,64.0,-1.4,FBK-003455,Detractor
FB-11456,TRX-19244,4.0,1,No volvería,Sin Respuesta,True,80.0,-15.5,FBK-003456,Detractor
FB-11457,TRX-16380,2.0,1,Sin Comentario,Tal vez,True,26.0,31.8,FBK-003457,Pasivo
FB-11458,TRX-10180,4.0,1,Excelente,No,False,31.0,40.6,FBK-003458,Pasivo
FB-11459,TRX-19511,5.0,1,Dañado,No,True,84.0,40.9,FBK-003459,Pasivo
FB-11460,TRX-14960,4.0,3,Sin Comentario,No,False,24.0,-8.0,FBK-003460,Detractor
FB-11461,TRX-10558,2.0,4,Sin Comentario,Sin Respuesta,True,23.0,89.5,FBK-003461,Promotor
FB-11462,TRX-17282,2.0,3,Sin Comentario,Sin Respuesta,True,52.0,-85.8,FBK-003462,Detractor
FB-11463,TRX-10698,4.0,2,No volvería,Sí,True,72.0,29.8,FBK-003463,Pasivo
FB-11464,TRX-15811,3.0,3,Excelente,Tal vez,True,45.0,-12.2,FBK-003464,Detractor
FB-11465,TRX-12282,4.0,3,Precio justo,Tal vez,False,40.0,-53.5,FBK-003465,Detractor
FB-11466,TRX-17666,1.0,2,No volvería,Sí,False,27.0,-72.7,FBK-003466,Detractor
FB-11467,TRX-17509,2.0,4,Sin Comentario,No,False,71.0,-7.5,FBK-003467,Detractor
FB-11468,TRX-14536,4.0,3,Precio justo,Sin Respuesta,True,79.0,-38.9,FBK-003468,Detractor
FB-11469,TRX-10149,3.0,1,Dañado,Tal vez,True,32.0,-56.2,FBK-003469,Detractor
FB-11470,TRX-12593,3.0,3,Lento,Tal vez,True,31.0,-92.7,FBK-003470,Detractor
FB-11471,TRX-15861,3.0,2,Lento,Tal vez,True,28.0,-37.4,FBK-003471,Detractor
FB-11472,TRX-18202,5.0,4,Sin Comentario,No,False,72.0,86.4,FBK-003472,Promotor
FB-11473,TRX-18244,5.0,3,Dañado,Sí,True,35.0,7.7,FBK-003473,Pasivo
FB-11474,TRX-13453,5.0,3,Precio justo,Sí,False,43.0,-51.7,FBK-003474,Detractor
FB-11475,TRX-15715,1.0,2,Sin Comentario,Tal vez,False,64.0,95.1,FBK-003475,Promotor
FB-11476,TRX-18602,1.0,5,Lento,No,True,57.0,30.2,FBK-003476,Pasivo
FB-11477,TRX-16399,4.0,5,Sin Comentario,Sin Respuesta,True,60.0,1.4,FBK-003477,Pasivo
FB-11478,TRX-18405,5.0,3,Sin Comentario,Tal vez,True,82.0,86.7,FBK-003478,Promotor
FB-11479,TRX-11028,5.0,1,Lento,Sí,True,20.0,56.2,FBK-003479,Promotor
FB-11480,TRX-12858,1.0,3,Precio justo,No,True,36.0,6.5,FBK-003480,Pasivo
FB-11481,TRX-12480,3.0,5,Sin Comentario,Sí,True,28.0,-98.6,FBK-003481,Detractor
FB-11482,TRX-15764,3.0,3,Excelente,Tal vez,True,70.0,-17.2,FBK-003482,Detractor
FB-11483,TRX-19226,2.0,1,Lento,Sin Respuesta,False,31.0,59.9,FBK-003483,Promotor
FB-11484,TRX-15558,4.0,4,Lento,Sí,True,61.0,-43.0,FBK-003484,Detractor
FB-11485,TRX-17528,4.0,3,Excelente,No,False,68.0,-89.1,FBK-003485,Detractor
FB-11486,TRX-12294,5.0,2,Precio justo,Sin Respuesta,False,49.0,21.6,FBK-003486,Pasivo
FB-11487,TRX-14560,1.0,1,Sin Comentario,No,False,60.0,79.9,FBK-003487,Promotor
FB-11488,TRX-14963,4.0,3,Precio justo,No,True,50.0,97.8,FBK-003488,Promotor
FB-11489,TRX-16454,3.0,5,Excelente,Sí,True,23.0,-77.1,FBK-003489,Detractor
FB-11490,TRX-11117,1.0,3,Lento,No,True,47.0,92.4,FBK-003490,Promotor
FB-11491,TRX-17925,5.0,5,Excelente,Sí,False,47.0,-23.3,FBK-003491,Detractor
FB-11492,TRX-16168,5.0,2,Dañado,No,True,23.0,49.1,FBK-003492,Pasivo
FB-11493,TRX-17729,4.0,4,Sin Comentario,Sí,True,19.0,-59.2,FBK-003493,Detractor
FB-11494,TRX-19926,4.0,5,Excelente,Sí,False,19.0,34.5,FBK-003494,Pasivo
FB-11495,TRX-12955,2.0,3,Sin Comentario,Sin Respuesta,False,27.0,34.3,FBK-003495,Pasivo
FB-11496,TRX-19437,4.0,2,Sin Comentario,Sí,False,78.0,-43.6,FBK-003496,Detractor
FB-11497,TRX-18306,4.0,1,No volvería,No,True,18.0,-10.9,FBK-003497,Detractor
FB-11498,TRX-18608,3.0,3,Sin Comentario,Sí,False,51.0,-17.1,FBK-003498,Detractor
FB-11499,TRX-14247,3.0,1,Precio justo,Sin Respuesta,False,53.0,31.0,FBK-003499,Pasivo
FB-11500,TRX-12120,1.0,5,Lento,No,False,57.0,95.4,FBK-003500,Promotor
FB-11501,TRX-15309,4.0,2,Lento,Sin Respuesta,True,37.0,14.0,FBK-003501,Pasivo
FB-11502,TRX-19647,4.0,4,Dañado,Tal vez,True,73.0,8.9,FBK-003502,Pasivo
FB-11503,TRX-19514,5.0,3,Lento,No,True,34.0,-32.4,FBK-003503,Detractor
FB-11504,TRX-15703,3.0,2,Dañado,Tal vez,True,77.0,35.6,FBK-003504,Pasivo
FB-11505,TRX-19576,5.0,2,Dañado,No,True,56.0,69.2,FBK-003505,Promotor
FB-11506,TRX-16615,4.0,4,Precio justo,Tal vez,False,22.0,-80.3,FBK-003506,Detractor
FB-11507,TRX-11107,3.0,5,Dañado,Sí,False,82.0,-51.7,FBK-003507,Detractor
FB-11508,TRX-10736,4.0,4,Precio justo,Tal vez,False,35.0,18.6,FBK-003508,Pasivo
FB-11509,TRX-10483,2.0,4,Sin Comentario,Sin Respuesta,True,79.0,-83.2,FBK-003509,Detractor
FB-11510,TRX-12607,5.0,4,Sin Comentario,Sin Respuesta,False,31.0,-30.5,FBK-003510,Detractor
FB-11511,TRX-13796,3.0,1,Sin Comentario,Tal vez,False,24.0,-4.1,FBK-003511,Detractor
FB-11512,TRX-11581,3.0,3,Dañado,Sí,True,34.0,61.2,FBK-003512,Promotor
FB-11513,TRX-11740,4.0,4,Sin Comentario,Tal vez,True,30.0,5.3,FBK-003513,Pasivo
FB-11514,TRX-18182,4.0,3,Excelente,No,False,41.0,-24.0,FBK-003514,Detractor
FB-11515,TRX-17805,1.0,4,Sin Comentario,No,False,80.0,-70.5,FBK-003515,Detractor
FB-11516,TRX-15302,1.0,5,Precio justo,Tal vez,False,29.0,-59.5,FBK-003516,Detractor
FB-11517,TRX-13793,5.0,5,No volvería,Tal vez,False,35.0,3.6,FBK-003517,Pasivo
FB-11518,TRX-13876,3.0,4,Excelente,No,False,40.0,60.9,FBK-003518,Promotor
FB-11519,TRX-11727,4.0,2,Dañado,No,False,39.0,-20.2,FBK-003519,Detractor
FB-11520,TRX-12850,5.0,3,No volvería,Tal vez,False,42.0,-54.4,FBK-003520,Detractor
FB-11521,TRX-16292,3.0,5,Precio justo,Sí,True,61.0,-24.2,FBK-003521,Detractor
FB-11522,TRX-16882,4.0,1,No volvería,Sí,False,42.0,-88.9,FBK-003522,Detractor
FB-11523,TRX-11054,1.0,2,Sin Comentario,No,False,38.0,6.2,FBK-003523,Pasivo
FB-11524,TRX-11014,3.0,5,No volvería,Sin Respuesta,False,46.0,-85.1,FBK-003524,Detractor
FB-11525,TRX-14103,4.0,2,Dañado,Sí,False,77.0,70.0,FBK-003525,Promotor
FB-11526,TRX-11875,5.0,3,Sin Comentario,Tal vez,True,25.0,52.6,FBK-003526,Promotor
FB-11527,TRX-10613,5.0,2,Excelente,No,True,22.0,40.7,FBK-003527,Pasivo
FB-11528,TRX-11194,2.0,1,Sin Comentario,Sí,True,83.0,89.0,FBK-003528,Promotor
FB-11529,TRX-17234,3.0,2,No volvería,Sí,True,69.0,77.8,FBK-003529,Promotor
FB-11530,TRX-16132,5.0,5,Sin Comentario,Sí,True,40.0,-99.5,FBK-003530,Detractor
FB-11531,TRX-19937,3.0,1,Sin Comentario,Sin Respuesta,False,19.0,55.8,FBK-003531,Promotor
FB-11532,TRX-10482,5.0,3,Sin Comentario,No,True,66.0,17.1,FBK-003532,Pasivo
FB-11533,TRX-12851,3.0,5,Excelente,Tal vez,True,57.0,-12.9,FBK-003533,Detractor
FB-11534,TRX-15261,3.0,3,Sin Comentario,Tal vez,True,78.0,-42.6,FBK-003534,Detractor
FB-11535,TRX-11763,3.0,4,No volvería,No,True,48.0,-60.8,FBK-003535,Detractor
FB-11536,TRX-17364,2.0,5,Precio justo,Sin Respuesta,False,24.0,76.5,FBK-003536,Promotor
FB-11537,TRX-16187,1.0,2,Dañado,Sí,False,42.0,-27.4,FBK-003537,Detractor
FB-11538,TRX-12182,3.0,3,No volvería,Sin Respuesta,False,75.0,-10.4,FBK-003538,Detractor
FB-11539,TRX-19400,1.0,2,Dañado,Tal vez,True,78.0,42.6,FBK-003539,Pasivo
FB-11540,TRX-19117,1.0,1,Sin Comentario,Sí,False,31.0,57.2,FBK-003540,Promotor
FB-11541,TRX-13272,1.0,3,Sin Comentario,Tal vez,False,23.0,25.1,FBK-003541,Pasivo
FB-11542,TRX-13206,5.0,3,Excelente,Tal vez,False,40.0,-16.1,FBK-003542,Detractor
FB-11543,TRX-14136,4.0,1,No volvería,Tal vez,True,53.0,-87.2,FBK-003543,Detractor
FB-11544,TRX-18046,1.0,1,Precio justo,Sin Respuesta,False,84.0,22.3,FBK-003544,Pasivo
FB-11545,TRX-17168,3.0,1,Lento,Sí,True,62.0,69.3,FBK-003545,Promotor
FB-11546,TRX-14687,4.0,1,Excelente,Sí,False,61.0,-90.9,FBK-003546,Detractor
FB-11547,TRX-13694,5.0,4,Sin Comentario,Sin Respuesta,True,26.0,-29.4,FBK-003547,Detractor
FB-11548,TRX-13296,2.0,3,Dañado,Sí,False,29.0,-50.5,FBK-003548,Detractor
FB-11549,TRX-12655,1.0,4,Excelente,Sí,False,82.0,8.1,FBK-003549,Pasivo
FB-11550,TRX-17111,1.0,4,Precio justo,Sí,True,73.0,-97.8,FBK-003550,Detractor
FB-11551,TRX-18659,5.0,2,Sin Comentario,Sin Respuesta,True,38.0,76.5,FBK-003551,Promotor
FB-11552,TRX-13150,3.0,3,Dañado,No,True,79.0,58.3,FBK-003552,Promotor
FB-11553,TRX-11409,3.0,3,Dañado,Tal vez,True,38.0,-79.2,FBK-003553,Detractor
FB-11554,TRX-19537,4.0,3,Sin Comentario,Tal vez,True,19.0,78.5,FBK-003554,Promotor
FB-11555,TRX-10397,4.0,3,Dañado,Sin Respuesta,True,25.0,53.5,FBK-003555,Promotor
FB-11556,TRX-11576,3.0,1,Lento,No,True,29.0,91.3,FBK-003556,Promotor
FB-11557,TRX-13334,2.0,5,Sin Comentario,Tal vez,False,39.0,-48.3,FBK-003557,Detractor
FB-11558,TRX-10544,3.0,2,Sin Comentario,No,False,66.0,71.0,FBK-003558,Promotor
FB-11559,TRX-12302,2.0,2,Sin Comentario,No,False,26.0,-70.9,FBK-003559,Detractor
FB-11560,TRX-10085,5.0,1,Lento,Sin Respuesta,True,61.0,39.3,FBK-003560,Pasivo
FB-11561,TRX-15891,2.0,4,Dañado,No,True,55.0,-85.6,FBK-003561,Detractor
FB-11562,TRX-16685,5.0,5,Sin Comentario,Tal vez,False,20.0,42.8,FBK-003562,Pasivo
FB-11563,TRX-19310,1.0,2,Lento,No,True,19.0,-69.6,FBK-003563,Detractor
FB-11564,TRX-18955,3.0,4,Dañado,Tal vez,False,20.0,47.0,FBK-003564,Pasivo
FB-11565,TRX-11179,4.0,3,Precio justo,Sí,True,32.0,-12.1,FBK-003565,Detractor
FB-11566,TRX-15582,1.0,5,Dañado,Sin Respuesta,True,67.0,-73.1,FBK-003566,Detractor
FB-11567,TRX-13036,4.0,5,Sin Comentario,Sí,False,43.0,14.3,FBK-003567,Pasivo
FB-11568,TRX-18653,2.0,3,Lento,No,False,25.0,-95.1,FBK-003568,Detractor
FB-11569,TRX-18129,3.0,2,Precio justo,No,False,70.0,-52.6,FBK-003569,Detractor
FB-11570,TRX-13115,3.0,5,Precio justo,Sin Respuesta,True,22.0,-41.5,FBK-003570,Detractor
FB-11571,TRX-13399,3.0,1,Lento,Sí,True,63.0,98.4,FBK-003571,Promotor
FB-11572,TRX-19344,1.0,1,Sin Comentario,Sí,True,56.0,58.9,FBK-003572,Promotor
FB-11573,TRX-17761,5.0,1,Dañado,Sí,True,49.0,-37.6,FBK-003573,Detractor
FB-11574,TRX-18205,2.0,5,Lento,Sin Respuesta,False,77.0,-27.0,FBK-003574,Detractor
FB-11575,TRX-15768,1.0,2,Excelente,No,True,34.0,-12.3,FBK-003575,Detractor
FB-11576,TRX-15840,1.0,4,Lento,Sí,False,40.0,57.8,FBK-003576,Promotor
FB-11577,TRX-19153,5.0,2,Precio justo,No,True,74.0,36.2,FBK-003577,Pasivo
FB-11578,TRX-12258,4.0,4,Dañado,No,False,61.0,8.3,FBK-003578,Pasivo
FB-11579,TRX-11100,4.0,5,No volvería,No,True,62.0,-10.6,FBK-003579,Detractor
FB-11580,TRX-17190,3.0,3,Dañado,Sin Respuesta,True,65.0,-49.1,FBK-003580,Detractor
FB-11581,TRX-17004,1.0,4,Precio justo,Tal vez,True,32.0,-9.3,FBK-003581,Detractor
FB-11582,TRX-16162,5.0,4,Sin Comentario,Sin Respuesta,False,55.0,55.3,FBK-003582,Promotor
FB-11583,TRX-11161,5.0,2,Dañado,No,False,25.0,-10.5,FBK-003583,Detractor
FB-11584,TRX-19324,4.0,5,Precio justo,Sin Respuesta,True,63.0,4.8,FBK-003584,Pasivo
FB-11585,TRX-11280,5.0,2,No volvería,Sí,True,56.0,-32.3,FBK-003585,Detractor
FB-11586,TRX-12083,4.0,5,Sin Comentario,Sí,False,68.0,-2.9,FBK-003586,Detractor
FB-11587,TRX-18474,4.0,4,Sin Comentario,Sin Respuesta,False,51.0,52.0,FBK-003587,Promotor
FB-11588,TRX-14886,1.0,3,Sin Comentario,No,True,53.0,84.4,FBK-003588,Promotor
FB-11589,TRX-11653,2.0,5,Lento,Tal vez,False,37.0,-0.8,FBK-003589,Detractor
FB-11590,TRX-11932,3.0,4,Sin Comentario,Tal vez,False,30.0,-70.4,FBK-003590,Detractor
FB-11591,TRX-18170,2.0,3,Excelente,No,True,61.0,54.9,FBK-003591,Promotor
FB-11592,TRX-13777,5.0,2,Sin Comentario,Tal vez,False,62.0,51.8,FBK-003592,Promotor
FB-11593,TRX-10843,2.0,2,Dañado,No,False,64.0,35.2,FBK-003593,Pasivo
FB-11594,TRX-19854,2.0,5,No volvería,Sin Respuesta,False,38.0,16.7,FBK-003594,Pasivo
FB-11595,TRX-18856,4.0,5,Dañado,Sí,True,40.0,-35.9,FBK-003595,Detractor
FB-11596,TRX-15421,1.0,5,Excelente,Sin Respuesta,True,63.0,49.6,FBK-003596,Pasivo
FB-11597,TRX-10369,5.0,2,Excelente,Tal vez,True,20.0,96.8,FBK-003597,Promotor
FB-11598,TRX-13670,3.0,5,Excelente,No,False,57.0,-6.2,FBK-003598,Detractor
FB-11599,TRX-14749,4.0,4,No volvería,Tal vez,False,81.0,-67.4,FBK-003599,Detractor
FB-11600,TRX-14118,3.0,1,Sin Comentario,Tal vez,False,50.0,-55.0,FBK-003600,Detractor
FB-11601,TRX-16396,3.0,1,Excelente,Tal vez,False,67.0,-48.6,FBK-003601,Detractor
FB-11602,TRX-15863,1.0,5,Excelente,Sin Respuesta,False,37.0,27.2,FBK-003602,Pasivo
FB-11603,TRX-11113,2.0,4,Sin Comentario,Sin Respuesta,True,56.0,53.4,FBK-003603,Promotor
FB-11604,TRX-12586,2.0,4,Excelente,Sí,True,39.0,-30.1,FBK-003604,Detractor
FB-11605,TRX-14719,1.0,4,Excelente,Sin Respuesta,False,63.0,46.3,FBK-003605,Pasivo
FB-11606,TRX-11225,5.0,3,Sin Comentario,Sí,True,49.0,-82.4,FBK-003606,Detractor
FB-11607,TRX-18755,4.0,4,No volvería,Tal vez,True,43.0,79.4,FBK-003607,Promotor
FB-11608,TRX-19426,2.0,2,Dañado,Sí,True,61.0,-86.5,FBK-003608,Detractor
FB-11609,TRX-13955,1.0,2,No volvería,Sí,False,25.0,60.5,FBK-003609,Promotor
FB-11610,TRX-18482,4.0,4,Sin Comentario,Sin Respuesta,False,78.0,42.1,FBK-003610,Pasivo
FB-11611,TRX-18192,4.0,1,No volvería,Sin Respuesta,False,28.0,29.1,FBK-003611,Pasivo
FB-11612,TRX-15115,1.0,3,Excelente,Tal vez,True,76.0,-87.8,FBK-003612,Detractor
FB-11613,TRX-16540,2.0,2,Lento,Sin Respuesta,True,33.0,3.9,FBK-003613,Pasivo
FB-11614,TRX-10928,5.0,2,Sin Comentario,Sin Respuesta,True,27.0,-75.5,FBK-003614,Detractor
FB-11615,TRX-18944,2.0,2,Dañado,Sin Respuesta,False,76.0,-12.1,FBK-003615,Detractor
FB-11616,TRX-11816,2.0,3,Sin Comentario,Tal vez,False,70.0,-66.1,FBK-003616,Detractor
FB-11617,TRX-19548,2.0,4,Dañado,Sin Respuesta,True,58.0,-69.1,FBK-003617,Detractor
FB-11618,TRX-17716,2.0,3,Sin Comentario,Tal vez,False,22.0,14.5,FBK-003618,Pasivo
FB-11619,TRX-14309,3.0,4,Lento,No,True,20.0,-43.2,FBK-003619,Detractor
FB-11620,TRX-10491,1.0,5,Sin Comentario,Sí,True,45.0,54.2,FBK-003620,Promotor
FB-11621,TRX-10528,5.0,2,Dañado,No,False,41.0,-49.4,FBK-003621,Detractor
FB-11622,TRX-15538,5.0,1,Sin Comentario,No,False,55.0,-32.8,FBK-003622,Detractor
FB-11623,TRX-16904,3.0,3,Excelente,No,False,83.0,18.3,FBK-003623,Pasivo
FB-11624,TRX-14274,5.0,3,Excelente,Sí,False,79.0,-98.3,FBK-003624,Detractor
FB-11625,TRX-13285,3.0,2,Excelente,Sin Respuesta,True,23.0,68.3,FBK-003625,Promotor
FB-11626,TRX-15481,3.0,2,Excelente,Tal vez,False,36.0,-81.7,FBK-003626,Detractor
FB-11627,TRX-10973,5.0,1,Precio justo,Sin Respuesta,True,35.0,-94.6,FBK-003627,Detractor
FB-11628,TRX-12282,5.0,1,Excelente,Sí,True,79.0,54.6,FBK-003628,Promotor
FB-11629,TRX-13346,2.0,2,Precio justo,Tal vez,False,55.0,59.9,FBK-003629,Promotor
FB-11630,TRX-18963,3.0,4,Sin Comentario,No,False,56.0,27.4,FBK-003630,Pasivo
FB-11631,TRX-15400,4.0,2,Dañado,No,False,37.0,66.3,FBK-003631,Promotor
FB-11632,TRX-11021,1.0,1,Dañado,No,False,73.0,83.5,FBK-003632,Promotor
FB-11633,TRX-13860,2.0,2,Precio justo,Sin Respuesta,True,72.0,-55.1,FBK-003633,Detractor
FB-11634,TRX-18086,3.0,1,Dañado,Sin Respuesta,True,19.0,-10.1,FBK-003634,Detractor
FB-11635,TRX-11194,2.0,5,No volvería,No,True,33.0,-19.0,FBK-003635,Detractor
FB-11636,TRX-19238,2.0,4,Lento,No,True,24.0,-66.3,FBK-003636,Detractor
FB-11637,TRX-19994,1.0,1,No volvería,Tal vez,False,77.0,-46.9,FBK-003637,Detractor
FB-11638,TRX-10579,5.0,3,Precio justo,No,False,47.0,-18.2,FBK-003638,Detractor
FB-11639,TRX-15666,5.0,3,Lento,No,True,52.0,-79.7,FBK-003639,Detractor
FB-11640,TRX-11159,1.0,4,Sin Comentario,Tal vez,False,56.0,51.4,FBK-003640,Promotor
FB-11641,TRX-16819,2.0,4,Precio justo,Sí,False,60.0,21.8,FBK-003641,Pasivo
FB-11642,TRX-19800,3.0,3,Excelente,Sin Respuesta,True,33.0,84.6,FBK-003642,Promotor
FB-11643,TRX-11320,5.0,5,Lento,No,True,33.0,-93.8,FBK-003643,Detractor
FB-11644,TRX-19034,4.0,5,Precio justo,Tal vez,True,41.0,30.1,FBK-003644,Pasivo
FB-11645,TRX-17844,3.0,1,Excelente,Sin Respuesta,False,31.0,57.0,FBK-003645,Promotor
FB-11646,TRX-12121,2.0,4,Dañado,No,False,33.0,2.1,FBK-003646,Pasivo
FB-11647,TRX-14432,4.0,3,Precio justo,Tal vez,False,49.0,93.2,FBK-003647,Promotor
FB-11648,TRX-10683,3.0,4,Sin Comentario,Sí,True,69.0,-92.3,FBK-003648,Detractor
FB-11649,TRX-11704,1.0,3,Lento,Sin Respuesta,True,19.0,4.9,FBK-003649,Pasivo
FB-11650,TRX-10583,4.0,3,Dañado,No,True,49.0,-37.4,FBK-003650,Detractor
FB-11651,TRX-18136,2.0,1,Precio justo,No,True,60.0,94.7,FBK-003651,Promotor
FB-11652,TRX-18316,4.0,4,Precio justo,Sí,True,35.0,91.4,FBK-003652,Promotor
FB-11653,TRX-13690,1.0,5,Dañado,Sin Respuesta,True,59.0,-80.6,FBK-003653,Detractor
FB-11654,TRX-15738,5.0,4,Sin Comentario,Sin Respuesta,False,80.0,-21.4,FBK-003654,Detractor
FB-11655,TRX-17069,5.0,3,Sin Comentario,Sí,True,26.0,-55.9,FBK-003655,Detractor
FB-11656,TRX-17824,5.0,5,Sin Comentario,Sí,False,26.0,66.0,FBK-003656,Promotor
FB-11657,TRX-14971,1.0,3,Sin Comentario,Sin Respuesta,True,34.0,82.4,FBK-003657,Promotor
FB-11658,TRX-13731,3.0,4,Excelente,Tal vez,True,22.0,77.1,FBK-003658,Promotor
FB-11659,TRX-10351,1.0,3,Lento,No,True,31.0,-28.6,FBK-003659,Detractor
FB-11660,TRX-10906,4.0,2,Sin Comentario,Sin Respuesta,True,41.0,-39.6,FBK-003660,Detractor
FB-11661,TRX-10431,3.0,5,Excelente,Tal vez,True,48.0,35.3,FBK-003661,Pasivo
FB-11662,TRX-13214,5.0,1,Sin Comentario,Sí,False,80.0,86.2,FBK-003662,Promotor
FB-11663,TRX-18752,1.0,2,Lento,No,True,43.0,-87.7,FBK-003663,Detractor
FB-11664,TRX-19963,2.0,3,Sin Comentario,Sí,False,34.0,-88.5,FBK-003664,Detractor
FB-11665,TRX-16215,5.0,4,Dañado,Sí,True,21.0,-19.3,FBK-003665,Detractor
FB-11666,TRX-10296,2.0,3,Excelente,Tal vez,False,24.0,-16.3,FBK-003666,Detractor
FB-11667,TRX-19052,3.0,1,Sin Comentario,Tal vez,True,20.0,-1.4,FBK-003667,Detractor
FB-11668,TRX-17899,5.0,4,No volvería,Sin Respuesta,True,58.0,-0.1,FBK-003668,Detractor
FB-11669,TRX-10854,1.0,5,No volvería,Sin Respuesta,False,38.0,-7.2,FBK-003669,Detractor
FB-11670,TRX-16342,2.0,5,Precio justo,No,False,77.0,56.5,FBK-003670,Promotor
FB-11671,TRX-16180,1.0,3,Excelente,Tal vez,False,61.0,53.0,FBK-003671,Promotor
FB-11672,TRX-12051,5.0,2,Sin Comentario,No,True,55.0,50.1,FBK-003672,Promotor
FB-11673,TRX-17040,1.0,4,Precio justo,Sin Respuesta,False,40.0,-34.7,FBK-003673,Detractor
FB-11674,TRX-16993,5.0,2,Sin Comentario,Sí,True,78.0,-96.3,FBK-003674,Detractor
FB-11675,TRX-19003,4.0,3,Excelente,No,False,38.0,64.5,FBK-003675,Promotor
FB-11676,TRX-12257,1.0,4,Lento,Sin Respuesta,True,20.0,85.4,FBK-003676,Promotor
FB-11677,TRX-11893,4.0,5,Lento,Sí,False,65.0,14.8,FBK-003677,Pasivo
FB-11678,TRX-17175,2.0,5,Dañado,Sin Respuesta,False,28.0,-75.9,FBK-003678,Detractor
FB-11679,TRX-11933,1.0,3,Sin Comentario,Sin Respuesta,False,30.0,-68.4,FBK-003679,Detractor
FB-11680,TRX-16024,1.0,4,No volvería,Tal vez,False,26.0,71.4,FBK-003680,Promotor
FB-11681,TRX-15763,2.0,3,No volvería,Sí,False,68.0,32.6,FBK-003681,Pasivo
FB-11682,TRX-13172,1.0,5,Dañado,Tal vez,True,83.0,-50.8,FBK-003682,Detractor
FB-11683,TRX-15621,5.0,1,Dañado,Sin Respuesta,True,40.0,-62.7,FBK-003683,Detractor
FB-11684,TRX-17152,4.0,2,Dañado,Sin Respuesta,True,51.0,-41.6,FBK-003684,Detractor
FB-11685,TRX-10949,3.0,3,Sin Comentario,No,False,84.0,-38.4,FBK-003685,Detractor
FB-11686,TRX-13902,5.0,1,Dañado,Sin Respuesta,True,43.0,63.5,FBK-003686,Promotor
FB-11687,TRX-13801,3.0,5,Excelente,No,True,78.0,79.4,FBK-003687,Promotor
FB-11688,TRX-11507,2.0,3,Dañado,No,False,82.0,-49.7,FBK-003688,Detractor
FB-11689,TRX-19643,2.0,5,Precio justo,Sí,False,29.0,-61.6,FBK-003689,Detractor
FB-11690,TRX-10164,1.0,5,Sin Comentario,Tal vez,False,22.0,10.6,FBK-003690,Pasivo
FB-11691,TRX-13721,5.0,3,Dañado,No,True,77.0,13.5,FBK-003691,Pasivo
FB-11692,TRX-16767,3.0,1,Excelente,Sin Respuesta,False,68.0,-54.6,FBK-003692,Detractor
FB-11693,TRX-18785,4.0,3,No volvería,Sin Respuesta,False,69.0,63.6,FBK-003693,Promotor
FB-11694,TRX-19306,5.0,5,No volvería,Sí,False,72.0,84.0,FBK-003694,Promotor
FB-11695,TRX-10750,2.0,4,No volvería,Sí,True,64.0,-83.7,FBK-003695,Detractor
FB-11696,TRX-10244,5.0,5,Sin Comentario,Sí,False,45.0,51.9,FBK-003696,Promotor
FB-11697,TRX-14094,4.0,3,Excelente,No,False,60.0,0.3,FBK-003697,Pasivo
FB-11698,TRX-10931,5.0,1,Sin Comentario,Sí,True,74.0,-60.9,FBK-003698,Detractor
FB-11699,TRX-11255,1.0,5,Dañado,Sin Respuesta,False,52.0,-14.2,FBK-003699,Detractor
FB-11700,TRX-10928,4.0,1,Lento,Tal vez,False,35.0,1.2,FBK-003700,Pasivo
FB-11701,TRX-12076,3.0,1,No volvería,Sin Respuesta,True,66.0,17.2,FBK-003701,Pasivo
FB-11702,TRX-17185,2.0,2,No volvería,Tal vez,False,21.0,-93.2,FBK-003702,Detractor
FB-11703,TRX-12958,5.0,1,Lento,Sin Respuesta,True,45.0,39.3,FBK-003703,Pasivo
FB-11704,TRX-14630,4.0,5,Dañado,No,True,81.0,1.7,FBK-003704,Pasivo
FB-11705,TRX-10716,1.0,5,No volvería,Sí,True,24.0,28.0,FBK-003705,Pasivo
FB-11706,TRX-15146,1.0,3,Dañado,Sin Respuesta,False,29.0,70.0,FBK-003706,Promotor
FB-11707,TRX-15728,3.0,3,Precio justo,Sin Respuesta,True,59.0,13.1,FBK-003707,Pasivo
FB-11708,TRX-19869,2.0,1,Lento,Sin Respuesta,False,55.0,79.1,FBK-003708,Promotor
FB-11709,TRX-14001,1.0,4,Excelente,No,False,35.0,58.6,FBK-003709,Promotor
FB-11710,TRX-14790,2.0,5,Sin Comentario,Sí,False,45.0,25.9,FBK-003710,Pasivo
FB-11711,TRX-12125,4.0,1,Dañado,No,False,81.0,16.3,FBK-003711,Pasivo
FB-11712,TRX-19930,5.0,3,Lento,Sin Respuesta,False,55.0,-13.6,FBK-003712,Detractor
FB-11713,TRX-16517,3.0,5,Sin Comentario,No,False,76.0,75.9,FBK-003713,Promotor
FB-11714,TRX-17843,1.0,2,Lento,Tal vez,True,49.0,-17.3,FBK-003714,Detractor
FB-11715,TRX-12005,5.0,3,Lento,Sí,False,67.0,-95.8,FBK-003715,Detractor
FB-11716,TRX-11258,1.0,2,Sin Comentario,Tal vez,True,20.0,-93.2,FBK-003716,Detractor
FB-11717,TRX-11251,3.0,5,Excelente,Sin Respuesta,True,72.0,85.1,FBK-003717,Promotor
FB-11718,TRX-14099,1.0,4,Sin Comentario,Tal vez,False,36.0,-76.2,FBK-003718,Detractor
FB-11719,TRX-18907,3.0,1,No volvería,Sin Respuesta,False,35.0,57.4,FBK-003719,Promotor
FB-11720,TRX-13372,5.0,1,Sin Comentario,Sí,True,47.0,70.0,FBK-003720,Promotor
FB-11721,TRX-18108,4.0,4,Precio justo,No,True,69.0,10.3,FBK-003721,Pasivo
FB-11722,TRX-15848,3.0,1,No volvería,Sí,False,46.0,68.0,FBK-003722,Promotor
FB-11723,TRX-13609,4.0,1,Dañado,Sí,False,34.0,-78.7,FBK-003723,Detractor
FB-11724,TRX-17266,2.0,2,Lento,Tal vez,False,36.0,99.8,FBK-003724,Promotor
FB-11725,TRX-14959,5.0,1,No volvería,Tal vez,True,73.0,19.4,FBK-003725,Pasivo
FB-11726,TRX-16011,3.0,2,Excelente,Sin Respuesta,True,31.0,70.6,FBK-003726,Promotor
FB-11727,TRX-19034,5.0,1,Excelente,Sí,False,33.0,-45.4,FBK-003727,Detractor
FB-11728,TRX-14795,4.0,1,Sin Comentario,Sin Respuesta,True,80.0,-37.7,FBK-003728,Detractor
FB-11729,TRX-14001,4.0,3,Sin Comentario,Sí,True,35.0,-69.3,FBK-003729,Detractor
FB-11730,TRX-18631,5.0,4,Precio justo,No,True,57.0,43.3,FBK-003730,Pasivo
FB-11731,TRX-14383,5.0,3,No volvería,Tal vez,True,30.0,-95.3,FBK-003731,Detractor
FB-11732,TRX-15224,4.0,1,Sin Comentario,Tal vez,False,81.0,-78.4,FBK-003732,Detractor
FB-11733,TRX-18870,5.0,2,Sin Comentario,Sin Respuesta,True,66.0,-65.4,FBK-003733,Detractor
FB-11734,TRX-18248,4.0,1,Excelente,Tal vez,False,41.0,38.2,FBK-003734,Pasivo
FB-11735,TRX-11710,2.0,5,Sin Comentario,Sí,True,44.0,30.9,FBK-003735,Pasivo
FB-11736,TRX-10884,4.0,5,Sin Comentario,Sí,True,60.0,24.3,FBK-003736,Pasivo
FB-11737,TRX-15679,1.0,5,Excelente,No,True,27.0,-17.5,FBK-003737,Detractor
FB-11738,TRX-16731,4.0,5,Sin Comentario,Tal vez,True,30.0,86.9,FBK-003738,Promotor
FB-11739,TRX-17966,2.0,1,Precio justo,Tal vez,True,78.0,92.6,FBK-003739,Promotor
FB-11740,TRX-14583,4.0,5,Dañado,No,True,39.0,-26.1,FBK-003740,Detractor
FB-11741,TRX-11285,5.0,4,No volvería,No,False,71.0,5.2,FBK-003741,Pasivo
FB-11742,TRX-13335,2.0,1,Dañado,Sin Respuesta,True,23.0,38.9,FBK-003742,Pasivo
FB-11743,TRX-12246,3.0,3,Lento,Sin Respuesta,True,67.0,-46.4,FBK-003743,Detractor
FB-11744,TRX-18535,4.0,1,Sin Comentario,No,True,38.0,52.6,FBK-003744,Promotor
FB-11745,TRX-13777,5.0,2,Dañado,Tal vez,True,61.0,53.9,FBK-003745,Promotor
FB-11746,TRX-14996,3.0,4,Excelente,Tal vez,False,24.0,0.2,FBK-003746,Pasivo
FB-11747,TRX-19059,3.0,1,Excelente,Tal vez,False,52.0,-16.9,FBK-003747,Detractor
FB-11748,TRX-13453,3.0,3,Sin Comentario,Tal vez,False,81.0,28.2,FBK-003748,Pasivo
FB-11749,TRX-12011,1.0,2,Dañado,No,True,47.0,-96.7,FBK-003749,Detractor
FB-11750,TRX-16101,3.0,2,Dañado,No,True,75.0,71.2,FBK-003750,Promotor
FB-11751,TRX-12325,5.0,3,Lento,Sin Respuesta,False,75.0,72.9,FBK-003751,Promotor
FB-11752,TRX-10587,1.0,3,Sin Comentario,No,False,38.0,1.0,FBK-003752,Pasivo
FB-11753,TRX-13851,5.0,3,Lento,Tal vez,True,58.0,-96.7,FBK-003753,Detractor
FB-11754,TRX-17213,5.0,3,No volvería,No,False,28.0,-25.7,FBK-003754,Detractor
FB-11755,TRX-17434,2.0,5,Excelente,Sin Respuesta,True,64.0,-9.0,FBK-003755,Detractor
FB-11756,TRX-11871,3.0,4,No volvería,Tal vez,False,42.0,68.1,FBK-003756,Promotor
FB-11757,TRX-10348,4.0,3,No volvería,No,False,49.0,-93.1,FBK-003757,Detractor
FB-11758,TRX-18174,2.0,5,Dañado,No,False,44.0,1.6,FBK-003758,Pasivo
FB-11759,TRX-10553,4.0,1,Excelente,Sí,False,63.0,-8.1,FBK-003759,Detractor
FB-11760,TRX-14428,3.0,2,No volvería,Tal vez,False,29.0,-55.7,FBK-003760,Detractor
FB-11761,TRX-14554,5.0,1,Dañado,Tal vez,True,30.0,-51.3,FBK-003761,Detractor
FB-11762,TRX-19637,2.0,1,Precio justo,Sin Respuesta,True,29.0,16.2,FBK-003762,Pasivo
FB-11763,TRX-16294,1.0,5,Sin Comentario,Sin Respuesta,True,66.0,93.7,FBK-003763,Promotor
FB-11764,TRX-14921,5.0,5,Lento,Sin Respuesta,False,52.0,58.6,FBK-003764,Promotor
FB-11765,TRX-11384,1.0,3,Dañado,Sin Respuesta,False,35.0,0.0,FBK-003765,Pasivo
FB-11766,TRX-10978,5.0,3,Dañado,Sí,True,84.0,14.8,FBK-003766,Pasivo
FB-11767,TRX-14572,5.0,5,No volvería,Sin Respuesta,False,60.0,14.8,FBK-003767,Pasivo
FB-11768,TRX-19990,3.0,4,Dañado,Sí,True,65.0,40.3,FBK-003768,Pasivo
FB-11769,TRX-16290,2.0,3,Sin Comentario,Sin Respuesta,True,43.0,-32.5,FBK-003769,Detractor
FB-11770,TRX-18115,4.0,1,Dañado,Tal vez,True,82.0,35.2,FBK-003770,Pasivo
FB-11771,TRX-10308,3.0,3,Sin Comentario,Sí,False,68.0,-49.1,FBK-003771,Detractor
FB-11772,TRX-16268,4.0,3,No volvería,Tal vez,False,26.0,60.6,FBK-003772,Promotor
FB-11773,TRX-16302,5.0,4,Dañado,Sin Respuesta,False,49.0,88.1,FBK-003773,Promotor
FB-11774,TRX-17274,1.0,5,Sin Comentario,Sin Respuesta,False,74.0,12.2,FBK-003774,Pasivo
FB-11775,TRX-10727,4.0,4,Lento,Sí,False,79.0,-85.7,FBK-003775,Detractor
FB-11776,TRX-13677,1.0,3,Excelente,Sin Respuesta,False,48.0,42.4,FBK-003776,Pasivo
FB-11777,TRX-13370,4.0,4,Sin Comentario,Sin Respuesta,False,70.0,85.5,FBK-003777,Promotor
FB-11778,TRX-16214,1.0,3,No volvería,Tal vez,False,73.0,88.8,FBK-003778,Promotor
FB-11779,TRX-13021,3.0,4,Precio justo,Sí,True,61.0,82.2,FBK-003779,Promotor
FB-11780,TRX-17062,4.0,2,Precio justo,Sin Respuesta,True,79.0,12.7,FBK-003780,Pasivo
FB-11781,TRX-18724,3.0,2,Sin Comentario,Sin Respuesta,False,77.0,83.6,FBK-003781,Promotor
FB-11782,TRX-10856,3.0,3,Excelente,Sin Respuesta,True,56.0,-46.4,FBK-003782,Detractor
FB-11783,TRX-14999,1.0,4,Lento,Sin Respuesta,True,24.0,-71.2,FBK-003783,Detractor
FB-11784,TRX-10512,4.0,3,Dañado,Sin Respuesta,True,69.0,-4.7,FBK-003784,Detractor
FB-11785,TRX-18872,4.0,4,Sin Comentario,Tal vez,False,62.0,-93.8,FBK-003785,Detractor
FB-11786,TRX-15698,2.0,5,Precio justo,No,False,22.0,-84.5,FBK-003786,Detractor
FB-11787,TRX-10425,1.0,4,Dañado,Sí,False,49.0,20.3,FBK-003787,Pasivo
FB-11788,TRX-19973,4.0,4,Lento,No,True,58.0,40.8,FBK-003788,Pasivo
FB-11789,TRX-15508,5.0,3,No volvería,Sí,False,31.0,-72.3,FBK-003789,Detractor
FB-11790,TRX-14301,2.0,4,Excelente,Sin Respuesta,True,25.0,-31.7,FBK-003790,Detractor
FB-11791,TRX-19682,4.0,3,Sin Comentario,Sin Respuesta,False,58.0,61.6,FBK-003791,Promotor
FB-11792,TRX-13547,1.0,3,Lento,Sin Respuesta,False,27.0,-59.8,FBK-003792,Detractor
FB-11793,TRX-10448,5.0,1,Precio justo,Sí,True,25.0,78.1,FBK-003793,Promotor
FB-11794,TRX-15586,4.0,3,Precio justo,Tal vez,False,69.0,12.3,FBK-003794,Pasivo
FB-11795,TRX-17111,3.0,4,Excelente,Tal vez,False,69.0,18.7,FBK-003795,Pasivo
FB-11796,TRX-17004,3.0,2,No volvería,Tal vez,True,54.0,-70.0,FBK-003796,Detractor
FB-11797,TRX-10935,5.0,5,Lento,Tal vez,False,53.0,-87.7,FBK-003797,Detractor
FB-11798,TRX-11789,5.0,4,Precio justo,Sí,True,38.0,-27.5,FBK-003798,Detractor
FB-11799,TRX-19065,5.0,4,Sin Comentario,Sin Respuesta,True,61.0,-81.0,FBK-003799,Detractor
FB-11800,TRX-16358,5.0,4,Precio justo,Sin Respuesta,False,50.0,-80.0,FBK-003800,Detractor
FB-11801,TRX-14709,1.0,1,No volvería,Tal vez,True,64.0,89.8,FBK-003801,Promotor
FB-11802,TRX-18761,3.0,2,Sin Comentario,Sí,False,83.0,-86.4,FBK-003802,Detractor
FB-11803,TRX-17594,4.0,4,Precio justo,Sin Respuesta,True,36.0,-12.1,FBK-003803,Detractor
FB-11804,TRX-16944,4.0,3,Sin Comentario,Tal vez,False,41.0,51.2,FBK-003804,Promotor
FB-11805,TRX-19381,3.0,2,Precio justo,Sí,True,68.0,-43.1,FBK-003805,Detractor
FB-11806,TRX-19311,4.0,2,Dañado,No,False,18.0,-0.4,FBK-003806,Detractor
FB-11807,TRX-18501,3.0,4,Sin Comentario,Sin Respuesta,True,35.0,-28.0,FBK-003807,Detractor
FB-11808,TRX-14261,2.0,3,Excelente,Tal vez,True,68.0,42.7,FBK-003808,Pasivo
FB-11809,TRX-12663,3.0,2,Sin Comentario,Tal vez,False,56.0,22.0,FBK-003809,Pasivo
FB-11810,TRX-16247,4.0,5,Dañado,Tal vez,False,76.0,-38.2,FBK-003810,Detractor
FB-11811,TRX-17656,2.0,3,Precio justo,Tal vez,False,28.0,26.3,FBK-003811,Pasivo
FB-11812,TRX-13903,4.0,2,No volvería,Tal vez,False,45.0,-99.4,FBK-003812,Detractor
FB-11813,TRX-12160,1.0,2,Sin Comentario,No,True,28.0,34.2,FBK-003813,Pasivo
FB-11814,TRX-10248,4.0,3,Sin Comentario,Sí,False,70.0,56.3,FBK-003814,Promotor
FB-11815,TRX-14598,2.0,1,Excelente,Sí,True,51.0,-98.6,FBK-003815,Detractor
FB-11816,TRX-14495,3.0,3,Lento,Tal vez,True,74.0,32.1,FBK-003816,Pasivo
FB-11817,TRX-11401,4.0,5,Lento,Sin Respuesta,False,18.0,10.0,FBK-003817,Pasivo
FB-11818,TRX-14094,3.0,1,No volvería,No,True,32.0,-43.4,FBK-003818,Detractor
FB-11819,TRX-18893,4.0,4,Lento,Tal vez,False,41.0,-60.4,FBK-003819,Detractor
FB-11820,TRX-14846,5.0,1,Sin Comentario,Tal vez,True,57.0,91.5,FBK-003820,Promotor
FB-11821,TRX-15530,4.0,5,Dañado,Tal vez,True,74.0,-3.7,FBK-003821,Detractor
FB-11822,TRX-19356,5.0,5,Precio justo,Tal vez,True,83.0,-8.4,FBK-003822,Detractor
FB-11823,TRX-16465,4.0,5,Lento,Sí,True,83.0,69.3,FBK-003823,Promotor
FB-11824,TRX-10632,4.0,2,Sin Comentario,Sin Respuesta,False,84.0,-23.5,FBK-003824,Detractor
FB-11825,TRX-14493,5.0,1,Sin Comentario,Sin Respuesta,True,41.0,61.1,FBK-003825,Promotor
FB-11826,TRX-15926,1.0,5,Sin Comentario,Tal vez,False,68.0,13.5,FBK-003826,Pasivo
FB-11827,TRX-14403,3.0,1,Sin Comentario,Tal vez,False,73.0,-57.8,FBK-003827,Detractor
FB-11828,TRX-14104,2.0,1,Sin Comentario,Tal vez,True,61.0,-29.8,FBK-003828,Detractor
FB-11829,TRX-19961,4.0,4,Sin Comentario,Tal vez,False,78.0,-95.4,FBK-003829,Detractor
FB-11830,TRX-10202,2.0,4,Dañado,No,True,43.0,-12.0,FBK-003830,Detractor
FB-11831,TRX-12036,1.0,4,Excelente,Sin Respuesta,True,82.0,87.3,FBK-003831,Promotor
FB-11832,TRX-15028,4.0,2,No volvería,No,True,18.0,26.4,FBK-003832,Pasivo
FB-11833,TRX-19313,5.0,2,Sin Comentario,Sí,True,20.0,15.6,FBK-003833,Pasivo
FB-11834,TRX-15259,5.0,4,Sin Comentario,No,False,47.0,73.9,FBK-003834,Promotor
FB-11835,TRX-14333,4.0,5,Excelente,No,False,50.0,-75.6,FBK-003835,Detractor
FB-11836,TRX-12929,5.0,3,Excelente,No,False,38.0,59.3,FBK-003836,Promotor
FB-11837,TRX-17271,1.0,2,Dañado,Sí,True,32.0,39.5,FBK-003837,Pasivo
FB-11838,TRX-17581,3.0,3,Sin Comentario,Sin Respuesta,False,80.0,5.9,FBK-003838,Pasivo
FB-11839,TRX-10282,3.0,2,Sin Comentario,No,True,77.0,-23.0,FBK-003839,Detractor
FB-11840,TRX-17207,1.0,1,Sin Comentario,Sin Respuesta,False,64.0,-92.9,FBK-003840,Detractor
FB-11841,TRX-10145,5.0,5,Lento,Sin Respuesta,True,82.0,23.6,FBK-003841,Pasivo
FB-11842,TRX-17642,3.0,2,Dañado,Sí,True,68.0,13.9,FBK-003842,Pasivo
FB-11843,TRX-10606,5.0,1,Lento,Sin Respuesta,False,50.0,-43.1,FBK-003843,Detractor
FB-11844,TRX-15877,5.0,5,Precio justo,Sí,False,26.0,-45.1,FBK-003844,Detractor
FB-11845,TRX-17867,2.0,2,No volvería,No,False,48.0,-28.5,FBK-003845,Detractor
FB-11846,TRX-19119,3.0,5,Precio justo,Sin Respuesta,True,46.0,-13.3,FBK-003846,Detractor
FB-11847,TRX-13569,5.0,2,Sin Comentario,Tal vez,True,27.0,47.6,FBK-003847,Pasivo
FB-11848,TRX-16694,2.0,4,Sin Comentario,Tal vez,True,26.0,2.5,FBK-003848,Pasivo
FB-11849,TRX-10959,1.0,2,Lento,Tal vez,True,62.0,-70.0,FBK-003849,Detractor
FB-11850,TRX-19495,3.0,2,Sin Comentario,No,True,20.0,78.3,FBK-003850,Promotor
FB-11851,TRX-11303,1.0,1,Lento,Sin Respuesta,False,44.0,-4.2,FBK-003851,Detractor
FB-11852,TRX-14529,1.0,4,Excelente,Sin Respuesta,True,49.0,79.5,FBK-003852,Promotor
FB-11853,TRX-19999,4.0,3,Lento,Sin Respuesta,False,25.0,22.6,FBK-003853,Pasivo
FB-11854,TRX-19034,3.0,5,Excelente,Sin Respuesta,False,35.0,13.8,FBK-003854,Pasivo
FB-11855,TRX-15145,1.0,3,Sin Comentario,Tal vez,False,43.0,-33.2,FBK-003855,Detractor
FB-11856,TRX-11049,1.0,3,Excelente,No,False,77.0,94.3,FBK-003856,Promotor
FB-11857,TRX-17216,1.0,4,No volvería,No,True,21.0,96.7,FBK-003857,Promotor
FB-11858,TRX-12945,5.0,4,Lento,No,False,50.0,-27.4,FBK-003858,Detractor
FB-11859,TRX-14227,3.0,4,Sin Comentario,Sin Respuesta,True,48.0,57.9,FBK-003859,Promotor
FB-11860,TRX-14524,3.0,1,Precio justo,Sin Respuesta,True,50.0,-46.0,FBK-003860,Detractor
FB-11861,TRX-14252,3.0,1,Dañado,Sí,True,32.0,22.8,FBK-003861,Pasivo
FB-11862,TRX-18108,3.0,5,Excelente,Sin Respuesta,True,56.0,34.2,FBK-003862,Pasivo
FB-11863,TRX-12084,3.0,4,Sin Comentario,Sin Respuesta,False,48.0,96.9,FBK-003863,Promotor
FB-11864,TRX-13726,1.0,3,Sin Comentario,No,False,49.0,-42.4,FBK-003864,Detractor
FB-11865,TRX-12858,2.0,5,Dañado,Sí,False,81.0,41.2,FBK-003865,Pasivo
FB-11866,TRX-12406,4.0,1,Excelente,Sí,False,55.0,-50.9,FBK-003866,Detractor
FB-11867,TRX-10812,3.0,2,Precio justo,Sin Respuesta,True,59.0,-92.8,FBK-003867,Detractor
FB-11868,TRX-13812,5.0,2,Excelente,No,True,70.0,-43.0,FBK-003868,Detractor
FB-11869,TRX-11875,2.0,5,Sin Comentario,Sin Respuesta,True,29.0,57.3,FBK-003869,Promotor
FB-11870,TRX-10630,5.0,1,No volvería,Sí,True,52.0,87.4,FBK-003870,Promotor
FB-11871,TRX-13018,1.0,5,Sin Comentario,Sí,False,69.0,-94.8,FBK-003871,Detractor
FB-11872,TRX-18302,4.0,1,Excelente,No,False,79.0,-77.6,FBK-003872,Detractor
FB-11873,TRX-17214,1.0,4,Sin Comentario,No,False,40.0,-26.0,FBK-003873,Detractor
FB-11874,TRX-19500,1.0,2,Lento,Tal vez,False,18.0,-9.5,FBK-003874,Detractor
FB-11875,TRX-15199,3.0,3,No volvería,Sin Respuesta,True,76.0,85.6,FBK-003875,Promotor
FB-11876,TRX-10687,5.0,4,Excelente,Sin Respuesta,False,64.0,-95.8,FBK-003876,Detractor
FB-11877,TRX-19067,3.0,3,Excelente,Sin Respuesta,False,37.0,69.8,FBK-003877,Promotor
FB-11878,TRX-13734,1.0,5,Dañado,Sí,False,34.0,2.9,FBK-003878,Pasivo
FB-11879,TRX-10996,4.0,2,Excelente,No,False,42.0,-57.1,FBK-003879,Detractor
FB-11880,TRX-14244,2.0,3,Sin Comentario,Sin Respuesta,False,82.0,-60.8,FBK-003880,Detractor
FB-11881,TRX-14217,1.0,5,Sin Comentario,No,True,39.0,-90.0,FBK-003881,Detractor
FB-11882,TRX-10264,1.0,1,No volvería,No,False,32.0,-50.8,FBK-003882,Detractor
FB-11883,TRX-15789,1.0,4,Sin Comentario,Sin Respuesta,True,32.0,94.9,FBK-003883,Promotor
FB-11884,TRX-18854,5.0,1,Excelente,No,False,80.0,59.6,FBK-003884,Promotor
FB-11885,TRX-10732,2.0,4,Dañado,No,False,64.0,92.5,FBK-003885,Promotor
FB-11886,TRX-19839,4.0,2,Precio justo,Sí,False,51.0,-69.0,FBK-003886,Detractor
FB-11887,TRX-13845,1.0,3,Dañado,Sin Respuesta,False,33.0,9.8,FBK-003887,Pasivo
FB-11888,TRX-15729,2.0,1,Dañado,Sin Respuesta,False,82.0,86.4,FBK-003888,Promotor
FB-11889,TRX-11788,1.0,1,Excelente,Sin Respuesta,True,68.0,32.0,FBK-003889,Pasivo
FB-11890,TRX-11269,2.0,3,Precio justo,Sí,False,24.0,-96.0,FBK-003890,Detractor
FB-11891,TRX-18305,2.0,3,Sin Comentario,No,True,25.0,-86.1,FBK-003891,Detractor
FB-11892,TRX-17271,5.0,5,Sin Comentario,Sin Respuesta,False,18.0,-15.6,FBK-003892,Detractor
FB-11893,TRX-11854,5.0,4,No volvería,Tal vez,False,49.0,-23.1,FBK-003893,Detractor
FB-11894,TRX-18372,2.0,5,Sin Comentario,Tal vez,True,62.0,77.9,FBK-003894,Promotor
FB-11895,TRX-11268,3.0,1,Sin Comentario,Sí,False,25.0,56.1,FBK-003895,Promotor
FB-11896,TRX-13882,1.0,3,No volvería,Sin Respuesta,True,80.0,-73.6,FBK-003896,Detractor
FB-11897,TRX-13343,5.0,2,Sin Comentario,No,True,64.0,-82.1,FBK-003897,Detractor
FB-11898,TRX-15337,2.0,1,Lento,Sí,True,54.0,73.4,FBK-003898,Promotor
FB-11899,TRX-19344,3.0,1,Dañado,No,True,80.0,-10.0,FBK-003899,Detractor
FB-11900,TRX-16084,3.0,4,Dañado,No,False,76.0,-66.1,FBK-003900,Detractor
FB-11901,TRX-16815,2.0,5,Lento,Tal vez,False,19.0,79.7,FBK-003901,Promotor
FB-11902,TRX-11169,4.0,4,Sin Comentario,Sin Respuesta,True,49.0,44.1,FBK-003902,Pasivo
FB-11903,TRX-16987,2.0,1,Excelente,No,True,84.0,-67.2,FBK-003903,Detractor
FB-11904,TRX-14638,4.0,3,No volvería,No,False,39.0,21.3,FBK-003904,Pasivo
FB-11905,TRX-12344,5.0,2,Sin Comentario,No,False,18.0,-6.1,FBK-003905,Detractor
FB-11906,TRX-10404,5.0,4,No volvería,No,False,59.0,-48.7,FBK-003906,Detractor
FB-11907,TRX-15350,2.0,1,Lento,Sí,False,25.0,18.2,FBK-003907,Pasivo
FB-11908,TRX-19944,5.0,5,Lento,No,True,34.0,-12.0,FBK-003908,Detractor
FB-11909,TRX-15902,2.0,4,Sin Comentario,Tal vez,True,65.0,12.3,FBK-003909,Pasivo
FB-11910,TRX-15488,2.0,1,Lento,Sí,False,33.0,-41.4,FBK-003910,Detractor
FB-11911,TRX-16686,4.0,5,Precio justo,Tal vez,True,37.0,45.0,FBK-003911,Pasivo
FB-11912,TRX-16139,1.0,5,Dañado,No,True,47.0,-14.7,FBK-003912,Detractor
FB-11913,TRX-17711,2.0,2,No volvería,Sin Respuesta,False,50.0,62.6,FBK-003913,Promotor
FB-11914,TRX-14817,1.0,3,Excelente,Tal vez,True,63.0,21.6,FBK-003914,Pasivo
FB-11915,TRX-10510,3.0,2,Sin Comentario,Sin Respuesta,False,53.0,-51.3,FBK-003915,Detractor
FB-11916,TRX-12626,5.0,5,Precio justo,Sí,False,57.0,-31.8,FBK-003916,Detractor
FB-11917,TRX-16034,3.0,4,Dañado,Tal vez,True,44.0,-42.7,FBK-003917,Detractor
FB-11918,TRX-10730,3.0,3,Sin Comentario,No,False,62.0,-28.1,FBK-003918,Detractor
FB-11919,TRX-14765,2.0,5,Precio justo,No,True,41.0,-65.7,FBK-003919,Detractor
FB-11920,TRX-12458,3.0,3,Dañado,Sin Respuesta,True,48.0,-4.9,FBK-003920,Detractor
FB-11921,TRX-19686,2.0,4,Lento,Sin Respuesta,False,36.0,-90.2,FBK-003921,Detractor
FB-11922,TRX-10418,5.0,1,Sin Comentario,Tal vez,False,73.0,-30.4,FBK-003922,Detractor
FB-11923,TRX-11740,5.0,1,Excelente,Sin Respuesta,True,82.0,-14.6,FBK-003923,Detractor
FB-11924,TRX-19978,3.0,5,Lento,No,True,19.0,52.8,FBK-003924,Promotor
FB-11925,TRX-13464,2.0,5,No volvería,Sin Respuesta,True,56.0,72.5,FBK-003925,Promotor
FB-11926,TRX-15129,4.0,2,No volvería,Sí,False,29.0,54.6,FBK-003926,Promotor
FB-11927,TRX-18368,4.0,5,No volvería,Sí,False,47.0,-83.6,FBK-003927,Detractor
FB-11928,TRX-18326,1.0,1,Sin Comentario,Sí,True,57.0,32.4,FBK-003928,Pasivo
FB-11929,TRX-19527,1.0,1,No volvería,Sin Respuesta,False,30.0,70.5,FBK-003929,Promotor
FB-11930,TRX-15636,1.0,2,Precio justo,Tal vez,True,35.0,5.8,FBK-003930,Pasivo
FB-11931,TRX-13520,3.0,4,Excelente,Tal vez,False,29.0,87.1,FBK-003931,Promotor
FB-11932,TRX-16206,2.0,3,Excelente,Sin Respuesta,True,71.0,76.7,FBK-003932,Promotor
FB-11933,TRX-19546,1.0,1,Sin Comentario,Sin Respuesta,True,71.0,75.6,FBK-003933,Promotor
FB-11934,TRX-10534,2.0,3,No volvería,Sí,True,61.0,92.8,FBK-003934,Promotor
FB-11935,TRX-12458,3.0,5,Dañado,Sin Respuesta,False,83.0,53.1,FBK-003935,Promotor
FB-11936,TRX-16243,2.0,5,Lento,Tal vez,True,70.0,37.2,FBK-003936,Pasivo
FB-11937,TRX-11285,2.0,4,No volvería,Sí,True,81.0,50.6,FBK-003937,Promotor
FB-11938,TRX-11266,3.0,3,Dañado,Sin Respuesta,True,77.0,-28.4,FBK-003938,Detractor
FB-11939,TRX-13679,4.0,1,Sin Comentario,No,False,68.0,-98.3,FBK-003939,Detractor
FB-11940,TRX-19263,2.0,2,Excelente,Tal vez,True,18.0,-91.2,FBK-003940,Detractor
FB-11941,TRX-18249,2.0,1,Lento,Sí,True,38.0,70.5,FBK-003941,Promotor
FB-11942,TRX-19411,5.0,3,Excelente,Sí,True,72.0,-18.0,FBK-003942,Detractor
FB-11943,TRX-18982,5.0,3,Excelente,Sí,True,20.0,-27.5,FBK-003943,Detractor
FB-11944,TRX-16849,1.0,1,Precio justo,Tal vez,False,80.0,22.5,FBK-003944,Pasivo
FB-11945,TRX-18830,1.0,1,Lento,No,False,80.0,-72.0,FBK-003945,Detractor
FB-11946,TRX-11986,3.0,4,Precio justo,Sin Respuesta,True,46.0,8.8,FBK-003946,Pasivo
FB-11947,TRX-18646,3.0,5,Sin Comentario,Tal vez,True,34.0,67.1,FBK-003947,Promotor
FB-11948,TRX-10842,5.0,4,Sin Comentario,Sí,False,75.0,-14.9,FBK-003948,Detractor
FB-11949,TRX-19946,5.0,1,No volvería,Sin Respuesta,False,21.0,3.6,FBK-003949,Pasivo
FB-11950,TRX-17738,1.0,1,Lento,Tal vez,False,79.0,-67.1,FBK-003950,Detractor
FB-11951,TRX-18592,5.0,2,Dañado,No,False,74.0,47.4,FBK-003951,Pasivo
FB-11952,TRX-18525,2.0,5,Excelente,No,False,83.0,12.4,FBK-003952,Pasivo
FB-11953,TRX-17225,2.0,2,Excelente,Sin Respuesta,False,22.0,10.4,FBK-003953,Pasivo
FB-11954,TRX-15192,5.0,5,Precio justo,Sin Respuesta,True,35.0,-54.9,FBK-003954,Detractor
FB-11955,TRX-14410,3.0,5,Sin Comentario,Tal vez,False,60.0,83.5,FBK-003955,Promotor
FB-11956,TRX-13195,1.0,3,Precio justo,No,False,58.0,-31.1,FBK-003956,Detractor
FB-11957,TRX-19424,2.0,5,Sin Comentario,Tal vez,True,26.0,92.2,FBK-003957,Promotor
FB-11958,TRX-14801,3.0,1,Precio justo,Tal vez,True,84.0,-31.7,FBK-003958,Detractor
FB-11959,TRX-13998,5.0,5,Lento,Sin Respuesta,True,38.0,80.1,FBK-003959,Promotor
FB-11960,TRX-15385,1.0,4,Excelente,No,True,56.0,11.7,FBK-003960,Pasivo
FB-11961,TRX-13982,1.0,3,Sin Comentario,Sí,True,63.0,-87.2,FBK-003961,Detractor
FB-11962,TRX-15930,3.0,2,Sin Comentario,Tal vez,False,82.0,90.9,FBK-003962,Promotor
FB-11963,TRX-13782,3.0,5,Dañado,Sí,False,33.0,-33.5,FBK-003963,Detractor
FB-11964,TRX-17468,3.0,2,Sin Comentario,No,True,45.0,62.8,FBK-003964,Promotor
FB-11965,TRX-15157,5.0,1,Sin Comentario,Sí,False,51.0,13.1,FBK-003965,Pasivo
FB-11966,TRX-11890,5.0,2,Sin Comentario,Tal vez,False,40.0,-51.1,FBK-003966,Detractor
FB-11967,TRX-13949,3.0,5,Lento,No,True,33.0,-71.9,FBK-003967,Detractor
FB-11968,TRX-17291,5.0,2,Sin Comentario,Tal vez,False,58.0,-53.1,FBK-003968,Detractor
FB-11969,TRX-16716,1.0,1,Excelente,No,False,52.0,9.0,FBK-003969,Pasivo
FB-11970,TRX-15929,4.0,5,No volvería,Tal vez,True,84.0,1.6,FBK-003970,Pasivo
FB-11971,TRX-11305,5.0,2,No volvería,Sí,True,80.0,-46.0,FBK-003971,Detractor
FB-11972,TRX-15766,1.0,2,Sin Comentario,Tal vez,True,37.0,-68.6,FBK-003972,Detractor
FB-11973,TRX-19182,4.0,1,Precio justo,Sí,True,83.0,-29.9,FBK-003973,Detractor
FB-11974,TRX-18284,4.0,4,Sin Comentario,Tal vez,False,23.0,-68.2,FBK-003974,Detractor
FB-11975,TRX-11252,3.0,4,Sin Comentario,Tal vez,True,26.0,1.2,FBK-003975,Pasivo
FB-11976,TRX-15935,3.0,3,Precio justo,Tal vez,True,67.0,-13.3,FBK-003976,Detractor
FB-11977,TRX-17932,1.0,1,Precio justo,Tal vez,False,81.0,-10.2,FBK-003977,Detractor
FB-11978,TRX-19915,3.0,4,Excelente,Sin Respuesta,False,68.0,-47.8,FBK-003978,Detractor
FB-11979,TRX-13774,4.0,2,Precio justo,Tal vez,True,54.0,-81.3,FBK-003979,Detractor
FB-11980,TRX-17355,1.0,1,Dañado,Sin Respuesta,False,62.0,17.3,FBK-003980,Pasivo
FB-11981,TRX-16862,1.0,2,Dañado,No,True,48.0,94.8,FBK-003981,Promotor
FB-11982,TRX-13764,1.0,2,No volvería,Sí,True,53.0,33.8,FBK-003982,Pasivo
FB-11983,TRX-19328,3.0,3,Lento,Sí,False,76.0,77.6,FBK-003983,Promotor
FB-11984,TRX-12052,3.0,3,Sin Comentario,Sin Respuesta,True,33.0,-80.7,FBK-003984,Detractor
FB-11985,TRX-18808,3.0,5,Excelente,No,True,70.0,-87.8,FBK-003985,Detractor
FB-11986,TRX-14013,5.0,1,Lento,Tal vez,False,48.0,53.2,FBK-003986,Promotor
FB-11987,TRX-16678,5.0,4,Precio justo,Sí,True,52.0,-9.1,FBK-003987,Detractor
FB-11988,TRX-19580,5.0,3,Excelente,Sin Respuesta,False,54.0,65.4,FBK-003988,Promotor
FB-11989,TRX-12263,1.0,1,Precio justo,No,True,79.0,-3.8,FBK-003989,Detractor
FB-11990,TRX-19921,3.0,3,Lento,No,False,56.0,-85.1,FBK-003990,Detractor
FB-11991,TRX-14264,5.0,4,No volvería,Sin Respuesta,True,73.0,-9.2,FBK-003991,Detractor
FB-11992,TRX-14700,1.0,3,Dañado,No,False,82.0,33.2,FBK-003992,Pasivo
FB-11993,TRX-15596,4.0,5,Dañado,Sí,False,80.0,3.3,FBK-003993,Pasivo
FB-11994,TRX-15142,5.0,1,Dañado,Sin Respuesta,True,46.0,-56.6,FBK-003994,Detractor
FB-11995,TRX-11932,1.0,1,Excelente,Sin Respuesta,True,25.0,84.8,FBK-003995,Promotor
FB-11996,TRX-11335,2.0,2,Precio justo,No,True,47.0,33.1,FBK-003996,Pasivo
FB-11997,TRX-16692,5.0,5,Dañado,Sin Respuesta,False,58.0,5.3,FBK-003997,Pasivo
FB-11998,TRX-16898,4.0,3,Precio justo,Sin Respuesta,True,32.0,-5.0,FBK-003998,Detractor
FB-11999,TRX-18274,1.0,2,Dañado,No,False,72.0,22.5,FBK-003999,Pasivo
FB-10332,TRX-12431,5.0,3,Lento,Sin Respuesta,True,50.0,-7.1,FBK-004000,Detractor
FB-11397,TRX-19437,5.0,5,Sin Comentario,Sí,False,26.0,-38.3,FBK-004001,Detractor
FB-11415,TRX-18096,2.0,2,No volvería,Sin Respuesta,False,37.0,-22.3,FBK-004002,Detractor
FB-9604,TRX-13245,1.0,4,Precio justo,No,False,53.0,-61.5,FBK-004003,Detractor
FB-8208,TRX-12947,1.0,1,Excelente,Sin Respuesta,False,66.0,52.3,FBK-004004,Promotor
FB-9367,TRX-17439,1.0,5,Dañado,Sí,False,30.0,61.2,FBK-004005,Promotor
FB-8032,TRX-10254,3.0,5,Lento,Tal vez,True,35.0,46.9,FBK-004006,Pasivo
FB-8420,TRX-12732,2.0,3,Dañado,Sí,False,74.0,-7.4,FBK-004007,Detractor
FB-10582,TRX-11979,1.0,4,No volvería,Sin Respuesta,False,25.0,-57.0,FBK-004008,Detractor
FB-11471,TRX-16858,2.0,4,Sin Comentario,Sí,True,59.0,92.5,FBK-004009,Promotor
FB-10920,TRX-14315,3.0,5,Sin Comentario,Tal vez,True,25.0,54.2,FBK-004010,Promotor
FB-9768,TRX-19086,1.0,5,Dañado,No,False,77.0,55.2,FBK-004011,Promotor
FB-9702,TRX-17698,2.0,1,No volvería,No,False,75.0,24.9,FBK-004012,Pasivo
FB-11475,TRX-11654,2.0,4,Precio justo,No,False,41.0,-43.6,FBK-004013,Detractor
FB-10030,TRX-12070,3.0,5,No volvería,Sí,True,61.0,-63.4,FBK-004014,Detractor
FB-11019,TRX-10558,2.0,1,Lento,Tal vez,True,80.0,-77.6,FBK-004015,Detractor
FB-10370,TRX-17068,3.0,3,Sin Comentario,Tal vez,True,68.0,24.7,FBK-004016,Pasivo
FB-10440,TRX-10392,5.0,4,Lento,No,True,25.0,-64.2,FBK-004017,Detractor
FB-10994,TRX-12735,2.0,2,Precio justo,No,True,57.0,-25.0,FBK-004018,Detractor
FB-10270,TRX-11196,3.0,2,Excelente,No,True,50.0,63.9,FBK-004019,Promotor
FB-9191,TRX-12168,4.0,5,Sin Comentario,Sin Respuesta,False,38.0,-42.0,FBK-004020,Detractor
FB-8151,TRX-18436,1.0,5,Lento,Sin Respuesta,True,50.0,-46.9,FBK-004021,Detractor
FB-9996,TRX-18672,1.0,1,Precio justo,Tal vez,True,72.0,43.5,FBK-004022,Pasivo
FB-9637,TRX-16358,1.0,5,Sin Comentario,No,False,82.0,4.1,FBK-004023,Pasivo
FB-9991,TRX-16919,3.0,5,Sin Comentario,Tal vez,False,74.0,12.5,FBK-004024,Pasivo
FB-10102,TRX-15805,3.0,1,Sin Comentario,Sí,True,31.0,-74.2,FBK-004025,Detractor
FB-10420,TRX-12088,1.0,2,Precio justo,Sin Respuesta,False,42.0,-42.9,FBK-004026,Detractor
FB-10968,TRX-16591,3.0,1,Lento,No,True,56.0,-26.1,FBK-004027,Detractor
FB-10504,TRX-19124,2.0,4,Precio justo,Sí,True,40.0,94.0,FBK-004028,Promotor
FB-11830,TRX-13955,2.0,4,Precio justo,Tal vez,False,60.0,-91.7,FBK-004029,Detractor
FB-10779,TRX-14806,2.0,5,Dañado,Sí,True,73.0,71.1,FBK-004030,Promotor
FB-11707,TRX-11950,5.0,5,Precio justo,Sin Respuesta,True,34.0,-75.0,FBK-004031,Detractor
FB-11345,TRX-15518,1.0,2,Lento,Sí,True,48.0,97.5,FBK-004032,Promotor
FB-11553,TRX-15515,4.0,2,Lento,No,True,69.0,-61.4,FBK-004033,Detractor
FB-9998,TRX-19690,1.0,3,Lento,No,False,45.0,-42.2,FBK-004034,Detractor
FB-8949,TRX-19973,2.0,4,Dañado,Sin Respuesta,False,24.0,65.9,FBK-004035,Promotor
FB-10925,TRX-11765,1.0,4,Lento,Tal vez,True,35.0,-28.4,FBK-004036,Detractor
FB-8248,TRX-10741,5.0,3,Sin Comentario,Tal vez,True,23.0,29.7,FBK-004037,Pasivo
FB-10163,TRX-11208,2.0,3,Precio justo,Tal vez,False,83.0,16.8,FBK-004038,Pasivo
FB-8077,TRX-15815,5.0,4,No volvería,Tal vez,False,37.0,37.3,FBK-004039,Pasivo
FB-9728,TRX-17354,5.0,5,Sin Comentario,Sí,True,19.0,64.7,FBK-004040,Promotor
FB-10360,TRX-16699,5.0,4,Dañado,Tal vez,True,42.0,-40.1,FBK-004041,Detractor
FB-9293,TRX-17368,2.0,3,No volvería,Sin Respuesta,True,23.0,74.8,FBK-004042,Promotor
FB-10266,TRX-17138,5.0,2,Excelente,Sí,False,60.0,95.0,FBK-004043,Promotor
FB-8260,TRX-14739,5.0,1,Sin Comentario,Tal vez,True,46.0,34.5,FBK-004044,Pasivo
FB-9097,TRX-17816,4.0,2,No volvería,No,False,26.0,13.2,FBK-004045,Pasivo
FB-11657,TRX-12205,1.0,2,Precio justo,Tal vez,True,31.0,96.7,FBK-004046,Promotor
FB-10655,TRX-13005,4.0,3,Dañado,Sí,True,62.0,-81.7,FBK-004047,Detractor
FB-9708,TRX-19659,1.0,4,Lento,Sí,False,32.0,-23.1,FBK-004048,Detractor
FB-11641,TRX-18345,2.0,3,Lento,Sí,True,63.0,-52.8,FBK-004049,Detractor
FB-9938,TRX-11372,3.0,3,No volvería,Sin Respuesta,True,62.0,-83.7,FBK-004050,Detractor
FB-8478,TRX-12494,4.0,5,No volvería,Sí,True,81.0,72.9,FBK-004051,Promotor
FB-10026,TRX-10127,3.0,5,No volvería,Sin Respuesta,False,61.0,-31.4,FBK-004052,Detractor
FB-10550,TRX-19724,2.0,1,Precio justo,Sin Respuesta,False,26.0,-72.4,FBK-004053,Detractor
FB-11845,TRX-19716,2.0,5,Lento,Sin Respuesta,True,29.0,-23.4,FBK-004054,Detractor
FB-10646,TRX-16060,1.0,1,Sin Comentario,Sí,True,18.0,-24.0,FBK-004055,Detractor
FB-9420,TRX-17430,1.0,2,Excelente,Sin Respuesta,False,61.0,-74.8,FBK-004056,Detractor
FB-9836,TRX-16215,5.0,2,Precio justo,Sí,True,57.0,6.4,FBK-004057,Pasivo
FB-10857,TRX-15250,3.0,3,Sin Comentario,Sí,True,21.0,-79.6,FBK-004058,Detractor
FB-9786,TRX-17185,2.0,2,Lento,Tal vez,True,59.0,-59.5,FBK-004059,Detractor
FB-8085,TRX-12895,2.0,5,Lento,Tal vez,True,50.0,44.6,FBK-004060,Pasivo
FB-8660,TRX-18334,4.0,5,Lento,Sin Respuesta,True,19.0,-39.3,FBK-004061,Detractor
FB-9179,TRX-19635,1.0,5,Lento,Tal vez,False,27.0,29.0,FBK-004062,Pasivo
FB-10974,TRX-14576,4.0,4,Dañado,No,True,31.0,-57.9,FBK-004063,Detractor
FB-8787,TRX-11587,1.0,5,Lento,Sí,False,78.0,5.8,FBK-004064,Pasivo
FB-9922,TRX-13805,1.0,3,No volvería,Tal vez,True,44.0,-79.4,FBK-004065,Detractor
FB-9408,TRX-14871,4.0,3,Lento,No,True,71.0,-91.4,FBK-004066,Detractor
FB-9794,TRX-18082,4.0,2,Sin Comentario,No,False,46.0,10.0,FBK-004067,Pasivo
FB-8950,TRX-15588,4.0,1,Excelente,Sin Respuesta,True,25.0,55.7,FBK-004068,Promotor
FB-10079,TRX-10791,1.0,4,Dañado,Sí,True,83.0,40.7,FBK-004069,Pasivo
FB-8899,TRX-19242,3.0,1,Excelente,No,False,67.0,54.6,FBK-004070,Promotor
FB-10407,TRX-18481,4.0,4,Excelente,Tal vez,False,58.0,-3.1,FBK-004071,Detractor
FB-11723,TRX-18604,1.0,3,Excelente,Sí,False,27.0,39.3,FBK-004072,Pasivo
FB-10805,TRX-19499,4.0,3,Precio justo,Tal vez,True,42.0,-83.7,FBK-004073,Detractor
FB-9389,TRX-18326,3.0,4,Lento,Tal vez,True,43.0,67.0,FBK-004074,Promotor
FB-11775,TRX-16990,3.0,2,Sin Comentario,No,False,43.0,-32.2,FBK-004075,Detractor
FB-10466,TRX-14673,5.0,5,Lento,Sin Respuesta,False,29.0,74.8,FBK-004076,Promotor
FB-11495,TRX-15288,5.0,5,Excelente,Sí,False,75.0,15.6,FBK-004077,Pasivo
FB-11450,TRX-16292,3.0,1,Lento,Sin Respuesta,False,43.0,-80.0,FBK-004078,Detractor
FB-10929,TRX-15219,4.0,3,Precio justo,No,True,30.0,-16.2,FBK-004079,Detractor
FB-10690,TRX-12923,5.0,5,Sin Comentario,Sin Respuesta,False,48.0,60.9,FBK-004080,Promotor
FB-9918,TRX-12346,1.0,3,Lento,No,False,34.0,-51.5,FBK-004081,Detractor
FB-8537,TRX-10687,3.0,3,Lento,Tal vez,True,32.0,-63.6,FBK-004082,Detractor
FB-11617,TRX-13451,4.0,3,Excelente,Tal vez,False,39.0,-96.5,FBK-004083,Detractor
FB-9201,TRX-17053,1.0,5,Dañado,No,True,33.0,37.7,FBK-004084,Pasivo
FB-10961,TRX-18505,3.0,5,Sin Comentario,Tal vez,False,50.0,-24.9,FBK-004085,Detractor
FB-10913,TRX-14558,3.0,5,Dañado,No,True,58.0,-65.0,FBK-004086,Detractor
FB-9598,TRX-19423,4.0,4,Lento,Sí,True,21.0,20.2,FBK-004087,Pasivo
FB-11931,TRX-15150,4.0,5,Sin Comentario,Tal vez,True,80.0,-71.2,FBK-004088,Detractor
FB-9707,TRX-11629,2.0,3,Excelente,Tal vez,False,59.0,44.9,FBK-004089,Pasivo
FB-11412,TRX-15690,4.0,3,Dañado,No,False,58.0,16.6,FBK-004090,Pasivo
FB-11855,TRX-14666,1.0,1,Sin Comentario,No,True,24.0,-50.6,FBK-004091,Detractor
FB-10757,TRX-12713,5.0,2,Sin Comentario,Tal vez,True,41.0,74.9,FBK-004092,Promotor
FB-10672,TRX-11942,4.0,4,Dañado,Sí,False,61.0,11.8,FBK-004093,Pasivo
FB-11008,TRX-14716,4.0,1,No volvería,Tal vez,True,29.0,-74.2,FBK-004094,Detractor
FB-9475,TRX-14486,5.0,4,Dañado,No,False,72.0,43.8,FBK-004095,Pasivo
FB-11260,TRX-17973,5.0,4,Sin Comentario,Sí,False,21.0,-37.1,FBK-004096,Detractor
FB-9934,TRX-17191,3.0,3,Precio justo,Sí,True,20.0,55.0,FBK-004097,Promotor
FB-11275,TRX-13664,3.0,3,Sin Comentario,Sí,True,43.0,-19.7,FBK-004098,Detractor
FB-11976,TRX-12774,5.0,3,Sin Comentario,Sin Respuesta,True,76.0,-84.9,FBK-004099,Detractor
FB-11459,TRX-14726,5.0,3,No volvería,Sin Respuesta,True,26.0,26.0,FBK-004100,Pasivo
FB-8663,TRX-14250,5.0,1,Excelente,No,False,63.0,-37.9,FBK-004101,Detractor
FB-10547,TRX-19931,1.0,2,Sin Comentario,Tal vez,True,30.0,88.4,FBK-004102,Promotor
FB-8848,TRX-11738,2.0,2,No volvería,Tal vez,True,22.0,66.0,FBK-004103,Promotor
FB-9156,TRX-13795,1.0,1,Dañado,Sin Respuesta,True,70.0,-29.2,FBK-004104,Detractor
FB-10829,TRX-14565,2.0,2,No volvería,Sí,False,78.0,-94.8,FBK-004105,Detractor
FB-11068,TRX-12310,3.0,5,Excelente,Sin Respuesta,False,22.0,7.5,FBK-004106,Pasivo
FB-8353,TRX-11572,5.0,5,Lento,Tal vez,True,18.0,29.2,FBK-004107,Pasivo
FB-10732,TRX-13388,1.0,5,Sin Comentario,No,False,52.0,36.6,FBK-004108,Pasivo
FB-9977,TRX-19046,5.0,3,Precio justo,Tal vez,True,45.0,-30.1,FBK-004109,Detractor
FB-8528,TRX-18334,5.0,5,Lento,Sin Respuesta,False,68.0,-71.7,FBK-004110,Detractor
FB-8709,TRX-12766,5.0,4,Excelente,No,False,83.0,11.9,FBK-004111,Pasivo
FB-8817,TRX-10448,1.0,4,Lento,Sí,True,40.0,-2.5,FBK-004112,Detractor
FB-8640,TRX-19804,5.0,1,Precio justo,Sí,True,50.0,98.8,FBK-004113,Promotor
FB-10481,TRX-10651,3.0,4,Excelente,No,False,82.0,14.9,FBK-004114,Pasivo
FB-10015,TRX-18844,2.0,1,Lento,Sí,True,41.0,-63.7,FBK-004115,Detractor
FB-8413,TRX-18813,4.0,2,Precio justo,Tal vez,False,26.0,-27.7,FBK-004116,Detractor
FB-11250,TRX-13197,3.0,4,No volvería,Tal vez,True,80.0,6.3,FBK-004117,Pasivo
FB-9703,TRX-10109,2.0,4,Lento,Tal vez,True,52.0,67.5,FBK-004118,Promotor
FB-11862,TRX-18001,4.0,1,No volvería,No,False,78.0,-3.8,FBK-004119,Detractor
FB-10022,TRX-10422,5.0,4,Dañado,Sin Respuesta,True,33.0,60.1,FBK-004120,Promotor
FB-9243,TRX-16054,3.0,1,Sin Comentario,Tal vez,False,40.0,-68.9,FBK-004121,Detractor
FB-8961,TRX-13328,4.0,4,No volvería,Sí,False,79.0,-23.6,FBK-004122,Detractor
FB-8857,TRX-14617,4.0,3,No volvería,Tal vez,False,61.0,3.8,FBK-004123,Pasivo
FB-10280,TRX-19357,4.0,2,Dañado,Tal vez,True,76.0,-95.3,FBK-004124,Detractor
FB-8192,TRX-16987,5.0,4,Excelente,No,True,80.0,51.9,FBK-004125,Promotor
FB-8074,TRX-17288,2.0,2,Sin Comentario,Sí,False,28.0,66.4,FBK-004126,Promotor
FB-9469,TRX-18534,2.0,4,Dañado,Tal vez,True,25.0,-35.2,FBK-004127,Detractor
FB-11608,TRX-12067,3.0,4,Sin Comentario,Sí,True,66.0,91.6,FBK-004128,Promotor
FB-9068,TRX-17435,5.0,3,Sin Comentario,No,False,25.0,46.1,FBK-004129,Pasivo
FB-9462,TRX-14832,2.0,5,No volvería,Sin Respuesta,False,51.0,65.9,FBK-004130,Promotor
FB-10772,TRX-11795,3.0,5,Excelente,No,True,49.0,31.0,FBK-004131,Pasivo
FB-8649,TRX-11965,2.0,2,Lento,Tal vez,True,82.0,63.9,FBK-004132,Promotor
FB-8715,TRX-17281,1.0,2,Precio justo,Tal vez,True,80.0,96.6,FBK-004133,Promotor
FB-11391,TRX-17082,5.0,3,Excelente,Sí,True,70.0,69.9,FBK-004134,Promotor
FB-11520,TRX-18081,1.0,1,Sin Comentario,Tal vez,True,84.0,-5.3,FBK-004135,Detractor
FB-11663,TRX-14309,2.0,2,No volvería,No,False,47.0,27.2,FBK-004136,Pasivo
FB-10062,TRX-11423,2.0,5,Lento,No,False,76.0,15.9,FBK-004137,Pasivo
FB-8130,TRX-12241,1.0,3,Excelente,No,False,42.0,1.7,FBK-004138,Pasivo
FB-11304,TRX-14562,5.0,1,Sin Comentario,No,True,50.0,54.0,FBK-004139,Promotor
FB-8260,TRX-11908,3.0,3,Precio justo,No,True,33.0,-12.3,FBK-004140,Detractor
FB-9383,TRX-15795,4.0,5,Sin Comentario,Tal vez,False,66.0,-38.1,FBK-004141,Detractor
FB-9763,TRX-11295,1.0,3,No volvería,Sí,True,20.0,-91.6,FBK-004142,Detractor
FB-8466,TRX-13644,5.0,4,Dañado,Tal vez,False,46.0,-82.4,FBK-004143,Detractor
FB-10529,TRX-11218,5.0,5,Sin Comentario,Tal vez,True,31.0,-55.7,FBK-004144,Detractor
FB-8928,TRX-15359,4.0,1,Precio justo,Sí,True,78.0,-69.2,FBK-004145,Detractor
FB-8494,TRX-12567,3.0,3,Precio justo,Sin Respuesta,True,46.0,-94.3,FBK-004146,Detractor
FB-10301,TRX-18307,3.0,5,Precio justo,Tal vez,True,38.0,39.2,FBK-004147,Pasivo
FB-8917,TRX-15494,2.0,5,Sin Comentario,Sí,True,23.0,52.1,FBK-004148,Promotor
FB-9992,TRX-14523,2.0,1,Sin Comentario,No,False,41.0,-29.1,FBK-004149,Detractor
FB-9056,TRX-17429,1.0,5,Sin Comentario,No,False,45.0,97.3,FBK-004150,Promotor
FB-9393,TRX-18402,3.0,1,Sin Comentario,No,True,74.0,17.6,FBK-004151,Pasivo
FB-11214,TRX-11213,1.0,5,Precio justo,No,True,74.0,-80.0,FBK-004152,Detractor
FB-9455,TRX-15157,2.0,3,Lento,No,True,39.0,-27.0,FBK-004153,Detractor
FB-11151,TRX-10628,1.0,1,Sin Comentario,Sí,False,41.0,16.5,FBK-004154,Pasivo
FB-8191,TRX-17100,4.0,1,Sin Comentario,Tal vez,True,35.0,91.1,FBK-004155,Promotor
FB-11154,TRX-11645,1.0,5,Excelente,Sí,False,45.0,36.5,FBK-004156,Pasivo
FB-11595,TRX-18540,2.0,4,Sin Comentario,Sin Respuesta,False,74.0,-98.2,FBK-004157,Detractor
FB-10281,TRX-15202,2.0,1,Precio justo,Sí,False,18.0,33.9,FBK-004158,Pasivo
FB-9095,TRX-13119,4.0,4,Precio justo,Sí,True,43.0,31.0,FBK-004159,Pasivo
FB-11671,TRX-19145,4.0,2,No volvería,Sí,True,50.0,72.4,FBK-004160,Promotor
FB-8619,TRX-10583,3.0,3,Dañado,Sí,True,72.0,-73.7,FBK-004161,Detractor
FB-11495,TRX-10130,4.0,4,No volvería,Sin Respuesta,False,35.0,61.4,FBK-004162,Promotor
FB-10826,TRX-14029,4.0,3,Excelente,No,True,27.0,75.1,FBK-004163,Promotor
FB-11578,TRX-12242,3.0,1,Lento,Sin Respuesta,True,31.0,60.4,FBK-004164,Promotor
FB-10111,TRX-19606,4.0,3,Dañado,Tal vez,True,56.0,-17.9,FBK-004165,Detractor
FB-10475,TRX-16163,5.0,4,Sin Comentario,No,True,53.0,38.2,FBK-004166,Pasivo
FB-10742,TRX-13607,5.0,1,No volvería,Sí,False,68.0,63.5,FBK-004167,Promotor
FB-8426,TRX-13205,5.0,4,No volvería,Tal vez,True,67.0,89.3,FBK-004168,Promotor
FB-10893,TRX-14346,4.0,1,Sin Comentario,Sí,False,32.0,-33.2,FBK-004169,Detractor
FB-8206,TRX-17702,2.0,4,Lento,Sin Respuesta,False,76.0,-58.5,FBK-004170,Detractor
FB-11795,TRX-12481,2.0,1,Sin Comentario,No,False,50.0,51.3,FBK-004171,Promotor
FB-11875,TRX-17938,3.0,4,Lento,Sin Respuesta,False,71.0,-80.5,FBK-004172,Detractor
FB-9793,TRX-13065,2.0,2,Sin Comentario,No,False,68.0,12.6,FBK-004173,Pasivo
FB-11272,TRX-18138,2.0,4,Dañado,Sí,True,20.0,72.1,FBK-004174,Promotor
FB-9872,TRX-14630,3.0,4,Precio justo,Tal vez,True,51.0,-55.4,FBK-004175,Detractor
FB-11943,TRX-12159,5.0,2,Sin Comentario,Sí,False,59.0,-22.4,FBK-004176,Detractor
FB-11447,TRX-13253,3.0,3,Lento,Tal vez,True,26.0,64.8,FBK-004177,Promotor
FB-11095,TRX-11453,2.0,1,Sin Comentario,Sin Respuesta,True,31.0,0.4,FBK-004178,Pasivo
FB-8454,TRX-18459,2.0,4,Sin Comentario,Sin Respuesta,False,22.0,-64.4,FBK-004179,Detractor
FB-11992,TRX-13509,3.0,3,No volvería,Sin Respuesta,True,50.0,-83.2,FBK-004180,Detractor
FB-8433,TRX-10052,4.0,5,Sin Comentario,Sí,True,24.0,11.4,FBK-004181,Pasivo
FB-11201,TRX-17115,2.0,3,Sin Comentario,Tal vez,True,57.0,-95.7,FBK-004182,Detractor
FB-10500,TRX-11102,2.0,5,No volvería,Sí,True,52.0,-32.0,FBK-004183,Detractor
FB-10497,TRX-18039,3.0,1,Precio justo,Sin Respuesta,True,25.0,22.4,FBK-004184,Pasivo
FB-11203,TRX-19137,2.0,5,Precio justo,No,True,77.0,-98.9,FBK-004185,Detractor
FB-11515,TRX-13416,4.0,2,Lento,Sí,False,59.0,73.6,FBK-004186,Promotor
FB-11880,TRX-12918,4.0,2,Precio justo,Tal vez,True,22.0,91.4,FBK-004187,Promotor
FB-8417,TRX-10635,3.0,3,Sin Comentario,Tal vez,False,77.0,-17.9,FBK-004188,Detractor
FB-11373,TRX-16851,1.0,2,No volvería,Sin Respuesta,True,22.0,-91.9,FBK-004189,Detractor
FB-10303,TRX-14310,5.0,2,Lento,Sin Respuesta,False,61.0,-44.0,FBK-004190,Detractor
FB-8171,TRX-16230,4.0,3,Sin Comentario,No,False,82.0,32.6,FBK-004191,Pasivo
FB-10077,TRX-19566,4.0,4,Dañado,Tal vez,True,19.0,-91.5,FBK-004192,Detractor
FB-8431,TRX-13845,5.0,1,Sin Comentario,Tal vez,True,74.0,70.8,FBK-004193,Promotor
FB-8684,TRX-15713,3.0,5,Excelente,Sin Respuesta,True,67.0,60.7,FBK-004194,Promotor
FB-10580,TRX-17933,2.0,3,Lento,Tal vez,True,69.0,-7.5,FBK-004195,Detractor
FB-8483,TRX-18691,3.0,2,Sin Comentario,No,False,28.0,54.1,FBK-004196,Promotor
FB-11567,TRX-12950,1.0,5,Dañado,Sí,False,47.0,-66.0,FBK-004197,Detractor
FB-8841,TRX-14916,1.0,4,No volvería,No,True,63.0,91.3,FBK-004198,Promotor
FB-11731,TRX-13799,5.0,1,Lento,No,False,32.0,-0.4,FBK-004199,Detractor
FB-9481,TRX-14786,3.0,1,Lento,Sí,True,50.0,97.0,FBK-004200,Promotor
FB-8643,TRX-17947,1.0,2,Lento,Tal vez,True,77.0,5.3,FBK-004201,Pasivo
FB-10983,TRX-18031,1.0,4,Precio justo,Sí,False,29.0,41.9,FBK-004202,Pasivo
FB-9196,TRX-16425,5.0,1,Precio justo,No,False,23.0,59.9,FBK-004203,Promotor
FB-10900,TRX-19795,5.0,5,No volvería,Sí,True,22.0,58.2,FBK-004204,Promotor
FB-9808,TRX-15851,5.0,5,Dañado,No,False,63.0,47.3,FBK-004205,Pasivo
FB-11121,TRX-18903,5.0,2,Lento,Sí,True,55.0,-72.7,FBK-004206,Detractor
FB-10072,TRX-17880,5.0,4,Excelente,No,True,52.0,-18.2,FBK-004207,Detractor
FB-10041,TRX-14840,4.0,5,Sin Comentario,Sin Respuesta,True,72.0,8.4,FBK-004208,Pasivo
FB-11000,TRX-11581,2.0,1,Sin Comentario,Tal vez,True,81.0,41.7,FBK-004209,Pasivo
FB-11565,TRX-13586,5.0,5,Excelente,Sí,True,23.0,-20.8,FBK-004210,Detractor
FB-8406,TRX-11841,2.0,1,Sin Comentario,Sí,True,31.0,11.4,FBK-004211,Pasivo
FB-8631,TRX-14706,1.0,4,Sin Comentario,Sí,False,69.0,-15.2,FBK-004212,Detractor
FB-10650,TRX-16874,4.0,2,Excelente,Sin Respuesta,False,67.0,42.7,FBK-004213,Pasivo
FB-9489,TRX-17326,5.0,2,Sin Comentario,Tal vez,True,34.0,-84.2,FBK-004214,Detractor
FB-9370,TRX-15331,4.0,2,Precio justo,Sí,False,26.0,42.8,FBK-004215,Pasivo
FB-11355,TRX-14053,3.0,3,No volvería,Sí,False,57.0,67.7,FBK-004216,Promotor
FB-8564,TRX-16960,2.0,2,Lento,Sin Respuesta,True,53.0,-97.5,FBK-004217,Detractor
FB-8503,TRX-11897,5.0,2,No volvería,Sí,True,66.0,6.9,FBK-004218,Pasivo
FB-11475,TRX-12886,2.0,1,Precio justo,Sin Respuesta,True,69.0,-49.9,FBK-004219,Detractor
FB-8826,TRX-17614,2.0,4,Lento,No,False,48.0,-13.5,FBK-004220,Detractor
FB-9798,TRX-15224,3.0,4,Lento,Sin Respuesta,False,74.0,49.1,FBK-004221,Pasivo
FB-11971,TRX-11860,2.0,5,Sin Comentario,No,True,64.0,55.1,FBK-004222,Promotor
FB-9702,TRX-15694,1.0,2,No volvería,Sin Respuesta,False,77.0,-19.7,FBK-004223,Detractor
FB-11150,TRX-16522,2.0,4,Excelente,Sí,True,39.0,-81.7,FBK-004224,Detractor
FB-11149,TRX-12098,3.0,4,Excelente,Tal vez,True,47.0,21.9,FBK-004225,Pasivo
FB-8026,TRX-17925,3.0,4,Sin Comentario,No,True,49.0,-44.2,FBK-004226,Detractor
FB-9004,TRX-18014,5.0,4,Dañado,Tal vez,False,55.0,-76.8,FBK-004227,Detractor
FB-11419,TRX-19847,1.0,1,Dañado,Tal vez,True,19.0,-37.0,FBK-004228,Detractor
FB-11314,TRX-16750,2.0,2,No volvería,Tal vez,False,81.0,16.1,FBK-004229,Pasivo
FB-9940,TRX-13847,3.0,4,Sin Comentario,Sin Respuesta,True,67.0,81.7,FBK-004230,Promotor
FB-9398,TRX-10474,3.0,1,Sin Comentario,Sí,False,72.0,-56.9,FBK-004231,Detractor
FB-9174,TRX-14766,2.0,3,Lento,Tal vez,False,45.0,52.8,FBK-004232,Promotor
FB-10068,TRX-14389,2.0,5,Precio justo,Tal vez,True,20.0,72.5,FBK-004233,Promotor
FB-8701,TRX-18314,5.0,1,Precio justo,Tal vez,True,76.0,-70.4,FBK-004234,Detractor
FB-8349,TRX-13524,5.0,5,Dañado,Sí,True,37.0,-98.9,FBK-004235,Detractor
FB-9089,TRX-16701,1.0,5,Dañado,No,False,79.0,89.1,FBK-004236,Promotor
FB-9525,TRX-10996,5.0,3,Precio justo,No,True,80.0,-80.3,FBK-004237,Detractor
FB-10929,TRX-19212,5.0,3,Sin Comentario,Tal vez,False,36.0,-67.7,FBK-004238,Detractor
FB-11091,TRX-15295,4.0,3,Excelente,No,True,23.0,-18.4,FBK-004239,Detractor
FB-9699,TRX-14286,2.0,1,No volvería,Sin Respuesta,True,62.0,-41.0,FBK-004240,Detractor
FB-9477,TRX-15203,5.0,3,Dañado,Sin Respuesta,True,79.0,96.3,FBK-004241,Promotor
FB-10578,TRX-16737,4.0,4,Dañado,Sí,False,31.0,65.1,FBK-004242,Promotor
FB-10723,TRX-16412,4.0,1,Precio justo,Sin Respuesta,True,82.0,29.8,FBK-004243,Pasivo
FB-9005,TRX-17240,5.0,2,Excelente,Sí,False,71.0,-94.7,FBK-004244,Detractor
FB-8620,TRX-16966,3.0,3,Precio justo,Sí,True,77.0,-51.6,FBK-004245,Detractor
FB-11085,TRX-16531,5.0,1,Sin Comentario,No,False,48.0,-61.4,FBK-004246,Detractor
FB-11086,TRX-14271,5.0,3,Sin Comentario,Tal vez,False,62.0,-47.8,FBK-004247,Detractor
FB-10169,TRX-10895,2.0,5,Dañado,Tal vez,True,37.0,89.9,FBK-004248,Promotor
FB-9727,TRX-14396,3.0,4,Sin Comentario,Tal vez,False,65.0,-18.7,FBK-004249,Detractor
FB-11224,TRX-17954,1.0,5,Precio justo,No,True,39.0,74.8,FBK-004250,Promotor
FB-8934,TRX-13587,5.0,3,No volvería,Tal vez,False,57.0,-5.4,FBK-004251,Detractor
FB-8565,TRX-15567,5.0,1,Sin Comentario,No,True,67.0,32.7,FBK-004252,Pasivo
FB-11284,TRX-10747,2.0,4,Dañado,No,True,67.0,88.3,FBK-004253,Promotor
FB-9756,TRX-15054,1.0,5,Dañado,Sin Respuesta,True,26.0,16.5,FBK-004254,Pasivo
FB-9693,TRX-17334,4.0,4,Dañado,Tal vez,True,69.0,-28.7,FBK-004255,Detractor
FB-11760,TRX-16714,3.0,4,Dañado,Sí,False,63.0,-5.4,FBK-004256,Detractor
FB-9676,TRX-13625,1.0,3,Dañado,Tal vez,False,26.0,-6.3,FBK-004257,Detractor
FB-11678,TRX-19379,5.0,4,Lento,Sin Respuesta,True,50.0,60.0,FBK-004258,Promotor
FB-9879,TRX-12728,4.0,2,Lento,Sin Respuesta,False,74.0,-32.9,FBK-004259,Detractor
FB-11898,TRX-18782,2.0,2,Precio justo,Sin Respuesta,False,48.0,-91.4,FBK-004260,Detractor
FB-11491,TRX-13378,5.0,5,Sin Comentario,Sí,False,56.0,34.6,FBK-004261,Pasivo
FB-10114,TRX-11807,2.0,5,Lento,Sin Respuesta,True,70.0,71.0,FBK-004262,Promotor
FB-11254,TRX-15401,3.0,1,Dañado,Sin Respuesta,True,75.0,0.3,FBK-004263,Pasivo
FB-10794,TRX-12117,2.0,3,Dañado,Sí,True,81.0,-72.0,FBK-004264,Detractor
FB-9481,TRX-19911,1.0,5,Dañado,Sí,True,44.0,-71.0,FBK-004265,Detractor
FB-11865,TRX-18843,1.0,1,Lento,No,True,26.0,78.4,FBK-004266,Promotor
FB-8121,TRX-10326,3.0,5,Lento,No,False,66.0,-85.4,FBK-004267,Detractor
FB-9812,TRX-10345,3.0,1,Sin Comentario,Sí,False,81.0,0.6,FBK-004268,Pasivo
FB-8596,TRX-16212,3.0,3,Excelente,Sí,False,80.0,-33.9,FBK-004269,Detractor
FB-11154,TRX-11478,1.0,3,Dañado,Sin Respuesta,True,39.0,-45.0,FBK-004270,Detractor
FB-8040,TRX-15460,5.0,5,Sin Comentario,Sí,True,19.0,-65.6,FBK-004271,Detractor
FB-10939,TRX-15778,1.0,2,Sin Comentario,Tal vez,True,56.0,-40.1,FBK-004272,Detractor
FB-11302,TRX-19058,2.0,4,Sin Comentario,Sí,True,74.0,43.1,FBK-004273,Pasivo
FB-10119,TRX-11039,3.0,5,Excelente,No,True,40.0,19.5,FBK-004274,Pasivo
FB-11865,TRX-10806,4.0,1,Sin Comentario,Sin Respuesta,False,79.0,-83.5,FBK-004275,Detractor
FB-8285,TRX-18497,1.0,3,Excelente,Sí,False,30.0,50.8,FBK-004276,Promotor
FB-8347,TRX-13448,4.0,5,Sin Comentario,Sin Respuesta,False,64.0,-29.1,FBK-004277,Detractor
FB-9385,TRX-15932,5.0,3,Sin Comentario,Sin Respuesta,False,37.0,-56.6,FBK-004278,Detractor
FB-9289,TRX-18773,1.0,5,Sin Comentario,Sin Respuesta,True,30.0,63.5,FBK-004279,Promotor
FB-9645,TRX-13251,5.0,3,Excelente,Sin Respuesta,True,72.0,27.2,FBK-004280,Pasivo
FB-11163,TRX-12572,5.0,2,Sin Comentario,Tal vez,False,44.0,44.5,FBK-004281,Pasivo
FB-8673,TRX-18776,1.0,1,Dañado,Tal vez,False,48.0,-38.9,FBK-004282,Detractor
FB-9777,TRX-16480,1.0,5,Lento,Sí,True,39.0,49.8,FBK-004283,Pasivo
FB-8251,TRX-13757,5.0,3,Dañado,Sí,False,49.0,-44.9,FBK-004284,Detractor
FB-9610,TRX-14754,3.0,5,Lento,Tal vez,False,81.0,36.0,FBK-004285,Pasivo
FB-11109,TRX-12644,1.0,1,Sin Comentario,Sin Respuesta,True,39.0,-56.4,FBK-004286,Detractor
FB-8151,TRX-16125,5.0,5,Sin Comentario,Sin Respuesta,False,79.0,26.8,FBK-004287,Pasivo
FB-10704,TRX-15431,2.0,4,Dañado,Sin Respuesta,False,64.0,-8.7,FBK-004288,Detractor
FB-11778,TRX-16773,4.0,3,Sin Comentario,Sí,True,18.0,-68.7,FBK-004289,Detractor
FB-10627,TRX-13532,2.0,1,No volvería,Tal vez,False,60.0,18.8,FBK-004290,Pasivo
FB-8618,TRX-19059,1.0,2,Sin Comentario,Tal vez,False,55.0,-97.7,FBK-004291,Detractor
FB-11696,TRX-14074,1.0,4,No volvería,No,True,58.0,38.0,FBK-004292,Pasivo
FB-10353,TRX-10223,1.0,5,Dañado,Sí,True,31.0,89.0,FBK-004293,Promotor
FB-8236,TRX-10591,1.0,5,Dañado,Sin Respuesta,True,20.0,79.2,FBK-004294,Promotor
FB-10587,TRX-10328,2.0,4,Sin Comentario,No,True,82.0,95.1,FBK-004295,Promotor
FB-10921,TRX-18627,3.0,2,Dañado,No,True,61.0,-12.4,FBK-004296,Detractor
FB-11272,TRX-11679,5.0,2,No volvería,Sin Respuesta,False,33.0,65.9,FBK-004297,Promotor
FB-10704,TRX-18216,5.0,5,Sin Comentario,Sí,True,25.0,-71.7,FBK-004298,Detractor
FB-11587,TRX-16519,5.0,5,Sin Comentario,Sin Respuesta,False,82.0,-96.6,FBK-004299,Detractor
FB-10129,TRX-17944,4.0,2,Sin Comentario,No,False,79.0,-68.3,FBK-004300,Detractor
FB-11984,TRX-10692,1.0,2,Sin Comentario,Sin Respuesta,False,19.0,-11.3,FBK-004301,Detractor
FB-9211,TRX-12571,2.0,2,Dañado,No,True,73.0,-67.5,FBK-004302,Detractor
FB-9717,TRX-14638,2.0,5,Precio justo,Sin Respuesta,True,34.0,-9.2,FBK-004303,Detractor
FB-9646,TRX-14939,2.0,3,Precio justo,No,False,78.0,-52.9,FBK-004304,Detractor
FB-11628,TRX-10397,3.0,4,Precio justo,Sin Respuesta,False,24.0,-56.8,FBK-004305,Detractor
FB-10788,TRX-13768,1.0,2,Dañado,Tal vez,False,51.0,83.9,FBK-004306,Promotor
FB-10870,TRX-14051,5.0,5,Sin Comentario,No,False,77.0,4.0,FBK-004307,Pasivo
FB-10267,TRX-10553,5.0,1,Excelente,Tal vez,True,39.0,34.9,FBK-004308,Pasivo
FB-11578,TRX-14463,1.0,5,Excelente,Sí,False,39.0,-20.2,FBK-004309,Detractor
FB-9246,TRX-12025,5.0,3,Sin Comentario,Tal vez,False,38.0,-67.0,FBK-004310,Detractor
FB-10955,TRX-16190,5.0,3,Lento,Sí,False,30.0,42.8,FBK-004311,Pasivo
FB-11042,TRX-16565,1.0,2,Sin Comentario,Sin Respuesta,True,61.0,-11.3,FBK-004312,Detractor
FB-9284,TRX-12149,2.0,4,Precio justo,Sí,True,48.0,68.3,FBK-004313,Promotor
FB-11724,TRX-14423,4.0,5,No volvería,No,True,42.0,-83.7,FBK-004314,Detractor
FB-9409,TRX-11391,1.0,4,Precio justo,Sí,True,72.0,-23.3,FBK-004315,Detractor
FB-8032,TRX-11253,5.0,1,Precio justo,Tal vez,True,46.0,-67.7,FBK-004316,Detractor
FB-11387,TRX-11210,5.0,4,Lento,Tal vez,True,52.0,38.8,FBK-004317,Pasivo
FB-9145,TRX-18265,4.0,4,Sin Comentario,No,True,32.0,-32.5,FBK-004318,Detractor
FB-11687,TRX-16805,4.0,2,Precio justo,No,True,66.0,-16.7,FBK-004319,Detractor
FB-10161,TRX-10330,4.0,1,Excelente,No,True,65.0,-30.1,FBK-004320,Detractor
FB-10500,TRX-10241,1.0,3,No volvería,Sí,False,61.0,68.1,FBK-004321,Promotor
FB-11770,TRX-18875,2.0,4,Excelente,Sí,True,55.0,12.7,FBK-004322,Pasivo
FB-8601,TRX-19910,4.0,1,Precio justo,Sí,True,29.0,41.7,FBK-004323,Pasivo
FB-10868,TRX-12487,3.0,1,Dañado,Sí,False,77.0,48.2,FBK-004324,Pasivo
FB-9654,TRX-11565,2.0,3,No volvería,No,False,55.0,41.5,FBK-004325,Pasivo
FB-9827,TRX-19636,4.0,2,No volvería,Sí,True,81.0,88.9,FBK-004326,Promotor
FB-10637,TRX-16408,5.0,1,Lento,Tal vez,False,32.0,30.5,FBK-004327,Pasivo
FB-8840,TRX-13183,1.0,3,Lento,Tal vez,True,53.0,29.8,FBK-004328,Pasivo
FB-11635,TRX-19923,5.0,5,No volvería,No,True,60.0,61.9,FBK-004329,Promotor
FB-10229,TRX-15114,5.0,1,No volvería,No,True,36.0,-96.7,FBK-004330,Detractor
FB-10557,TRX-15303,1.0,5,Sin Comentario,Tal vez,True,55.0,-88.3,FBK-004331,Detractor
FB-11229,TRX-16965,2.0,5,Excelente,Sin Respuesta,True,43.0,-50.3,FBK-004332,Detractor
FB-10532,TRX-18394,5.0,1,Precio justo,Sin Respuesta,True,66.0,-63.7,FBK-004333,Detractor
FB-10670,TRX-10383,2.0,3,Sin Comentario,Sí,False,78.0,-69.4,FBK-004334,Detractor
FB-9811,TRX-14950,1.0,5,No volvería,Sin Respuesta,True,83.0,10.5,FBK-004335,Pasivo
FB-10856,TRX-14490,4.0,2,Sin Comentario,Sí,False,29.0,-60.8,FBK-004336,Detractor
FB-9414,TRX-17518,5.0,4,Dañado,No,True,53.0,93.3,FBK-004337,Promotor
FB-11635,TRX-13320,5.0,5,Precio justo,No,False,84.0,-63.2,FBK-004338,Detractor
FB-11325,TRX-11633,1.0,5,No volvería,Tal vez,True,48.0,-66.7,FBK-004339,Detractor
FB-11201,TRX-14329,1.0,4,Sin Comentario,Tal vez,False,58.0,14.6,FBK-004340,Pasivo
FB-10657,TRX-19440,4.0,3,Lento,No,True,45.0,-63.8,FBK-004341,Detractor
FB-9656,TRX-17723,1.0,2,Lento,Sí,False,64.0,33.1,FBK-004342,Pasivo
FB-11176,TRX-16169,3.0,2,Lento,Tal vez,False,73.0,71.7,FBK-004343,Promotor
FB-8808,TRX-14771,3.0,5,Dañado,Sin Respuesta,False,46.0,-12.8,FBK-004344,Detractor
FB-11608,TRX-17037,1.0,1,Excelente,Sin Respuesta,True,32.0,-30.0,FBK-004345,Detractor
FB-9235,TRX-11524,4.0,1,Precio justo,Sí,False,31.0,37.9,FBK-004346,Pasivo
FB-8345,TRX-13641,3.0,5,Excelente,Sí,True,33.0,61.1,FBK-004347,Promotor
FB-8151,TRX-16657,5.0,1,Excelente,No,False,45.0,-39.4,FBK-004348,Detractor
FB-10201,TRX-19191,4.0,2,Excelente,Sin Respuesta,False,53.0,62.3,FBK-004349,Promotor
FB-9370,TRX-14563,3.0,2,Lento,Sí,True,27.0,53.3,FBK-004350,Promotor
FB-9597,TRX-17919,1.0,4,Sin Comentario,No,True,64.0,-3.4,FBK-004351,Detractor
FB-10970,TRX-14659,3.0,2,Precio justo,No,False,71.0,-8.4,FBK-004352,Detractor
FB-10944,TRX-18736,4.0,3,Lento,Sin Respuesta,True,26.0,-79.1,FBK-004353,Detractor
FB-11031,TRX-18300,5.0,2,Sin Comentario,Sin Respuesta,True,31.0,-82.5,FBK-004354,Detractor
FB-11603,TRX-14007,1.0,5,Excelente,Sin Respuesta,False,81.0,49.6,FBK-004355,Pasivo
FB-8516,TRX-16265,2.0,1,Sin Comentario,Sí,True,74.0,17.0,FBK-004356,Pasivo
FB-10131,TRX-10282,3.0,1,Sin Comentario,Tal vez,True,73.0,-2.2,FBK-004357,Detractor
FB-10215,TRX-18143,5.0,2,No volvería,Sí,False,68.0,-90.8,FBK-004358,Detractor
FB-9162,TRX-16449,4.0,2,Sin Comentario,No,False,72.0,-88.8,FBK-004359,Detractor
FB-8875,TRX-16106,3.0,1,Dañado,Sí,True,56.0,84.2,FBK-004360,Promotor
FB-8380,TRX-18955,3.0,1,Sin Comentario,Tal vez,True,69.0,32.2,FBK-004361,Pasivo
FB-10095,TRX-11774,1.0,2,Sin Comentario,Sí,True,80.0,-22.8,FBK-004362,Detractor
FB-10260,TRX-17409,5.0,3,Sin Comentario,Sin Respuesta,True,78.0,40.0,FBK-004363,Pasivo
FB-9278,TRX-13671,3.0,3,Sin Comentario,Sí,True,84.0,-48.4,FBK-004364,Detractor
FB-10135,TRX-19467,3.0,1,Dañado,Sin Respuesta,False,45.0,-18.1,FBK-004365,Detractor
FB-9395,TRX-10407,5.0,4,Sin Comentario,Sin Respuesta,False,31.0,-7.6,FBK-004366,Detractor
FB-11100,TRX-16510,4.0,3,Sin Comentario,No,True,54.0,-93.8,FBK-004367,Detractor
FB-10603,TRX-13802,1.0,5,Excelente,Sí,True,69.0,98.6,FBK-004368,Promotor
FB-8655,TRX-17325,3.0,1,Lento,Sí,True,39.0,-23.7,FBK-004369,Detractor
FB-8095,TRX-16059,5.0,3,Precio justo,Sí,False,18.0,93.4,FBK-004370,Promotor
FB-8114,TRX-17811,2.0,2,Lento,Tal vez,False,71.0,29.6,FBK-004371,Pasivo
FB-11646,TRX-19226,4.0,4,Precio justo,Sí,False,63.0,85.8,FBK-004372,Promotor
FB-11262,TRX-11785,1.0,2,No volvería,Sí,False,83.0,-89.1,FBK-004373,Detractor
FB-10211,TRX-15089,2.0,2,Precio justo,Sí,True,24.0,92.2,FBK-004374,Promotor
FB-10426,TRX-15446,4.0,4,Precio justo,Tal vez,True,83.0,-18.6,FBK-004375,Detractor
FB-9059,TRX-12355,3.0,1,No volvería,Sí,False,18.0,-72.7,FBK-004376,Detractor
FB-8988,TRX-11370,1.0,2,Dañado,Sin Respuesta,False,20.0,34.2,FBK-004377,Pasivo
FB-11408,TRX-11562,4.0,1,Precio justo,Sin Respuesta,True,18.0,52.5,FBK-004378,Promotor
FB-11170,TRX-19189,4.0,1,No volvería,Sí,False,52.0,29.9,FBK-004379,Pasivo
FB-9244,TRX-12773,4.0,1,Precio justo,Sin Respuesta,True,33.0,8.0,FBK-004380,Pasivo
FB-10975,TRX-13402,4.0,2,Lento,Sí,True,25.0,63.3,FBK-004381,Promotor
FB-9731,TRX-18025,2.0,1,No volvería,Tal vez,True,38.0,37.2,FBK-004382,Pasivo
FB-10069,TRX-19722,1.0,2,Excelente,No,False,22.0,23.7,FBK-004383,Pasivo
FB-8452,TRX-14095,3.0,1,Sin Comentario,Sin Respuesta,True,73.0,-36.6,FBK-004384,Detractor
FB-10998,TRX-11374,1.0,5,Sin Comentario,No,False,48.0,75.5,FBK-004385,Promotor
FB-8245,TRX-12315,2.0,2,Precio justo,No,False,18.0,38.4,FBK-004386,Pasivo
FB-11447,TRX-16605,1.0,5,Precio justo,Sí,True,30.0,79.9,FBK-004387,Promotor
FB-9527,TRX-17758,2.0,1,Lento,Tal vez,False,49.0,21.2,FBK-004388,Pasivo
FB-9063,TRX-18575,2.0,2,Lento,No,True,68.0,60.0,FBK-004389,Promotor
FB-10568,TRX-19283,2.0,4,Excelente,Sin Respuesta,False,24.0,76.9,FBK-004390,Promotor
FB-10078,TRX-13808,2.0,5,No volvería,Tal vez,True,75.0,8.3,FBK-004391,Pasivo
FB-9451,TRX-10965,4.0,3,Sin Comentario,Sin Respuesta,True,49.0,43.0,FBK-004392,Pasivo
FB-8507,TRX-18084,1.0,3,Excelente,Sin Respuesta,True,35.0,15.3,FBK-004393,Pasivo
FB-8195,TRX-14129,5.0,4,Sin Comentario,Tal vez,False,63.0,44.1,FBK-004394,Pasivo
FB-11098,TRX-16747,2.0,4,Excelente,Sin Respuesta,True,25.0,4.6,FBK-004395,Pasivo
FB-10666,TRX-15102,2.0,3,Dañado,Sí,False,43.0,60.0,FBK-004396,Promotor
FB-11855,TRX-15535,1.0,2,Sin Comentario,Sí,False,35.0,61.5,FBK-004397,Promotor
FB-8510,TRX-12467,4.0,1,Excelente,Tal vez,False,63.0,-90.7,FBK-004398,Detractor
FB-9838,TRX-10598,3.0,2,Precio justo,Sin Respuesta,False,19.0,-59.3,FBK-004399,Detractor
FB-9220,TRX-15266,2.0,3,Excelente,No,True,50.0,-61.3,FBK-004400,Detractor
FB-10344,TRX-19262,4.0,5,Sin Comentario,Tal vez,True,64.0,-35.5,FBK-004401,Detractor
FB-11018,TRX-19809,4.0,5,Sin Comentario,No,True,66.0,-4.7,FBK-004402,Detractor
FB-8021,TRX-16660,5.0,1,Sin Comentario,Tal vez,False,75.0,47.0,FBK-004403,Pasivo
FB-9856,TRX-10091,2.0,1,Lento,No,False,25.0,-39.9,FBK-004404,Detractor
FB-9388,TRX-14393,4.0,3,Lento,No,False,39.0,30.2,FBK-004405,Pasivo
FB-8967,TRX-13427,5.0,3,Sin Comentario,Tal vez,True,42.0,72.2,FBK-004406,Promotor
FB-11298,TRX-19214,4.0,1,Precio justo,Tal vez,True,61.0,-10.5,FBK-004407,Detractor
FB-11054,TRX-18007,5.0,5,Dañado,Tal vez,False,46.0,31.5,FBK-004408,Pasivo
FB-10382,TRX-18938,5.0,4,Excelente,Tal vez,False,24.0,69.5,FBK-004409,Promotor
FB-10316,TRX-18188,5.0,4,No volvería,Sin Respuesta,False,42.0,45.0,FBK-004410,Pasivo
FB-10927,TRX-15128,4.0,4,Lento,Tal vez,False,25.0,-79.3,FBK-004411,Detractor
FB-11663,TRX-13862,3.0,5,Precio justo,No,False,20.0,-69.7,FBK-004412,Detractor
FB-11840,TRX-15272,1.0,2,No volvería,No,False,48.0,-83.6,FBK-004413,Detractor
FB-10571,TRX-17559,5.0,2,Sin Comentario,Sin Respuesta,False,49.0,-43.5,FBK-004414,Detractor
FB-10725,TRX-17913,2.0,5,Excelente,Tal vez,False,24.0,-99.2,FBK-004415,Detractor
FB-10184,TRX-18428,1.0,2,Excelente,Sin Respuesta,True,31.0,21.9,FBK-004416,Pasivo
FB-11459,TRX-19089,3.0,4,Excelente,Sin Respuesta,False,51.0,-94.7,FBK-004417,Detractor
FB-10439,TRX-11334,1.0,5,No volvería,Sin Respuesta,True,29.0,-10.2,FBK-004418,Detractor
FB-8957,TRX-11721,1.0,1,Sin Comentario,Sin Respuesta,False,54.0,-1.3,FBK-004419,Detractor
FB-9434,TRX-16974,3.0,5,Excelente,Sin Respuesta,False,44.0,29.1,FBK-004420,Pasivo
FB-9225,TRX-11269,2.0,3,Dañado,Sin Respuesta,True,51.0,-52.1,FBK-004421,Detractor
FB-9165,TRX-16155,5.0,4,Sin Comentario,Sin Respuesta,True,59.0,73.6,FBK-004422,Promotor
FB-10731,TRX-12085,4.0,4,Sin Comentario,No,True,81.0,0.8,FBK-004423,Pasivo
FB-11214,TRX-10223,2.0,3,No volvería,No,False,65.0,38.0,FBK-004424,Pasivo
FB-11338,TRX-12655,2.0,4,Lento,No,True,34.0,-30.8,FBK-004425,Detractor
FB-10928,TRX-18518,5.0,3,Sin Comentario,No,True,38.0,-46.6,FBK-004426,Detractor
FB-10346,TRX-11990,2.0,3,Dañado,No,True,32.0,16.8,FBK-004427,Pasivo
FB-10754,TRX-12722,2.0,4,Sin Comentario,Sin Respuesta,False,43.0,79.0,FBK-004428,Promotor
FB-8573,TRX-13233,1.0,5,Precio justo,Sin Respuesta,True,50.0,43.4,FBK-004429,Pasivo
FB-10925,TRX-17169,1.0,3,Excelente,No,False,29.0,39.8,FBK-004430,Pasivo
FB-9546,TRX-11862,3.0,1,Precio justo,Tal vez,True,39.0,-1.2,FBK-004431,Detractor
FB-10128,TRX-10639,3.0,3,Lento,No,False,62.0,-98.6,FBK-004432,Detractor
FB-11020,TRX-16949,3.0,1,Precio justo,Sin Respuesta,True,24.0,75.7,FBK-004433,Promotor
FB-9014,TRX-18113,4.0,5,Sin Comentario,Tal vez,False,80.0,-51.8,FBK-004434,Detractor
FB-8431,TRX-12797,5.0,3,Lento,Sí,False,45.0,-5.2,FBK-004435,Detractor
FB-9342,TRX-18594,4.0,3,Precio justo,No,False,57.0,-61.4,FBK-004436,Detractor
FB-10115,TRX-17982,4.0,3,Lento,Tal vez,True,78.0,62.8,FBK-004437,Promotor
FB-10385,TRX-12291,3.0,1,No volvería,No,True,67.0,-93.3,FBK-004438,Detractor
FB-8788,TRX-18963,5.0,5,Sin Comentario,Sí,False,27.0,31.3,FBK-004439,Pasivo
FB-11370,TRX-16850,4.0,4,No volvería,Tal vez,False,42.0,-90.3,FBK-004440,Detractor
FB-11188,TRX-16543,1.0,2,Sin Comentario,Sí,True,29.0,83.6,FBK-004441,Promotor
FB-9479,TRX-10151,4.0,3,Sin Comentario,Sí,True,18.0,-89.0,FBK-004442,Detractor
FB-9860,TRX-14861,1.0,3,Precio justo,Sí,True,55.0,78.0,FBK-004443,Promotor
FB-8401,TRX-11926,4.0,3,Dañado,No,False,54.0,-49.6,FBK-004444,Detractor
FB-8600,TRX-17134,5.0,4,Dañado,Tal vez,True,76.0,30.6,FBK-004445,Pasivo
FB-10914,TRX-14820,1.0,5,No volvería,Sin Respuesta,True,29.0,27.4,FBK-004446,Pasivo
FB-9743,TRX-14441,1.0,1,Excelente,Sin Respuesta,True,54.0,70.3,FBK-004447,Promotor
FB-11393,TRX-18560,3.0,4,Excelente,No,False,29.0,-19.4,FBK-004448,Detractor
FB-9687,TRX-15281,1.0,5,Dañado,No,True,73.0,5.8,FBK-004449,Pasivo
FB-8335,TRX-16088,4.0,2,Sin Comentario,Sí,True,56.0,-22.9,FBK-004450,Detractor
FB-8377,TRX-19237,4.0,5,Precio justo,No,True,73.0,31.1,FBK-004451,Pasivo
FB-8254,TRX-12718,3.0,5,Dañado,Tal vez,False,73.0,-37.9,FBK-004452,Detractor
FB-9740,TRX-12318,2.0,1,Sin Comentario,Sin Respuesta,True,49.0,28.0,FBK-004453,Pasivo
FB-11639,TRX-14754,1.0,5,No volvería,Tal vez,True,50.0,50.7,FBK-004454,Promotor
FB-8532,TRX-18572,1.0,5,Precio justo,Sí,True,41.0,-74.0,FBK-004455,Detractor
FB-9950,TRX-13349,1.0,3,No volvería,No,True,48.0,-24.1,FBK-004456,Detractor
FB-8879,TRX-16082,4.0,1,Dañado,No,True,79.0,-93.0,FBK-004457,Detractor
FB-9827,TRX-18509,5.0,5,Dañado,Sí,True,19.0,-81.8,FBK-004458,Detractor
FB-8319,TRX-19904,5.0,5,No volvería,Sin Respuesta,True,69.0,-90.4,FBK-004459,Detractor
FB-9512,TRX-14116,5.0,3,Precio justo,No,False,18.0,41.1,FBK-004460,Pasivo
FB-10772,TRX-17735,3.0,1,Precio justo,Sí,False,69.0,96.0,FBK-004461,Promotor
FB-10155,TRX-17583,3.0,2,Lento,Sin Respuesta,False,21.0,22.3,FBK-004462,Pasivo
FB-9649,TRX-13450,4.0,1,No volvería,Sin Respuesta,False,25.0,-32.1,FBK-004463,Detractor
FB-10409,TRX-15409,5.0,4,Dañado,No,True,64.0,54.5,FBK-004464,Promotor
FB-10289,TRX-12217,2.0,5,No volvería,Tal vez,True,38.0,1.6,FBK-004465,Pasivo
FB-10125,TRX-12690,1.0,4,No volvería,Sin Respuesta,False,29.0,-72.3,FBK-004466,Detractor
FB-11190,TRX-18591,5.0,4,Excelente,Sin Respuesta,False,51.0,79.3,FBK-004467,Promotor
FB-9617,TRX-17763,2.0,2,Lento,Sin Respuesta,True,81.0,-74.8,FBK-004468,Detractor
FB-11571,TRX-10160,1.0,5,Precio justo,Sí,False,45.0,95.3,FBK-004469,Promotor
FB-9080,TRX-15205,1.0,1,Sin Comentario,Sin Respuesta,False,58.0,-27.6,FBK-004470,Detractor
FB-10393,TRX-16820,3.0,3,Excelente,Sí,False,64.0,45.4,FBK-004471,Pasivo
FB-10043,TRX-12936,2.0,5,Lento,Sin Respuesta,False,32.0,91.9,FBK-004472,Promotor
FB-10606,TRX-12463,5.0,4,Excelente,No,True,38.0,18.7,FBK-004473,Pasivo
FB-9734,TRX-17708,5.0,4,Lento,Tal vez,False,65.0,95.2,FBK-004474,Promotor
FB-9802,TRX-11098,4.0,5,Sin Comentario,Tal vez,False,56.0,-64.1,FBK-004475,Detractor
FB-10822,TRX-10091,2.0,2,Sin Comentario,Sin Respuesta,False,49.0,-88.6,FBK-004476,Detractor
FB-11813,TRX-15109,1.0,1,Lento,Sí,False,23.0,28.9,FBK-004477,Pasivo
FB-11882,TRX-13074,3.0,3,Sin Comentario,Sí,True,35.0,-79.1,FBK-004478,Detractor
FB-10005,TRX-13264,4.0,2,No volvería,Tal vez,False,73.0,1.1,FBK-004479,Pasivo
FB-10997,TRX-11537,3.0,1,Lento,No,False,26.0,55.4,FBK-004480,Promotor
FB-11986,TRX-18810,1.0,5,Sin Comentario,Sí,True,30.0,65.1,FBK-004481,Promotor
FB-9707,TRX-17513,1.0,2,Dañado,No,True,44.0,12.7,FBK-004482,Pasivo
FB-11374,TRX-15423,3.0,3,Sin Comentario,Sin Respuesta,False,25.0,-7.0,FBK-004483,Detractor
FB-8667,TRX-11551,4.0,1,Dañado,No,False,70.0,-81.6,FBK-004484,Detractor
FB-8591,TRX-11001,1.0,5,Dañado,No,False,83.0,36.0,FBK-004485,Pasivo
FB-10071,TRX-17679,5.0,1,Dañado,Tal vez,False,21.0,49.1,FBK-004486,Pasivo
FB-8520,TRX-19739,5.0,3,Sin Comentario,No,True,31.0,-22.0,FBK-004487,Detractor
FB-9985,TRX-12563,5.0,5,Excelente,Sin Respuesta,True,42.0,7.6,FBK-004488,Pasivo
FB-10912,TRX-11093,4.0,4,Precio justo,No,False,58.0,-49.3,FBK-004489,Detractor
FB-9874,TRX-15741,4.0,4,Precio justo,Sí,False,23.0,-22.4,FBK-004490,Detractor
FB-8529,TRX-19161,2.0,2,Sin Comentario,Sí,True,22.0,18.9,FBK-004491,Pasivo
FB-11965,TRX-13703,2.0,5,Sin Comentario,Tal vez,False,38.0,51.7,FBK-004492,Promotor
FB-10885,TRX-15651,5.0,5,Lento,Sin Respuesta,False,66.0,-88.0,FBK-004493,Detractor
FB-10102,TRX-10231,3.0,2,Precio justo,Sí,True,40.0,-1.2,FBK-004494,Detractor
FB-11535,TRX-13156,3.0,1,Excelente,Sí,True,54.0,-85.8,FBK-004495,Detractor
FB-10167,TRX-14498,5.0,2,Sin Comentario,No,True,70.0,80.2,FBK-004496,Promotor
FB-8483,TRX-14656,2.0,5,Dañado,Tal vez,True,66.0,28.2,FBK-004497,Pasivo
FB-10844,TRX-16982,4.0,4,Dañado,Tal vez,False,27.0,-4.0,FBK-004498,Detractor
FB-8870,TRX-19575,3.0,1,Dañado,Sí,True,37.0,-91.6,FBK-004499,Detractor
