Transaccion_ID,SKU_ID,Fecha_Venta,Cantidad_Vendida,Precio_Venta_Final,Costo_Envio,Tiempo_Entrega_Real,Estado_Envio,Ciudad_Destino,Canal_Venta,Entrega_Atipica,Fecha_Futura_Invalida,Es_Venta_Fantasma
TRX-10000,PROD-3619,2025-04-25,7.0,1752.48,52.36,15.0,Entregado,Bucaramanga,Físico,True,False,True
TRX-10001,PROD-1456,2025-07-29,12.0,686.88,67.16,29.0,Entregado,Sin Ciudad,WhatsApp,False,False,False
TRX-10002,PROD-1102,2025-05-31,2.0,402.06,32.55,13.0,Perdido,Medellín,Físico,False,False,False
TRX-10003,PROD-2126,2026-01-23,4.0,665.98,62.64,12.0,Perdido,Medellín,Online,False,False,False
TRX-10004,PROD-2003,2025-10-09,5.0,1222.62,52.91,15.0,Entregado,Bogotá,App,False,False,False
TRX-10005,PROD-1914,2025-11-05,2.0,740.61,25.63,29.0,Retrasado,Medellín,Online,False,False,False
TRX-10006,PROD-1571,2025-06-20,12.0,1349.06,30.32,23.0,Sin Información,Bogotá,Físico,False,False,False
TRX-10007,PROD-1419,2025-11-18,8.0,481.5,21.21,13.0,Perdido,Cali,App,False,False,False
TRX-10008,PROD-3771,2025-11-03,1.0,1404.98,10.38,6.0,Sin Información,Medellín,App,False,False,True
TRX-10009,PROD-3233,2025-03-21,3.0,701.4,63.82,26.0,Sin Información,Medellín,Físico,False,False,False
TRX-10010,PROD-1356,2025-04-04,7.0,917.18,68.91,14.0,Entregado,Bogotá,App,False,False,False
TRX-10011,PROD-3418,2025-12-07,10.0,1119.91,20.77,3.0,Devuelto,Bogotá,Físico,False,False,False
TRX-10012,PROD-2728,2025-08-01,1.0,1375.59,52.36,8.0,Entregado,Cali,App,False,False,False
TRX-10013,PROD-1130,2024-12-10,13.0,485.04,63.46,12.0,Entregado,Barranquilla,Físico,False,False,False
TRX-10014,PROD-1122,2025-03-21,11.0,1673.53,98.3,14.0,Devuelto,Sin Ciudad,Online,False,False,False
TRX-10015,PROD-1383,2026-01-27,2.0,1446.47,12.07,5.0,Sin Información,Bucaramanga,App,False,False,False
TRX-10016,PROD-1895,2025-03-04,3.0,475.85,51.59,2.0,Perdido,Sin Ciudad,WhatsApp,False,False,False
TRX-10017,PROD-1952,2025-04-12,14.0,1950.2,74.64,10.0,Sin Información,Sin Ciudad,Online,False,False,False
TRX-10018,PROD-3069,2024-10-06,14.0,1332.95,9.37,3.0,Devuelto,Cali,WhatsApp,False,False,False
TRX-10019,PROD-3465,2025-09-04,2.0,910.33,78.94,23.0,Perdido,Medellín,Online,False,False,False
TRX-10020,PROD-1108,2025-05-26,2.0,323.48,98.05,10.0,Retrasado,Bogotá,Online,False,False,False
TRX-10021,PROD-3298,2024-10-06,12.0,1071.11,13.41,9.0,Perdido,Bogotá,Online,False,False,False
TRX-10022,PROD-1814,2024-12-30,11.0,337.9,83.11,17.0,En Camino,Bogotá,WhatsApp,False,False,False
TRX-10023,PROD-3932,2024-10-25,6.0,864.69,40.97,28.0,Perdido,Sin Ciudad,Online,False,False,True
TRX-10024,PROD-3661,2025-12-02,7.0,823.34,52.36,6.0,En Camino,Sin Ciudad,App,False,False,True
TRX-10025,PROD-3872,2025-06-06,6.0,1442.68,18.69,27.0,Perdido,Barranquilla,App,False,False,True
TRX-10026,PROD-3232,2024-10-26,11.0,392.84,51.85,9.0,Devuelto,Bogotá,App,False,False,False
TRX-10027,PROD-2718,2024-10-11,6.0,1645.52,11.79,23.0,Perdido,Medellín,Online,False,False,False
TRX-10028,PROD-1902,2025-02-21,9.0,659.0,54.6,3.0,Entregado,Cali,Físico,False,False,False
TRX-10029,PROD-2839,2026-01-25,8.0,893.54,6.84,7.0,Perdido,Sin Ciudad,Físico,False,False,False
TRX-10030,PROD-3413,2025-06-09,14.0,1546.96,74.22,12.0,Devuelto,Barranquilla,App,False,False,False
TRX-10031,PROD-2139,2025-03-05,8.0,1254.53,51.36,18.0,Devuelto,Bucaramanga,Online,False,False,False
TRX-10032,PROD-1026,2024-12-08,6.0,622.97,48.6,10.0,Perdido,Bogotá,WhatsApp,False,False,False
TRX-10033,PROD-1653,2025-08-02,5.0,778.54,23.64,2.0,Perdido,Bucaramanga,WhatsApp,False,False,False
TRX-10034,PROD-3859,2025-11-12,9.0,618.52,39.32,17.0,Perdido,Medellín,App,False,False,True
TRX-10035,PROD-2731,2025-02-06,12.0,1193.59,22.28,3.0,Sin Información,Barranquilla,Online,False,False,False
TRX-10036,PROD-2393,2025-09-16,2.0,671.92,52.36,1.0,Sin Información,Barranquilla,WhatsApp,False,False,False
TRX-10037,PROD-2138,2025-04-18,7.0,1454.14,74.86,8.0,Retrasado,Medellín,WhatsApp,False,False,False
TRX-10038,PROD-1636,2025-05-22,6.0,1163.78,23.91,13.0,En Camino,Medellín,WhatsApp,False,False,False
TRX-10039,PROD-1881,2024-11-28,7.0,299.96,63.59,11.0,Perdido,Barranquilla,Físico,False,False,False
TRX-10040,PROD-2378,2025-01-16,12.0,627.43,31.56,8.0,Perdido,Bogotá,Físico,False,False,False
TRX-10041,PROD-1418,2025-10-31,4.0,450.68,67.41,20.0,En Camino,Sin Ciudad,WhatsApp,False,False,False
TRX-10042,PROD-1379,2025-04-12,9.0,786.72,56.34,1.0,Entregado,Bogotá,Online,False,False,False
TRX-10043,PROD-2556,2025-10-03,7.0,1036.81,45.23,2.0,Retrasado,Bogotá,WhatsApp,False,False,False
TRX-10044,PROD-1396,2025-05-30,2.0,1018.46,68.94,18.0,Retrasado,Medellín,WhatsApp,False,False,False
TRX-10045,PROD-2470,2025-12-12,13.0,1511.5,44.49,18.0,Entregado,Medellín,Físico,False,False,False
TRX-10046,PROD-2408,2025-12-08,4.0,386.45,83.03,9.0,En Camino,Bogotá,Online,False,False,False
TRX-10047,PROD-3472,2025-06-27,5.0,1893.48,74.31,7.0,En Camino,Cali,App,False,False,False
TRX-10048,PROD-2083,2025-01-12,2.0,692.26,52.36,9.0,Devuelto,Medellín,Online,False,False,False
TRX-10049,PROD-1177,2025-12-17,10.0,607.5,56.36,10.0,En Camino,Bogotá,Online,False,False,False
TRX-10050,PROD-3988,2025-08-19,8.0,1373.51,88.32,26.0,Sin Información,Cali,Físico,False,False,True
TRX-10051,PROD-2881,2026-01-08,1.0,1612.98,83.74,2.0,Retrasado,Cali,Online,False,False,False
TRX-10052,PROD-3196,2025-05-14,3.0,763.16,55.52,5.0,Sin Información,Medellín,Físico,False,False,False
TRX-10053,PROD-1511,2025-03-17,14.0,1496.23,11.5,17.0,Devuelto,Bogotá,Online,False,False,False
TRX-10054,PROD-2550,2025-10-19,1.0,1768.63,58.77,2.0,Perdido,Bogotá,Físico,False,False,False
TRX-10055,PROD-1322,2025-12-23,5.0,1535.94,38.75,20.0,Perdido,Bogotá,Online,False,False,False
TRX-10056,PROD-3261,2025-02-12,8.0,78.05,56.31,10.0,Perdido,Medellín,Online,False,False,False
TRX-10057,PROD-2200,2024-10-24,7.0,1656.46,66.48,1.0,Devuelto,Bogotá,Online,False,False,False
TRX-10058,PROD-3574,2025-03-22,9.0,1551.22,66.26,12.0,Retrasado,Barranquilla,Online,False,False,True
TRX-10059,PROD-3533,2024-11-28,2.0,1341.89,68.98,24.0,En Camino,Cali,App,False,False,True
TRX-10060,PROD-2481,2024-09-26,12.0,1522.44,52.36,15.0,Devuelto,Bucaramanga,App,False,False,False
TRX-10061,PROD-3364,2025-07-05,8.0,1959.06,69.53,6.0,Retrasado,Barranquilla,Físico,False,False,False
TRX-10062,PROD-1787,2025-06-18,8.0,867.91,15.38,14.0,En Camino,Barranquilla,App,False,False,False
TRX-10063,PROD-3885,2025-05-16,14.0,143.77,23.21,14.0,Entregado,Cali,WhatsApp,False,False,True
TRX-10064,PROD-1284,2025-06-26,6.0,927.17,64.9,15.0,Retrasado,Bogotá,App,False,False,False
TRX-10065,PROD-1187,2024-11-02,3.0,102.4,43.78,1.0,Sin Información,Sin Ciudad,Físico,False,False,False
TRX-10066,PROD-3708,2025-01-21,2.0,595.56,77.47,25.0,Sin Información,Cali,WhatsApp,False,False,True
TRX-10067,PROD-1933,2026-01-29,14.0,1177.89,16.87,17.0,Entregado,Cali,App,False,False,False
TRX-10068,PROD-2185,2025-06-24,8.0,626.15,23.19,11.0,Perdido,Medellín,WhatsApp,False,False,False
TRX-10069,PROD-1326,2025-05-11,6.0,1373.94,58.05,15.0,Perdido,Bogotá,WhatsApp,False,False,False
TRX-10070,PROD-1953,2025-07-23,4.0,1645.75,52.57,20.0,Retrasado,Sin Ciudad,WhatsApp,False,False,False
TRX-10071,PROD-1413,2024-12-17,5.0,846.67,30.31,16.0,Sin Información,Bogotá,Físico,False,False,False
TRX-10072,PROD-2556,2024-11-24,5.0,1801.27,52.36,21.0,Entregado,Medellín,App,False,False,False
TRX-10073,PROD-2138,2025-10-31,13.0,168.88,43.79,29.0,Devuelto,Bogotá,Físico,False,False,False
TRX-10074,PROD-2857,2025-04-02,9.0,1681.83,8.32,27.0,En Camino,Bogotá,Físico,False,False,False
TRX-10075,PROD-3603,2025-07-12,13.0,1658.86,8.52,9.0,Perdido,Cali,App,False,False,True
TRX-10076,PROD-2494,2024-10-23,13.0,650.77,14.02,29.0,Perdido,Sin Ciudad,Físico,False,False,False
TRX-10077,PROD-1666,2025-08-18,9.0,604.44,59.8,12.0,Perdido,Barranquilla,Online,False,False,False
TRX-10078,PROD-2516,2025-02-15,8.0,617.14,87.05,2.0,Perdido,Cali,App,False,False,False
TRX-10079,PROD-2455,2025-01-07,8.0,1624.67,29.72,15.0,Sin Información,Cali,Online,False,False,False
TRX-10080,PROD-1858,2025-09-16,12.0,1664.99,8.22,28.0,Retrasado,Sin Ciudad,App,False,False,False
TRX-10081,PROD-3745,2025-01-10,2.0,666.15,72.32,9.0,Sin Información,Sin Ciudad,App,False,False,True
TRX-10082,PROD-2093,2025-06-25,14.0,1189.25,86.26,28.0,Retrasado,Barranquilla,Físico,False,False,False
TRX-10083,PROD-3874,2025-04-20,3.0,286.48,18.13,16.0,Entregado,Bucaramanga,Físico,False,False,True
TRX-10084,PROD-3799,2025-02-08,14.0,942.87,52.36,17.0,Devuelto,Medellín,Físico,False,False,True
TRX-10085,PROD-3654,2024-12-17,8.0,1997.6,41.65,20.0,Entregado,Medellín,WhatsApp,False,False,True
TRX-10086,PROD-1292,2024-11-05,13.0,326.09,20.08,27.0,Sin Información,Bucaramanga,App,False,False,False
TRX-10087,PROD-3495,2024-12-13,5.0,1895.65,15.1,23.0,Sin Información,Cali,WhatsApp,False,False,False
TRX-10088,PROD-3600,2024-11-25,7.0,1650.27,66.58,4.0,Devuelto,Bogotá,Físico,False,False,True
TRX-10089,PROD-1700,2025-10-05,14.0,1944.71,96.92,8.0,Retrasado,Bogotá,Online,False,False,False
TRX-10090,PROD-3187,2025-11-14,8.0,367.36,69.43,7.0,Perdido,Barranquilla,Online,False,False,False
TRX-10091,PROD-3986,2025-08-31,6.0,434.9,98.56,6.0,Entregado,Cali,App,False,False,True
TRX-10092,PROD-2002,2025-08-09,5.0,43.57,46.27,5.0,Devuelto,Bogotá,WhatsApp,False,False,False
TRX-10093,PROD-1669,2024-11-16,8.0,1452.16,90.3,10.0,En Camino,Barranquilla,App,False,False,False
TRX-10094,PROD-2893,2024-12-05,1.0,1291.75,24.48,3.0,Devuelto,Barranquilla,Físico,False,False,False
TRX-10095,PROD-2554,2025-09-30,1.0,364.35,16.2,24.0,Entregado,Medellín,WhatsApp,False,False,False
TRX-10096,PROD-2105,2025-01-29,1.0,1584.38,52.36,20.0,Retrasado,Sin Ciudad,Online,False,False,False
TRX-10097,PROD-3621,2025-06-05,3.0,605.4,71.74,24.0,Perdido,Barranquilla,Físico,False,False,True
TRX-10098,PROD-3818,2025-11-18,10.0,278.64,40.28,17.0,En Camino,Cali,Físico,False,False,True
TRX-10099,PROD-3281,2025-05-11,13.0,850.9,35.18,16.0,Entregado,Medellín,Físico,False,False,False
TRX-10100,PROD-1899,2026-02-01,7.0,191.03,68.77,11.0,Retrasado,Bogotá,WhatsApp,False,True,False
TRX-10101,PROD-3804,2025-02-06,12.0,533.85,36.68,13.0,Devuelto,Medellín,Físico,False,False,True
TRX-10102,PROD-2328,2025-09-08,6.0,748.95,59.39,18.0,Retrasado,Cali,Online,False,False,False
TRX-10103,PROD-1229,2025-12-21,6.0,1705.21,33.45,14.0,Retrasado,Medellín,Físico,False,False,False
TRX-10104,PROD-1938,2025-10-28,5.0,1587.17,79.46,2.0,Perdido,Bucaramanga,WhatsApp,False,False,False
TRX-10105,PROD-1131,2025-09-12,13.0,891.08,34.68,12.0,Entregado,Sin Ciudad,WhatsApp,False,False,False
TRX-10106,PROD-2292,2025-01-12,13.0,1451.9,55.82,22.0,Sin Información,Medellín,Online,False,False,False
TRX-10107,PROD-2643,2026-01-20,14.0,1141.61,7.2,21.0,Retrasado,Medellín,WhatsApp,False,False,False
TRX-10108,PROD-2096,2025-07-27,7.0,688.28,52.36,29.0,Devuelto,Bucaramanga,Online,False,False,False
TRX-10109,PROD-1271,2025-02-15,5.0,1454.49,80.21,26.0,Devuelto,Medellín,App,False,False,False
TRX-10110,PROD-1864,2025-12-13,14.0,1370.16,63.93,10.0,Perdido,Medellín,Físico,False,False,False
TRX-10111,PROD-3323,2024-10-25,2.0,1242.0,23.26,29.0,Retrasado,Barranquilla,App,False,False,False
TRX-10112,PROD-3940,2025-06-09,4.0,1239.73,25.46,7.0,Devuelto,Bogotá,App,False,False,True
TRX-10113,PROD-2288,2024-12-18,1.0,1369.13,29.94,2.0,Sin Información,Bogotá,App,False,False,False
TRX-10114,PROD-1870,2025-08-19,7.0,775.25,59.77,25.0,Devuelto,Bogotá,Online,False,False,False
TRX-10115,PROD-3684,2025-12-02,4.0,1739.46,57.09,18.0,Perdido,Bucaramanga,Físico,False,False,True
TRX-10116,PROD-3044,2025-06-14,13.0,332.99,31.02,17.0,Retrasado,Medellín,App,False,False,False
TRX-10117,PROD-2620,2025-08-08,4.0,1768.93,70.94,16.0,Perdido,Bucaramanga,Online,False,False,False
TRX-10118,PROD-3633,2024-10-22,13.0,691.14,89.46,2.0,Retrasado,Medellín,WhatsApp,False,False,True
TRX-10119,PROD-2879,2025-10-19,4.0,258.81,9.13,11.0,Devuelto,Cali,App,False,False,False
TRX-10120,PROD-1585,2025-05-12,3.0,1204.05,52.36,19.0,Sin Información,Cali,Online,False,False,False
TRX-10121,PROD-2084,2025-10-16,8.0,758.21,44.63,22.0,Entregado,Sin Ciudad,Online,False,False,False
TRX-10122,PROD-1571,2024-12-07,4.0,1632.84,61.38,7.0,Devuelto,Bucaramanga,Online,False,False,False
TRX-10123,PROD-2010,2025-12-13,8.0,867.26,60.71,27.0,Entregado,Barranquilla,Online,False,False,False
TRX-10124,PROD-3299,2025-01-29,9.0,1340.44,6.86,22.0,Retrasado,Sin Ciudad,Físico,False,False,False
TRX-10125,PROD-3207,2025-06-20,1.0,623.43,25.0,17.0,Retrasado,Barranquilla,WhatsApp,False,False,False
TRX-10126,PROD-2076,2024-12-20,4.0,426.81,10.87,15.0,En Camino,Cali,Online,False,False,False
TRX-10127,PROD-3394,2026-01-01,6.0,782.22,59.05,9.0,Retrasado,Barranquilla,App,False,False,False
TRX-10128,PROD-2754,2025-11-18,8.0,1217.55,66.31,12.0,Retrasado,Medellín,WhatsApp,False,False,False
TRX-10129,PROD-3390,2025-03-11,14.0,1317.32,20.18,8.0,En Camino,Sin Ciudad,Físico,False,False,False
TRX-10130,PROD-2635,2025-01-28,6.0,1160.63,36.64,28.0,Entregado,Bogotá,App,False,False,False
TRX-10131,PROD-2482,2025-03-15,12.0,1976.23,36.33,2.0,Retrasado,Medellín,WhatsApp,False,False,False
TRX-10132,PROD-1898,2025-12-03,6.0,1385.27,52.36,17.0,Perdido,Bucaramanga,WhatsApp,False,False,False
TRX-10133,PROD-1566,2024-10-18,10.0,1863.72,82.88,16.0,Retrasado,Medellín,Físico,False,False,False
TRX-10134,PROD-3087,2024-11-22,4.0,244.69,23.49,23.0,Retrasado,Bogotá,App,False,False,False
TRX-10135,PROD-3021,2026-01-23,9.0,132.13,57.09,16.0,Devuelto,Bogotá,App,False,False,False
TRX-10136,PROD-1372,2025-10-06,7.0,628.88,79.38,3.0,Retrasado,Cali,Online,False,False,False
TRX-10137,PROD-1192,2024-11-28,14.0,281.81,83.81,19.0,Retrasado,Bogotá,WhatsApp,False,False,False
TRX-10138,PROD-1449,2025-12-04,11.0,1056.48,68.32,16.0,Perdido,Cali,App,False,False,False
TRX-10139,PROD-1626,2025-11-02,6.0,1042.77,33.46,11.0,En Camino,Bogotá,Físico,False,False,False
TRX-10140,PROD-3570,2024-10-18,1.0,1154.34,83.19,26.0,En Camino,Barranquilla,App,False,False,True
TRX-10141,PROD-1655,2024-12-14,2.0,1493.0,75.51,9.0,En Camino,Bogotá,Online,False,False,False
TRX-10142,PROD-3787,2026-01-27,12.0,1942.95,71.92,14.0,Devuelto,Medellín,WhatsApp,False,False,True
TRX-10143,PROD-2729,2025-09-21,6.0,1757.73,11.4,2.0,Retrasado,Medellín,Online,False,False,False
TRX-10144,PROD-3442,2025-09-24,11.0,245.55,52.36,13.0,Entregado,Cali,Físico,False,False,False
TRX-10145,PROD-1260,2024-11-21,1.0,683.64,9.11,5.0,Entregado,Bogotá,App,False,False,False
TRX-10146,PROD-2576,2024-10-31,11.0,519.09,71.06,20.0,Perdido,Cali,Online,False,False,False
TRX-10147,PROD-2563,2025-01-23,5.0,361.87,94.76,14.0,Devuelto,Barranquilla,Físico,False,False,False
TRX-10148,PROD-3440,2025-07-11,1.0,1094.0,78.5,1.0,Sin Información,Bogotá,Físico,False,False,False
TRX-10149,PROD-2917,2025-06-26,13.0,1111.0,83.99,6.0,Devuelto,Sin Ciudad,Online,False,False,False
TRX-10150,PROD-3167,2025-11-21,3.0,462.22,56.77,22.0,Retrasado,Barranquilla,Físico,False,False,False
TRX-10151,PROD-2029,2025-10-01,12.0,1426.68,33.94,11.0,Sin Información,Bogotá,App,False,False,False
TRX-10152,PROD-3266,2025-07-23,12.0,1468.5,69.39,17.0,Entregado,Cali,App,False,False,False
TRX-10153,PROD-1047,2025-07-01,12.0,51.75,72.64,23.0,Devuelto,Barranquilla,App,False,False,False
TRX-10154,PROD-3786,2025-04-01,7.0,797.56,69.16,22.0,Perdido,Bogotá,Físico,False,False,True
TRX-10155,PROD-3952,2025-12-27,5.0,1781.38,94.94,14.0,Entregado,Sin Ciudad,Físico,False,False,True
TRX-10156,PROD-1469,2025-07-11,12.0,1045.43,52.36,14.0,Devuelto,Medellín,App,False,False,False
TRX-10157,PROD-3792,2025-02-21,10.0,701.78,39.88,20.0,Retrasado,Cali,App,False,False,True
TRX-10158,PROD-3199,2025-10-11,1.0,514.82,8.77,7.0,Retrasado,Bogotá,WhatsApp,False,False,False
TRX-10159,PROD-2092,2025-05-13,1.0,494.28,91.3,19.0,Sin Información,Bogotá,Online,False,False,False
TRX-10160,PROD-3625,2026-01-09,8.0,208.54,20.25,26.0,Retrasado,Bogotá,App,False,False,True
TRX-10161,PROD-2393,2025-11-01,11.0,1636.28,71.25,27.0,Retrasado,Medellín,Físico,False,False,False
TRX-10162,PROD-1456,2025-02-15,14.0,182.45,87.95,22.0,Entregado,Bucaramanga,Online,False,False,False
TRX-10163,PROD-2202,2025-06-20,13.0,591.67,34.46,6.0,Entregado,Cali,Físico,False,False,False
TRX-10164,PROD-2780,2025-08-23,9.0,100.89,83.89,13.0,Devuelto,Sin Ciudad,Físico,False,False,False
TRX-10165,PROD-1647,2025-02-03,7.0,1564.96,36.55,10.0,Perdido,Bogotá,WhatsApp,False,False,False
TRX-10166,PROD-2858,2025-03-12,13.0,88.17,80.45,22.0,En Camino,Bucaramanga,App,False,False,False
TRX-10167,PROD-1013,2025-11-11,3.0,623.52,11.63,19.0,En Camino,Bogotá,WhatsApp,False,False,False
TRX-10168,PROD-3957,2024-10-20,12.0,1150.86,52.36,10.0,Retrasado,Cali,Online,False,False,True
TRX-10169,PROD-3947,2025-02-05,6.0,825.03,67.25,5.0,Devuelto,Bucaramanga,Físico,False,False,True
TRX-10170,PROD-2078,2025-11-09,3.0,571.72,69.33,13.0,En Camino,Sin Ciudad,Físico,False,False,False
TRX-10171,PROD-3050,2025-11-01,10.0,557.63,51.69,17.0,En Camino,Medellín,App,False,False,False
TRX-10172,PROD-1731,2025-12-31,4.0,1597.6,70.27,22.0,En Camino,Cali,Físico,False,False,False
TRX-10173,PROD-3079,2025-10-03,12.0,1948.22,92.7,23.0,En Camino,Bucaramanga,Físico,False,False,False
TRX-10174,PROD-1435,2025-05-21,4.0,702.6,74.72,5.0,Sin Información,Barranquilla,WhatsApp,False,False,False
TRX-10175,PROD-3561,2025-09-01,3.0,87.9,96.32,21.0,En Camino,Cali,App,False,False,True
TRX-10176,PROD-2222,2025-12-08,10.0,82.77,47.62,29.0,Sin Información,Medellín,App,False,False,False
TRX-10177,PROD-3617,2025-12-10,6.0,1520.83,55.19,22.0,Sin Información,Bogotá,App,False,False,True
TRX-10178,PROD-3079,2025-11-30,5.0,1109.22,30.06,7.0,Devuelto,Barranquilla,Físico,False,False,False
TRX-10179,PROD-3494,2025-05-08,11.0,1569.35,98.63,20.0,En Camino,Sin Ciudad,WhatsApp,False,False,False
TRX-10180,PROD-1814,2025-07-06,9.0,1398.02,52.36,7.0,En Camino,Cali,Online,False,False,False
TRX-10181,PROD-1626,2025-07-22,9.0,1815.94,10.24,15.0,Sin Información,Sin Ciudad,Físico,False,False,False
TRX-10182,PROD-2531,2024-10-26,3.0,1772.79,39.07,15.0,Devuelto,Bucaramanga,WhatsApp,False,False,False
TRX-10183,PROD-1661,2024-09-24,13.0,1578.77,33.28,21.0,Entregado,Bucaramanga,Online,False,False,False
TRX-10184,PROD-3209,2025-09-19,9.0,955.63,41.72,23.0,Entregado,Medellín,Físico,False,False,False
TRX-10185,PROD-3172,2025-04-05,13.0,623.17,92.18,1.0,Entregado,Cali,Físico,False,False,False
TRX-10186,PROD-1002,2024-12-25,12.0,1018.98,39.96,26.0,En Camino,Bogotá,Online,False,False,False
TRX-10187,PROD-3453,2025-08-16,3.0,1009.12,92.11,12.0,Devuelto,Bucaramanga,Físico,False,False,False
TRX-10188,PROD-2327,2025-07-27,4.0,1224.45,45.22,2.0,Entregado,Medellín,Físico,False,False,False
TRX-10189,PROD-3001,2025-02-04,1.0,380.33,86.2,18.0,Retrasado,Sin Ciudad,Físico,False,False,False
TRX-10190,PROD-1079,2025-04-14,5.0,1314.68,54.57,15.0,Retrasado,Cali,WhatsApp,False,False,False
TRX-10191,PROD-1458,2025-05-30,12.0,918.64,34.58,7.0,Devuelto,Cali,WhatsApp,False,False,False
TRX-10192,PROD-2486,2025-02-16,9.0,1244.21,52.36,9.0,En Camino,Bogotá,Físico,False,False,False
TRX-10193,PROD-2259,2025-09-03,2.0,486.81,47.69,23.0,Sin Información,Medellín,WhatsApp,False,False,False
TRX-10194,PROD-1980,2025-09-05,4.0,874.45,45.32,28.0,Entregado,Barranquilla,Físico,False,False,False
TRX-10195,PROD-1237,2025-06-03,10.0,428.3,29.69,22.0,En Camino,Medellín,WhatsApp,False,False,False
TRX-10196,PROD-1986,2025-10-26,2.0,1751.86,32.52,3.0,Sin Información,Barranquilla,WhatsApp,False,False,False
TRX-10197,PROD-3323,2025-08-22,14.0,981.04,22.71,21.0,Entregado,Barranquilla,WhatsApp,False,False,False
TRX-10198,PROD-1322,2025-03-17,8.0,457.71,36.92,10.0,Perdido,Bogotá,Online,False,False,False
TRX-10199,PROD-1350,2025-01-25,9.0,92.01,64.32,2.0,Perdido,Medellín,Físico,False,False,False
TRX-10200,PROD-3997,2025-05-31,7.0,1354.72,41.72,15.0,En Camino,Medellín,Online,True,False,True
TRX-10201,PROD-2990,2025-10-25,3.0,437.14,72.67,25.0,Retrasado,Bogotá,WhatsApp,False,False,False
TRX-10202,PROD-1283,2025-01-31,13.0,1979.27,98.76,22.0,En Camino,Cali,WhatsApp,False,False,False
TRX-10203,PROD-3181,2024-11-11,9.0,1072.06,40.82,25.0,Entregado,Bucaramanga,Físico,False,False,False
TRX-10204,PROD-1515,2024-12-24,6.0,585.06,52.36,25.0,En Camino,Sin Ciudad,App,False,False,False
TRX-10205,PROD-1525,2025-10-07,6.0,1318.78,48.95,12.0,En Camino,Cali,Físico,False,False,False
TRX-10206,PROD-3702,2025-07-29,7.0,557.69,20.59,7.0,Entregado,Medellín,App,False,False,True
TRX-10207,PROD-2946,2025-10-17,12.0,1642.35,42.26,5.0,Retrasado,Medellín,WhatsApp,False,False,False
TRX-10208,PROD-3251,2025-11-29,5.0,623.39,74.05,4.0,Perdido,Sin Ciudad,Online,False,False,False
TRX-10209,PROD-1676,2025-11-03,6.0,1976.61,25.65,1.0,Sin Información,Medellín,Físico,False,False,False
TRX-10210,PROD-2085,2025-04-30,11.0,1214.24,22.3,15.0,Entregado,Bogotá,App,False,False,False
TRX-10211,PROD-3161,2025-08-22,1.0,1690.38,40.76,9.0,En Camino,Bucaramanga,App,False,False,False
TRX-10212,PROD-3484,2025-08-22,3.0,154.9,82.77,6.0,Devuelto,Bucaramanga,App,False,False,False
TRX-10213,PROD-2733,2024-10-12,12.0,703.12,64.25,14.0,En Camino,Medellín,Físico,False,False,False
TRX-10214,PROD-1867,2025-04-15,9.0,1477.6,95.97,2.0,Sin Información,Bogotá,Físico,False,False,False
TRX-10215,PROD-3208,2024-12-22,12.0,1313.57,90.93,12.0,En Camino,Bogotá,App,False,False,False
TRX-10216,PROD-3989,2025-12-10,5.0,396.54,52.36,23.0,Devuelto,Bucaramanga,Online,False,False,True
TRX-10217,PROD-3825,2025-09-12,5.0,718.84,19.36,28.0,Sin Información,Bogotá,App,False,False,True
TRX-10218,PROD-1823,2025-03-14,8.0,534.25,9.04,6.0,En Camino,Bucaramanga,Online,False,False,False
TRX-10219,PROD-3920,2025-03-30,11.0,1230.61,42.91,13.0,Devuelto,Bogotá,Físico,False,False,True
TRX-10220,PROD-2276,2025-07-31,11.0,695.69,54.6,4.0,En Camino,Medellín,Físico,False,False,False
TRX-10221,PROD-2634,2024-09-24,13.0,625.02,53.98,22.0,Retrasado,Bogotá,Físico,False,False,False
TRX-10222,PROD-3751,2025-09-18,2.0,422.68,17.74,16.0,Sin Información,Medellín,WhatsApp,False,False,True
TRX-10223,PROD-3661,2025-11-25,13.0,823.96,16.86,29.0,Perdido,Medellín,Online,False,False,True
TRX-10224,PROD-2529,2025-03-09,7.0,399.05,9.45,11.0,Retrasado,Bogotá,WhatsApp,False,False,False
TRX-10225,PROD-2794,2025-09-25,9.0,1925.51,85.83,6.0,Entregado,Bucaramanga,Físico,False,False,False
TRX-10226,PROD-3119,2024-10-16,7.0,317.46,95.04,5.0,Entregado,Medellín,App,False,False,False
TRX-10227,PROD-2849,2025-11-09,12.0,1827.48,15.99,1.0,En Camino,Medellín,App,False,False,False
TRX-10228,PROD-1495,2025-12-17,5.0,862.66,52.36,19.0,Entregado,Bucaramanga,WhatsApp,False,False,False
TRX-10229,PROD-2015,2025-09-22,13.0,761.95,25.25,7.0,Entregado,Sin Ciudad,App,False,False,False
TRX-10230,PROD-1920,2024-11-29,6.0,470.33,13.54,18.0,En Camino,Bucaramanga,Físico,False,False,False
TRX-10231,PROD-1262,2025-09-27,4.0,1275.16,88.36,10.0,En Camino,Medellín,WhatsApp,False,False,False
TRX-10232,PROD-2384,2025-04-04,14.0,1374.2,96.08,10.0,Perdido,Medellín,App,False,False,False
TRX-10233,PROD-1086,2024-12-15,12.0,940.47,29.87,17.0,Devuelto,Bogotá,WhatsApp,False,False,False
TRX-10234,PROD-3409,2025-12-04,7.0,120.86,33.84,24.0,En Camino,Medellín,Online,False,False,False
TRX-10235,PROD-3268,2025-12-03,1.0,1837.84,39.45,7.0,Perdido,Sin Ciudad,WhatsApp,False,False,False
TRX-10236,PROD-1942,2025-04-17,4.0,1960.85,52.73,22.0,Retrasado,Sin Ciudad,Online,False,False,False
TRX-10237,PROD-3410,2024-11-10,3.0,867.78,69.83,26.0,Entregado,Medellín,Online,False,False,False
TRX-10238,PROD-1902,2024-10-24,13.0,1231.19,52.92,21.0,Devuelto,Barranquilla,Online,False,False,False
TRX-10239,PROD-1029,2025-08-05,4.0,906.09,95.35,22.0,Sin Información,Bogotá,App,False,False,False
TRX-10240,PROD-1290,2025-03-11,1.0,650.54,52.36,1.0,Retrasado,Medellín,Online,False,False,False
TRX-10241,PROD-3899,2025-01-29,12.0,163.86,14.49,12.0,En Camino,Bogotá,App,False,False,True
TRX-10242,PROD-3584,2025-12-13,13.0,917.57,80.87,25.0,Retrasado,Medellín,Físico,False,False,True
TRX-10243,PROD-1241,2025-01-02,2.0,1638.59,36.78,17.0,Sin Información,Barranquilla,App,False,False,False
TRX-10244,PROD-1937,2024-10-27,12.0,43.89,40.87,16.0,Perdido,Cali,WhatsApp,False,False,False
TRX-10245,PROD-1276,2025-07-26,11.0,1168.39,72.34,20.0,En Camino,Bogotá,App,False,False,False
TRX-10246,PROD-1128,2025-04-09,13.0,1762.74,93.29,15.0,En Camino,Medellín,App,False,False,False
TRX-10247,PROD-2353,2025-07-20,9.0,442.92,73.04,29.0,Devuelto,Cali,App,False,False,False
TRX-10248,PROD-1290,2024-12-08,7.0,374.68,78.71,19.0,Perdido,Medellín,Físico,False,False,False
TRX-10249,PROD-3105,2025-09-26,13.0,1546.83,76.32,20.0,Entregado,Sin Ciudad,App,False,False,False
TRX-10250,PROD-1974,2025-08-09,6.0,517.62,35.49,17.0,Retrasado,Bogotá,WhatsApp,False,False,False
TRX-10251,PROD-2140,2024-10-06,2.0,392.05,76.91,26.0,Sin Información,Bucaramanga,WhatsApp,False,False,False
TRX-10252,PROD-3740,2025-09-06,1.0,762.2,52.36,4.0,Devuelto,Sin Ciudad,Online,False,False,True
TRX-10253,PROD-2988,2025-01-31,2.0,791.08,79.53,4.0,Sin Información,Medellín,App,False,False,False
TRX-10254,PROD-1877,2025-05-18,7.0,1749.46,55.67,3.0,Devuelto,Barranquilla,Físico,False,False,False
TRX-10255,PROD-3208,2025-06-29,2.0,1240.7,55.99,8.0,En Camino,Bogotá,Online,False,False,False
TRX-10256,PROD-1541,2024-11-26,3.0,817.86,77.17,23.0,Retrasado,Sin Ciudad,WhatsApp,False,False,False
TRX-10257,PROD-3962,2025-11-28,8.0,1073.43,82.62,9.0,Devuelto,Bucaramanga,Online,False,False,True
TRX-10258,PROD-3338,2025-02-07,7.0,1908.39,37.03,2.0,En Camino,Sin Ciudad,Físico,False,False,False
TRX-10259,PROD-3360,2025-06-18,12.0,235.3,81.15,26.0,En Camino,Bucaramanga,WhatsApp,False,False,False
TRX-10260,PROD-2936,2025-05-08,11.0,423.35,82.35,19.0,Perdido,Cali,WhatsApp,False,False,False
TRX-10261,PROD-1995,2025-04-11,11.0,1925.43,27.24,22.0,En Camino,Medellín,App,False,False,False
TRX-10262,PROD-2937,2025-02-11,14.0,1915.08,73.11,18.0,Entregado,Bogotá,WhatsApp,False,False,False
TRX-10263,PROD-2667,2024-12-31,11.0,362.56,22.72,16.0,Perdido,Barranquilla,WhatsApp,False,False,False
TRX-10264,PROD-1779,2025-02-07,9.0,298.77,52.36,29.0,Perdido,Medellín,WhatsApp,False,False,False
TRX-10265,PROD-1386,2025-03-09,12.0,847.96,13.84,28.0,Entregado,Bucaramanga,App,False,False,False
TRX-10266,PROD-1397,2025-11-03,4.0,108.94,59.58,28.0,Entregado,Bucaramanga,App,False,False,False
TRX-10267,PROD-3699,2024-12-30,7.0,1313.26,91.32,18.0,Sin Información,Bogotá,WhatsApp,False,False,True
TRX-10268,PROD-2765,2025-07-30,1.0,164.22,8.37,26.0,Devuelto,Cali,Físico,False,False,False
TRX-10269,PROD-2451,2025-08-07,11.0,125.48,83.52,18.0,Sin Información,Bogotá,Físico,False,False,False
TRX-10270,PROD-2734,2025-08-15,11.0,975.52,53.11,12.0,Devuelto,Bogotá,Online,False,False,False
TRX-10271,PROD-2683,2025-11-22,2.0,1916.0,86.79,2.0,Sin Información,Bogotá,WhatsApp,False,False,False
TRX-10272,PROD-2912,2025-09-12,7.0,859.32,85.13,29.0,Entregado,Medellín,WhatsApp,False,False,False
TRX-10273,PROD-3986,2024-11-27,2.0,719.4,88.15,21.0,Devuelto,Medellín,App,False,False,True
TRX-10274,PROD-1221,2025-08-23,6.0,1995.93,78.04,28.0,Entregado,Sin Ciudad,App,False,False,False
TRX-10275,PROD-3758,2025-08-17,13.0,1068.62,85.08,1.0,Entregado,Cali,Físico,False,False,True
TRX-10276,PROD-3676,2024-11-08,10.0,756.73,52.36,23.0,Sin Información,Bucaramanga,Físico,False,False,True
TRX-10277,PROD-3646,2025-08-25,12.0,777.86,21.72,16.0,En Camino,Cali,Online,False,False,True
TRX-10278,PROD-1403,2025-10-09,9.0,397.97,33.87,17.0,Devuelto,Medellín,WhatsApp,False,False,False
TRX-10279,PROD-1248,2025-05-11,11.0,1029.32,28.04,1.0,Perdido,Medellín,App,False,False,False
TRX-10280,PROD-2649,2025-07-27,5.0,883.32,75.53,21.0,Perdido,Sin Ciudad,Online,False,False,False
TRX-10281,PROD-3982,2025-02-15,10.0,548.88,19.6,23.0,Devuelto,Medellín,Online,False,False,True
TRX-10282,PROD-2389,2025-04-17,7.0,329.47,22.31,3.0,Devuelto,Sin Ciudad,Físico,False,False,False
TRX-10283,PROD-1447,2025-02-15,13.0,629.37,88.5,23.0,Devuelto,Bogotá,WhatsApp,False,False,False
TRX-10284,PROD-2018,2025-02-21,1.0,1022.28,72.06,25.0,Devuelto,Bogotá,WhatsApp,False,False,False
TRX-10285,PROD-1784,2025-06-28,8.0,126.08,88.16,27.0,En Camino,Bogotá,App,False,False,False
TRX-10286,PROD-1779,2025-02-09,9.0,315.95,18.24,20.0,Entregado,Medellín,WhatsApp,False,False,False
TRX-10287,PROD-3196,2025-02-20,13.0,1895.84,42.9,16.0,Devuelto,Sin Ciudad,Online,False,False,False
TRX-10288,PROD-2837,2024-10-13,5.0,1090.28,52.36,21.0,Sin Información,Medellín,WhatsApp,False,False,False
TRX-10289,PROD-1574,2025-06-03,6.0,136.26,31.9,14.0,Devuelto,Bogotá,WhatsApp,False,False,False
TRX-10290,PROD-2728,2024-11-25,13.0,1389.24,5.92,16.0,Entregado,Cali,App,False,False,False
TRX-10291,PROD-1751,2025-04-28,11.0,132.99,32.03,24.0,Entregado,Sin Ciudad,Físico,False,False,False
TRX-10292,PROD-2140,2024-12-03,8.0,1480.36,41.06,9.0,Entregado,Sin Ciudad,Online,False,False,False
TRX-10293,PROD-2894,2026-01-13,4.0,1502.43,13.76,21.0,Sin Información,Bogotá,App,False,False,False
TRX-10294,PROD-2023,2025-03-03,2.0,1305.65,58.82,28.0,Retrasado,Bogotá,App,False,False,False
TRX-10295,PROD-1308,2025-01-30,10.0,1467.09,41.4,21.0,Perdido,Sin Ciudad,WhatsApp,False,False,False
TRX-10296,PROD-2815,2024-11-30,8.0,185.05,9.41,2.0,Sin Información,Bogotá,App,False,False,False
TRX-10297,PROD-3254,2025-11-11,2.0,1456.29,71.88,25.0,Devuelto,Bogotá,Físico,False,False,False
TRX-10298,PROD-1401,2025-05-05,5.0,282.01,74.28,13.0,En Camino,Cali,Online,False,False,False
TRX-10299,PROD-1207,2025-05-26,13.0,685.62,84.27,22.0,En Camino,Bogotá,Online,False,False,False
TRX-10300,PROD-3671,2024-11-29,7.0,1886.06,52.36,5.0,Entregado,Barranquilla,App,False,False,True
TRX-10301,PROD-3214,2025-12-20,6.0,1010.72,51.13,21.0,En Camino,Sin Ciudad,Online,False,False,False
TRX-10302,PROD-1060,2026-01-06,5.0,1935.18,97.02,20.0,Perdido,Barranquilla,Físico,False,False,False
TRX-10303,PROD-1382,2026-01-28,6.0,186.96,91.84,17.0,Devuelto,Cali,App,False,False,False
TRX-10304,PROD-1968,2025-10-30,6.0,960.34,57.38,6.0,En Camino,Sin Ciudad,App,False,False,False
TRX-10305,PROD-1681,2025-10-11,3.0,134.18,47.27,17.0,Perdido,Bucaramanga,Físico,False,False,False
TRX-10306,PROD-2664,2025-01-07,11.0,1264.12,5.29,26.0,Perdido,Medellín,App,False,False,False
TRX-10307,PROD-2989,2025-01-09,11.0,166.63,72.54,2.0,Retrasado,Bucaramanga,Online,False,False,False
TRX-10308,PROD-2971,2025-08-16,3.0,358.98,58.67,7.0,Retrasado,Bogotá,Online,False,False,False
TRX-10309,PROD-1875,2025-01-03,9.0,525.07,94.07,29.0,En Camino,Cali,Físico,False,False,False
TRX-10310,PROD-2642,2025-02-10,3.0,1500.0,61.45,17.0,Perdido,Sin Ciudad,WhatsApp,False,False,False
TRX-10311,PROD-1240,2024-11-26,3.0,336.28,99.32,24.0,Entregado,Bogotá,WhatsApp,False,False,False
TRX-10312,PROD-1674,2025-02-03,11.0,1694.8,52.36,8.0,Retrasado,Bogotá,WhatsApp,False,False,False
TRX-10313,PROD-2552,2025-04-09,14.0,272.49,86.11,23.0,Perdido,Barranquilla,Físico,False,False,False
TRX-10314,PROD-1008,2025-09-25,2.0,80.14,95.59,23.0,Retrasado,Bogotá,WhatsApp,False,False,False
TRX-10315,PROD-2599,2025-02-24,7.0,796.14,36.13,1.0,Devuelto,Medellín,Online,False,False,False
TRX-10316,PROD-2086,2024-12-10,10.0,1959.09,19.19,29.0,Perdido,Cali,App,False,False,False
TRX-10317,PROD-2863,2025-12-02,10.0,229.58,80.7,19.0,Perdido,Sin Ciudad,WhatsApp,False,False,False
TRX-10318,PROD-2168,2025-10-09,4.0,212.42,79.69,25.0,Sin Información,Medellín,Físico,False,False,False
TRX-10319,PROD-2732,2026-01-17,1.0,1504.82,25.09,5.0,Devuelto,Barranquilla,Online,False,False,False
TRX-10320,PROD-3853,2025-05-30,6.0,631.2,77.65,5.0,Sin Información,Medellín,WhatsApp,False,False,True
TRX-10321,PROD-3992,2025-10-04,5.0,1437.39,60.29,23.0,Retrasado,Medellín,WhatsApp,False,False,True
TRX-10322,PROD-3276,2024-12-18,14.0,408.02,15.4,27.0,Devuelto,Sin Ciudad,Online,False,False,False
TRX-10323,PROD-3711,2025-07-23,11.0,925.54,52.67,26.0,En Camino,Barranquilla,Físico,False,False,True
TRX-10324,PROD-3942,2025-05-21,2.0,537.93,52.36,24.0,Entregado,Medellín,App,False,False,True
TRX-10325,PROD-2993,2024-12-19,6.0,908.54,93.46,22.0,Retrasado,Sin Ciudad,Online,False,False,False
TRX-10326,PROD-1634,2025-12-29,1.0,1540.5,53.11,21.0,Perdido,Bucaramanga,App,False,False,False
TRX-10327,PROD-1777,2026-01-18,3.0,1526.4,79.93,1.0,En Camino,Barranquilla,WhatsApp,False,False,False
TRX-10328,PROD-2215,2025-08-12,4.0,1036.39,7.75,26.0,Retrasado,Cali,Online,False,False,False
TRX-10329,PROD-1891,2025-03-13,13.0,1857.46,74.17,10.0,Entregado,Bucaramanga,WhatsApp,False,False,False
TRX-10330,PROD-1239,2025-09-14,3.0,534.93,94.95,10.0,Perdido,Sin Ciudad,WhatsApp,False,False,False
TRX-10331,PROD-3372,2024-10-09,13.0,488.22,52.46,29.0,Devuelto,Bogotá,WhatsApp,False,False,False
TRX-10332,PROD-3220,2025-05-03,6.0,1231.47,37.08,25.0,Entregado,Cali,WhatsApp,False,False,False
TRX-10333,PROD-1249,2025-07-13,11.0,1246.38,66.43,22.0,Sin Información,Cali,WhatsApp,False,False,False
TRX-10334,PROD-2284,2025-10-21,4.0,102.61,92.04,3.0,Retrasado,Medellín,Físico,False,False,False
TRX-10335,PROD-1234,2025-07-29,14.0,1219.48,21.79,28.0,Perdido,Bogotá,WhatsApp,False,False,False
TRX-10336,PROD-1205,2026-02-02,1.0,755.13,52.36,12.0,Retrasado,Cali,Online,False,True,False
TRX-10337,PROD-3392,2025-04-29,5.0,1497.41,43.35,26.0,Entregado,Medellín,App,False,False,False
TRX-10338,PROD-2952,2025-05-14,5.0,1618.13,19.85,12.0,Perdido,Sin Ciudad,Online,False,False,False
TRX-10339,PROD-3059,2025-10-17,9.0,1108.79,52.18,7.0,Entregado,Medellín,Online,False,False,False
TRX-10340,PROD-3175,2025-05-28,8.0,13.39,56.34,16.0,Retrasado,Bogotá,Físico,False,False,False
TRX-10341,PROD-1644,2025-10-17,8.0,1276.37,94.7,20.0,Sin Información,Medellín,WhatsApp,False,False,False
TRX-10342,PROD-1232,2024-11-13,5.0,1500.27,44.19,29.0,Perdido,Cali,App,False,False,False
TRX-10343,PROD-3080,2024-10-07,8.0,505.48,58.86,3.0,Perdido,Medellín,App,False,False,False
TRX-10344,PROD-1328,2025-08-12,14.0,934.65,89.1,28.0,Perdido,Barranquilla,WhatsApp,False,False,False
TRX-10345,PROD-1761,2025-12-07,10.0,1931.8,35.53,7.0,Retrasado,Bogotá,App,False,False,False
TRX-10346,PROD-1280,2025-01-12,7.0,603.25,69.05,22.0,En Camino,Bogotá,Físico,False,False,False
TRX-10347,PROD-3437,2025-03-25,1.0,454.07,76.93,14.0,Sin Información,Cali,WhatsApp,False,False,False
TRX-10348,PROD-1278,2025-09-17,12.0,429.6,52.36,27.0,Retrasado,Bucaramanga,App,False,False,False
TRX-10349,PROD-3765,2024-09-29,7.0,1122.01,36.4,4.0,Devuelto,Bogotá,Online,False,False,True
TRX-10350,PROD-1963,2024-11-12,11.0,1900.08,20.61,10.0,En Camino,Bogotá,App,False,False,False
TRX-10351,PROD-2653,2025-08-02,8.0,1221.29,52.78,24.0,Retrasado,Medellín,Online,False,False,False
TRX-10352,PROD-1491,2025-05-21,3.0,613.61,38.9,2.0,Devuelto,Bucaramanga,WhatsApp,False,False,False
TRX-10353,PROD-3333,2025-05-25,9.0,1280.75,30.31,22.0,Entregado,Cali,Online,False,False,False
TRX-10354,PROD-2008,2025-12-14,8.0,1253.44,97.48,16.0,Devuelto,Sin Ciudad,Online,False,False,False
TRX-10355,PROD-3371,2025-09-22,2.0,1197.88,52.7,3.0,Sin Información,Bucaramanga,Físico,False,False,False
TRX-10356,PROD-3435,2025-09-24,6.0,327.26,86.37,15.0,Perdido,Sin Ciudad,Físico,False,False,False
TRX-10357,PROD-1162,2025-11-06,4.0,1272.79,23.56,8.0,Sin Información,Cali,WhatsApp,False,False,False
TRX-10358,PROD-3536,2025-03-27,3.0,866.03,94.25,16.0,En Camino,Medellín,Físico,False,False,True
TRX-10359,PROD-1335,2025-07-06,11.0,47.0,80.47,11.0,Retrasado,Bogotá,WhatsApp,False,False,False
TRX-10360,PROD-2717,2025-12-16,6.0,1084.13,52.36,24.0,Sin Información,Medellín,Físico,False,False,False
TRX-10361,PROD-3692,2024-12-23,10.0,1978.64,81.83,11.0,Retrasado,Bogotá,Online,False,False,True
TRX-10362,PROD-3390,2025-01-06,13.0,705.98,42.03,11.0,Perdido,Bucaramanga,WhatsApp,False,False,False
TRX-10363,PROD-3315,2024-10-05,9.0,1931.46,51.14,1.0,En Camino,Bogotá,Online,False,False,False
TRX-10364,PROD-3141,2025-02-15,2.0,201.45,61.37,2.0,En Camino,Bucaramanga,App,False,False,False
TRX-10365,PROD-2295,2026-01-13,10.0,1467.58,80.03,20.0,Sin Información,Bucaramanga,WhatsApp,False,False,False
TRX-10366,PROD-2068,2025-01-19,10.0,237.52,85.66,1.0,Perdido,Bogotá,WhatsApp,False,False,False
TRX-10367,PROD-1836,2025-04-13,10.0,554.41,12.41,19.0,En Camino,Bucaramanga,WhatsApp,False,False,False
TRX-10368,PROD-3743,2025-02-10,5.0,1145.97,90.89,20.0,Perdido,Medellín,Físico,False,False,True
TRX-10369,PROD-3933,2025-01-15,6.0,1189.63,94.06,10.0,Devuelto,Sin Ciudad,App,False,False,True
TRX-10370,PROD-2286,2025-02-21,4.0,1552.67,61.32,19.0,Sin Información,Barranquilla,Físico,False,False,False
TRX-10371,PROD-1977,2024-11-18,7.0,1234.47,22.74,21.0,Perdido,Bogotá,Físico,False,False,False
TRX-10372,PROD-2087,2025-10-09,2.0,1191.29,52.36,11.0,Retrasado,Bogotá,App,False,False,False
TRX-10373,PROD-2621,2025-02-26,7.0,1825.58,82.75,12.0,Entregado,Barranquilla,WhatsApp,False,False,False
TRX-10374,PROD-1536,2025-12-06,2.0,909.8,57.12,10.0,Devuelto,Medellín,Físico,False,False,False
TRX-10375,PROD-3751,2025-07-29,1.0,458.28,82.63,7.0,Sin Información,Bucaramanga,App,False,False,True
TRX-10376,PROD-3643,2025-02-02,11.0,331.96,82.41,24.0,Sin Información,Barranquilla,Online,False,False,True
TRX-10377,PROD-2228,2025-03-04,5.0,805.99,13.24,8.0,Sin Información,Sin Ciudad,WhatsApp,False,False,False
TRX-10378,PROD-2872,2025-06-24,2.0,1428.38,62.67,11.0,Retrasado,Sin Ciudad,Online,False,False,False
TRX-10379,PROD-2295,2025-03-24,8.0,94.66,50.9,18.0,Devuelto,Medellín,WhatsApp,False,False,False
TRX-10380,PROD-1297,2024-12-08,12.0,266.82,94.88,16.0,Retrasado,Bucaramanga,WhatsApp,False,False,False
TRX-10381,PROD-1038,2025-08-13,12.0,221.17,33.18,1.0,En Camino,Barranquilla,App,False,False,False
TRX-10382,PROD-2877,2024-11-05,12.0,1174.65,24.57,29.0,Perdido,Bogotá,App,False,False,False
TRX-10383,PROD-3544,2025-04-16,8.0,493.3,90.22,6.0,Retrasado,Barranquilla,Online,False,False,True
TRX-10384,PROD-3306,2024-10-30,1.0,340.86,52.36,17.0,Retrasado,Medellín,Online,False,False,False
TRX-10385,PROD-1409,2025-08-06,4.0,1189.61,19.13,22.0,En Camino,Cali,Físico,False,False,False
TRX-10386,PROD-1300,2024-10-14,14.0,1525.01,70.22,13.0,Entregado,Bucaramanga,Físico,False,False,False
TRX-10387,PROD-3202,2024-12-04,9.0,670.99,33.5,23.0,Entregado,Barranquilla,WhatsApp,False,False,False
TRX-10388,PROD-1873,2025-05-21,5.0,1160.63,58.95,25.0,Perdido,Bucaramanga,Online,False,False,False
TRX-10389,PROD-3072,2025-11-20,12.0,205.27,63.54,10.0,En Camino,Sin Ciudad,Físico,False,False,False
TRX-10390,PROD-2086,2025-02-23,11.0,1871.03,44.65,10.0,Devuelto,Medellín,App,False,False,False
TRX-10391,PROD-1542,2025-05-17,10.0,680.42,97.62,1.0,Retrasado,Bogotá,App,False,False,False
TRX-10392,PROD-2429,2025-10-08,13.0,1995.04,17.52,7.0,Perdido,Bucaramanga,Online,False,False,False
TRX-10393,PROD-1281,2024-09-27,6.0,1957.39,42.18,20.0,Entregado,Bogotá,App,False,False,False
TRX-10394,PROD-2000,2025-05-01,3.0,1559.86,45.89,9.0,Devuelto,Barranquilla,Físico,False,False,False
TRX-10395,PROD-2513,2025-07-29,5.0,49.93,64.95,11.0,Sin Información,Bucaramanga,Físico,False,False,False
TRX-10396,PROD-2167,2024-12-17,14.0,1091.52,52.36,20.0,En Camino,Medellín,Online,False,False,False
TRX-10397,PROD-1646,2025-03-18,12.0,182.8,43.69,2.0,Sin Información,Sin Ciudad,Físico,False,False,False
TRX-10398,PROD-2794,2025-06-08,13.0,1791.32,14.22,1.0,Retrasado,Bogotá,Online,False,False,False
TRX-10399,PROD-3225,2025-04-30,13.0,1581.38,95.01,23.0,Sin Información,Cali,Físico,False,False,False
TRX-10400,PROD-3881,2024-10-30,7.0,1944.96,44.53,15.0,Sin Información,Cali,Físico,True,False,True
TRX-10401,PROD-2239,2025-02-11,13.0,1220.68,37.55,12.0,Retrasado,Barranquilla,Físico,False,False,False
TRX-10402,PROD-3505,2025-11-27,1.0,1049.12,47.44,7.0,Entregado,Barranquilla,Online,False,False,True
TRX-10403,PROD-3678,2025-10-25,8.0,1042.76,25.58,19.0,Sin Información,Bucaramanga,Online,False,False,True
TRX-10404,PROD-3166,2025-05-15,11.0,779.03,14.52,5.0,Entregado,Bogotá,Físico,False,False,False
TRX-10405,PROD-1032,2025-04-13,6.0,942.69,19.11,26.0,Perdido,Cali,Físico,False,False,False
TRX-10406,PROD-3735,2025-08-17,12.0,1274.47,20.83,12.0,Sin Información,Cali,Físico,False,False,True
TRX-10407,PROD-3271,2025-07-13,2.0,1866.57,23.78,14.0,Sin Información,Medellín,App,False,False,False
TRX-10408,PROD-2226,2025-12-14,4.0,1195.81,52.36,28.0,Retrasado,Medellín,WhatsApp,False,False,False
TRX-10409,PROD-3717,2026-01-30,4.0,1715.66,44.9,7.0,Retrasado,Bogotá,WhatsApp,False,False,True
TRX-10410,PROD-1424,2025-03-13,9.0,1726.93,64.27,8.0,Sin Información,Cali,App,False,False,False
TRX-10411,PROD-1550,2025-01-25,9.0,1042.48,64.74,14.0,Sin Información,Sin Ciudad,WhatsApp,False,False,False
TRX-10412,PROD-2083,2025-08-14,5.0,701.46,5.01,12.0,Retrasado,Sin Ciudad,WhatsApp,False,False,False
TRX-10413,PROD-1472,2024-11-26,12.0,1282.75,92.49,9.0,Retrasado,Barranquilla,WhatsApp,False,False,False
TRX-10414,PROD-1438,2025-06-30,3.0,897.3,83.17,10.0,Devuelto,Cali,Físico,False,False,False
TRX-10415,PROD-3266,2025-06-21,1.0,172.07,96.57,10.0,En Camino,Sin Ciudad,App,False,False,False
TRX-10416,PROD-1636,2025-05-24,6.0,761.84,39.2,1.0,Devuelto,Bogotá,Físico,False,False,False
TRX-10417,PROD-2115,2024-10-07,8.0,1988.2,68.16,25.0,Sin Información,Barranquilla,WhatsApp,False,False,False
TRX-10418,PROD-2154,2025-05-06,1.0,106.54,20.96,22.0,En Camino,Bogotá,App,False,False,False
TRX-10419,PROD-3477,2025-12-31,11.0,1396.37,82.62,6.0,Devuelto,Bogotá,App,False,False,False
TRX-10420,PROD-1862,2025-01-31,1.0,1683.97,52.36,14.0,Perdido,Barranquilla,Físico,False,False,False
TRX-10421,PROD-3939,2025-04-05,11.0,1300.96,20.33,23.0,En Camino,Sin Ciudad,Online,False,False,True
TRX-10422,PROD-2404,2025-07-12,7.0,1143.8,35.97,9.0,Retrasado,Bogotá,App,False,False,False
TRX-10423,PROD-1833,2025-04-19,7.0,1418.03,51.63,23.0,En Camino,Cali,Online,False,False,False
TRX-10424,PROD-3815,2025-12-05,2.0,864.39,61.48,23.0,Retrasado,Bucaramanga,WhatsApp,False,False,True
TRX-10425,PROD-3597,2025-10-08,3.0,191.81,58.17,27.0,Perdido,Bogotá,App,False,False,True
TRX-10426,PROD-2081,2025-01-13,2.0,1925.12,14.7,12.0,Sin Información,Sin Ciudad,Online,False,False,False
TRX-10427,PROD-3070,2025-05-24,6.0,870.28,45.06,19.0,En Camino,Cali,Online,False,False,False
TRX-10428,PROD-3001,2025-03-07,13.0,1334.12,92.68,26.0,Entregado,Bogotá,Físico,False,False,False
TRX-10429,PROD-2028,2025-04-01,13.0,1067.31,87.88,25.0,Retrasado,Cali,Online,False,False,False
TRX-10430,PROD-1208,2025-06-06,8.0,118.8,61.12,20.0,En Camino,Bogotá,WhatsApp,False,False,False
TRX-10431,PROD-1378,2025-08-15,8.0,1905.97,59.37,22.0,Devuelto,Medellín,WhatsApp,False,False,False
TRX-10432,PROD-3598,2025-04-28,1.0,1587.15,52.36,29.0,En Camino,Medellín,App,False,False,True
TRX-10433,PROD-2734,2026-01-30,11.0,306.7,15.61,23.0,Retrasado,Bogotá,Físico,False,False,False
TRX-10434,PROD-2133,2025-09-16,9.0,1963.48,24.02,28.0,Entregado,Bucaramanga,Físico,False,False,False
TRX-10435,PROD-1180,2025-06-24,11.0,1476.43,29.0,29.0,Entregado,Bucaramanga,Físico,False,False,False
TRX-10436,PROD-1014,2024-11-13,8.0,949.92,51.38,12.0,Devuelto,Bucaramanga,WhatsApp,False,False,False
TRX-10437,PROD-2366,2025-10-01,9.0,1226.63,74.48,25.0,Perdido,Barranquilla,Online,False,False,False
TRX-10438,PROD-1535,2025-02-27,13.0,222.41,48.77,13.0,Entregado,Bogotá,WhatsApp,False,False,False
TRX-10439,PROD-3609,2025-09-20,14.0,1125.22,16.98,29.0,Sin Información,Bogotá,WhatsApp,False,False,True
TRX-10440,PROD-2072,2024-11-16,13.0,156.59,46.74,26.0,Perdido,Medellín,Online,False,False,False
TRX-10441,PROD-1661,2024-10-06,9.0,1094.26,20.45,28.0,Retrasado,Barranquilla,WhatsApp,False,False,False
TRX-10442,PROD-2809,2025-06-18,11.0,1109.86,76.36,3.0,En Camino,Bucaramanga,App,False,False,False
TRX-10443,PROD-3259,2025-08-28,12.0,1750.13,20.82,11.0,Perdido,Barranquilla,App,False,False,False
TRX-10444,PROD-3890,2024-12-21,6.0,1452.86,52.36,2.0,Sin Información,Barranquilla,App,False,False,True
TRX-10445,PROD-2751,2024-10-19,3.0,506.61,50.84,18.0,Retrasado,Bogotá,App,False,False,False
TRX-10446,PROD-3297,2024-12-20,1.0,1777.97,70.87,18.0,Retrasado,Bogotá,App,False,False,False
TRX-10447,PROD-1039,2025-10-20,11.0,1150.75,26.68,25.0,Retrasado,Medellín,Físico,False,False,False
TRX-10448,PROD-1458,2024-11-02,8.0,1216.7,12.22,24.0,Sin Información,Bucaramanga,WhatsApp,False,False,False
TRX-10449,PROD-1308,2025-07-23,10.0,346.27,58.51,25.0,Devuelto,Bucaramanga,Online,False,False,False
TRX-10450,PROD-3830,2025-06-17,3.0,1716.97,10.15,9.0,Sin Información,Medellín,Físico,False,False,True
TRX-10451,PROD-1610,2025-02-07,13.0,1862.62,60.84,1.0,Devuelto,Sin Ciudad,Online,False,False,False
TRX-10452,PROD-3234,2024-09-28,7.0,1552.23,76.58,26.0,Perdido,Bogotá,WhatsApp,False,False,False
TRX-10453,PROD-1147,2025-05-22,13.0,1882.1,36.29,26.0,Retrasado,Cali,Físico,False,False,False
TRX-10454,PROD-2512,2025-03-03,10.0,611.58,51.39,16.0,Perdido,Cali,Online,False,False,False
TRX-10455,PROD-3385,2025-03-21,6.0,1723.63,93.23,25.0,Entregado,Medellín,App,False,False,False
TRX-10456,PROD-3263,2025-07-16,3.0,982.9,52.36,1.0,Perdido,Cali,Físico,False,False,False
TRX-10457,PROD-1606,2026-01-02,6.0,336.2,49.76,21.0,En Camino,Medellín,App,False,False,False
TRX-10458,PROD-2760,2024-09-28,12.0,1340.91,99.67,20.0,Retrasado,Barranquilla,Físico,False,False,False
TRX-10459,PROD-1522,2025-10-13,3.0,1371.4,19.92,24.0,Perdido,Bucaramanga,WhatsApp,False,False,False
TRX-10460,PROD-1171,2025-06-20,13.0,580.98,72.35,5.0,Devuelto,Bogotá,Físico,False,False,False
TRX-10461,PROD-2262,2025-10-28,13.0,64.71,67.0,28.0,En Camino,Cali,WhatsApp,False,False,False
TRX-10462,PROD-2493,2025-06-21,14.0,407.7,87.87,25.0,Perdido,Medellín,Físico,False,False,False
TRX-10463,PROD-1163,2025-02-25,9.0,805.56,13.78,17.0,Perdido,Bogotá,WhatsApp,False,False,False
TRX-10464,PROD-2465,2024-12-16,13.0,343.45,31.62,8.0,Perdido,Bogotá,App,False,False,False
TRX-10465,PROD-1860,2025-04-10,1.0,396.12,17.56,6.0,Sin Información,Bogotá,WhatsApp,False,False,False
TRX-10466,PROD-3793,2024-10-02,13.0,788.87,93.64,1.0,Sin Información,Bucaramanga,App,False,False,True
TRX-10467,PROD-2022,2025-02-07,8.0,1923.96,45.53,13.0,Sin Información,Medellín,Físico,False,False,False
TRX-10468,PROD-3731,2025-05-22,5.0,1530.84,52.36,18.0,Devuelto,Sin Ciudad,Físico,False,False,True
TRX-10469,PROD-1421,2025-10-21,4.0,646.3,91.46,4.0,Perdido,Medellín,Físico,False,False,False
TRX-10470,PROD-2448,2025-04-11,1.0,1903.69,32.97,15.0,Sin Información,Bucaramanga,Físico,False,False,False
TRX-10471,PROD-3293,2025-02-25,9.0,1294.84,17.0,14.0,Entregado,Medellín,App,False,False,False
TRX-10472,PROD-2664,2025-11-04,13.0,916.34,33.17,16.0,Entregado,Medellín,Online,False,False,False
TRX-10473,PROD-3542,2025-06-24,9.0,941.92,61.73,5.0,Entregado,Medellín,Online,False,False,True
TRX-10474,PROD-1633,2025-05-05,13.0,827.38,85.3,1.0,Perdido,Barranquilla,WhatsApp,False,False,False
TRX-10475,PROD-1969,2024-11-29,5.0,473.65,41.61,26.0,En Camino,Bogotá,Físico,False,False,False
TRX-10476,PROD-1665,2025-03-25,14.0,779.4,91.91,23.0,Devuelto,Cali,Físico,False,False,False
TRX-10477,PROD-1725,2025-04-05,11.0,1060.51,28.2,29.0,Entregado,Bogotá,Online,False,False,False
TRX-10478,PROD-2688,2024-11-03,9.0,1060.77,70.89,4.0,Entregado,Bucaramanga,Online,False,False,False
TRX-10479,PROD-1101,2025-10-23,10.0,1525.86,74.89,17.0,Sin Información,Medellín,Físico,False,False,False
TRX-10480,PROD-1734,2025-10-29,14.0,724.01,52.36,28.0,En Camino,Medellín,Físico,False,False,False
TRX-10481,PROD-2360,2025-02-20,9.0,1436.43,31.03,6.0,Entregado,Bogotá,Online,False,False,False
TRX-10482,PROD-2686,2024-12-15,7.0,1160.4,7.56,25.0,Devuelto,Bogotá,App,False,False,False
TRX-10483,PROD-3743,2025-02-03,8.0,1924.07,39.7,25.0,En Camino,Medellín,Físico,False,False,True
TRX-10484,PROD-2016,2025-07-28,1.0,776.72,9.29,27.0,Retrasado,Barranquilla,Online,False,False,False
TRX-10485,PROD-2092,2025-09-11,4.0,1803.42,90.57,4.0,Devuelto,Barranquilla,App,False,False,False
TRX-10486,PROD-1652,2025-07-17,10.0,1643.08,95.58,7.0,Devuelto,Medellín,Online,False,False,False
TRX-10487,PROD-3872,2025-12-16,10.0,1278.95,74.86,26.0,Perdido,Medellín,Físico,False,False,True
TRX-10488,PROD-1442,2024-10-22,4.0,1312.48,74.04,1.0,Retrasado,Medellín,WhatsApp,False,False,False
TRX-10489,PROD-2566,2024-10-01,12.0,178.45,27.88,10.0,Retrasado,Barranquilla,Online,False,False,False
TRX-10490,PROD-1158,2026-01-10,9.0,1900.95,12.02,13.0,En Camino,Sin Ciudad,WhatsApp,False,False,False
TRX-10491,PROD-2927,2025-03-11,3.0,222.8,81.2,9.0,Entregado,Sin Ciudad,WhatsApp,False,False,False
TRX-10492,PROD-1911,2025-07-09,12.0,1130.83,52.36,14.0,Retrasado,Bogotá,Físico,False,False,False
TRX-10493,PROD-1817,2025-03-09,10.0,666.84,58.12,1.0,En Camino,Bogotá,App,False,False,False
TRX-10494,PROD-2885,2025-09-01,10.0,865.41,69.75,9.0,Retrasado,Bogotá,WhatsApp,False,False,False
TRX-10495,PROD-2432,2026-02-01,1.0,1224.26,79.07,6.0,Sin Información,Bogotá,App,False,True,False
TRX-10496,PROD-2250,2025-02-14,11.0,1818.61,43.9,10.0,Devuelto,Bogotá,Físico,False,False,False
TRX-10497,PROD-1932,2025-11-09,5.0,920.56,18.73,11.0,Sin Información,Bogotá,Físico,False,False,False
TRX-10498,PROD-1913,2025-05-08,7.0,1975.58,80.53,7.0,Retrasado,Sin Ciudad,Físico,False,False,False
TRX-10499,PROD-1096,2025-07-25,12.0,1189.7,48.11,20.0,Entregado,Medellín,App,False,False,False
TRX-10500,PROD-3703,2024-12-07,7.0,329.5,83.56,25.0,En Camino,Bogotá,Online,False,False,True
TRX-10501,PROD-1791,2025-05-03,4.0,388.12,46.58,28.0,Entregado,Medellín,WhatsApp,False,False,False
TRX-10502,PROD-2632,2025-03-18,9.0,1435.06,25.62,22.0,Perdido,Barranquilla,Físico,False,False,False
TRX-10503,PROD-2344,2025-12-23,6.0,110.29,21.25,12.0,Entregado,Cali,WhatsApp,False,False,False
TRX-10504,PROD-2141,2025-03-30,6.0,965.88,52.36,22.0,Entregado,Bogotá,App,False,False,False
TRX-10505,PROD-1284,2026-01-02,3.0,304.96,75.67,12.0,En Camino,Bucaramanga,App,False,False,False
TRX-10506,PROD-2143,2025-07-21,10.0,872.11,59.61,14.0,Sin Información,Barranquilla,WhatsApp,False,False,False
TRX-10507,PROD-2438,2024-11-07,10.0,1502.34,43.44,10.0,Devuelto,Cali,Online,False,False,False
TRX-10508,PROD-3627,2025-10-09,5.0,923.04,51.75,16.0,Sin Información,Bogotá,Físico,False,False,True
TRX-10509,PROD-3086,2024-10-09,10.0,335.27,57.22,22.0,Retrasado,Sin Ciudad,Online,False,False,False
TRX-10510,PROD-2637,2024-11-27,6.0,511.33,27.74,4.0,Retrasado,Bogotá,WhatsApp,False,False,False
TRX-10511,PROD-3783,2025-09-17,14.0,741.4,40.93,29.0,En Camino,Bucaramanga,Físico,False,False,True
TRX-10512,PROD-3196,2025-06-10,4.0,148.43,32.78,23.0,En Camino,Bogotá,Físico,False,False,False
TRX-10513,PROD-2356,2025-01-23,13.0,1172.83,41.9,14.0,Sin Información,Medellín,WhatsApp,False,False,False
TRX-10514,PROD-1113,2025-05-11,3.0,1218.99,52.55,2.0,Devuelto,Medellín,Físico,False,False,False
TRX-10515,PROD-1472,2025-12-04,5.0,133.68,21.47,2.0,Devuelto,Bucaramanga,Online,False,False,False
TRX-10516,PROD-2069,2025-01-25,7.0,810.6,52.36,29.0,Perdido,Medellín,App,False,False,False
TRX-10517,PROD-1731,2025-01-12,11.0,833.86,42.38,11.0,Retrasado,Medellín,App,False,False,False
TRX-10518,PROD-3378,2025-06-21,6.0,674.3,41.62,11.0,Retrasado,Cali,WhatsApp,False,False,False
TRX-10519,PROD-2087,2024-12-12,2.0,1119.9,32.17,6.0,Perdido,Medellín,App,False,False,False
TRX-10520,PROD-1156,2025-05-26,1.0,698.46,99.86,25.0,En Camino,Barranquilla,App,False,False,False
TRX-10521,PROD-1444,2025-09-04,5.0,838.65,11.99,3.0,Retrasado,Barranquilla,WhatsApp,False,False,False
TRX-10522,PROD-3443,2025-10-18,5.0,1597.07,66.08,23.0,Entregado,Medellín,WhatsApp,False,False,False
TRX-10523,PROD-2779,2026-02-04,12.0,332.6,21.57,9.0,En Camino,Bucaramanga,Físico,False,True,False
TRX-10524,PROD-2415,2025-10-19,12.0,1242.04,84.75,28.0,En Camino,Bucaramanga,WhatsApp,False,False,False
TRX-10525,PROD-3984,2025-08-16,6.0,1016.13,91.85,25.0,Devuelto,Medellín,Online,False,False,True
TRX-10526,PROD-2284,2025-04-25,3.0,617.09,43.14,3.0,Sin Información,Cali,WhatsApp,False,False,False
TRX-10527,PROD-2787,2025-09-09,1.0,1457.79,83.23,1.0,Perdido,Barranquilla,Físico,False,False,False
TRX-10528,PROD-3483,2025-05-15,4.0,1106.86,52.36,2.0,Sin Información,Medellín,Físico,False,False,False
TRX-10529,PROD-3094,2025-09-24,4.0,959.95,28.74,15.0,Sin Información,Bogotá,WhatsApp,False,False,False
TRX-10530,PROD-1473,2024-12-13,10.0,1338.66,18.31,11.0,En Camino,Medellín,Online,False,False,False
TRX-10531,PROD-2577,2025-07-13,2.0,1606.56,35.01,8.0,Devuelto,Barranquilla,Físico,False,False,False
TRX-10532,PROD-3361,2025-07-29,14.0,1945.61,37.46,16.0,Entregado,Barranquilla,Online,False,False,False
TRX-10533,PROD-1778,2024-12-07,8.0,1262.41,42.75,23.0,Entregado,Cali,Físico,False,False,False
TRX-10534,PROD-2043,2024-10-07,6.0,1750.14,40.43,17.0,Retrasado,Barranquilla,App,False,False,False
TRX-10535,PROD-1181,2025-04-30,12.0,12.17,44.06,3.0,Perdido,Cali,Físico,False,False,False
TRX-10536,PROD-3903,2025-05-10,3.0,1065.17,72.45,8.0,Perdido,Cali,Físico,False,False,True
TRX-10537,PROD-2786,2025-11-30,1.0,437.15,28.33,7.0,Devuelto,Bogotá,Físico,False,False,False
TRX-10538,PROD-1006,2025-12-06,12.0,197.44,6.76,21.0,Retrasado,Medellín,Físico,False,False,False
TRX-10539,PROD-3129,2026-01-14,11.0,1068.62,51.52,3.0,Sin Información,Bogotá,Físico,False,False,False
TRX-10540,PROD-3205,2025-09-29,3.0,1496.18,52.36,7.0,Perdido,Bucaramanga,WhatsApp,False,False,False
TRX-10541,PROD-3813,2025-06-14,8.0,830.42,47.59,5.0,Retrasado,Bogotá,WhatsApp,False,False,True
TRX-10542,PROD-3946,2025-06-13,4.0,1343.51,10.71,1.0,Devuelto,Barranquilla,Online,False,False,True
TRX-10543,PROD-3746,2025-01-10,3.0,984.54,17.71,5.0,Retrasado,Cali,App,False,False,True
TRX-10544,PROD-1807,2025-10-30,13.0,879.8,53.44,3.0,En Camino,Bogotá,WhatsApp,False,False,False
TRX-10545,PROD-2491,2025-07-26,11.0,587.61,27.3,18.0,En Camino,Cali,App,False,False,False
TRX-10546,PROD-2766,2025-04-10,4.0,771.36,88.37,29.0,En Camino,Bucaramanga,Online,False,False,False
TRX-10547,PROD-1286,2025-05-06,11.0,706.09,21.46,19.0,En Camino,Bucaramanga,Online,False,False,False
TRX-10548,PROD-3720,2025-03-26,4.0,1295.91,6.91,10.0,Entregado,Cali,Físico,False,False,True
TRX-10549,PROD-2352,2025-12-18,2.0,240.88,47.52,4.0,Sin Información,Barranquilla,WhatsApp,False,False,False
TRX-10550,PROD-3552,2024-10-23,4.0,194.35,98.69,13.0,Entregado,Medellín,Físico,False,False,True
TRX-10551,PROD-2285,2025-01-02,11.0,1323.43,65.22,29.0,Perdido,Barranquilla,Físico,False,False,False
TRX-10552,PROD-3717,2025-06-08,12.0,1097.13,52.36,1.0,Entregado,Medellín,Online,False,False,True
TRX-10553,PROD-1510,2024-12-30,9.0,866.1,38.63,4.0,Sin Información,Barranquilla,Físico,False,False,False
TRX-10554,PROD-3948,2025-08-27,4.0,313.36,6.6,9.0,Retrasado,Bucaramanga,Online,False,False,True
TRX-10555,PROD-2230,2025-07-18,12.0,827.94,51.07,17.0,Retrasado,Barranquilla,WhatsApp,False,False,False
TRX-10556,PROD-3077,2025-07-04,1.0,1581.57,24.61,11.0,Entregado,Bogotá,WhatsApp,False,False,False
TRX-10557,PROD-2266,2025-06-15,1.0,1780.35,66.54,7.0,Retrasado,Medellín,Físico,False,False,False
TRX-10558,PROD-3731,2025-02-09,1.0,1408.13,60.39,24.0,Sin Información,Barranquilla,Online,False,False,True
TRX-10559,PROD-2672,2025-07-21,14.0,129.23,30.2,25.0,Perdido,Barranquilla,WhatsApp,False,False,False
TRX-10560,PROD-2336,2025-07-05,5.0,1344.12,11.54,7.0,Devuelto,Sin Ciudad,App,False,False,False
TRX-10561,PROD-2648,2025-09-07,6.0,489.56,76.73,13.0,Entregado,Bucaramanga,WhatsApp,False,False,False
TRX-10562,PROD-3855,2026-01-01,12.0,637.35,60.62,25.0,En Camino,Medellín,Online,False,False,True
TRX-10563,PROD-2211,2025-04-26,6.0,399.79,85.0,26.0,Retrasado,Sin Ciudad,Físico,False,False,False
TRX-10564,PROD-3270,2024-10-24,6.0,1553.75,52.36,29.0,Retrasado,Medellín,Online,False,False,False
TRX-10565,PROD-1521,2025-12-23,9.0,1300.72,29.68,19.0,Devuelto,Barranquilla,Físico,False,False,False
TRX-10566,PROD-1785,2025-07-22,1.0,1227.55,67.02,17.0,Perdido,Medellín,WhatsApp,False,False,False
TRX-10567,PROD-2722,2024-12-19,10.0,1339.27,16.27,18.0,Retrasado,Barranquilla,Físico,False,False,False
TRX-10568,PROD-3723,2024-11-24,6.0,481.18,32.72,26.0,En Camino,Bogotá,Físico,False,False,True
TRX-10569,PROD-2552,2025-11-06,13.0,894.84,67.37,13.0,Devuelto,Bucaramanga,Físico,False,False,False
TRX-10570,PROD-3774,2025-10-14,8.0,1270.17,83.43,17.0,Retrasado,Barranquilla,Físico,False,False,True
TRX-10571,PROD-1712,2025-06-28,8.0,1276.82,35.49,18.0,Sin Información,Bogotá,App,False,False,False
TRX-10572,PROD-3521,2025-12-25,12.0,1585.79,80.89,25.0,Sin Información,Cali,App,False,False,True
TRX-10573,PROD-3331,2024-12-05,3.0,581.34,69.39,21.0,En Camino,Bucaramanga,Físico,False,False,False
TRX-10574,PROD-2232,2025-07-25,13.0,1542.97,38.12,20.0,Sin Información,Sin Ciudad,Online,False,False,False
TRX-10575,PROD-2663,2025-11-16,5.0,885.97,88.26,2.0,Retrasado,Medellín,Online,False,False,False
TRX-10576,PROD-3244,2025-01-24,10.0,1343.64,52.36,19.0,En Camino,Bogotá,WhatsApp,False,False,False
TRX-10577,PROD-1001,2025-06-18,4.0,916.88,53.38,15.0,Sin Información,Bogotá,App,False,False,False
TRX-10578,PROD-2244,2025-10-09,12.0,1897.73,66.58,9.0,Devuelto,Bogotá,WhatsApp,False,False,False
TRX-10579,PROD-2175,2025-07-04,1.0,366.81,52.08,29.0,Perdido,Cali,WhatsApp,False,False,False
TRX-10580,PROD-1860,2025-11-18,9.0,1353.26,48.01,29.0,Entregado,Bogotá,App,False,False,False
TRX-10581,PROD-2760,2025-12-27,5.0,1157.3,85.56,14.0,Sin Información,Cali,Físico,False,False,False
TRX-10582,PROD-3375,2025-01-21,2.0,353.73,33.0,19.0,Entregado,Barranquilla,Online,False,False,False
TRX-10583,PROD-3484,2025-09-03,12.0,141.35,8.48,8.0,Perdido,Bucaramanga,WhatsApp,False,False,False
TRX-10584,PROD-3681,2025-04-22,2.0,1600.3,88.58,12.0,Retrasado,Bucaramanga,Online,False,False,True
TRX-10585,PROD-2319,2025-10-16,11.0,323.33,83.38,17.0,Devuelto,Bucaramanga,Físico,False,False,False
TRX-10586,PROD-2904,2025-02-17,7.0,381.15,39.82,12.0,En Camino,Bogotá,WhatsApp,False,False,False
TRX-10587,PROD-2809,2024-12-09,4.0,1957.08,22.62,15.0,Devuelto,Sin Ciudad,Online,False,False,False
TRX-10588,PROD-2811,2025-09-22,1.0,1437.35,52.36,5.0,Perdido,Sin Ciudad,App,False,False,False
TRX-10589,PROD-3767,2024-10-06,5.0,508.47,69.18,2.0,Retrasado,Cali,WhatsApp,False,False,True
TRX-10590,PROD-1875,2025-02-05,2.0,1185.99,12.48,20.0,Retrasado,Cali,Físico,False,False,False
TRX-10591,PROD-3093,2025-07-23,7.0,1072.88,45.26,18.0,Perdido,Sin Ciudad,WhatsApp,False,False,False
TRX-10592,PROD-2938,2025-10-24,9.0,1690.5,13.16,3.0,Devuelto,Sin Ciudad,WhatsApp,False,False,False
TRX-10593,PROD-1695,2025-06-29,13.0,1461.35,61.8,5.0,Entregado,Bogotá,Online,False,False,False
TRX-10594,PROD-3698,2024-12-10,1.0,1665.13,7.58,2.0,Devuelto,Bucaramanga,Online,False,False,True
TRX-10595,PROD-1347,2025-05-23,12.0,430.9,64.78,9.0,Sin Información,Bogotá,App,False,False,False
TRX-10596,PROD-2162,2025-04-03,2.0,1284.04,68.95,24.0,Retrasado,Barranquilla,Físico,False,False,False
TRX-10597,PROD-3111,2026-01-05,11.0,90.08,51.28,5.0,Retrasado,Bogotá,App,False,False,False
TRX-10598,PROD-3719,2025-11-14,6.0,147.19,21.63,27.0,Sin Información,Bucaramanga,Online,False,False,True
TRX-10599,PROD-3592,2025-05-22,8.0,1429.92,14.63,17.0,Sin Información,Cali,Físico,False,False,True
TRX-10600,PROD-3536,2024-11-12,7.0,58.6,52.36,15.0,Perdido,Bogotá,App,True,False,True
TRX-10601,PROD-2372,2025-05-12,7.0,1163.73,34.76,21.0,Devuelto,Bogotá,WhatsApp,False,False,False
TRX-10602,PROD-1382,2025-06-08,9.0,1682.41,49.19,20.0,Entregado,Cali,App,False,False,False
TRX-10603,PROD-1962,2025-10-11,14.0,766.08,66.01,15.0,Devuelto,Cali,Físico,False,False,False
TRX-10604,PROD-3755,2025-10-02,2.0,99.23,5.12,13.0,Sin Información,Bucaramanga,WhatsApp,False,False,True
TRX-10605,PROD-2271,2025-04-28,12.0,1430.56,72.55,9.0,Retrasado,Barranquilla,Online,False,False,False
TRX-10606,PROD-1920,2025-04-16,9.0,1860.08,72.71,2.0,Devuelto,Medellín,WhatsApp,False,False,False
TRX-10607,PROD-1815,2025-08-02,4.0,1437.17,47.23,23.0,Retrasado,Bucaramanga,Físico,False,False,False
TRX-10608,PROD-1603,2026-01-24,11.0,1161.11,37.62,2.0,Retrasado,Bogotá,WhatsApp,False,False,False
TRX-10609,PROD-1100,2025-10-08,3.0,467.76,85.02,29.0,En Camino,Bucaramanga,App,False,False,False
TRX-10610,PROD-1189,2025-12-22,7.0,40.6,79.54,29.0,Entregado,Bucaramanga,App,False,False,False
TRX-10611,PROD-2002,2025-09-26,5.0,1392.4,98.41,11.0,Perdido,Cali,WhatsApp,False,False,False
TRX-10612,PROD-2946,2025-07-30,13.0,469.74,52.36,28.0,Sin Información,Barranquilla,Físico,False,False,False
TRX-10613,PROD-3503,2025-10-02,5.0,1717.74,40.33,3.0,Entregado,Medellín,Físico,False,False,True
TRX-10614,PROD-1298,2025-01-20,12.0,938.06,91.15,3.0,Devuelto,Barranquilla,Físico,False,False,False
TRX-10615,PROD-2865,2024-12-11,13.0,1065.96,13.3,10.0,Sin Información,Bucaramanga,Físico,False,False,False
TRX-10616,PROD-2697,2024-11-03,2.0,1510.33,44.09,24.0,Sin Información,Cali,App,False,False,False
TRX-10617,PROD-3579,2024-10-13,6.0,1561.07,49.21,2.0,En Camino,Sin Ciudad,Físico,False,False,True
TRX-10618,PROD-3357,2024-10-02,6.0,1288.88,46.88,1.0,Retrasado,Cali,Físico,False,False,False
TRX-10619,PROD-1796,2025-08-01,12.0,1877.48,64.38,6.0,Entregado,Bogotá,WhatsApp,False,False,False
TRX-10620,PROD-3942,2025-02-22,4.0,1964.77,21.17,6.0,Retrasado,Bogotá,WhatsApp,False,False,True
TRX-10621,PROD-3852,2025-07-31,5.0,1894.3,87.31,11.0,Retrasado,Medellín,App,False,False,True
TRX-10622,PROD-2572,2025-07-13,7.0,1650.12,57.42,16.0,En Camino,Bogotá,App,False,False,False
TRX-10623,PROD-3024,2024-12-17,14.0,1414.19,90.9,1.0,Sin Información,Medellín,App,False,False,False
TRX-10624,PROD-2636,2025-01-13,8.0,1330.02,52.36,5.0,Sin Información,Sin Ciudad,Físico,False,False,False
TRX-10625,PROD-1999,2025-03-30,6.0,216.46,5.25,25.0,Entregado,Bogotá,WhatsApp,False,False,False
TRX-10626,PROD-1604,2025-01-12,5.0,550.25,64.85,26.0,En Camino,Bogotá,WhatsApp,False,False,False
TRX-10627,PROD-3687,2025-03-16,12.0,21.32,44.18,27.0,Retrasado,Bogotá,Físico,False,False,True
TRX-10628,PROD-3816,2025-07-29,3.0,283.45,52.98,10.0,Entregado,Medellín,Online,False,False,True
TRX-10629,PROD-1022,2025-07-21,7.0,884.07,75.66,21.0,Sin Información,Sin Ciudad,Físico,False,False,False
TRX-10630,PROD-1436,2025-12-18,8.0,301.61,26.58,28.0,Retrasado,Sin Ciudad,Online,False,False,False
TRX-10631,PROD-2741,2024-09-26,3.0,1804.31,24.47,23.0,Retrasado,Cali,Físico,False,False,False
TRX-10632,PROD-1896,2025-05-02,5.0,1613.34,71.79,6.0,Entregado,Cali,App,False,False,False
TRX-10633,PROD-1720,2025-12-16,11.0,152.51,54.53,11.0,Perdido,Barranquilla,Online,False,False,False
TRX-10634,PROD-3850,2025-05-01,2.0,505.34,27.2,26.0,En Camino,Barranquilla,Online,False,False,True
TRX-10635,PROD-3121,2025-03-12,10.0,1639.95,50.98,16.0,Devuelto,Bucaramanga,App,False,False,False
TRX-10636,PROD-2902,2025-08-06,10.0,1608.06,52.36,20.0,Sin Información,Medellín,Online,False,False,False
TRX-10637,PROD-1205,2026-01-19,12.0,1891.45,48.66,13.0,Retrasado,Bucaramanga,WhatsApp,False,False,False
TRX-10638,PROD-3283,2025-04-23,4.0,1995.12,70.69,12.0,Sin Información,Bucaramanga,Físico,False,False,False
TRX-10639,PROD-2020,2025-06-02,12.0,1952.78,5.25,18.0,En Camino,Barranquilla,Online,False,False,False
TRX-10640,PROD-1497,2025-01-24,4.0,826.17,60.74,26.0,En Camino,Barranquilla,App,False,False,False
TRX-10641,PROD-2869,2025-01-28,12.0,508.15,62.54,13.0,Entregado,Bogotá,Físico,False,False,False
TRX-10642,PROD-1546,2025-04-23,13.0,1519.24,75.82,5.0,Entregado,Cali,Online,False,False,False
TRX-10643,PROD-2903,2025-01-12,8.0,605.55,89.48,28.0,Entregado,Barranquilla,Físico,False,False,False
TRX-10644,PROD-3734,2024-12-16,3.0,1614.74,46.82,28.0,En Camino,Medellín,Online,False,False,True
TRX-10645,PROD-3175,2024-09-26,5.0,1072.57,37.54,26.0,Entregado,Bogotá,WhatsApp,False,False,False
TRX-10646,PROD-3289,2024-11-26,11.0,1589.92,14.72,13.0,Devuelto,Bogotá,App,False,False,False
TRX-10647,PROD-3438,2025-08-06,5.0,559.0,37.0,25.0,En Camino,Medellín,WhatsApp,False,False,False
TRX-10648,PROD-2299,2025-09-03,2.0,1020.97,52.36,13.0,Entregado,Medellín,WhatsApp,False,False,False
TRX-10649,PROD-2812,2025-01-20,9.0,1132.41,11.51,19.0,Retrasado,Cali,Online,False,False,False
TRX-10650,PROD-3509,2025-05-23,4.0,1886.79,81.27,19.0,En Camino,Medellín,WhatsApp,False,False,True
TRX-10651,PROD-3946,2025-10-13,9.0,540.53,81.67,13.0,Perdido,Medellín,App,False,False,True
TRX-10652,PROD-3067,2025-02-06,9.0,1874.01,44.64,28.0,Perdido,Medellín,Físico,False,False,False
TRX-10653,PROD-2747,2025-05-27,2.0,1611.67,29.67,11.0,En Camino,Medellín,Físico,False,False,False
TRX-10654,PROD-3244,2025-12-07,9.0,1464.48,16.21,16.0,En Camino,Medellín,Físico,False,False,False
TRX-10655,PROD-2826,2024-11-06,9.0,1575.87,85.87,23.0,Perdido,Bogotá,Online,False,False,False
TRX-10656,PROD-1651,2025-02-15,2.0,1214.8,88.36,14.0,Retrasado,Bogotá,App,False,False,False
TRX-10657,PROD-2944,2025-09-25,11.0,495.72,30.3,10.0,Retrasado,Cali,Online,False,False,False
TRX-10658,PROD-2843,2025-03-17,13.0,387.09,64.07,2.0,Retrasado,Bogotá,WhatsApp,False,False,False
TRX-10659,PROD-2061,2024-11-03,6.0,1734.02,29.57,8.0,Devuelto,Cali,App,False,False,False
TRX-10660,PROD-2012,2025-07-16,9.0,1453.03,52.36,23.0,Sin Información,Medellín,WhatsApp,False,False,False
TRX-10661,PROD-3611,2025-12-25,4.0,434.28,26.39,8.0,Sin Información,Medellín,App,False,False,True
TRX-10662,PROD-2135,2024-12-20,2.0,1234.04,7.01,26.0,Devuelto,Bucaramanga,Físico,False,False,False
TRX-10663,PROD-3135,2025-04-28,7.0,900.62,59.83,22.0,Retrasado,Medellín,App,False,False,False
TRX-10664,PROD-2984,2025-12-08,9.0,325.72,19.24,21.0,Perdido,Medellín,Online,False,False,False
TRX-10665,PROD-3567,2025-05-08,6.0,1068.4,6.18,27.0,Devuelto,Medellín,Físico,False,False,True
TRX-10666,PROD-1979,2025-07-17,11.0,570.22,14.96,20.0,Entregado,Sin Ciudad,App,False,False,False
TRX-10667,PROD-2124,2025-07-10,11.0,201.53,34.81,14.0,Sin Información,Cali,Online,False,False,False
TRX-10668,PROD-2801,2025-11-18,14.0,939.25,68.57,24.0,Devuelto,Barranquilla,Online,False,False,False
TRX-10669,PROD-1317,2024-11-28,4.0,1184.32,24.25,14.0,Perdido,Bogotá,WhatsApp,False,False,False
TRX-10670,PROD-3922,2025-05-31,1.0,103.34,89.32,18.0,Perdido,Cali,Físico,False,False,True
TRX-10671,PROD-2170,2024-11-02,4.0,810.16,32.41,15.0,En Camino,Bogotá,App,False,False,False
TRX-10672,PROD-1960,2024-12-30,3.0,522.75,52.36,22.0,Perdido,Cali,App,False,False,False
TRX-10673,PROD-2112,2025-07-25,7.0,70.99,36.47,28.0,Retrasado,Medellín,Físico,False,False,False
TRX-10674,PROD-2375,2025-09-17,11.0,260.07,25.71,16.0,Perdido,Barranquilla,WhatsApp,False,False,False
TRX-10675,PROD-2309,2025-08-30,13.0,286.68,29.11,14.0,Devuelto,Medellín,WhatsApp,False,False,False
TRX-10676,PROD-3212,2025-12-22,11.0,373.92,12.04,10.0,Devuelto,Barranquilla,Físico,False,False,False
TRX-10677,PROD-1330,2024-12-10,10.0,1608.72,33.0,22.0,Devuelto,Sin Ciudad,Físico,False,False,False
TRX-10678,PROD-1566,2025-07-20,5.0,884.59,86.66,21.0,Perdido,Medellín,Físico,False,False,False
TRX-10679,PROD-1617,2025-04-09,12.0,302.7,70.4,2.0,Retrasado,Medellín,Online,False,False,False
TRX-10680,PROD-1947,2025-02-16,3.0,209.59,88.15,5.0,Sin Información,Cali,Físico,False,False,False
TRX-10681,PROD-2568,2026-01-23,14.0,602.9,14.96,3.0,Retrasado,Bucaramanga,WhatsApp,False,False,False
TRX-10682,PROD-3842,2025-01-06,2.0,1598.05,48.28,23.0,En Camino,Sin Ciudad,App,False,False,True
TRX-10683,PROD-1625,2025-10-28,13.0,735.28,26.78,7.0,Entregado,Sin Ciudad,App,False,False,False
TRX-10684,PROD-3893,2025-04-03,2.0,328.2,52.36,24.0,Retrasado,Medellín,WhatsApp,False,False,True
TRX-10685,PROD-1876,2026-01-28,5.0,814.19,73.52,27.0,Sin Información,Bogotá,App,False,False,False
TRX-10686,PROD-1263,2026-01-12,13.0,1115.07,97.17,12.0,Sin Información,Medellín,WhatsApp,False,False,False
TRX-10687,PROD-2699,2025-01-22,13.0,68.87,82.46,10.0,Devuelto,Barranquilla,Online,False,False,False
TRX-10688,PROD-2669,2024-12-08,8.0,1259.01,8.35,11.0,En Camino,Medellín,App,False,False,False
TRX-10689,PROD-2355,2025-07-31,8.0,796.25,35.08,25.0,Sin Información,Bogotá,Online,False,False,False
TRX-10690,PROD-3222,2025-01-12,14.0,29.35,7.72,17.0,Retrasado,Bogotá,App,False,False,False
TRX-10691,PROD-2908,2025-09-06,12.0,1351.04,8.82,4.0,Retrasado,Cali,Físico,False,False,False
TRX-10692,PROD-2703,2025-07-16,5.0,1427.65,12.55,6.0,Entregado,Medellín,Online,False,False,False
TRX-10693,PROD-1255,2025-03-11,13.0,1261.39,31.25,7.0,Entregado,Cali,Online,False,False,False
TRX-10694,PROD-1847,2024-09-28,2.0,690.44,33.9,27.0,Entregado,Medellín,Online,False,False,False
TRX-10695,PROD-2720,2025-04-07,13.0,1063.91,43.04,5.0,Retrasado,Medellín,WhatsApp,False,False,False
TRX-10696,PROD-2595,2024-12-29,4.0,780.44,52.36,6.0,Sin Información,Sin Ciudad,App,False,False,False
TRX-10697,PROD-3392,2025-12-25,7.0,1404.24,43.47,17.0,Retrasado,Medellín,Físico,False,False,False
TRX-10698,PROD-3848,2025-08-17,14.0,1171.32,78.28,14.0,Devuelto,Bucaramanga,WhatsApp,False,False,True
TRX-10699,PROD-1080,2025-05-10,6.0,172.78,18.43,11.0,Perdido,Bogotá,App,False,False,False
TRX-10700,PROD-3358,2025-03-09,7.0,1289.76,19.99,5.0,Entregado,Barranquilla,Online,False,False,False
TRX-10701,PROD-2558,2025-07-16,10.0,1377.6,64.53,2.0,Devuelto,Cali,WhatsApp,False,False,False
TRX-10702,PROD-2953,2025-06-14,7.0,747.7,59.32,14.0,Devuelto,Cali,Físico,False,False,False
TRX-10703,PROD-1024,2024-09-30,5.0,1752.81,19.63,27.0,Sin Información,Barranquilla,Online,False,False,False
TRX-10704,PROD-2440,2025-03-13,2.0,1687.6,85.97,16.0,En Camino,Sin Ciudad,WhatsApp,False,False,False
TRX-10705,PROD-2223,2025-12-08,8.0,358.58,36.26,2.0,Devuelto,Medellín,Online,False,False,False
TRX-10706,PROD-2597,2025-09-17,14.0,1809.49,39.86,17.0,Entregado,Medellín,App,False,False,False
TRX-10707,PROD-2716,2025-04-05,12.0,887.34,44.94,26.0,Perdido,Sin Ciudad,App,False,False,False
TRX-10708,PROD-3204,2025-06-18,2.0,1450.26,52.36,16.0,Devuelto,Bogotá,Físico,False,False,False
TRX-10709,PROD-3236,2024-10-11,12.0,1630.05,35.66,9.0,Retrasado,Bucaramanga,App,False,False,False
TRX-10710,PROD-3470,2025-09-11,8.0,1015.17,57.96,20.0,Retrasado,Bogotá,App,False,False,False
TRX-10711,PROD-1903,2025-09-09,7.0,804.21,41.92,20.0,Devuelto,Barranquilla,App,False,False,False
TRX-10712,PROD-2999,2024-11-10,3.0,1831.75,29.65,9.0,Entregado,Bogotá,Online,False,False,False
TRX-10713,PROD-1898,2025-12-30,13.0,469.4,90.93,5.0,Sin Información,Bogotá,Online,False,False,False
TRX-10714,PROD-2117,2025-09-13,4.0,521.37,34.29,4.0,Sin Información,Cali,App,False,False,False
TRX-10715,PROD-2785,2025-08-26,13.0,729.62,71.36,7.0,Perdido,Bogotá,Online,False,False,False
TRX-10716,PROD-2989,2025-12-28,7.0,1720.34,37.99,29.0,Perdido,Medellín,App,False,False,False
TRX-10717,PROD-1118,2025-02-27,4.0,1878.19,46.35,29.0,Entregado,Bucaramanga,Físico,False,False,False
TRX-10718,PROD-2592,2024-11-27,9.0,447.93,27.41,5.0,Retrasado,Bogotá,WhatsApp,False,False,False
TRX-10719,PROD-2376,2025-12-27,7.0,1729.1,76.47,24.0,Retrasado,Medellín,WhatsApp,False,False,False
TRX-10720,PROD-3739,2025-09-04,1.0,523.82,52.36,3.0,Sin Información,Cali,App,False,False,True
TRX-10721,PROD-3781,2024-11-20,1.0,1941.58,75.03,8.0,Sin Información,Bucaramanga,Físico,False,False,True
TRX-10722,PROD-2656,2025-07-28,4.0,1198.84,7.11,16.0,En Camino,Bucaramanga,App,False,False,False
TRX-10723,PROD-3966,2025-07-27,14.0,24.1,10.72,27.0,Devuelto,Bucaramanga,WhatsApp,False,False,True
TRX-10724,PROD-1676,2025-08-25,14.0,77.92,92.63,6.0,Sin Información,Cali,Físico,False,False,False
TRX-10725,PROD-2914,2025-02-28,13.0,303.49,89.44,29.0,Devuelto,Medellín,Online,False,False,False
TRX-10726,PROD-1522,2025-06-20,9.0,383.27,53.08,9.0,Sin Información,Cali,WhatsApp,False,False,False
TRX-10727,PROD-3548,2025-01-21,13.0,1537.56,51.87,22.0,Retrasado,Medellín,WhatsApp,False,False,True
TRX-10728,PROD-3187,2025-06-03,4.0,453.3,82.18,20.0,Devuelto,Medellín,App,False,False,False
TRX-10729,PROD-1110,2025-10-31,13.0,1938.59,18.15,18.0,Entregado,Sin Ciudad,Físico,False,False,False
TRX-10730,PROD-2613,2025-06-10,5.0,1275.86,67.1,11.0,Perdido,Medellín,Físico,False,False,False
TRX-10731,PROD-3424,2025-02-04,1.0,1388.11,50.22,19.0,Sin Información,Bogotá,Online,False,False,False
TRX-10732,PROD-3311,2025-06-23,14.0,443.45,52.36,7.0,En Camino,Sin Ciudad,Físico,False,False,False
TRX-10733,PROD-3715,2024-11-17,2.0,1786.49,75.62,10.0,Entregado,Cali,App,False,False,True
TRX-10734,PROD-1111,2025-08-19,11.0,1338.95,7.86,5.0,Entregado,Medellín,Físico,False,False,False
TRX-10735,PROD-1343,2024-12-27,4.0,1730.17,61.31,7.0,Entregado,Bogotá,Físico,False,False,False
TRX-10736,PROD-3632,2025-01-14,12.0,1913.4,57.89,23.0,Devuelto,Cali,Físico,False,False,True
TRX-10737,PROD-2755,2026-01-10,4.0,260.03,84.88,6.0,Perdido,Sin Ciudad,Online,False,False,False
TRX-10738,PROD-1555,2026-01-09,11.0,202.21,69.3,18.0,En Camino,Sin Ciudad,Online,False,False,False
TRX-10739,PROD-2891,2025-09-14,10.0,1608.78,88.62,21.0,Retrasado,Bucaramanga,WhatsApp,False,False,False
TRX-10740,PROD-1744,2025-11-25,6.0,1733.59,89.29,15.0,Entregado,Bogotá,WhatsApp,False,False,False
TRX-10741,PROD-1205,2024-10-20,13.0,1171.69,43.78,27.0,Entregado,Barranquilla,Online,False,False,False
TRX-10742,PROD-2065,2025-07-25,6.0,738.34,18.06,10.0,Entregado,Medellín,Físico,False,False,False
TRX-10743,PROD-2552,2024-09-24,8.0,1308.73,64.88,6.0,Retrasado,Barranquilla,Online,False,False,False
TRX-10744,PROD-2340,2025-04-22,12.0,618.27,52.36,24.0,Sin Información,Barranquilla,Online,False,False,False
TRX-10745,PROD-1866,2024-11-29,13.0,484.39,88.01,1.0,Devuelto,Bucaramanga,App,False,False,False
TRX-10746,PROD-2862,2025-01-28,9.0,981.41,12.12,28.0,Devuelto,Bogotá,Físico,False,False,False
TRX-10747,PROD-2338,2025-08-21,14.0,440.15,58.0,28.0,Perdido,Medellín,Online,False,False,False
TRX-10748,PROD-2382,2024-10-16,1.0,972.57,15.92,28.0,Devuelto,Medellín,App,False,False,False
TRX-10749,PROD-2552,2025-06-02,1.0,1913.65,7.56,10.0,Devuelto,Bogotá,WhatsApp,False,False,False
TRX-10750,PROD-2139,2025-09-25,6.0,1681.17,69.57,23.0,En Camino,Bucaramanga,App,False,False,False
TRX-10751,PROD-2726,2025-05-10,4.0,1883.85,69.78,15.0,En Camino,Medellín,Físico,False,False,False
TRX-10752,PROD-2033,2026-01-23,11.0,1614.59,62.06,14.0,Devuelto,Medellín,WhatsApp,False,False,False
TRX-10753,PROD-1335,2025-03-17,4.0,715.95,86.63,16.0,En Camino,Bogotá,WhatsApp,False,False,False
TRX-10754,PROD-2926,2025-11-25,1.0,1625.97,12.68,5.0,Sin Información,Bucaramanga,Físico,False,False,False
TRX-10755,PROD-1079,2025-10-02,9.0,1846.6,15.0,14.0,Perdido,Bogotá,WhatsApp,False,False,False
TRX-10756,PROD-3209,2025-05-01,12.0,1894.6,52.36,16.0,Devuelto,Sin Ciudad,WhatsApp,False,False,False
TRX-10757,PROD-1213,2025-12-08,11.0,1369.56,87.13,14.0,En Camino,Medellín,App,False,False,False
TRX-10758,PROD-2433,2024-10-28,3.0,430.62,52.81,7.0,Retrasado,Medellín,WhatsApp,False,False,False
TRX-10759,PROD-1918,2024-09-24,5.0,89.06,30.94,19.0,En Camino,Barranquilla,Físico,False,False,False
TRX-10760,PROD-3662,2025-10-10,10.0,302.93,75.12,4.0,En Camino,Cali,WhatsApp,False,False,True
TRX-10761,PROD-1281,2025-09-18,1.0,1931.44,89.97,18.0,Retrasado,Cali,App,False,False,False
TRX-10762,PROD-3669,2025-06-23,8.0,929.57,70.51,28.0,Perdido,Medellín,Online,False,False,True
TRX-10763,PROD-1164,2025-03-18,3.0,1711.42,80.23,22.0,Retrasado,Sin Ciudad,WhatsApp,False,False,False
TRX-10764,PROD-1127,2025-06-13,14.0,935.44,31.84,21.0,Perdido,Bucaramanga,Físico,False,False,False
TRX-10765,PROD-2012,2025-03-27,1.0,1325.03,32.43,15.0,Sin Información,Medellín,Online,False,False,False
TRX-10766,PROD-1816,2024-10-07,10.0,58.04,87.09,17.0,Retrasado,Barranquilla,WhatsApp,False,False,False
TRX-10767,PROD-1083,2026-01-24,6.0,507.23,63.41,1.0,Perdido,Medellín,Físico,False,False,False
TRX-10768,PROD-3544,2025-10-28,1.0,878.18,52.36,24.0,Perdido,Barranquilla,App,False,False,True
TRX-10769,PROD-1624,2025-06-28,3.0,1264.96,27.25,15.0,Entregado,Medellín,Online,False,False,False
TRX-10770,PROD-1977,2025-04-04,5.0,351.33,54.8,16.0,Entregado,Bogotá,App,False,False,False
TRX-10771,PROD-1517,2025-04-08,4.0,1531.46,70.16,24.0,En Camino,Bogotá,App,False,False,False
TRX-10772,PROD-2939,2025-09-06,7.0,735.17,25.76,22.0,Retrasado,Bogotá,App,False,False,False
TRX-10773,PROD-3742,2025-11-07,6.0,1636.7,67.22,11.0,Perdido,Medellín,Físico,False,False,True
TRX-10774,PROD-1468,2025-11-17,12.0,204.96,9.0,9.0,Entregado,Barranquilla,Físico,False,False,False
TRX-10775,PROD-3310,2025-07-24,3.0,1362.72,33.85,17.0,En Camino,Medellín,App,False,False,False
TRX-10776,PROD-1892,2024-11-25,11.0,593.72,69.03,26.0,En Camino,Bogotá,App,False,False,False
TRX-10777,PROD-2904,2025-07-09,8.0,1592.81,19.19,15.0,En Camino,Bogotá,Físico,False,False,False
TRX-10778,PROD-3865,2024-10-10,8.0,810.32,26.11,8.0,Entregado,Bucaramanga,WhatsApp,False,False,True
TRX-10779,PROD-2049,2024-11-25,14.0,1334.05,88.51,18.0,Sin Información,Bucaramanga,Online,False,False,False
TRX-10780,PROD-2510,2025-09-19,2.0,1869.27,52.36,8.0,Devuelto,Sin Ciudad,Físico,False,False,False
TRX-10781,PROD-1687,2025-08-18,7.0,51.05,69.06,3.0,Sin Información,Barranquilla,WhatsApp,False,False,False
TRX-10782,PROD-3481,2025-09-15,14.0,32.12,52.4,22.0,Sin Información,Sin Ciudad,Físico,False,False,False
TRX-10783,PROD-3487,2025-05-31,1.0,1542.86,25.03,23.0,En Camino,Medellín,Físico,False,False,False
TRX-10784,PROD-3942,2025-11-24,2.0,1296.32,37.43,19.0,Devuelto,Sin Ciudad,Online,False,False,True
TRX-10785,PROD-1469,2024-10-09,8.0,593.03,59.56,14.0,Devuelto,Sin Ciudad,Físico,False,False,False
TRX-10786,PROD-1670,2025-12-09,12.0,993.85,19.75,2.0,Devuelto,Medellín,WhatsApp,False,False,False
TRX-10787,PROD-2274,2025-02-10,1.0,93.45,50.77,1.0,En Camino,Cali,Físico,False,False,False
TRX-10788,PROD-1442,2025-07-27,2.0,392.97,43.85,5.0,Perdido,Cali,Online,False,False,False
TRX-10789,PROD-3370,2025-12-10,12.0,854.75,50.29,17.0,Devuelto,Medellín,Físico,False,False,False
TRX-10790,PROD-1105,2026-01-31,1.0,1669.75,15.03,1.0,Entregado,Medellín,App,False,False,False
TRX-10791,PROD-2277,2025-11-22,5.0,964.54,15.12,21.0,Entregado,Barranquilla,Online,False,False,False
TRX-10792,PROD-3358,2026-01-10,7.0,1176.86,52.36,16.0,Devuelto,Cali,Físico,False,False,False
TRX-10793,PROD-3774,2025-08-08,6.0,1748.77,96.59,3.0,Devuelto,Bucaramanga,App,False,False,True
TRX-10794,PROD-2537,2025-05-25,6.0,624.55,98.04,10.0,Devuelto,Bogotá,App,False,False,False
TRX-10795,PROD-2624,2025-12-16,6.0,1404.39,45.49,19.0,Entregado,Bogotá,Online,False,False,False
TRX-10796,PROD-3928,2025-07-09,8.0,1724.72,79.95,11.0,Retrasado,Medellín,Online,False,False,True
TRX-10797,PROD-1812,2025-09-08,5.0,413.21,67.3,23.0,Perdido,Sin Ciudad,Físico,False,False,False
TRX-10798,PROD-1311,2024-12-18,10.0,719.39,16.11,3.0,Retrasado,Barranquilla,WhatsApp,False,False,False
TRX-10799,PROD-3425,2025-04-09,7.0,1959.82,33.18,2.0,Entregado,Sin Ciudad,Online,False,False,False
TRX-10800,PROD-3828,2025-09-15,7.0,1966.6,34.8,15.0,Entregado,Medellín,Físico,True,False,True
TRX-10801,PROD-3569,2025-12-14,3.0,454.23,61.6,3.0,En Camino,Bogotá,App,False,False,True
TRX-10802,PROD-1994,2025-03-02,9.0,142.23,60.1,15.0,Retrasado,Bucaramanga,App,False,False,False
TRX-10803,PROD-1417,2025-02-09,10.0,549.13,92.73,27.0,Devuelto,Bucaramanga,Físico,False,False,False
TRX-10804,PROD-3855,2026-01-28,3.0,801.49,52.36,20.0,Sin Información,Bucaramanga,Online,False,False,True
TRX-10805,PROD-2235,2024-12-07,14.0,887.6,80.05,9.0,Devuelto,Sin Ciudad,Físico,False,False,False
TRX-10806,PROD-3802,2024-10-11,14.0,1241.42,86.4,15.0,Entregado,Bogotá,Físico,False,False,True
TRX-10807,PROD-3459,2025-10-20,6.0,1800.01,89.67,28.0,En Camino,Cali,Online,False,False,False
TRX-10808,PROD-1495,2025-08-18,3.0,667.39,81.12,2.0,Retrasado,Sin Ciudad,WhatsApp,False,False,False
TRX-10809,PROD-3318,2025-10-28,1.0,1701.47,36.62,6.0,En Camino,Sin Ciudad,WhatsApp,False,False,False
TRX-10810,PROD-1168,2024-11-11,1.0,196.02,25.43,5.0,Perdido,Bogotá,WhatsApp,False,False,False
TRX-10811,PROD-2422,2025-05-12,3.0,93.33,59.32,6.0,En Camino,Bucaramanga,Físico,False,False,False
TRX-10812,PROD-3182,2025-07-14,4.0,1013.05,70.51,5.0,Perdido,Medellín,Online,False,False,False
TRX-10813,PROD-2754,2025-11-21,14.0,128.73,41.72,22.0,Retrasado,Barranquilla,WhatsApp,False,False,False
TRX-10814,PROD-3709,2025-10-21,2.0,791.05,85.59,12.0,Devuelto,Barranquilla,Online,False,False,True
TRX-10815,PROD-2517,2024-10-04,9.0,1794.59,96.25,4.0,Perdido,Barranquilla,WhatsApp,False,False,False
TRX-10816,PROD-1282,2025-08-23,11.0,490.55,52.36,24.0,Devuelto,Cali,App,False,False,False
TRX-10817,PROD-3072,2026-01-14,8.0,1414.89,59.09,28.0,En Camino,Barranquilla,App,False,False,False
TRX-10818,PROD-3652,2024-10-07,12.0,611.71,48.38,25.0,En Camino,Barranquilla,Online,False,False,True
TRX-10819,PROD-2397,2024-10-20,13.0,99.39,85.07,26.0,Retrasado,Bogotá,WhatsApp,False,False,False
TRX-10820,PROD-1051,2025-10-15,3.0,1117.81,7.31,23.0,Devuelto,Cali,Online,False,False,False
TRX-10821,PROD-2720,2025-07-11,7.0,1671.36,17.26,14.0,Retrasado,Cali,Online,False,False,False
TRX-10822,PROD-3007,2025-10-02,4.0,824.84,85.34,14.0,Perdido,Bogotá,Online,False,False,False
TRX-10823,PROD-1432,2025-08-09,5.0,1238.41,74.54,11.0,En Camino,Medellín,Físico,False,False,False
TRX-10824,PROD-2775,2025-05-30,4.0,1801.05,44.53,28.0,En Camino,Bogotá,WhatsApp,False,False,False
TRX-10825,PROD-2483,2026-01-27,9.0,1581.49,89.44,1.0,En Camino,Barranquilla,WhatsApp,False,False,False
TRX-10826,PROD-3603,2024-12-29,11.0,395.81,38.39,21.0,Sin Información,Sin Ciudad,Online,False,False,True
TRX-10827,PROD-2883,2025-07-22,7.0,1469.43,65.22,23.0,En Camino,Medellín,App,False,False,False
TRX-10828,PROD-3897,2025-08-25,13.0,1008.77,52.36,5.0,En Camino,Bogotá,Online,False,False,True
TRX-10829,PROD-1626,2024-10-31,4.0,1494.47,65.26,5.0,Perdido,Bogotá,App,False,False,False
TRX-10830,PROD-2783,2024-10-30,13.0,994.09,22.51,12.0,Perdido,Bogotá,WhatsApp,False,False,False
TRX-10831,PROD-1721,2025-07-19,8.0,264.64,32.06,5.0,Retrasado,Sin Ciudad,WhatsApp,False,False,False
TRX-10832,PROD-3137,2025-03-20,2.0,1144.12,92.02,21.0,Entregado,Bogotá,Online,False,False,False
TRX-10833,PROD-3664,2024-12-28,7.0,989.35,22.42,13.0,En Camino,Medellín,Físico,False,False,True
TRX-10834,PROD-2106,2025-10-07,11.0,1040.66,21.49,11.0,En Camino,Sin Ciudad,WhatsApp,False,False,False
TRX-10835,PROD-3522,2026-01-04,1.0,1759.02,50.56,21.0,Entregado,Bucaramanga,WhatsApp,False,False,True
TRX-10836,PROD-3204,2025-07-01,8.0,1790.73,13.76,1.0,Retrasado,Sin Ciudad,WhatsApp,False,False,False
TRX-10837,PROD-2980,2025-05-18,13.0,912.54,89.99,12.0,Perdido,Bogotá,Físico,False,False,False
TRX-10838,PROD-2904,2025-03-05,14.0,916.91,14.51,6.0,En Camino,Medellín,WhatsApp,False,False,False
TRX-10839,PROD-2784,2025-12-19,12.0,1035.22,63.57,27.0,Retrasado,Bogotá,Online,False,False,False
TRX-10840,PROD-3994,2024-12-28,14.0,1043.98,52.36,11.0,Entregado,Sin Ciudad,App,False,False,True
TRX-10841,PROD-3426,2025-06-06,13.0,1901.27,37.28,12.0,Perdido,Sin Ciudad,WhatsApp,False,False,False
TRX-10842,PROD-2099,2025-07-28,6.0,1302.31,81.41,29.0,Perdido,Medellín,WhatsApp,False,False,False
TRX-10843,PROD-2320,2025-06-11,12.0,562.14,61.03,6.0,Retrasado,Bogotá,Físico,False,False,False
TRX-10844,PROD-2005,2025-07-12,5.0,1067.76,41.89,24.0,Devuelto,Bogotá,App,False,False,False
TRX-10845,PROD-1354,2025-06-07,9.0,1258.17,98.47,5.0,Devuelto,Bucaramanga,App,False,False,False
TRX-10846,PROD-2142,2025-05-29,9.0,1283.15,11.29,18.0,Sin Información,Bogotá,Físico,False,False,False
TRX-10847,PROD-2846,2025-05-25,3.0,1174.66,59.89,16.0,Sin Información,Sin Ciudad,Online,False,False,False
TRX-10848,PROD-1998,2025-05-31,9.0,363.69,99.01,13.0,Devuelto,Sin Ciudad,WhatsApp,False,False,False
TRX-10849,PROD-2903,2025-01-23,13.0,76.85,70.64,7.0,Entregado,Bogotá,App,False,False,False
TRX-10850,PROD-3334,2025-08-13,13.0,682.31,75.28,14.0,Devuelto,Barranquilla,App,False,False,False
TRX-10851,PROD-3499,2026-01-09,9.0,860.77,8.05,1.0,Retrasado,Bucaramanga,Online,False,False,False
TRX-10852,PROD-3736,2025-03-10,2.0,132.99,52.36,21.0,Perdido,Sin Ciudad,Online,False,False,True
TRX-10853,PROD-2552,2025-12-01,5.0,1631.79,7.03,28.0,Retrasado,Bucaramanga,WhatsApp,False,False,False
TRX-10854,PROD-2377,2025-03-16,11.0,694.71,8.43,21.0,Retrasado,Barranquilla,Físico,False,False,False
TRX-10855,PROD-1117,2025-06-18,2.0,1828.13,99.21,12.0,En Camino,Bogotá,Físico,False,False,False
TRX-10856,PROD-3024,2025-04-14,1.0,317.28,98.05,3.0,Entregado,Medellín,Online,False,False,False
TRX-10857,PROD-2331,2025-08-13,7.0,123.3,36.78,18.0,Perdido,Bogotá,Online,False,False,False
TRX-10858,PROD-1744,2024-11-27,4.0,969.81,32.64,11.0,En Camino,Bucaramanga,App,False,False,False
TRX-10859,PROD-2997,2025-08-03,5.0,386.37,18.87,20.0,Entregado,Bogotá,Online,False,False,False
TRX-10860,PROD-1868,2025-08-12,4.0,1875.42,36.27,7.0,Perdido,Sin Ciudad,App,False,False,False
TRX-10861,PROD-2453,2024-11-20,6.0,30.5,40.16,10.0,En Camino,Barranquilla,Físico,False,False,False
TRX-10862,PROD-2058,2025-04-29,11.0,831.11,76.09,19.0,Sin Información,Bogotá,Físico,False,False,False
TRX-10863,PROD-2394,2026-02-02,2.0,1854.23,87.3,13.0,Devuelto,Bogotá,App,False,True,False
TRX-10864,PROD-2145,2025-09-30,8.0,774.99,52.36,14.0,Retrasado,Sin Ciudad,WhatsApp,False,False,False
TRX-10865,PROD-3441,2025-06-15,4.0,195.29,75.94,15.0,Sin Información,Bucaramanga,Físico,False,False,False
TRX-10866,PROD-3872,2025-02-10,8.0,612.76,66.42,6.0,Devuelto,Cali,WhatsApp,False,False,True
TRX-10867,PROD-2131,2025-05-16,3.0,1001.04,77.76,7.0,Perdido,Barranquilla,App,False,False,False
TRX-10868,PROD-3276,2025-10-13,12.0,378.45,75.16,13.0,Sin Información,Medellín,WhatsApp,False,False,False
TRX-10869,PROD-1041,2025-04-28,12.0,938.46,50.2,16.0,Sin Información,Bucaramanga,App,False,False,False
TRX-10870,PROD-3116,2024-10-07,11.0,1674.32,36.91,15.0,En Camino,Bogotá,App,False,False,False
TRX-10871,PROD-1782,2025-07-21,5.0,1746.51,31.86,18.0,En Camino,Bogotá,Online,False,False,False
TRX-10872,PROD-1350,2025-12-07,12.0,108.03,69.54,3.0,En Camino,Cali,Físico,False,False,False
TRX-10873,PROD-1988,2025-02-07,3.0,330.2,96.13,16.0,Retrasado,Bucaramanga,Físico,False,False,False
TRX-10874,PROD-3949,2025-11-02,12.0,557.83,60.2,25.0,En Camino,Bogotá,App,False,False,True
TRX-10875,PROD-2664,2025-05-12,13.0,1193.78,91.69,1.0,Entregado,Medellín,WhatsApp,False,False,False
TRX-10876,PROD-3001,2024-12-20,7.0,728.38,52.36,24.0,Entregado,Medellín,Online,False,False,False
TRX-10877,PROD-3274,2025-12-29,3.0,1689.64,6.35,1.0,Entregado,Bogotá,WhatsApp,False,False,False
TRX-10878,PROD-1984,2024-12-08,12.0,1436.18,80.47,19.0,Sin Información,Medellín,Físico,False,False,False
TRX-10879,PROD-3828,2025-02-05,8.0,209.91,86.09,6.0,Devuelto,Bogotá,WhatsApp,False,False,True
TRX-10880,PROD-2950,2025-11-01,9.0,1252.87,64.94,11.0,Perdido,Sin Ciudad,Online,False,False,False
TRX-10881,PROD-3645,2026-01-04,13.0,234.9,93.74,24.0,Devuelto,Sin Ciudad,WhatsApp,False,False,True
TRX-10882,PROD-3915,2025-11-02,12.0,517.52,61.04,7.0,Sin Información,Cali,Físico,False,False,True
TRX-10883,PROD-3010,2025-01-10,2.0,363.96,27.85,3.0,Devuelto,Bogotá,App,False,False,False
TRX-10884,PROD-2835,2025-09-10,3.0,354.39,25.49,28.0,Retrasado,Sin Ciudad,Físico,False,False,False
TRX-10885,PROD-1070,2025-07-20,12.0,1236.63,57.8,6.0,Sin Información,Bucaramanga,Online,False,False,False
TRX-10886,PROD-1381,2024-12-22,13.0,1131.57,91.12,1.0,Devuelto,Bucaramanga,App,False,False,False
TRX-10887,PROD-2205,2025-11-20,7.0,360.3,11.87,8.0,Retrasado,Medellín,Online,False,False,False
TRX-10888,PROD-1907,2025-09-27,5.0,1980.44,52.36,25.0,Entregado,Bucaramanga,Físico,False,False,False
TRX-10889,PROD-2656,2025-11-02,10.0,849.46,62.42,25.0,Entregado,Barranquilla,WhatsApp,False,False,False
TRX-10890,PROD-3833,2025-11-10,7.0,203.17,78.13,14.0,Devuelto,Bucaramanga,Físico,False,False,True
TRX-10891,PROD-1996,2025-03-31,2.0,249.93,15.96,4.0,Devuelto,Bogotá,WhatsApp,False,False,False
TRX-10892,PROD-2254,2024-12-04,14.0,1171.95,16.09,4.0,Entregado,Bogotá,App,False,False,False
TRX-10893,PROD-3719,2025-03-14,14.0,1958.35,39.78,23.0,En Camino,Bogotá,WhatsApp,False,False,True
TRX-10894,PROD-3382,2024-10-27,4.0,1148.18,31.02,23.0,Entregado,Barranquilla,WhatsApp,False,False,False
TRX-10895,PROD-2511,2025-04-20,1.0,1898.59,23.84,16.0,En Camino,Barranquilla,App,False,False,False
TRX-10896,PROD-2938,2025-07-17,5.0,893.82,23.88,11.0,Entregado,Barranquilla,Online,False,False,False
TRX-10897,PROD-3267,2025-02-02,8.0,877.32,17.41,22.0,Perdido,Barranquilla,App,False,False,False
TRX-10898,PROD-3174,2025-07-02,1.0,1005.01,63.03,7.0,Retrasado,Medellín,Online,False,False,False
TRX-10899,PROD-2408,2025-04-08,7.0,1397.88,70.37,1.0,Retrasado,Cali,App,False,False,False
TRX-10900,PROD-2742,2025-12-12,7.0,741.56,52.36,9.0,Perdido,Bogotá,WhatsApp,False,False,False
TRX-10901,PROD-3254,2024-10-24,7.0,1729.13,71.78,29.0,En Camino,Medellín,Físico,False,False,False
TRX-10902,PROD-2354,2025-02-05,7.0,68.27,55.57,6.0,Devuelto,Bucaramanga,WhatsApp,False,False,False
TRX-10903,PROD-2441,2025-05-28,1.0,885.13,95.53,24.0,Devuelto,Cali,Online,False,False,False
TRX-10904,PROD-3878,2025-09-16,12.0,1026.87,88.65,13.0,Retrasado,Medellín,Físico,False,False,True
TRX-10905,PROD-2858,2025-08-29,11.0,1217.99,95.97,21.0,Devuelto,Medellín,WhatsApp,False,False,False
TRX-10906,PROD-2109,2025-02-15,3.0,559.38,41.94,12.0,En Camino,Sin Ciudad,WhatsApp,False,False,False
TRX-10907,PROD-2255,2025-08-22,11.0,860.69,88.39,23.0,Devuelto,Cali,Físico,False,False,False
TRX-10908,PROD-2029,2025-02-12,2.0,974.23,77.47,19.0,Entregado,Medellín,WhatsApp,False,False,False
TRX-10909,PROD-1944,2025-05-14,5.0,1376.95,37.3,26.0,Perdido,Bogotá,Online,False,False,False
TRX-10910,PROD-1494,2025-11-06,2.0,1549.35,15.13,17.0,Retrasado,Bogotá,App,False,False,False
TRX-10911,PROD-3954,2025-12-03,13.0,1478.28,69.85,23.0,Devuelto,Medellín,Online,False,False,True
TRX-10912,PROD-1788,2024-11-05,14.0,689.75,52.36,21.0,En Camino,Barranquilla,WhatsApp,False,False,False
TRX-10913,PROD-2292,2024-10-24,5.0,1998.91,17.96,1.0,Devuelto,Bucaramanga,Físico,False,False,False
TRX-10914,PROD-1489,2025-05-11,5.0,1698.84,32.91,9.0,Perdido,Medellín,Físico,False,False,False
TRX-10915,PROD-3194,2024-10-20,4.0,527.45,52.53,25.0,Entregado,Bucaramanga,Físico,False,False,False
TRX-10916,PROD-3826,2025-11-19,11.0,398.26,69.59,22.0,Sin Información,Bogotá,WhatsApp,False,False,True
TRX-10917,PROD-1758,2026-01-26,7.0,634.9,92.99,27.0,Retrasado,Medellín,Físico,False,False,False
TRX-10918,PROD-1784,2025-03-01,10.0,910.17,61.36,25.0,Retrasado,Cali,Online,False,False,False
TRX-10919,PROD-1886,2025-08-21,6.0,1703.09,68.78,23.0,En Camino,Bucaramanga,Online,False,False,False
TRX-10920,PROD-2983,2025-04-17,2.0,1558.94,34.45,8.0,Entregado,Medellín,WhatsApp,False,False,False
TRX-10921,PROD-2132,2024-10-10,4.0,1703.98,70.29,27.0,Devuelto,Medellín,Online,False,False,False
TRX-10922,PROD-3967,2025-01-03,13.0,551.19,46.59,2.0,Devuelto,Bogotá,Online,False,False,True
TRX-10923,PROD-3414,2024-12-01,14.0,1190.99,86.41,18.0,Sin Información,Medellín,Físico,False,False,False
TRX-10924,PROD-3148,2025-01-19,11.0,573.67,52.36,4.0,Sin Información,Cali,App,False,False,False
TRX-10925,PROD-3444,2025-02-08,7.0,226.96,42.28,1.0,Sin Información,Medellín,Online,False,False,False
TRX-10926,PROD-2159,2025-03-01,9.0,1371.55,49.49,24.0,En Camino,Medellín,WhatsApp,False,False,False
TRX-10927,PROD-1411,2025-05-12,9.0,294.57,46.1,21.0,Entregado,Bogotá,Físico,False,False,False
TRX-10928,PROD-1795,2025-02-17,12.0,1338.72,82.06,12.0,En Camino,Medellín,Online,False,False,False
TRX-10929,PROD-2213,2025-09-10,3.0,1299.45,95.6,16.0,Perdido,Sin Ciudad,WhatsApp,False,False,False
TRX-10930,PROD-1931,2025-11-20,1.0,1622.39,36.09,23.0,Perdido,Medellín,WhatsApp,False,False,False
TRX-10931,PROD-2478,2025-10-19,9.0,287.71,50.13,28.0,Devuelto,Bogotá,Físico,False,False,False
TRX-10932,PROD-1734,2025-05-23,8.0,1569.13,72.06,18.0,Perdido,Medellín,WhatsApp,False,False,False
TRX-10933,PROD-2238,2024-10-27,7.0,1998.56,90.06,5.0,En Camino,Bogotá,App,False,False,False
TRX-10934,PROD-1057,2025-08-13,6.0,1703.57,51.9,16.0,Retrasado,Bogotá,App,False,False,False
TRX-10935,PROD-3900,2025-10-09,14.0,1506.11,15.34,9.0,Perdido,Bogotá,Online,False,False,True
TRX-10936,PROD-3187,2025-09-12,10.0,1327.71,52.36,9.0,En Camino,Bogotá,App,False,False,False
TRX-10937,PROD-1518,2025-05-19,7.0,849.35,40.02,2.0,Retrasado,Cali,Físico,False,False,False
TRX-10938,PROD-2123,2025-08-22,11.0,1463.7,57.28,14.0,Retrasado,Bogotá,Físico,False,False,False
TRX-10939,PROD-1186,2025-02-18,9.0,1451.11,44.66,11.0,Sin Información,Medellín,Online,False,False,False
TRX-10940,PROD-1223,2025-01-11,6.0,1266.68,22.72,2.0,Sin Información,Bucaramanga,App,False,False,False
TRX-10941,PROD-3266,2025-11-04,14.0,1594.59,8.51,16.0,Perdido,Bogotá,WhatsApp,False,False,False
TRX-10942,PROD-2196,2024-10-09,14.0,903.04,70.3,21.0,Entregado,Medellín,WhatsApp,False,False,False
TRX-10943,PROD-3856,2025-10-29,10.0,251.29,99.31,19.0,Sin Información,Medellín,App,False,False,True
TRX-10944,PROD-1517,2025-05-06,3.0,1122.54,92.32,13.0,Perdido,Sin Ciudad,Físico,False,False,False
TRX-10945,PROD-3612,2025-02-09,13.0,537.44,69.91,17.0,Perdido,Bogotá,Físico,False,False,True
TRX-10946,PROD-3010,2025-02-13,14.0,775.02,84.95,27.0,Entregado,Bucaramanga,Físico,False,False,False
TRX-10947,PROD-1420,2025-06-09,3.0,44.66,29.29,29.0,Perdido,Medellín,Físico,False,False,False
TRX-10948,PROD-1050,2025-04-27,4.0,771.75,52.36,1.0,En Camino,Bucaramanga,App,False,False,False
TRX-10949,PROD-3351,2025-03-03,10.0,1619.51,64.13,21.0,Entregado,Sin Ciudad,Online,False,False,False
TRX-10950,PROD-2164,2024-12-23,13.0,1090.02,10.76,19.0,En Camino,Bogotá,App,False,False,False
TRX-10951,PROD-2922,2025-03-15,14.0,29.5,72.18,16.0,Retrasado,Medellín,App,False,False,False
TRX-10952,PROD-2960,2025-08-19,14.0,944.99,97.14,25.0,Entregado,Bogotá,Físico,False,False,False
TRX-10953,PROD-2804,2025-04-15,10.0,589.99,86.78,13.0,Retrasado,Bogotá,Físico,False,False,False
TRX-10954,PROD-2395,2025-11-11,8.0,960.33,55.77,28.0,Sin Información,Sin Ciudad,Físico,False,False,False
TRX-10955,PROD-1755,2025-02-22,10.0,815.34,79.93,19.0,Devuelto,Barranquilla,Online,False,False,False
TRX-10956,PROD-1210,2025-01-03,9.0,1864.64,94.67,3.0,Devuelto,Medellín,Online,False,False,False
TRX-10957,PROD-2034,2025-04-12,14.0,91.94,25.52,3.0,En Camino,Bogotá,Físico,False,False,False
TRX-10958,PROD-2956,2025-06-29,8.0,1370.34,80.36,1.0,Retrasado,Bogotá,Físico,False,False,False
TRX-10959,PROD-1467,2024-11-26,11.0,1703.54,30.64,3.0,Retrasado,Cali,App,False,False,False
TRX-10960,PROD-1267,2025-01-17,10.0,1918.88,52.36,16.0,Entregado,Barranquilla,App,False,False,False
TRX-10961,PROD-2641,2025-02-22,2.0,363.5,88.31,21.0,Devuelto,Sin Ciudad,App,False,False,False
TRX-10962,PROD-3014,2025-02-25,4.0,1067.3,14.34,8.0,En Camino,Medellín,Físico,False,False,False
TRX-10963,PROD-1303,2025-03-05,4.0,96.74,21.93,23.0,En Camino,Sin Ciudad,App,False,False,False
TRX-10964,PROD-3363,2024-12-13,12.0,1003.38,73.46,16.0,Entregado,Bucaramanga,WhatsApp,False,False,False
TRX-10965,PROD-3578,2024-09-28,2.0,259.66,21.6,28.0,Entregado,Medellín,Online,False,False,True
TRX-10966,PROD-3811,2025-08-10,13.0,1677.41,20.02,13.0,Sin Información,Cali,App,False,False,True
TRX-10967,PROD-1219,2024-11-28,8.0,236.6,57.77,13.0,En Camino,Cali,Online,False,False,False
TRX-10968,PROD-1621,2025-05-18,3.0,1031.44,84.32,11.0,Entregado,Bucaramanga,App,False,False,False
TRX-10969,PROD-1611,2024-12-03,2.0,1046.98,30.5,4.0,Sin Información,Bucaramanga,Online,False,False,False
TRX-10970,PROD-3305,2024-12-26,7.0,1943.58,84.91,4.0,Retrasado,Bucaramanga,Físico,False,False,False
TRX-10971,PROD-2244,2025-07-23,1.0,1313.41,81.76,15.0,En Camino,Sin Ciudad,WhatsApp,False,False,False
TRX-10972,PROD-1348,2026-01-02,6.0,582.8,52.36,28.0,Perdido,Bogotá,Online,False,False,False
TRX-10973,PROD-2016,2026-02-02,13.0,489.19,60.02,4.0,Devuelto,Barranquilla,App,False,True,False
TRX-10974,PROD-1485,2025-08-14,13.0,265.21,66.42,8.0,Devuelto,Bogotá,Físico,False,False,False
TRX-10975,PROD-3285,2024-12-09,3.0,1515.46,8.84,24.0,Perdido,Sin Ciudad,WhatsApp,False,False,False
TRX-10976,PROD-2704,2024-11-28,13.0,1384.61,39.88,2.0,Perdido,Cali,Físico,False,False,False
TRX-10977,PROD-3483,2025-03-17,3.0,1223.66,30.02,15.0,Retrasado,Bucaramanga,Físico,False,False,False
TRX-10978,PROD-3441,2025-08-09,5.0,91.27,19.25,23.0,En Camino,Cali,Online,False,False,False
TRX-10979,PROD-3533,2025-03-13,14.0,1528.03,42.02,28.0,Entregado,Barranquilla,WhatsApp,False,False,True
TRX-10980,PROD-1924,2026-01-13,3.0,1287.36,38.72,27.0,Devuelto,Medellín,Físico,False,False,False
TRX-10981,PROD-3140,2025-06-04,12.0,1928.14,74.24,14.0,Perdido,Bogotá,App,False,False,False
TRX-10982,PROD-2558,2024-11-24,4.0,1178.53,61.82,28.0,En Camino,Barranquilla,Físico,False,False,False
TRX-10983,PROD-2845,2025-07-21,13.0,614.86,91.74,21.0,Entregado,Bogotá,App,False,False,False
TRX-10984,PROD-2813,2025-10-30,13.0,769.23,52.36,2.0,Devuelto,Sin Ciudad,Físico,False,False,False
TRX-10985,PROD-2217,2025-05-26,3.0,359.92,18.81,29.0,En Camino,Medellín,WhatsApp,False,False,False
TRX-10986,PROD-3410,2025-04-02,7.0,1448.6,10.68,3.0,Devuelto,Cali,WhatsApp,False,False,False
TRX-10987,PROD-2756,2026-01-02,3.0,1418.37,55.79,11.0,Retrasado,Bucaramanga,WhatsApp,False,False,False
TRX-10988,PROD-2250,2025-08-17,14.0,409.29,5.1,7.0,Devuelto,Sin Ciudad,Online,False,False,False
TRX-10989,PROD-3329,2024-12-02,10.0,325.39,79.83,16.0,Retrasado,Sin Ciudad,Físico,False,False,False
TRX-10990,PROD-3543,2025-09-23,4.0,163.24,53.07,22.0,Retrasado,Medellín,WhatsApp,False,False,True
TRX-10991,PROD-1246,2025-05-09,2.0,1824.83,51.37,22.0,Retrasado,Medellín,App,False,False,False
TRX-10992,PROD-3497,2025-11-30,2.0,473.81,39.44,28.0,Entregado,Bogotá,App,False,False,False
TRX-10993,PROD-1406,2024-11-24,9.0,694.89,40.62,7.0,Sin Información,Cali,Físico,False,False,False
TRX-10994,PROD-1851,2025-07-16,11.0,568.2,45.96,22.0,Entregado,Medellín,WhatsApp,False,False,False
TRX-10995,PROD-3562,2025-05-25,1.0,833.11,6.52,11.0,Retrasado,Barranquilla,Online,False,False,True
TRX-10996,PROD-1864,2024-09-29,1.0,1430.96,52.36,2.0,En Camino,Bogotá,WhatsApp,False,False,False
TRX-10997,PROD-2083,2025-10-20,10.0,1742.49,12.94,8.0,Sin Información,Bogotá,Físico,False,False,False
TRX-10998,PROD-3705,2025-06-09,1.0,373.37,52.98,7.0,Sin Información,Bucaramanga,Online,False,False,True
TRX-10999,PROD-1332,2024-12-20,14.0,1375.96,19.26,6.0,Retrasado,Sin Ciudad,App,False,False,False
TRX-11000,PROD-1643,2025-03-18,7.0,711.6,78.98,15.0,En Camino,Medellín,WhatsApp,True,False,False
TRX-11001,PROD-1982,2025-04-14,3.0,1961.25,31.08,16.0,Devuelto,Bogotá,WhatsApp,False,False,False
TRX-11002,PROD-1711,2025-02-03,2.0,604.85,14.3,21.0,Entregado,Cali,App,False,False,False
TRX-11003,PROD-3260,2024-12-13,3.0,24.31,27.34,11.0,En Camino,Medellín,Físico,False,False,False
TRX-11004,PROD-1307,2026-01-23,14.0,1036.12,38.92,22.0,Sin Información,Medellín,Online,False,False,False
TRX-11005,PROD-1641,2024-10-13,5.0,309.95,8.36,3.0,En Camino,Barranquilla,App,False,False,False
TRX-11006,PROD-1010,2025-10-26,9.0,98.54,18.46,18.0,En Camino,Barranquilla,Online,False,False,False
TRX-11007,PROD-2673,2025-01-28,2.0,1399.56,35.77,9.0,Perdido,Barranquilla,Físico,False,False,False
TRX-11008,PROD-2845,2025-04-05,12.0,1467.2,52.36,17.0,Entregado,Cali,Online,False,False,False
TRX-11009,PROD-3823,2025-04-04,11.0,926.79,34.5,2.0,Perdido,Sin Ciudad,Online,False,False,True
TRX-11010,PROD-3432,2025-03-25,14.0,1357.0,81.04,27.0,Devuelto,Medellín,WhatsApp,False,False,False
TRX-11011,PROD-2924,2025-05-27,1.0,1081.1,85.11,10.0,En Camino,Sin Ciudad,App,False,False,False
TRX-11012,PROD-2192,2025-09-18,11.0,1263.3,23.37,10.0,Entregado,Medellín,Online,False,False,False
TRX-11013,PROD-1133,2025-09-17,6.0,1197.44,16.77,17.0,Sin Información,Barranquilla,Online,False,False,False
TRX-11014,PROD-1948,2025-08-12,3.0,1334.99,65.25,8.0,Entregado,Barranquilla,App,False,False,False
TRX-11015,PROD-2180,2025-03-01,13.0,407.26,81.44,20.0,Entregado,Bogotá,App,False,False,False
TRX-11016,PROD-3895,2025-04-04,7.0,544.73,96.55,6.0,En Camino,Bucaramanga,Físico,False,False,True
TRX-11017,PROD-2158,2025-01-10,6.0,885.53,5.65,11.0,Sin Información,Bogotá,App,False,False,False
TRX-11018,PROD-3879,2025-11-09,11.0,897.79,44.3,5.0,Retrasado,Medellín,Online,False,False,True
TRX-11019,PROD-2859,2024-11-27,7.0,1551.08,74.73,24.0,Retrasado,Barranquilla,WhatsApp,False,False,False
TRX-11020,PROD-1291,2025-11-14,13.0,741.11,52.36,10.0,Retrasado,Bogotá,Físico,False,False,False
TRX-11021,PROD-3815,2025-06-03,13.0,333.39,83.71,23.0,Perdido,Barranquilla,App,False,False,True
TRX-11022,PROD-1956,2025-07-02,5.0,510.42,10.92,1.0,En Camino,Barranquilla,App,False,False,False
TRX-11023,PROD-2083,2024-11-21,1.0,437.32,69.66,8.0,Devuelto,Medellín,App,False,False,False
TRX-11024,PROD-3560,2025-01-18,14.0,1466.0,32.45,4.0,Perdido,Bucaramanga,Físico,False,False,True
TRX-11025,PROD-3415,2025-11-19,3.0,945.98,12.09,7.0,Entregado,Medellín,Físico,False,False,False
TRX-11026,PROD-3708,2024-11-05,3.0,1420.18,51.46,19.0,Retrasado,Medellín,App,False,False,True
TRX-11027,PROD-1810,2026-01-21,7.0,838.28,20.02,15.0,Entregado,Medellín,Físico,False,False,False
TRX-11028,PROD-2741,2025-04-20,14.0,1780.57,75.02,2.0,Perdido,Bucaramanga,WhatsApp,False,False,False
TRX-11029,PROD-1470,2024-10-28,13.0,1967.21,75.42,17.0,Sin Información,Cali,Online,False,False,False
TRX-11030,PROD-3230,2024-10-11,3.0,1342.99,85.0,26.0,Retrasado,Bucaramanga,WhatsApp,False,False,False
TRX-11031,PROD-1920,2024-12-22,11.0,1728.99,40.87,21.0,En Camino,Bogotá,Online,False,False,False
TRX-11032,PROD-3652,2025-07-20,5.0,1020.79,52.36,16.0,Retrasado,Medellín,Físico,False,False,True
TRX-11033,PROD-1610,2025-04-22,4.0,1869.9,6.26,27.0,Retrasado,Bogotá,App,False,False,False
TRX-11034,PROD-2088,2025-11-01,4.0,1664.86,29.67,14.0,Sin Información,Bogotá,Físico,False,False,False
TRX-11035,PROD-1582,2025-11-03,13.0,1983.64,49.44,3.0,Retrasado,Medellín,WhatsApp,False,False,False
TRX-11036,PROD-1292,2025-05-02,7.0,1249.96,70.93,27.0,Perdido,Bogotá,WhatsApp,False,False,False
TRX-11037,PROD-1244,2025-04-27,1.0,1560.62,41.29,19.0,Retrasado,Bucaramanga,Físico,False,False,False
TRX-11038,PROD-1679,2025-05-03,7.0,1090.31,55.92,8.0,Sin Información,Bogotá,App,False,False,False
TRX-11039,PROD-2259,2025-11-07,8.0,525.65,54.81,17.0,Perdido,Bogotá,App,False,False,False
TRX-11040,PROD-3437,2024-12-29,3.0,715.96,20.67,29.0,Entregado,Bogotá,Online,False,False,False
TRX-11041,PROD-3331,2025-12-22,3.0,1789.07,64.19,18.0,En Camino,Medellín,WhatsApp,False,False,False
TRX-11042,PROD-2182,2024-10-11,4.0,121.34,46.73,1.0,Retrasado,Barranquilla,Online,False,False,False
TRX-11043,PROD-2798,2025-07-16,13.0,1187.04,81.75,7.0,Perdido,Bogotá,Físico,False,False,False
TRX-11044,PROD-1509,2024-10-18,6.0,751.24,52.36,4.0,Retrasado,Sin Ciudad,Online,False,False,False
TRX-11045,PROD-2919,2024-10-20,14.0,779.52,70.61,3.0,Retrasado,Bogotá,App,False,False,False
TRX-11046,PROD-3820,2024-11-25,7.0,1770.3,15.59,19.0,Sin Información,Bucaramanga,WhatsApp,False,False,True
TRX-11047,PROD-2245,2025-08-12,1.0,1709.11,51.43,10.0,Retrasado,Cali,App,False,False,False
TRX-11048,PROD-3866,2025-05-03,13.0,1201.7,71.74,27.0,Devuelto,Medellín,Online,False,False,True
TRX-11049,PROD-2648,2024-12-11,4.0,553.11,13.27,3.0,En Camino,Bucaramanga,Físico,False,False,False
TRX-11050,PROD-2115,2024-11-12,12.0,956.16,80.29,2.0,En Camino,Medellín,Online,False,False,False
TRX-11051,PROD-3049,2025-12-24,7.0,822.5,26.09,5.0,Perdido,Medellín,App,False,False,False
TRX-11052,PROD-3211,2025-01-02,11.0,713.7,52.79,17.0,Entregado,Bogotá,WhatsApp,False,False,False
TRX-11053,PROD-3022,2025-03-17,2.0,214.54,94.35,5.0,Entregado,Barranquilla,Online,False,False,False
TRX-11054,PROD-2793,2024-10-02,1.0,1090.8,59.28,26.0,Entregado,Sin Ciudad,WhatsApp,False,False,False
TRX-11055,PROD-1329,2025-05-17,1.0,610.64,45.29,14.0,Retrasado,Barranquilla,WhatsApp,False,False,False
TRX-11056,PROD-3449,2025-12-23,10.0,1325.01,52.36,16.0,Sin Información,Bucaramanga,Online,False,False,False
TRX-11057,PROD-1163,2025-11-19,14.0,645.22,5.65,24.0,Perdido,Sin Ciudad,App,False,False,False
TRX-11058,PROD-2769,2024-12-31,14.0,868.02,17.67,23.0,Retrasado,Bogotá,Físico,False,False,False
TRX-11059,PROD-2320,2026-02-03,6.0,114.2,59.97,14.0,Sin Información,Bogotá,App,False,True,False
TRX-11060,PROD-3472,2025-10-05,12.0,1985.15,51.91,27.0,Devuelto,Sin Ciudad,Online,False,False,False
TRX-11061,PROD-2025,2025-05-08,5.0,1020.14,39.56,19.0,Perdido,Bogotá,WhatsApp,False,False,False
TRX-11062,PROD-1105,2025-10-30,1.0,58.23,92.71,13.0,Perdido,Medellín,App,False,False,False
TRX-11063,PROD-1374,2024-11-25,10.0,1087.05,36.59,12.0,Sin Información,Medellín,Físico,False,False,False
TRX-11064,PROD-1937,2025-10-07,3.0,1742.0,56.03,25.0,Perdido,Bogotá,WhatsApp,False,False,False
TRX-11065,PROD-3761,2024-10-11,11.0,1547.38,59.03,27.0,Sin Información,Medellín,Físico,False,False,True
TRX-11066,PROD-3356,2025-08-20,7.0,1404.8,55.11,26.0,Devuelto,Bogotá,WhatsApp,False,False,False
TRX-11067,PROD-3404,2025-08-06,12.0,287.53,50.37,16.0,Perdido,Bogotá,Físico,False,False,False
TRX-11068,PROD-1084,2025-02-10,9.0,1318.9,52.36,29.0,Sin Información,Cali,Físico,False,False,False
TRX-11069,PROD-3753,2024-10-17,13.0,1534.93,37.02,23.0,Sin Información,Barranquilla,Online,False,False,True
TRX-11070,PROD-2103,2025-05-08,9.0,1149.11,91.33,17.0,Devuelto,Medellín,Online,False,False,False
TRX-11071,PROD-3360,2024-12-20,6.0,1786.57,47.83,22.0,Entregado,Sin Ciudad,WhatsApp,False,False,False
TRX-11072,PROD-1164,2024-12-23,3.0,561.21,55.2,20.0,Sin Información,Sin Ciudad,Online,False,False,False
TRX-11073,PROD-1717,2024-11-03,1.0,491.87,67.37,6.0,Sin Información,Cali,Online,False,False,False
TRX-11074,PROD-2927,2025-09-30,3.0,1740.44,11.43,14.0,Perdido,Medellín,Físico,False,False,False
TRX-11075,PROD-3125,2025-07-14,10.0,1254.54,79.22,16.0,Retrasado,Cali,WhatsApp,False,False,False
TRX-11076,PROD-3668,2025-11-10,2.0,12.88,53.69,3.0,En Camino,Medellín,Físico,False,False,True
TRX-11077,PROD-2811,2025-10-16,11.0,712.73,67.43,21.0,Devuelto,Bogotá,Online,False,False,False
TRX-11078,PROD-2139,2024-12-12,5.0,1717.13,78.34,19.0,Entregado,Medellín,Online,False,False,False
TRX-11079,PROD-1743,2025-10-29,8.0,64.37,88.04,7.0,Entregado,Medellín,App,False,False,False
TRX-11080,PROD-3397,2025-01-07,5.0,16.46,52.36,5.0,En Camino,Barranquilla,Físico,False,False,False
TRX-11081,PROD-2785,2025-01-11,1.0,569.71,42.26,20.0,Perdido,Bogotá,Online,False,False,False
TRX-11082,PROD-3600,2025-06-26,3.0,1828.86,82.09,26.0,Retrasado,Medellín,WhatsApp,False,False,True
TRX-11083,PROD-3014,2025-04-24,12.0,1803.94,29.59,23.0,En Camino,Medellín,WhatsApp,False,False,False
TRX-11084,PROD-1373,2025-05-11,5.0,1042.34,67.73,23.0,Perdido,Sin Ciudad,Online,False,False,False
TRX-11085,PROD-2925,2025-07-25,7.0,1110.94,14.76,10.0,Sin Información,Cali,Online,False,False,False
TRX-11086,PROD-2425,2025-01-21,5.0,670.7,6.9,9.0,Perdido,Bogotá,Online,False,False,False
TRX-11087,PROD-2672,2025-02-03,14.0,495.04,14.1,3.0,Devuelto,Medellín,WhatsApp,False,False,False
TRX-11088,PROD-2365,2025-07-25,10.0,1632.29,35.34,27.0,Retrasado,Sin Ciudad,Online,False,False,False
TRX-11089,PROD-2315,2025-04-18,5.0,221.53,7.95,27.0,Retrasado,Bogotá,Físico,False,False,False
TRX-11090,PROD-3744,2025-12-16,7.0,979.84,64.9,10.0,Devuelto,Medellín,App,False,False,True
TRX-11091,PROD-1428,2025-09-28,13.0,1272.45,35.07,16.0,Perdido,Bogotá,App,False,False,False
TRX-11092,PROD-1658,2025-06-06,8.0,216.32,52.36,24.0,Perdido,Sin Ciudad,App,False,False,False
TRX-11093,PROD-2350,2025-03-26,14.0,1044.02,74.96,23.0,Retrasado,Bogotá,Físico,False,False,False
TRX-11094,PROD-2686,2025-07-05,8.0,1159.27,9.36,9.0,Retrasado,Bogotá,Online,False,False,False
TRX-11095,PROD-3841,2025-12-08,7.0,1487.57,25.59,2.0,Retrasado,Cali,App,False,False,True
TRX-11096,PROD-3029,2025-09-20,13.0,477.32,43.76,6.0,Retrasado,Bogotá,WhatsApp,False,False,False
TRX-11097,PROD-2180,2025-03-21,14.0,593.72,41.35,5.0,Perdido,Bogotá,Online,False,False,False
TRX-11098,PROD-3713,2025-11-17,3.0,1143.35,17.44,3.0,Retrasado,Bogotá,WhatsApp,False,False,True
TRX-11099,PROD-2640,2024-11-09,11.0,1966.42,99.44,7.0,Sin Información,Medellín,App,False,False,False
TRX-11100,PROD-3253,2024-12-18,7.0,442.81,32.02,15.0,Perdido,Bogotá,Físico,False,False,False
TRX-11101,PROD-1150,2025-10-12,2.0,1971.95,73.5,21.0,Devuelto,Bogotá,App,False,False,False
TRX-11102,PROD-2862,2024-10-11,1.0,1431.54,25.9,6.0,Sin Información,Bogotá,App,False,False,False
TRX-11103,PROD-1360,2024-11-07,6.0,1653.9,88.4,4.0,Entregado,Medellín,Online,False,False,False
TRX-11104,PROD-2288,2025-12-17,13.0,188.39,52.36,23.0,Devuelto,Bogotá,Online,False,False,False
TRX-11105,PROD-2033,2025-10-13,9.0,607.84,41.84,29.0,Devuelto,Barranquilla,App,False,False,False
TRX-11106,PROD-2324,2024-11-17,3.0,124.9,90.59,13.0,En Camino,Bucaramanga,Físico,False,False,False
TRX-11107,PROD-1474,2025-05-09,5.0,749.38,37.47,23.0,Devuelto,Medellín,WhatsApp,False,False,False
TRX-11108,PROD-2655,2025-02-14,9.0,1962.77,5.82,5.0,En Camino,Sin Ciudad,WhatsApp,False,False,False
TRX-11109,PROD-3107,2024-12-23,14.0,219.49,54.12,15.0,En Camino,Barranquilla,Físico,False,False,False
TRX-11110,PROD-1004,2024-12-13,14.0,1129.12,54.85,7.0,En Camino,Medellín,Online,False,False,False
TRX-11111,PROD-3693,2025-05-05,9.0,22.08,16.38,7.0,Sin Información,Barranquilla,App,False,False,True
TRX-11112,PROD-3222,2024-12-10,7.0,1428.24,27.32,10.0,Devuelto,Barranquilla,App,False,False,False
TRX-11113,PROD-2892,2025-02-19,14.0,402.41,79.43,13.0,Entregado,Bogotá,App,False,False,False
TRX-11114,PROD-2692,2025-09-18,4.0,267.87,8.49,24.0,Sin Información,Medellín,WhatsApp,False,False,False
TRX-11115,PROD-1222,2025-07-02,11.0,680.67,51.51,11.0,En Camino,Medellín,Físico,False,False,False
TRX-11116,PROD-1768,2025-07-30,2.0,1544.38,52.36,1.0,Retrasado,Sin Ciudad,Físico,False,False,False
TRX-11117,PROD-3123,2026-01-20,2.0,222.16,55.39,20.0,Retrasado,Sin Ciudad,App,False,False,False
TRX-11118,PROD-2481,2025-03-01,4.0,467.38,70.43,11.0,Perdido,Cali,App,False,False,False
TRX-11119,PROD-3550,2025-08-04,1.0,26.84,8.56,1.0,Retrasado,Bogotá,Físico,False,False,True
TRX-11120,PROD-3041,2025-09-22,14.0,1937.15,60.64,3.0,Retrasado,Barranquilla,WhatsApp,False,False,False
TRX-11121,PROD-3561,2026-01-02,4.0,1188.37,5.29,8.0,En Camino,Cali,Online,False,False,True
TRX-11122,PROD-2810,2025-02-25,12.0,1442.6,30.19,13.0,Sin Información,Cali,App,False,False,False
TRX-11123,PROD-1211,2025-02-25,14.0,1306.25,52.47,28.0,Devuelto,Medellín,Físico,False,False,False
TRX-11124,PROD-1833,2025-10-03,11.0,297.29,91.57,7.0,Sin Información,Bogotá,WhatsApp,False,False,False
TRX-11125,PROD-2093,2025-04-12,6.0,1193.93,17.03,3.0,Sin Información,Sin Ciudad,Online,False,False,False
TRX-11126,PROD-3249,2026-01-03,6.0,271.52,21.08,20.0,Retrasado,Bogotá,Físico,False,False,False
TRX-11127,PROD-1536,2025-11-05,7.0,808.46,68.58,2.0,Devuelto,Bogotá,App,False,False,False
TRX-11128,PROD-2179,2025-08-29,5.0,1142.24,52.36,18.0,Entregado,Barranquilla,Físico,False,False,False
TRX-11129,PROD-2794,2025-12-28,9.0,1122.17,40.61,5.0,Sin Información,Bogotá,WhatsApp,False,False,False
TRX-11130,PROD-3860,2025-08-30,2.0,246.96,64.23,29.0,Sin Información,Medellín,App,False,False,True
TRX-11131,PROD-2985,2025-01-17,2.0,78.53,99.76,18.0,Retrasado,Bogotá,Físico,False,False,False
TRX-11132,PROD-1497,2025-02-23,4.0,1598.49,98.75,16.0,Entregado,Sin Ciudad,Físico,False,False,False
TRX-11133,PROD-1118,2025-09-21,4.0,1454.59,38.6,27.0,Entregado,Bogotá,App,False,False,False
TRX-11134,PROD-3580,2025-08-19,4.0,172.82,52.87,7.0,Perdido,Barranquilla,App,False,False,True
TRX-11135,PROD-3493,2025-01-19,1.0,263.56,90.95,1.0,Devuelto,Bogotá,WhatsApp,False,False,False
TRX-11136,PROD-1980,2025-04-09,4.0,1786.24,13.76,9.0,Devuelto,Bogotá,App,False,False,False
TRX-11137,PROD-3907,2025-10-28,12.0,1540.57,47.97,15.0,Perdido,Sin Ciudad,WhatsApp,False,False,True
TRX-11138,PROD-1648,2026-01-01,5.0,1992.36,40.87,26.0,En Camino,Bucaramanga,Físico,False,False,False
TRX-11139,PROD-2272,2025-06-12,9.0,515.44,33.01,1.0,Perdido,Sin Ciudad,App,False,False,False
TRX-11140,PROD-3256,2025-03-25,3.0,980.73,52.36,27.0,Sin Información,Bogotá,WhatsApp,False,False,False
TRX-11141,PROD-1056,2025-12-14,3.0,480.55,99.45,17.0,Perdido,Cali,Físico,False,False,False
TRX-11142,PROD-3262,2025-02-17,14.0,1249.37,74.69,9.0,Perdido,Cali,Online,False,False,False
TRX-11143,PROD-2671,2025-03-07,5.0,239.67,41.93,23.0,Entregado,Bucaramanga,Físico,False,False,False
TRX-11144,PROD-1381,2024-12-06,10.0,263.21,83.76,15.0,Devuelto,Bogotá,App,False,False,False
TRX-11145,PROD-1920,2025-05-16,6.0,153.06,51.52,10.0,En Camino,Medellín,WhatsApp,False,False,False
TRX-11146,PROD-1464,2025-08-02,3.0,1390.24,87.92,28.0,Retrasado,Medellín,Online,False,False,False
TRX-11147,PROD-2890,2025-06-21,1.0,993.2,30.31,20.0,Retrasado,Sin Ciudad,WhatsApp,False,False,False
TRX-11148,PROD-1481,2025-03-20,10.0,1239.29,26.24,3.0,Retrasado,Bucaramanga,WhatsApp,False,False,False
TRX-11149,PROD-3653,2025-07-02,8.0,1759.81,28.49,28.0,En Camino,Bucaramanga,Online,False,False,True
TRX-11150,PROD-1630,2024-11-12,12.0,1483.25,56.16,5.0,Retrasado,Sin Ciudad,Online,False,False,False
TRX-11151,PROD-3041,2024-12-06,1.0,928.83,32.67,2.0,En Camino,Bogotá,WhatsApp,False,False,False
TRX-11152,PROD-3935,2025-02-13,2.0,1968.87,52.36,22.0,Retrasado,Bogotá,App,False,False,True
TRX-11153,PROD-2195,2025-08-31,3.0,917.95,18.98,6.0,Retrasado,Sin Ciudad,Online,False,False,False
TRX-11154,PROD-3084,2025-03-29,6.0,233.78,99.49,16.0,En Camino,Cali,App,False,False,False
TRX-11155,PROD-3889,2025-01-23,4.0,1985.38,90.54,12.0,Devuelto,Sin Ciudad,Online,False,False,True
TRX-11156,PROD-2119,2025-08-20,4.0,55.41,65.33,17.0,Sin Información,Medellín,WhatsApp,False,False,False
TRX-11157,PROD-2701,2025-05-31,9.0,1104.27,89.7,12.0,Sin Información,Medellín,Online,False,False,False
TRX-11158,PROD-2976,2025-07-15,6.0,625.1,93.87,26.0,En Camino,Bogotá,WhatsApp,False,False,False
TRX-11159,PROD-2934,2025-08-11,12.0,1012.07,69.23,25.0,En Camino,Medellín,Online,False,False,False
TRX-11160,PROD-1998,2025-01-30,2.0,1121.84,54.27,17.0,Perdido,Bogotá,Online,False,False,False
TRX-11161,PROD-2870,2025-06-01,7.0,487.79,88.79,22.0,Entregado,Bogotá,Online,False,False,False
TRX-11162,PROD-3257,2025-09-15,13.0,1118.15,58.94,7.0,Entregado,Sin Ciudad,Físico,False,False,False
TRX-11163,PROD-1592,2025-11-28,3.0,1514.56,17.05,24.0,Devuelto,Bogotá,Online,False,False,False
TRX-11164,PROD-2571,2025-03-21,9.0,540.35,52.36,16.0,Devuelto,Barranquilla,Físico,False,False,False
TRX-11165,PROD-1780,2025-11-04,6.0,773.02,39.85,18.0,Devuelto,Sin Ciudad,App,False,False,False
TRX-11166,PROD-3455,2025-09-06,8.0,543.8,47.36,27.0,Entregado,Bucaramanga,App,False,False,False
TRX-11167,PROD-3081,2026-01-30,13.0,1642.91,93.86,8.0,Devuelto,Medellín,Online,False,False,False
TRX-11168,PROD-1559,2025-01-10,13.0,1452.71,67.62,27.0,Sin Información,Medellín,App,False,False,False
TRX-11169,PROD-1285,2026-01-17,1.0,1743.68,88.15,26.0,Devuelto,Bogotá,Online,False,False,False
TRX-11170,PROD-2131,2026-01-03,2.0,348.4,76.97,18.0,En Camino,Bucaramanga,Físico,False,False,False
TRX-11171,PROD-2699,2025-08-26,6.0,156.42,34.44,2.0,Sin Información,Bogotá,App,False,False,False
TRX-11172,PROD-2392,2024-12-09,3.0,247.57,73.28,9.0,Sin Información,Bogotá,WhatsApp,False,False,False
TRX-11173,PROD-3079,2026-01-01,1.0,330.43,23.55,23.0,En Camino,Bogotá,Online,False,False,False
TRX-11174,PROD-2094,2024-09-24,6.0,1070.83,43.77,24.0,Entregado,Bogotá,Online,False,False,False
TRX-11175,PROD-1010,2025-08-09,5.0,1942.12,81.58,16.0,En Camino,Bucaramanga,App,False,False,False
TRX-11176,PROD-2158,2025-06-25,13.0,720.9,52.36,17.0,Devuelto,Bogotá,App,False,False,False
TRX-11177,PROD-3973,2025-07-09,9.0,1917.43,63.13,10.0,En Camino,Bucaramanga,App,False,False,True
TRX-11178,PROD-2222,2025-07-16,6.0,86.02,83.41,22.0,Sin Información,Medellín,Online,False,False,False
TRX-11179,PROD-3404,2025-03-10,5.0,1854.48,29.2,1.0,Perdido,Bogotá,WhatsApp,False,False,False
TRX-11180,PROD-3375,2025-05-20,1.0,370.49,76.23,21.0,En Camino,Bucaramanga,Online,False,False,False
TRX-11181,PROD-3703,2025-12-25,1.0,1825.83,24.22,18.0,Entregado,Medellín,Online,False,False,True
TRX-11182,PROD-3005,2026-01-10,11.0,121.89,56.8,15.0,Devuelto,Bogotá,Físico,False,False,False
TRX-11183,PROD-1608,2024-10-15,1.0,1896.96,46.19,9.0,Sin Información,Cali,Online,False,False,False
TRX-11184,PROD-2829,2025-07-13,7.0,409.59,57.87,3.0,Sin Información,Bogotá,Online,False,False,False
TRX-11185,PROD-3206,2025-03-13,6.0,612.4,17.88,16.0,Devuelto,Medellín,Online,False,False,False
TRX-11186,PROD-2983,2025-08-11,14.0,986.98,39.32,26.0,Entregado,Cali,WhatsApp,False,False,False
TRX-11187,PROD-2413,2025-08-06,5.0,767.63,68.36,23.0,En Camino,Barranquilla,App,False,False,False
TRX-11188,PROD-2361,2025-10-23,4.0,1338.38,52.36,15.0,Devuelto,Bogotá,Online,False,False,False
TRX-11189,PROD-3260,2025-07-05,11.0,1949.87,58.06,2.0,Devuelto,Barranquilla,Físico,False,False,False
TRX-11190,PROD-3225,2026-01-14,14.0,1216.79,57.15,10.0,Perdido,Bogotá,Físico,False,False,False
TRX-11191,PROD-2545,2025-08-31,13.0,1445.76,53.53,4.0,Entregado,Bogotá,App,False,False,False
TRX-11192,PROD-2865,2025-04-03,13.0,185.13,94.67,26.0,Sin Información,Bogotá,Físico,False,False,False
TRX-11193,PROD-2318,2025-03-10,11.0,1259.35,93.78,19.0,Sin Información,Medellín,Físico,False,False,False
TRX-11194,PROD-1772,2025-10-31,8.0,913.16,39.21,17.0,En Camino,Medellín,WhatsApp,False,False,False
TRX-11195,PROD-3856,2025-01-18,11.0,1772.71,38.43,10.0,En Camino,Bogotá,Online,False,False,True
TRX-11196,PROD-1978,2024-09-28,8.0,782.54,57.72,22.0,Devuelto,Medellín,Online,False,False,False
TRX-11197,PROD-3342,2025-08-19,5.0,1362.11,14.08,21.0,Retrasado,Medellín,Online,False,False,False
TRX-11198,PROD-2568,2026-01-18,4.0,464.03,33.79,6.0,Perdido,Bucaramanga,Online,False,False,False
TRX-11199,PROD-1956,2025-02-01,2.0,526.15,26.93,1.0,Perdido,Medellín,Online,False,False,False
TRX-11200,PROD-2682,2024-12-24,7.0,758.48,52.36,15.0,Perdido,Cali,Físico,True,False,False
TRX-11201,PROD-1178,2025-05-31,7.0,615.09,26.22,11.0,Sin Información,Bucaramanga,WhatsApp,False,False,False
TRX-11202,PROD-2303,2024-10-02,5.0,515.22,65.66,16.0,Devuelto,Medellín,Online,False,False,False
TRX-11203,PROD-2937,2024-11-12,3.0,108.84,41.51,24.0,Entregado,Sin Ciudad,Físico,False,False,False
TRX-11204,PROD-3888,2025-09-06,9.0,1675.13,21.26,20.0,Entregado,Bogotá,App,False,False,True
TRX-11205,PROD-2561,2025-07-13,9.0,137.96,89.32,7.0,Perdido,Sin Ciudad,Físico,False,False,False
TRX-11206,PROD-2581,2025-01-29,11.0,1775.86,88.04,24.0,Sin Información,Sin Ciudad,WhatsApp,False,False,False
TRX-11207,PROD-3718,2026-01-23,11.0,259.68,86.93,3.0,Retrasado,Sin Ciudad,Online,False,False,True
TRX-11208,PROD-3670,2025-10-19,10.0,139.87,42.12,14.0,Sin Información,Medellín,Online,False,False,True
TRX-11209,PROD-1623,2025-05-29,14.0,1130.38,10.41,4.0,Retrasado,Medellín,Online,False,False,False
TRX-11210,PROD-3028,2025-01-02,11.0,1009.86,15.14,9.0,En Camino,Cali,WhatsApp,False,False,False
TRX-11211,PROD-1151,2025-08-25,8.0,987.56,31.22,15.0,Retrasado,Bogotá,App,False,False,False
TRX-11212,PROD-1517,2024-12-14,1.0,1153.26,52.36,12.0,Perdido,Bogotá,App,False,False,False
TRX-11213,PROD-3057,2025-04-01,12.0,581.24,25.9,25.0,En Camino,Barranquilla,Físico,False,False,False
TRX-11214,PROD-3417,2025-11-13,3.0,1329.27,88.03,16.0,Perdido,Bogotá,Físico,False,False,False
TRX-11215,PROD-2359,2025-02-12,2.0,1009.78,98.7,23.0,Sin Información,Bogotá,Online,False,False,False
TRX-11216,PROD-1411,2025-05-17,4.0,676.14,82.58,19.0,Sin Información,Bogotá,Online,False,False,False
TRX-11217,PROD-2803,2025-07-06,2.0,1654.74,74.34,14.0,Entregado,Medellín,Online,False,False,False
TRX-11218,PROD-1408,2025-06-26,12.0,1458.16,60.92,27.0,Perdido,Cali,Físico,False,False,False
TRX-11219,PROD-3154,2025-10-14,11.0,793.28,78.14,4.0,En Camino,Medellín,Online,False,False,False
TRX-11220,PROD-2871,2025-10-09,8.0,1696.76,94.97,23.0,Perdido,Cali,Físico,False,False,False
TRX-11221,PROD-1062,2025-12-16,1.0,1841.31,62.13,29.0,Devuelto,Sin Ciudad,Físico,False,False,False
TRX-11222,PROD-3959,2025-07-10,4.0,1078.36,19.69,6.0,Sin Información,Cali,WhatsApp,False,False,True
TRX-11223,PROD-1590,2025-03-10,5.0,437.76,20.57,22.0,En Camino,Bogotá,Online,False,False,False
TRX-11224,PROD-2679,2025-12-09,14.0,1832.43,52.36,11.0,Retrasado,Bogotá,Online,False,False,False
TRX-11225,PROD-3681,2025-02-13,10.0,387.06,60.47,4.0,Entregado,Barranquilla,Físico,False,False,True
TRX-11226,PROD-1632,2025-03-25,4.0,106.36,36.68,26.0,Retrasado,Barranquilla,Físico,False,False,False
TRX-11227,PROD-1306,2024-11-06,8.0,661.7,91.47,8.0,Perdido,Bucaramanga,Físico,False,False,False
TRX-11228,PROD-2923,2025-05-23,2.0,1456.66,63.11,9.0,Retrasado,Bogotá,WhatsApp,False,False,False
TRX-11229,PROD-2085,2025-08-03,9.0,1847.32,69.27,26.0,En Camino,Cali,WhatsApp,False,False,False
TRX-11230,PROD-2386,2025-11-30,2.0,1278.2,5.55,23.0,Devuelto,Bogotá,Físico,False,False,False
TRX-11231,PROD-3552,2026-01-04,2.0,1904.16,52.39,24.0,Retrasado,Cali,WhatsApp,False,False,True
TRX-11232,PROD-3837,2025-06-17,13.0,193.82,45.96,26.0,Perdido,Medellín,WhatsApp,False,False,True
TRX-11233,PROD-2628,2026-01-11,2.0,130.9,72.06,2.0,Retrasado,Sin Ciudad,App,False,False,False
TRX-11234,PROD-3661,2025-06-02,12.0,1212.34,41.35,20.0,Retrasado,Bogotá,Online,False,False,True
TRX-11235,PROD-1328,2025-10-23,10.0,1932.57,97.77,3.0,En Camino,Bucaramanga,Físico,False,False,False
TRX-11236,PROD-2345,2025-07-08,8.0,1010.42,52.36,6.0,Perdido,Medellín,App,False,False,False
TRX-11237,PROD-3762,2025-04-22,3.0,112.52,68.67,2.0,Perdido,Sin Ciudad,App,False,False,True
TRX-11238,PROD-3185,2026-01-23,10.0,450.23,67.69,23.0,Devuelto,Bogotá,WhatsApp,False,False,False
TRX-11239,PROD-2556,2025-03-18,11.0,497.14,92.34,8.0,En Camino,Cali,Físico,False,False,False
TRX-11240,PROD-2297,2024-10-13,14.0,682.34,99.54,20.0,Sin Información,Barranquilla,WhatsApp,False,False,False
TRX-11241,PROD-3567,2025-08-04,10.0,96.77,23.79,24.0,En Camino,Barranquilla,App,False,False,True
TRX-11242,PROD-3943,2024-11-13,14.0,1810.74,82.0,8.0,Entregado,Bucaramanga,App,False,False,True
TRX-11243,PROD-2998,2025-12-04,8.0,1035.97,20.42,3.0,Devuelto,Sin Ciudad,App,False,False,False
TRX-11244,PROD-3216,2025-11-19,7.0,1345.15,48.42,17.0,Devuelto,Bogotá,Online,False,False,False
TRX-11245,PROD-1147,2025-05-13,10.0,143.67,14.52,11.0,Perdido,Medellín,Físico,False,False,False
TRX-11246,PROD-3529,2025-11-29,4.0,117.69,64.22,3.0,Perdido,Barranquilla,Online,False,False,True
TRX-11247,PROD-1280,2025-01-23,7.0,1177.07,49.51,26.0,Devuelto,Cali,App,False,False,False
TRX-11248,PROD-1961,2025-09-19,11.0,1775.72,52.36,12.0,En Camino,Bucaramanga,App,False,False,False
TRX-11249,PROD-3585,2025-12-14,8.0,1061.68,64.73,14.0,Entregado,Medellín,App,False,False,True
TRX-11250,PROD-3803,2024-12-31,6.0,1756.86,69.41,29.0,Perdido,Medellín,Online,False,False,True
TRX-11251,PROD-2177,2025-04-24,6.0,1623.87,63.85,1.0,Entregado,Bucaramanga,WhatsApp,False,False,False
TRX-11252,PROD-1931,2025-11-06,3.0,160.95,32.93,12.0,Devuelto,Barranquilla,Físico,False,False,False
TRX-11253,PROD-1370,2025-08-15,5.0,411.9,84.51,18.0,En Camino,Bogotá,WhatsApp,False,False,False
TRX-11254,PROD-2777,2025-02-04,10.0,1318.84,57.41,24.0,Entregado,Sin Ciudad,WhatsApp,False,False,False
TRX-11255,PROD-1403,2025-12-22,2.0,892.57,51.54,4.0,Sin Información,Bucaramanga,App,False,False,False
TRX-11256,PROD-3595,2025-08-06,12.0,588.49,98.77,29.0,Retrasado,Cali,Online,False,False,True
TRX-11257,PROD-3883,2025-04-28,5.0,843.08,31.93,25.0,Devuelto,Medellín,WhatsApp,False,False,True
TRX-11258,PROD-1411,2024-12-19,5.0,895.95,55.16,23.0,En Camino,Bucaramanga,Online,False,False,False
TRX-11259,PROD-2817,2025-06-29,7.0,1822.0,69.82,3.0,Devuelto,Barranquilla,Online,False,False,False
TRX-11260,PROD-1681,2024-11-01,4.0,215.88,52.36,17.0,Devuelto,Bucaramanga,Online,False,False,False
TRX-11261,PROD-3842,2025-05-20,14.0,566.66,16.9,13.0,Entregado,Sin Ciudad,Físico,False,False,True
TRX-11262,PROD-2226,2025-08-20,11.0,1079.75,38.65,17.0,Entregado,Cali,WhatsApp,False,False,False
TRX-11263,PROD-1118,2025-11-27,6.0,1399.59,81.16,17.0,Retrasado,Cali,App,False,False,False
TRX-11264,PROD-1188,2025-02-05,9.0,1264.97,27.49,26.0,Perdido,Barranquilla,App,False,False,False
TRX-11265,PROD-2328,2025-03-23,4.0,1883.87,51.86,19.0,Retrasado,Bogotá,Físico,False,False,False
TRX-11266,PROD-1229,2025-06-14,11.0,1593.26,64.91,5.0,Sin Información,Cali,WhatsApp,False,False,False
TRX-11267,PROD-2201,2025-06-08,14.0,1118.58,68.76,8.0,En Camino,Barranquilla,App,False,False,False
TRX-11268,PROD-2468,2025-03-23,6.0,437.22,74.19,24.0,En Camino,Sin Ciudad,Online,False,False,False
TRX-11269,PROD-2535,2024-10-13,13.0,907.24,87.27,2.0,Devuelto,Sin Ciudad,App,False,False,False
TRX-11270,PROD-2764,2025-09-08,12.0,1389.83,42.32,25.0,Entregado,Bucaramanga,WhatsApp,False,False,False
TRX-11271,PROD-1596,2025-11-28,9.0,1677.54,72.13,9.0,Devuelto,Bucaramanga,Online,False,False,False
TRX-11272,PROD-2000,2025-11-27,10.0,1919.88,52.36,7.0,Perdido,Medellín,Físico,False,False,False
TRX-11273,PROD-3175,2026-01-07,12.0,1214.85,74.56,16.0,Devuelto,Barranquilla,App,False,False,False
TRX-11274,PROD-2687,2025-04-06,1.0,1058.57,33.53,12.0,Sin Información,Bogotá,App,False,False,False
TRX-11275,PROD-3318,2025-04-22,8.0,45.21,96.98,26.0,En Camino,Barranquilla,Físico,False,False,False
TRX-11276,PROD-3792,2025-12-13,1.0,153.48,87.2,21.0,Sin Información,Bucaramanga,WhatsApp,False,False,True
TRX-11277,PROD-1737,2024-10-08,4.0,320.65,32.54,5.0,En Camino,Medellín,Online,False,False,False
TRX-11278,PROD-1696,2025-04-12,3.0,118.97,69.13,24.0,Sin Información,Bucaramanga,App,False,False,False
TRX-11279,PROD-1717,2025-09-20,4.0,807.72,73.19,24.0,Retrasado,Cali,WhatsApp,False,False,False
TRX-11280,PROD-1323,2025-04-28,14.0,680.39,45.99,21.0,Sin Información,Medellín,Online,False,False,False
TRX-11281,PROD-3496,2024-12-24,7.0,1278.33,87.06,22.0,Devuelto,Bogotá,App,False,False,False
TRX-11282,PROD-2566,2025-02-02,13.0,1075.97,70.57,6.0,Entregado,Bogotá,WhatsApp,False,False,False
TRX-11283,PROD-3538,2025-02-08,14.0,1195.98,67.52,22.0,Perdido,Medellín,WhatsApp,False,False,True
TRX-11284,PROD-3798,2025-02-26,9.0,949.23,52.36,21.0,Perdido,Barranquilla,Físico,False,False,True
TRX-11285,PROD-1986,2026-01-28,9.0,562.7,25.98,25.0,Sin Información,Medellín,App,False,False,False
TRX-11286,PROD-3038,2025-08-23,10.0,1906.12,43.75,17.0,Entregado,Sin Ciudad,Online,False,False,False
TRX-11287,PROD-3388,2024-12-01,1.0,181.95,46.22,15.0,Perdido,Barranquilla,App,False,False,False
TRX-11288,PROD-1586,2025-07-23,10.0,1878.39,74.7,10.0,Sin Información,Bucaramanga,Físico,False,False,False
TRX-11289,PROD-1951,2024-10-07,1.0,629.36,63.75,3.0,Sin Información,Cali,Online,False,False,False
TRX-11290,PROD-2888,2025-05-15,9.0,1030.2,13.16,7.0,Entregado,Bogotá,WhatsApp,False,False,False
TRX-11291,PROD-3612,2025-04-22,4.0,226.6,34.23,29.0,Entregado,Bogotá,Físico,False,False,True
TRX-11292,PROD-2040,2025-07-09,12.0,151.15,49.94,25.0,Retrasado,Medellín,Online,False,False,False
TRX-11293,PROD-2882,2024-11-21,13.0,864.8,74.99,2.0,Sin Información,Cali,Online,False,False,False
TRX-11294,PROD-2045,2025-06-01,14.0,1485.98,75.64,13.0,Devuelto,Bogotá,App,False,False,False
TRX-11295,PROD-3731,2025-12-12,3.0,546.04,51.6,27.0,En Camino,Medellín,WhatsApp,False,False,True
TRX-11296,PROD-1038,2024-09-24,13.0,1129.07,52.36,29.0,En Camino,Medellín,Físico,False,False,False
TRX-11297,PROD-2905,2025-05-16,9.0,564.51,16.11,14.0,Sin Información,Bogotá,WhatsApp,False,False,False
TRX-11298,PROD-2178,2025-08-24,5.0,783.34,32.83,4.0,Devuelto,Bucaramanga,Físico,False,False,False
TRX-11299,PROD-3775,2024-10-11,12.0,1813.83,29.2,8.0,Perdido,Cali,App,False,False,True
TRX-11300,PROD-3238,2026-01-17,7.0,1713.12,79.2,5.0,Entregado,Barranquilla,Online,False,False,False
TRX-11301,PROD-1647,2024-11-10,6.0,1036.87,22.1,12.0,En Camino,Bogotá,App,False,False,False
TRX-11302,PROD-1302,2024-12-09,1.0,483.83,49.17,27.0,Retrasado,Bucaramanga,Físico,False,False,False
TRX-11303,PROD-2809,2026-01-07,1.0,394.44,68.72,24.0,Perdido,Bogotá,WhatsApp,False,False,False
TRX-11304,PROD-2415,2024-10-20,13.0,1908.63,96.65,12.0,Retrasado,Bogotá,Online,False,False,False
TRX-11305,PROD-3406,2024-11-09,14.0,413.41,99.93,11.0,En Camino,Medellín,Físico,False,False,False
TRX-11306,PROD-2225,2024-12-27,7.0,1618.25,95.53,2.0,Devuelto,Bogotá,Online,False,False,False
TRX-11307,PROD-3617,2025-03-06,10.0,744.25,73.23,28.0,Devuelto,Bucaramanga,Online,False,False,True
TRX-11308,PROD-2737,2025-12-24,8.0,1971.46,52.36,24.0,Retrasado,Barranquilla,App,False,False,False
TRX-11309,PROD-3827,2025-11-29,11.0,742.63,75.91,22.0,Sin Información,Barranquilla,Físico,False,False,True
TRX-11310,PROD-2024,2025-09-22,8.0,709.52,77.12,5.0,Perdido,Sin Ciudad,WhatsApp,False,False,False
TRX-11311,PROD-2871,2025-03-17,14.0,1278.55,86.95,13.0,En Camino,Bogotá,App,False,False,False
TRX-11312,PROD-2237,2024-12-04,13.0,1923.42,95.42,18.0,Entregado,Bucaramanga,App,False,False,False
TRX-11313,PROD-1815,2026-01-07,7.0,1952.66,47.34,23.0,Devuelto,Cali,App,False,False,False
TRX-11314,PROD-2575,2025-09-13,13.0,1417.34,44.57,17.0,Retrasado,Bucaramanga,Físico,False,False,False
TRX-11315,PROD-2979,2024-10-21,11.0,1511.67,48.74,6.0,En Camino,Bogotá,Físico,False,False,False
TRX-11316,PROD-1436,2025-12-10,9.0,1131.17,67.68,19.0,Perdido,Barranquilla,Online,False,False,False
TRX-11317,PROD-1971,2025-02-26,1.0,1513.99,78.67,22.0,Sin Información,Medellín,Online,False,False,False
TRX-11318,PROD-2562,2025-08-02,2.0,1720.96,87.7,17.0,Entregado,Sin Ciudad,Online,False,False,False
TRX-11319,PROD-3342,2025-07-23,13.0,977.33,48.34,17.0,Entregado,Bogotá,Online,False,False,False
TRX-11320,PROD-2470,2025-06-28,3.0,1243.53,52.36,18.0,Sin Información,Medellín,App,False,False,False
TRX-11321,PROD-3354,2025-07-02,13.0,1079.26,39.52,26.0,Devuelto,Medellín,WhatsApp,False,False,False
TRX-11322,PROD-2211,2026-01-14,12.0,1129.32,98.42,15.0,Entregado,Medellín,Online,False,False,False
TRX-11323,PROD-3864,2026-01-26,13.0,1781.2,27.03,23.0,En Camino,Bucaramanga,Físico,False,False,True
TRX-11324,PROD-2209,2024-09-29,5.0,717.68,26.09,28.0,Devuelto,Barranquilla,Online,False,False,False
TRX-11325,PROD-1089,2025-07-24,4.0,424.29,72.96,28.0,Devuelto,Bucaramanga,Físico,False,False,False
TRX-11326,PROD-3696,2025-03-23,4.0,918.0,22.07,20.0,Devuelto,Bogotá,WhatsApp,False,False,True
TRX-11327,PROD-2621,2025-01-09,8.0,424.09,42.94,4.0,Sin Información,Cali,App,False,False,False
TRX-11328,PROD-2124,2025-08-12,8.0,1001.82,32.78,4.0,En Camino,Medellín,WhatsApp,False,False,False
TRX-11329,PROD-1033,2025-04-16,11.0,1807.98,21.03,5.0,Retrasado,Bucaramanga,WhatsApp,False,False,False
TRX-11330,PROD-3318,2025-05-14,7.0,1238.69,60.07,15.0,Entregado,Barranquilla,App,False,False,False
TRX-11331,PROD-3809,2025-11-22,1.0,1712.31,40.48,2.0,Entregado,Medellín,Físico,False,False,True
TRX-11332,PROD-1200,2025-12-24,10.0,340.72,52.36,11.0,Retrasado,Sin Ciudad,WhatsApp,False,False,False
TRX-11333,PROD-3483,2025-03-28,4.0,1802.74,48.91,23.0,Devuelto,Bogotá,App,False,False,False
TRX-11334,PROD-3034,2025-11-24,1.0,1207.56,23.61,3.0,Perdido,Bogotá,Físico,False,False,False
TRX-11335,PROD-2172,2026-01-17,11.0,73.2,77.95,11.0,En Camino,Medellín,Físico,False,False,False
TRX-11336,PROD-1942,2025-11-06,14.0,1269.91,34.9,3.0,Devuelto,Medellín,Físico,False,False,False
TRX-11337,PROD-3486,2025-11-03,5.0,1903.28,37.56,11.0,Devuelto,Cali,App,False,False,False
TRX-11338,PROD-2443,2025-08-17,3.0,167.54,28.95,29.0,Devuelto,Bucaramanga,Online,False,False,False
TRX-11339,PROD-1897,2025-09-14,3.0,1169.09,46.27,2.0,Entregado,Cali,App,False,False,False
TRX-11340,PROD-3607,2024-09-30,4.0,1831.8,49.04,22.0,Sin Información,Barranquilla,WhatsApp,False,False,True
TRX-11341,PROD-1778,2024-11-14,2.0,29.29,55.32,20.0,Sin Información,Barranquilla,App,False,False,False
TRX-11342,PROD-3543,2025-10-25,7.0,1265.52,96.92,20.0,Sin Información,Sin Ciudad,App,False,False,True
TRX-11343,PROD-2026,2025-04-09,12.0,955.06,90.95,15.0,Entregado,Sin Ciudad,WhatsApp,False,False,False
TRX-11344,PROD-3776,2025-10-18,13.0,700.51,52.36,8.0,Sin Información,Bucaramanga,App,False,False,True
TRX-11345,PROD-3952,2025-02-06,4.0,1258.8,62.89,28.0,Perdido,Medellín,App,False,False,True
TRX-11346,PROD-3700,2025-06-08,5.0,114.88,8.7,2.0,En Camino,Bogotá,WhatsApp,False,False,True
TRX-11347,PROD-3788,2025-08-22,12.0,1508.6,63.16,23.0,Devuelto,Cali,Online,False,False,True
TRX-11348,PROD-1560,2025-10-28,14.0,18.91,13.52,18.0,Sin Información,Bogotá,Online,False,False,False
TRX-11349,PROD-3573,2026-02-02,2.0,620.8,72.48,22.0,Entregado,Medellín,Físico,False,True,True
TRX-11350,PROD-1397,2025-03-13,6.0,1012.88,42.06,29.0,Retrasado,Medellín,Online,False,False,False
TRX-11351,PROD-3570,2024-12-17,9.0,760.27,84.58,21.0,Entregado,Barranquilla,App,False,False,True
TRX-11352,PROD-3647,2024-11-07,8.0,621.88,94.54,8.0,Devuelto,Bogotá,WhatsApp,False,False,True
TRX-11353,PROD-1161,2025-09-03,8.0,1663.36,44.63,22.0,Devuelto,Barranquilla,Físico,False,False,False
TRX-11354,PROD-2265,2025-03-27,2.0,1870.32,48.75,12.0,Entregado,Medellín,App,False,False,False
TRX-11355,PROD-2805,2025-02-25,4.0,1748.69,61.06,23.0,Retrasado,Medellín,Físico,False,False,False
TRX-11356,PROD-1136,2026-01-28,8.0,1049.64,52.36,6.0,Retrasado,Medellín,WhatsApp,False,False,False
TRX-11357,PROD-3373,2025-10-25,11.0,1769.49,23.73,24.0,Devuelto,Barranquilla,App,False,False,False
TRX-11358,PROD-2494,2024-10-01,1.0,1842.51,93.1,2.0,Entregado,Cali,Físico,False,False,False
TRX-11359,PROD-3999,2025-01-15,8.0,824.38,46.13,12.0,En Camino,Cali,Físico,False,False,True
TRX-11360,PROD-1538,2025-02-23,3.0,574.06,20.85,23.0,En Camino,Medellín,Online,False,False,False
TRX-11361,PROD-1369,2025-01-30,8.0,205.55,77.46,21.0,Devuelto,Bucaramanga,Físico,False,False,False
TRX-11362,PROD-2208,2025-08-19,6.0,963.39,25.82,12.0,Retrasado,Barranquilla,Online,False,False,False
TRX-11363,PROD-2338,2024-12-12,7.0,1893.13,18.64,13.0,En Camino,Bogotá,Online,False,False,False
TRX-11364,PROD-2701,2025-10-11,2.0,1126.21,58.47,9.0,Entregado,Barranquilla,WhatsApp,False,False,False
TRX-11365,PROD-1719,2025-07-09,1.0,1338.45,68.79,15.0,Perdido,Sin Ciudad,Online,False,False,False
TRX-11366,PROD-1822,2025-02-16,6.0,234.64,59.11,11.0,Perdido,Cali,Físico,False,False,False
TRX-11367,PROD-1541,2025-07-14,12.0,295.6,67.37,9.0,Retrasado,Cali,Online,False,False,False
TRX-11368,PROD-3209,2026-01-01,3.0,934.3,52.36,24.0,Sin Información,Bogotá,Online,False,False,False
TRX-11369,PROD-2498,2025-06-18,4.0,1903.02,15.97,8.0,Perdido,Cali,Físico,False,False,False
TRX-11370,PROD-3174,2025-02-02,13.0,727.96,50.22,20.0,Entregado,Bogotá,WhatsApp,False,False,False
TRX-11371,PROD-3055,2024-11-11,9.0,1756.19,38.92,28.0,Sin Información,Cali,WhatsApp,False,False,False
TRX-11372,PROD-2116,2024-10-15,3.0,249.37,97.47,24.0,Devuelto,Medellín,Físico,False,False,False
TRX-11373,PROD-1673,2025-10-05,2.0,1237.86,9.71,18.0,Devuelto,Bogotá,App,False,False,False
TRX-11374,PROD-2052,2025-10-03,2.0,1205.22,33.34,11.0,Entregado,Bucaramanga,App,False,False,False
TRX-11375,PROD-2973,2024-12-19,2.0,1721.15,94.48,5.0,Devuelto,Barranquilla,Físico,False,False,False
TRX-11376,PROD-2208,2025-11-09,6.0,16.6,98.43,4.0,Entregado,Sin Ciudad,Online,False,False,False
TRX-11377,PROD-2387,2025-01-12,2.0,387.96,83.37,21.0,Entregado,Sin Ciudad,Físico,False,False,False
TRX-11378,PROD-1471,2025-01-11,11.0,447.18,12.22,5.0,Perdido,Cali,Físico,False,False,False
TRX-11379,PROD-2918,2024-12-03,7.0,1900.43,58.33,21.0,Sin Información,Medellín,App,False,False,False
TRX-11380,PROD-1308,2025-02-23,7.0,315.85,52.36,7.0,Perdido,Bogotá,App,False,False,False
TRX-11381,PROD-1576,2025-12-29,7.0,83.56,43.01,17.0,Retrasado,Bogotá,Físico,False,False,False
TRX-11382,PROD-1924,2024-11-18,14.0,1073.58,81.61,29.0,Perdido,Bogotá,Online,False,False,False
TRX-11383,PROD-3770,2025-06-06,13.0,1061.83,10.23,18.0,Devuelto,Cali,WhatsApp,False,False,True
TRX-11384,PROD-3966,2025-02-25,2.0,1689.65,23.73,23.0,Sin Información,Barranquilla,Físico,False,False,True
TRX-11385,PROD-3762,2025-01-13,7.0,1898.23,51.47,1.0,Perdido,Medellín,Físico,False,False,True
TRX-11386,PROD-2627,2025-08-06,10.0,1081.71,19.98,16.0,Entregado,Bogotá,WhatsApp,False,False,False
TRX-11387,PROD-3282,2024-11-08,8.0,1860.69,70.81,9.0,Perdido,Bogotá,App,False,False,False
TRX-11388,PROD-2498,2025-05-18,8.0,1453.07,82.97,12.0,Devuelto,Bogotá,Online,False,False,False
TRX-11389,PROD-1369,2025-08-22,14.0,536.47,71.93,19.0,Retrasado,Bogotá,App,False,False,False
TRX-11390,PROD-2616,2025-01-06,2.0,1857.56,46.83,11.0,Sin Información,Medellín,WhatsApp,False,False,False
TRX-11391,PROD-1057,2026-01-17,5.0,1338.21,88.45,6.0,En Camino,Bogotá,WhatsApp,False,False,False
TRX-11392,PROD-2083,2025-03-28,14.0,834.05,52.36,4.0,Sin Información,Medellín,WhatsApp,False,False,False
TRX-11393,PROD-3197,2025-02-28,6.0,1363.68,18.08,16.0,Entregado,Bogotá,WhatsApp,False,False,False
TRX-11394,PROD-1506,2025-04-08,9.0,808.61,29.73,3.0,Devuelto,Medellín,Online,False,False,False
TRX-11395,PROD-2862,2025-10-09,6.0,237.23,51.51,8.0,Devuelto,Medellín,Físico,False,False,False
TRX-11396,PROD-2509,2025-03-18,10.0,1440.77,10.83,16.0,En Camino,Medellín,Físico,False,False,False
TRX-11397,PROD-3755,2025-06-10,6.0,1649.93,14.09,29.0,Retrasado,Bogotá,WhatsApp,False,False,True
TRX-11398,PROD-3753,2025-07-06,10.0,1460.32,42.76,2.0,Entregado,Bucaramanga,Online,False,False,True
TRX-11399,PROD-2073,2025-07-12,10.0,465.94,94.67,13.0,Retrasado,Sin Ciudad,WhatsApp,False,False,False
TRX-11400,PROD-3394,2025-08-23,7.0,1913.7,91.3,15.0,En Camino,Medellín,Online,True,False,False
TRX-11401,PROD-2560,2025-02-12,6.0,60.26,49.27,19.0,Entregado,Sin Ciudad,Físico,False,False,False
TRX-11402,PROD-3615,2025-07-27,9.0,672.04,18.51,24.0,Perdido,Bucaramanga,Online,False,False,True
TRX-11403,PROD-2521,2026-01-26,10.0,527.58,21.92,16.0,Retrasado,Medellín,Físico,False,False,False
TRX-11404,PROD-1443,2025-04-07,7.0,105.77,52.36,19.0,Perdido,Medellín,Online,False,False,False
TRX-11405,PROD-3764,2026-01-11,1.0,817.4,40.87,8.0,Entregado,Bogotá,App,False,False,True
TRX-11406,PROD-1957,2025-05-05,1.0,1250.0,24.96,23.0,En Camino,Cali,Online,False,False,False
TRX-11407,PROD-2931,2025-10-22,14.0,1766.28,12.88,2.0,Perdido,Bogotá,WhatsApp,False,False,False
TRX-11408,PROD-1102,2024-11-04,4.0,1979.48,69.01,1.0,Perdido,Cali,App,False,False,False
TRX-11409,PROD-3537,2025-12-20,12.0,1618.1,60.24,17.0,Devuelto,Sin Ciudad,App,False,False,True
TRX-11410,PROD-3299,2025-02-20,2.0,942.67,32.67,18.0,Entregado,Sin Ciudad,App,False,False,False
TRX-11411,PROD-2343,2025-07-15,3.0,1450.17,79.0,7.0,Sin Información,Medellín,App,False,False,False
TRX-11412,PROD-3498,2024-11-24,12.0,1688.81,78.72,9.0,En Camino,Cali,App,False,False,False
TRX-11413,PROD-1906,2025-01-30,7.0,935.96,51.65,23.0,Devuelto,Bogotá,App,False,False,False
TRX-11414,PROD-3652,2025-06-04,14.0,1572.26,14.17,3.0,Retrasado,Sin Ciudad,App,False,False,True
TRX-11415,PROD-1258,2025-12-29,7.0,970.48,92.25,24.0,En Camino,Bogotá,Online,False,False,False
TRX-11416,PROD-3602,2025-08-31,14.0,779.13,52.36,24.0,Devuelto,Bogotá,WhatsApp,False,False,True
TRX-11417,PROD-2901,2025-04-24,12.0,1056.92,68.52,25.0,Retrasado,Bogotá,Online,False,False,False
TRX-11418,PROD-3871,2024-12-04,3.0,1354.95,28.47,11.0,En Camino,Medellín,App,False,False,True
TRX-11419,PROD-2237,2025-11-27,13.0,1456.5,62.99,28.0,Devuelto,Medellín,App,False,False,False
TRX-11420,PROD-3659,2025-01-04,2.0,719.91,43.48,16.0,En Camino,Bucaramanga,App,False,False,True
TRX-11421,PROD-2672,2025-02-27,13.0,1146.93,65.36,29.0,Perdido,Barranquilla,Online,False,False,False
TRX-11422,PROD-1477,2025-06-21,13.0,1820.64,50.02,9.0,Devuelto,Bogotá,WhatsApp,False,False,False
TRX-11423,PROD-1572,2025-08-03,1.0,1952.86,51.12,12.0,Perdido,Sin Ciudad,WhatsApp,False,False,False
TRX-11424,PROD-1185,2025-05-18,9.0,462.22,74.91,14.0,Devuelto,Sin Ciudad,Online,False,False,False
TRX-11425,PROD-1152,2025-07-22,10.0,393.73,63.3,25.0,Perdido,Bogotá,Físico,False,False,False
TRX-11426,PROD-2246,2025-09-29,3.0,1356.6,12.6,4.0,Entregado,Cali,Físico,False,False,False
TRX-11427,PROD-3017,2025-02-27,9.0,835.22,11.21,26.0,Perdido,Bucaramanga,WhatsApp,False,False,False
TRX-11428,PROD-1475,2025-01-09,4.0,58.2,52.36,4.0,Entregado,Bogotá,Físico,False,False,False
TRX-11429,PROD-1398,2024-10-01,10.0,700.26,33.98,11.0,Sin Información,Sin Ciudad,Online,False,False,False
TRX-11430,PROD-1961,2025-08-09,6.0,1615.42,45.87,2.0,En Camino,Cali,WhatsApp,False,False,False
TRX-11431,PROD-3201,2024-11-20,13.0,1596.88,31.15,24.0,Retrasado,Sin Ciudad,WhatsApp,False,False,False
TRX-11432,PROD-1555,2025-09-15,7.0,994.42,66.89,18.0,Retrasado,Bogotá,Online,False,False,False
TRX-11433,PROD-2591,2025-04-02,10.0,950.43,23.54,3.0,Retrasado,Medellín,Online,False,False,False
TRX-11434,PROD-2858,2025-02-05,14.0,1163.22,71.89,25.0,Entregado,Cali,Online,False,False,False
TRX-11435,PROD-2519,2025-05-31,6.0,446.6,78.45,2.0,Retrasado,Barranquilla,App,False,False,False
TRX-11436,PROD-3746,2025-10-06,1.0,1056.83,16.81,1.0,Retrasado,Sin Ciudad,Físico,False,False,True
TRX-11437,PROD-3852,2025-12-02,6.0,31.98,66.83,5.0,Perdido,Bogotá,Físico,False,False,True
TRX-11438,PROD-3212,2025-02-15,11.0,956.36,96.34,7.0,Sin Información,Medellín,WhatsApp,False,False,False
TRX-11439,PROD-2716,2025-09-04,14.0,678.74,23.32,20.0,Retrasado,Bogotá,Físico,False,False,False
TRX-11440,PROD-3405,2026-01-01,6.0,1352.99,52.36,4.0,Entregado,Bucaramanga,WhatsApp,False,False,False
TRX-11441,PROD-3976,2025-09-09,5.0,1280.32,91.38,27.0,Perdido,Barranquilla,WhatsApp,False,False,True
TRX-11442,PROD-1632,2024-11-19,3.0,767.86,62.57,3.0,Entregado,Bogotá,App,False,False,False
TRX-11443,PROD-2699,2025-03-18,10.0,24.47,61.14,6.0,Devuelto,Barranquilla,WhatsApp,False,False,False
TRX-11444,PROD-3682,2025-07-07,3.0,512.02,9.93,12.0,Retrasado,Medellín,App,False,False,True
TRX-11445,PROD-1405,2025-05-25,11.0,1270.36,76.09,29.0,Entregado,Medellín,Físico,False,False,False
TRX-11446,PROD-3004,2024-11-09,10.0,154.02,50.44,16.0,Entregado,Bogotá,App,False,False,False
TRX-11447,PROD-3521,2025-07-20,13.0,224.21,73.51,8.0,Perdido,Barranquilla,Online,False,False,True
TRX-11448,PROD-2671,2025-12-04,7.0,1297.6,81.87,11.0,Devuelto,Bucaramanga,App,False,False,False
TRX-11449,PROD-2145,2025-09-13,8.0,1513.98,54.76,13.0,Devuelto,Bucaramanga,WhatsApp,False,False,False
TRX-11450,PROD-1134,2024-12-31,14.0,649.88,30.05,14.0,Retrasado,Cali,Físico,False,False,False
TRX-11451,PROD-3827,2025-04-23,3.0,984.45,18.45,27.0,Sin Información,Sin Ciudad,WhatsApp,False,False,True
TRX-11452,PROD-2517,2025-07-21,3.0,1891.97,52.36,18.0,En Camino,Medellín,Físico,False,False,False
TRX-11453,PROD-1889,2026-01-15,7.0,1891.63,20.25,22.0,En Camino,Medellín,WhatsApp,False,False,False
TRX-11454,PROD-2816,2025-11-11,10.0,621.93,87.36,8.0,Perdido,Medellín,App,False,False,False
TRX-11455,PROD-2821,2025-03-06,12.0,1621.88,16.74,1.0,Retrasado,Barranquilla,WhatsApp,False,False,False
TRX-11456,PROD-1967,2025-10-27,7.0,1191.95,41.55,4.0,Perdido,Bucaramanga,Online,False,False,False
TRX-11457,PROD-2485,2025-11-26,11.0,1951.21,36.76,17.0,Sin Información,Bucaramanga,Online,False,False,False
TRX-11458,PROD-1406,2025-01-26,9.0,960.45,87.22,20.0,Retrasado,Bucaramanga,Físico,False,False,False
TRX-11459,PROD-3808,2025-07-21,14.0,1551.67,50.38,27.0,Devuelto,Bogotá,Físico,False,False,True
TRX-11460,PROD-2504,2025-12-28,6.0,1538.59,99.66,25.0,En Camino,Medellín,App,False,False,False
TRX-11461,PROD-3230,2025-01-21,13.0,999.89,75.02,22.0,Entregado,Bucaramanga,WhatsApp,False,False,False
TRX-11462,PROD-3641,2024-12-19,7.0,1593.3,85.84,6.0,En Camino,Cali,Online,False,False,True
TRX-11463,PROD-2469,2025-04-27,11.0,529.47,14.37,5.0,Retrasado,Bogotá,App,False,False,False
TRX-11464,PROD-1248,2024-11-22,10.0,253.28,52.36,14.0,Sin Información,Bucaramanga,Físico,False,False,False
TRX-11465,PROD-2630,2025-07-21,1.0,856.08,29.04,19.0,En Camino,Cali,App,False,False,False
TRX-11466,PROD-2130,2025-03-20,7.0,1887.83,17.87,14.0,Entregado,Cali,Físico,False,False,False
TRX-11467,PROD-1777,2025-03-31,2.0,1006.48,49.04,2.0,Devuelto,Bogotá,Físico,False,False,False
TRX-11468,PROD-1500,2025-03-04,7.0,1274.17,73.24,9.0,Devuelto,Sin Ciudad,App,False,False,False
TRX-11469,PROD-2862,2024-12-12,3.0,1252.08,21.06,25.0,Retrasado,Medellín,WhatsApp,False,False,False
TRX-11470,PROD-1375,2026-01-29,9.0,273.82,17.37,7.0,En Camino,Bucaramanga,App,False,False,False
TRX-11471,PROD-3714,2025-03-11,13.0,786.69,63.39,18.0,Retrasado,Medellín,Físico,False,False,True
TRX-11472,PROD-1868,2025-07-20,5.0,1416.81,26.88,20.0,En Camino,Cali,Online,False,False,False
TRX-11473,PROD-3628,2025-10-01,7.0,1944.26,50.54,11.0,Perdido,Sin Ciudad,WhatsApp,False,False,True
TRX-11474,PROD-3619,2025-04-06,8.0,344.36,9.86,8.0,Retrasado,Cali,WhatsApp,False,False,True
TRX-11475,PROD-3445,2025-04-13,13.0,826.78,69.66,26.0,En Camino,Bogotá,Online,False,False,False
TRX-11476,PROD-1087,2024-11-08,12.0,199.24,52.36,22.0,Perdido,Bogotá,WhatsApp,False,False,False
TRX-11477,PROD-1207,2025-12-29,2.0,492.33,56.43,21.0,Retrasado,Medellín,Físico,False,False,False
TRX-11478,PROD-2366,2025-02-27,11.0,759.75,66.51,27.0,Devuelto,Sin Ciudad,App,False,False,False
TRX-11479,PROD-1997,2025-11-04,1.0,1085.88,31.16,10.0,Sin Información,Cali,Físico,False,False,False
TRX-11480,PROD-1515,2025-04-04,7.0,468.83,31.47,18.0,Perdido,Bucaramanga,WhatsApp,False,False,False
TRX-11481,PROD-3312,2025-11-23,6.0,462.85,81.13,17.0,Retrasado,Medellín,Online,False,False,False
TRX-11482,PROD-1840,2025-11-14,6.0,1557.88,73.26,17.0,Entregado,Cali,WhatsApp,False,False,False
TRX-11483,PROD-1281,2025-06-28,2.0,1925.66,60.07,1.0,Sin Información,Medellín,Físico,False,False,False
TRX-11484,PROD-3270,2025-08-05,3.0,653.99,64.67,27.0,Devuelto,Cali,WhatsApp,False,False,False
TRX-11485,PROD-1848,2026-01-14,4.0,1379.1,13.93,22.0,Sin Información,Cali,WhatsApp,False,False,False
TRX-11486,PROD-3401,2025-11-17,3.0,523.58,86.34,4.0,Sin Información,Sin Ciudad,Físico,False,False,False
TRX-11487,PROD-1884,2025-06-18,2.0,1856.62,78.14,11.0,Perdido,Bucaramanga,WhatsApp,False,False,False
TRX-11488,PROD-1954,2026-01-16,3.0,1349.08,52.36,9.0,En Camino,Sin Ciudad,Físico,False,False,False
TRX-11489,PROD-2345,2025-04-09,14.0,1607.33,61.1,9.0,Entregado,Medellín,Online,False,False,False
TRX-11490,PROD-1604,2025-05-04,6.0,108.21,92.27,3.0,En Camino,Medellín,WhatsApp,False,False,False
TRX-11491,PROD-3441,2025-06-12,9.0,1201.03,21.02,6.0,Sin Información,Barranquilla,Online,False,False,False
TRX-11492,PROD-1011,2025-11-22,4.0,1059.95,70.23,6.0,Entregado,Bucaramanga,App,False,False,False
TRX-11493,PROD-2135,2025-03-07,6.0,593.06,96.48,10.0,Retrasado,Medellín,WhatsApp,False,False,False
TRX-11494,PROD-1592,2025-03-21,1.0,532.24,34.45,10.0,Retrasado,Medellín,App,False,False,False
TRX-11495,PROD-1532,2025-11-24,12.0,1164.25,6.45,17.0,En Camino,Medellín,Online,False,False,False
TRX-11496,PROD-3212,2025-04-02,6.0,1415.91,74.81,15.0,Sin Información,Bogotá,Online,False,False,False
TRX-11497,PROD-2026,2025-10-24,12.0,76.01,5.66,25.0,En Camino,Barranquilla,Físico,False,False,False
TRX-11498,PROD-1714,2025-04-26,3.0,1139.13,87.89,4.0,En Camino,Bucaramanga,App,False,False,False
TRX-11499,PROD-1450,2025-07-03,9.0,349.21,10.35,22.0,Perdido,Bogotá,App,False,False,False
TRX-11500,PROD-3707,2025-09-09,7.0,289.32,52.36,10.0,Sin Información,Barranquilla,Físico,False,False,True
TRX-11501,PROD-1105,2025-01-07,4.0,1250.01,67.01,28.0,Devuelto,Cali,App,False,False,False
TRX-11502,PROD-1539,2026-01-01,7.0,628.63,40.83,8.0,En Camino,Bogotá,Online,False,False,False
TRX-11503,PROD-1060,2024-12-29,4.0,887.35,24.32,1.0,Retrasado,Barranquilla,Online,False,False,False
TRX-11504,PROD-2467,2025-09-25,11.0,726.4,90.33,24.0,Sin Información,Cali,Online,False,False,False
TRX-11505,PROD-1974,2026-01-17,6.0,1300.19,75.89,22.0,Sin Información,Barranquilla,Online,False,False,False
TRX-11506,PROD-3411,2026-02-03,14.0,945.54,37.34,17.0,Sin Información,Medellín,WhatsApp,False,True,False
TRX-11507,PROD-2326,2025-05-10,7.0,1927.28,31.99,12.0,Retrasado,Bogotá,Físico,False,False,False
TRX-11508,PROD-1064,2025-06-06,2.0,711.24,74.92,12.0,En Camino,Bogotá,WhatsApp,False,False,False
TRX-11509,PROD-1713,2024-11-04,10.0,1483.17,84.47,25.0,Sin Información,Medellín,WhatsApp,False,False,False
TRX-11510,PROD-2086,2025-05-22,6.0,522.01,73.01,13.0,Sin Información,Cali,App,False,False,False
TRX-11511,PROD-1214,2024-11-03,8.0,1022.42,65.8,25.0,En Camino,Bogotá,Físico,False,False,False
TRX-11512,PROD-1519,2024-12-26,13.0,1109.61,52.36,26.0,Retrasado,Bogotá,WhatsApp,False,False,False
TRX-11513,PROD-2724,2025-11-30,13.0,664.93,26.65,14.0,Perdido,Medellín,WhatsApp,False,False,False
TRX-11514,PROD-3154,2025-06-03,12.0,948.84,86.02,8.0,Sin Información,Barranquilla,Físico,False,False,False
TRX-11515,PROD-1465,2025-03-29,6.0,565.76,76.22,14.0,Entregado,Barranquilla,Online,False,False,False
TRX-11516,PROD-1260,2025-10-12,2.0,21.94,54.14,7.0,Retrasado,Bogotá,Físico,False,False,False
TRX-11517,PROD-2950,2025-07-26,4.0,439.14,53.6,17.0,Entregado,Barranquilla,Físico,False,False,False
TRX-11518,PROD-2836,2025-10-27,1.0,1403.13,59.07,11.0,En Camino,Cali,Físico,False,False,False
TRX-11519,PROD-2482,2025-03-08,7.0,1544.22,83.69,1.0,Devuelto,Barranquilla,Online,False,False,False
TRX-11520,PROD-3102,2025-06-20,8.0,567.6,75.51,8.0,En Camino,Sin Ciudad,Físico,False,False,False
TRX-11521,PROD-3431,2025-01-25,10.0,822.01,86.34,13.0,En Camino,Bogotá,Online,False,False,False
TRX-11522,PROD-1446,2025-03-02,2.0,84.36,53.19,26.0,En Camino,Sin Ciudad,WhatsApp,False,False,False
TRX-11523,PROD-2851,2024-12-18,10.0,481.76,64.34,24.0,Sin Información,Bogotá,WhatsApp,False,False,False
TRX-11524,PROD-3063,2025-07-28,5.0,1560.65,52.36,17.0,Retrasado,Bucaramanga,Online,False,False,False
TRX-11525,PROD-1907,2026-01-24,11.0,1215.91,86.18,24.0,Retrasado,Barranquilla,App,False,False,False
TRX-11526,PROD-3519,2025-05-06,8.0,419.48,27.07,24.0,Devuelto,Barranquilla,Físico,False,False,True
TRX-11527,PROD-1177,2025-02-14,11.0,522.31,47.18,12.0,Entregado,Medellín,WhatsApp,False,False,False
TRX-11528,PROD-3978,2025-09-02,8.0,1635.44,63.96,26.0,Entregado,Bogotá,WhatsApp,False,False,True
TRX-11529,PROD-3698,2025-05-28,5.0,426.08,91.94,16.0,Entregado,Bogotá,Online,False,False,True
TRX-11530,PROD-3135,2025-09-19,8.0,674.97,6.5,10.0,En Camino,Medellín,App,False,False,False
TRX-11531,PROD-2235,2024-09-28,14.0,1332.07,25.19,29.0,Devuelto,Medellín,App,False,False,False
TRX-11532,PROD-2876,2024-10-23,6.0,1126.61,27.27,16.0,En Camino,Bucaramanga,App,False,False,False
TRX-11533,PROD-3635,2025-04-07,5.0,927.13,36.03,28.0,Devuelto,Bogotá,Online,False,False,True
TRX-11534,PROD-1127,2025-05-12,13.0,1800.48,31.77,3.0,Perdido,Bucaramanga,Online,False,False,False
TRX-11535,PROD-1249,2025-07-15,14.0,447.22,61.06,1.0,Retrasado,Barranquilla,Físico,False,False,False
TRX-11536,PROD-2961,2025-11-10,11.0,1485.43,52.36,19.0,Sin Información,Barranquilla,WhatsApp,False,False,False
TRX-11537,PROD-2645,2025-08-13,4.0,326.54,89.13,24.0,Sin Información,Bogotá,WhatsApp,False,False,False
TRX-11538,PROD-2746,2025-12-26,5.0,1235.31,65.51,8.0,Sin Información,Cali,Online,False,False,False
TRX-11539,PROD-3810,2025-02-04,12.0,1742.54,27.95,16.0,En Camino,Sin Ciudad,WhatsApp,False,False,True
TRX-11540,PROD-1442,2026-01-28,4.0,921.22,87.06,28.0,Perdido,Bucaramanga,Físico,False,False,False
TRX-11541,PROD-3008,2024-10-05,1.0,1451.35,65.04,15.0,Entregado,Cali,Online,False,False,False
TRX-11542,PROD-3917,2026-02-01,3.0,1642.58,25.8,7.0,Sin Información,Sin Ciudad,WhatsApp,False,True,True
TRX-11543,PROD-2816,2024-09-26,8.0,280.69,39.36,2.0,Perdido,Sin Ciudad,App,False,False,False
TRX-11544,PROD-1301,2025-03-19,7.0,1414.6,80.05,13.0,Sin Información,Barranquilla,Online,False,False,False
TRX-11545,PROD-1330,2025-05-14,12.0,1840.48,75.2,5.0,Retrasado,Medellín,WhatsApp,False,False,False
TRX-11546,PROD-2319,2025-06-08,7.0,1156.98,59.78,10.0,Sin Información,Bogotá,WhatsApp,False,False,False
TRX-11547,PROD-3491,2025-02-09,11.0,380.38,18.75,8.0,Retrasado,Bucaramanga,Físico,False,False,False
TRX-11548,PROD-1607,2024-11-26,3.0,262.62,52.36,13.0,Sin Información,Barranquilla,Físico,False,False,False
TRX-11549,PROD-1269,2025-07-02,9.0,526.87,81.31,19.0,Sin Información,Medellín,App,False,False,False
TRX-11550,PROD-1516,2025-09-20,6.0,215.99,34.22,6.0,Retrasado,Bogotá,App,False,False,False
TRX-11551,PROD-2126,2025-07-25,8.0,1031.65,78.3,18.0,Sin Información,Medellín,App,False,False,False
TRX-11552,PROD-3557,2025-04-15,8.0,148.71,66.52,8.0,Perdido,Bogotá,Físico,False,False,True
TRX-11553,PROD-3593,2024-10-09,3.0,454.58,30.1,9.0,Entregado,Bogotá,WhatsApp,False,False,True
TRX-11554,PROD-3397,2025-04-10,4.0,885.42,25.18,17.0,En Camino,Bucaramanga,Online,False,False,False
TRX-11555,PROD-3246,2024-10-24,14.0,953.09,17.44,4.0,Sin Información,Medellín,Online,False,False,False
TRX-11556,PROD-3916,2025-04-22,6.0,1135.14,27.98,22.0,Entregado,Medellín,Físico,False,False,True
TRX-11557,PROD-2331,2025-12-01,2.0,1414.17,19.99,18.0,Devuelto,Bogotá,Físico,False,False,False
TRX-11558,PROD-2560,2025-06-22,12.0,103.98,63.62,6.0,Devuelto,Sin Ciudad,Físico,False,False,False
TRX-11559,PROD-3446,2025-07-09,12.0,170.44,61.88,11.0,En Camino,Bucaramanga,Físico,False,False,False
TRX-11560,PROD-3173,2025-07-10,11.0,131.11,52.36,23.0,Sin Información,Cali,Online,False,False,False
TRX-11561,PROD-2207,2026-01-18,12.0,852.07,60.69,22.0,Sin Información,Bogotá,App,False,False,False
TRX-11562,PROD-2858,2026-01-21,7.0,93.28,65.98,10.0,Retrasado,Sin Ciudad,Online,False,False,False
TRX-11563,PROD-3070,2025-05-14,2.0,1494.7,82.4,26.0,En Camino,Cali,Físico,False,False,False
TRX-11564,PROD-3479,2025-11-04,11.0,453.77,91.79,11.0,Perdido,Medellín,App,False,False,False
TRX-11565,PROD-2762,2025-03-23,5.0,1879.03,26.89,8.0,Sin Información,Barranquilla,Online,False,False,False
TRX-11566,PROD-1406,2025-02-15,12.0,977.94,60.84,21.0,Retrasado,Bogotá,Físico,False,False,False
TRX-11567,PROD-3874,2024-11-11,4.0,898.19,12.44,3.0,En Camino,Bogotá,Físico,False,False,True
TRX-11568,PROD-1468,2025-11-26,9.0,1563.27,16.41,2.0,En Camino,Medellín,WhatsApp,False,False,False
TRX-11569,PROD-3681,2025-11-28,13.0,1429.18,67.16,18.0,Perdido,Bucaramanga,WhatsApp,False,False,True
TRX-11570,PROD-3666,2025-01-03,13.0,1218.54,51.23,2.0,Perdido,Bogotá,Físico,False,False,True
TRX-11571,PROD-3258,2024-10-25,2.0,1870.94,77.04,26.0,Entregado,Barranquilla,Online,False,False,False
TRX-11572,PROD-3952,2026-02-01,7.0,850.3,52.36,12.0,Devuelto,Bogotá,WhatsApp,False,True,True
TRX-11573,PROD-1880,2026-01-06,13.0,1618.98,45.44,5.0,En Camino,Sin Ciudad,Online,False,False,False
TRX-11574,PROD-2761,2024-12-20,7.0,766.38,17.12,26.0,Entregado,Cali,Online,False,False,False
TRX-11575,PROD-2849,2026-01-20,7.0,1678.31,87.85,4.0,Retrasado,Bogotá,WhatsApp,False,False,False
TRX-11576,PROD-1935,2025-11-07,1.0,526.35,12.87,16.0,Retrasado,Barranquilla,Físico,False,False,False
TRX-11577,PROD-2694,2025-10-12,8.0,585.64,22.95,14.0,Devuelto,Medellín,WhatsApp,False,False,False
TRX-11578,PROD-2388,2025-08-29,2.0,1358.96,31.31,2.0,Retrasado,Bucaramanga,Online,False,False,False
TRX-11579,PROD-2857,2025-08-03,5.0,433.3,99.55,21.0,Devuelto,Bogotá,App,False,False,False
TRX-11580,PROD-2633,2025-05-21,2.0,466.02,44.6,7.0,Retrasado,Bucaramanga,WhatsApp,False,False,False
TRX-11581,PROD-2703,2025-06-15,13.0,617.47,52.66,21.0,Retrasado,Medellín,App,False,False,False
TRX-11582,PROD-3988,2025-05-03,5.0,1361.07,78.12,11.0,En Camino,Bucaramanga,Físico,False,False,True
TRX-11583,PROD-1389,2025-05-16,7.0,1779.88,65.46,24.0,Perdido,Sin Ciudad,WhatsApp,False,False,False
TRX-11584,PROD-2280,2025-02-22,6.0,1352.39,52.36,12.0,En Camino,Bogotá,App,False,False,False
TRX-11585,PROD-2748,2026-01-03,13.0,1657.35,84.93,22.0,Entregado,Bogotá,Físico,False,False,False
TRX-11586,PROD-2280,2024-11-18,12.0,1091.69,51.21,29.0,Perdido,Medellín,Online,False,False,False
TRX-11587,PROD-3724,2025-08-10,5.0,147.16,97.36,25.0,En Camino,Medellín,Físico,False,False,True
TRX-11588,PROD-2044,2025-10-02,4.0,209.93,80.7,26.0,Perdido,Barranquilla,Físico,False,False,False
TRX-11589,PROD-2533,2025-01-12,8.0,1113.24,43.13,5.0,Perdido,Bucaramanga,Online,False,False,False
TRX-11590,PROD-1625,2024-10-07,11.0,662.32,41.22,24.0,Perdido,Bogotá,Físico,False,False,False
TRX-11591,PROD-3813,2025-11-08,14.0,448.93,93.3,16.0,Retrasado,Medellín,WhatsApp,False,False,True
TRX-11592,PROD-2942,2025-06-18,8.0,937.85,70.02,22.0,Perdido,Cali,Físico,False,False,False
TRX-11593,PROD-1274,2025-01-14,1.0,1336.33,64.04,7.0,Retrasado,Sin Ciudad,App,False,False,False
TRX-11594,PROD-1373,2025-06-01,10.0,776.13,76.99,28.0,Sin Información,Medellín,Físico,False,False,False
TRX-11595,PROD-1349,2026-02-04,2.0,1607.06,58.28,8.0,Perdido,Sin Ciudad,App,False,True,False
TRX-11596,PROD-1381,2025-10-01,3.0,1479.66,52.36,4.0,Retrasado,Barranquilla,Físico,False,False,False
TRX-11597,PROD-2768,2025-02-11,13.0,1472.48,20.12,4.0,Perdido,Medellín,WhatsApp,False,False,False
TRX-11598,PROD-1395,2025-01-14,1.0,1970.53,35.33,27.0,Entregado,Bogotá,Online,False,False,False
TRX-11599,PROD-2526,2025-12-16,11.0,597.51,58.0,6.0,En Camino,Sin Ciudad,Online,False,False,False
TRX-11600,PROD-1532,2025-07-09,7.0,1293.0,6.73,15.0,Sin Información,Medellín,App,True,False,False
TRX-11601,PROD-3278,2026-01-18,3.0,1712.4,46.55,2.0,Perdido,Bogotá,Físico,False,False,False
TRX-11602,PROD-1245,2025-09-14,10.0,1163.25,76.8,9.0,Entregado,Medellín,Físico,False,False,False
TRX-11603,PROD-3402,2024-10-17,12.0,1581.11,20.6,28.0,En Camino,Bucaramanga,WhatsApp,False,False,False
TRX-11604,PROD-3300,2025-09-25,8.0,834.76,11.13,8.0,Devuelto,Medellín,Físico,False,False,False
TRX-11605,PROD-3300,2025-07-29,4.0,1185.08,84.42,18.0,Sin Información,Sin Ciudad,App,False,False,False
TRX-11606,PROD-2350,2025-06-04,13.0,120.78,63.64,28.0,Sin Información,Medellín,App,False,False,False
TRX-11607,PROD-3744,2025-12-29,13.0,1971.68,21.78,12.0,Perdido,Bucaramanga,WhatsApp,False,False,True
TRX-11608,PROD-1500,2025-06-17,7.0,1602.04,52.36,16.0,Devuelto,Barranquilla,App,False,False,False
TRX-11609,PROD-2682,2025-01-26,7.0,1738.93,81.6,1.0,En Camino,Sin Ciudad,App,False,False,False
TRX-11610,PROD-2448,2025-10-20,11.0,1391.65,67.52,26.0,En Camino,Medellín,WhatsApp,False,False,False
TRX-11611,PROD-3725,2025-05-30,5.0,380.24,36.74,20.0,Perdido,Medellín,App,False,False,True
TRX-11612,PROD-2732,2025-07-06,12.0,71.75,40.74,27.0,Entregado,Cali,App,False,False,False
TRX-11613,PROD-3953,2025-08-22,1.0,1730.67,19.81,4.0,Perdido,Medellín,Online,False,False,True
TRX-11614,PROD-1210,2026-01-12,10.0,798.7,84.35,14.0,Entregado,Bogotá,WhatsApp,False,False,False
TRX-11615,PROD-2178,2024-11-14,4.0,535.09,53.36,18.0,Perdido,Cali,Online,False,False,False
TRX-11616,PROD-3459,2025-09-25,7.0,1127.73,57.92,5.0,Entregado,Sin Ciudad,Físico,False,False,False
TRX-11617,PROD-2279,2024-11-04,14.0,847.59,88.93,28.0,Retrasado,Bogotá,WhatsApp,False,False,False
TRX-11618,PROD-2440,2025-03-07,5.0,1306.82,6.5,3.0,Entregado,Medellín,Físico,False,False,False
TRX-11619,PROD-1424,2024-11-03,2.0,972.75,11.36,19.0,Entregado,Medellín,App,False,False,False
TRX-11620,PROD-3367,2025-10-07,14.0,1397.49,52.36,12.0,En Camino,Sin Ciudad,Online,False,False,False
TRX-11621,PROD-3078,2025-12-22,8.0,1708.31,20.35,26.0,Devuelto,Medellín,App,False,False,False
TRX-11622,PROD-1871,2025-03-17,2.0,399.16,7.85,28.0,Perdido,Sin Ciudad,Online,False,False,False
TRX-11623,PROD-1633,2024-11-28,11.0,665.57,67.52,19.0,En Camino,Bucaramanga,Online,False,False,False
TRX-11624,PROD-3689,2024-11-27,8.0,879.26,65.22,20.0,Devuelto,Sin Ciudad,Online,False,False,True
TRX-11625,PROD-2975,2025-10-27,13.0,1924.5,25.03,11.0,En Camino,Bogotá,Online,False,False,False
TRX-11626,PROD-1918,2024-12-14,11.0,737.01,19.19,21.0,Sin Información,Barranquilla,App,False,False,False
TRX-11627,PROD-1443,2025-09-07,2.0,768.39,18.84,20.0,En Camino,Cali,App,False,False,False
TRX-11628,PROD-2434,2025-01-05,11.0,1310.41,95.56,9.0,Perdido,Medellín,App,False,False,False
TRX-11629,PROD-3278,2025-10-27,5.0,844.21,70.88,20.0,Sin Información,Barranquilla,Online,False,False,False
TRX-11630,PROD-2505,2025-07-06,4.0,1902.94,60.62,27.0,Retrasado,Bogotá,Físico,False,False,False
TRX-11631,PROD-1470,2025-10-01,1.0,1789.99,35.64,23.0,En Camino,Sin Ciudad,App,False,False,False
TRX-11632,PROD-2141,2025-03-27,14.0,1031.68,52.36,26.0,Perdido,Barranquilla,App,False,False,False
TRX-11633,PROD-3351,2025-07-03,12.0,1293.1,46.14,27.0,Entregado,Bogotá,WhatsApp,False,False,False
TRX-11634,PROD-1926,2024-09-26,8.0,125.48,13.49,5.0,Devuelto,Bucaramanga,Físico,False,False,False
TRX-11635,PROD-2757,2025-02-07,10.0,1394.5,99.82,10.0,Perdido,Bucaramanga,App,False,False,False
TRX-11636,PROD-3297,2025-03-20,12.0,1417.33,76.73,9.0,Retrasado,Barranquilla,App,False,False,False
TRX-11637,PROD-3546,2025-05-17,3.0,724.81,64.04,25.0,Perdido,Bogotá,WhatsApp,False,False,True
TRX-11638,PROD-3513,2024-10-10,13.0,447.17,60.84,13.0,Perdido,Bogotá,Online,False,False,True
TRX-11639,PROD-3764,2025-07-22,4.0,1831.01,52.91,29.0,Entregado,Barranquilla,Físico,False,False,True
TRX-11640,PROD-3632,2025-11-12,4.0,859.14,29.46,29.0,Devuelto,Sin Ciudad,Físico,False,False,True
TRX-11641,PROD-3280,2025-11-10,5.0,1310.88,26.51,8.0,Sin Información,Medellín,WhatsApp,False,False,False
TRX-11642,PROD-1107,2025-11-16,3.0,76.32,57.21,22.0,Devuelto,Bogotá,Físico,False,False,False
TRX-11643,PROD-3494,2024-10-01,9.0,833.99,11.67,13.0,Retrasado,Bogotá,App,False,False,False
TRX-11644,PROD-3694,2025-11-16,4.0,1636.35,52.36,28.0,Sin Información,Bucaramanga,Físico,False,False,True
TRX-11645,PROD-3840,2024-10-21,14.0,781.28,12.07,27.0,Sin Información,Medellín,WhatsApp,False,False,True
TRX-11646,PROD-2095,2025-02-13,10.0,1210.29,58.28,22.0,Devuelto,Barranquilla,Online,False,False,False
TRX-11647,PROD-1118,2025-09-05,11.0,427.61,92.38,28.0,Entregado,Medellín,WhatsApp,False,False,False
TRX-11648,PROD-1738,2025-02-18,11.0,838.89,91.86,18.0,Retrasado,Bogotá,Físico,False,False,False
TRX-11649,PROD-2119,2024-11-25,4.0,1856.0,6.03,23.0,Entregado,Bogotá,WhatsApp,False,False,False
TRX-11650,PROD-3878,2025-09-24,6.0,1137.24,15.2,9.0,Entregado,Barranquilla,WhatsApp,False,False,True
TRX-11651,PROD-2265,2025-12-16,8.0,1804.84,60.39,9.0,Sin Información,Sin Ciudad,Físico,False,False,False
TRX-11652,PROD-2391,2025-10-07,13.0,1805.02,85.61,2.0,Perdido,Cali,Online,False,False,False
TRX-11653,PROD-2437,2025-03-28,7.0,1888.85,95.67,25.0,Perdido,Medellín,App,False,False,False
TRX-11654,PROD-1025,2025-09-23,4.0,1791.83,86.76,7.0,Perdido,Medellín,WhatsApp,False,False,False
TRX-11655,PROD-1743,2025-05-07,4.0,16.53,69.37,5.0,Sin Información,Bogotá,Online,False,False,False
TRX-11656,PROD-1586,2025-01-18,5.0,1868.69,52.36,21.0,En Camino,Bucaramanga,Online,False,False,False
TRX-11657,PROD-3319,2025-11-08,10.0,283.54,24.05,6.0,Entregado,Bogotá,WhatsApp,False,False,False
TRX-11658,PROD-3692,2025-12-05,5.0,89.45,11.9,13.0,Devuelto,Medellín,Físico,False,False,True
TRX-11659,PROD-2641,2025-09-13,12.0,120.22,9.51,24.0,Retrasado,Medellín,Físico,False,False,False
TRX-11660,PROD-1285,2025-06-03,1.0,704.34,63.15,18.0,En Camino,Bogotá,WhatsApp,False,False,False
TRX-11661,PROD-1581,2024-10-23,13.0,1245.4,8.44,3.0,Perdido,Medellín,Físico,False,False,False
TRX-11662,PROD-3593,2025-03-02,8.0,810.6,75.23,10.0,Sin Información,Cali,Físico,False,False,True
TRX-11663,PROD-1125,2025-04-25,10.0,60.85,72.68,23.0,En Camino,Medellín,Online,False,False,False
TRX-11664,PROD-1375,2025-12-10,13.0,958.2,12.56,3.0,Sin Información,Bucaramanga,App,False,False,False
TRX-11665,PROD-3172,2025-03-10,5.0,889.84,91.13,1.0,En Camino,Sin Ciudad,App,False,False,False
TRX-11666,PROD-1881,2024-12-12,3.0,1516.13,54.58,6.0,Entregado,Medellín,Físico,False,False,False
TRX-11667,PROD-2540,2024-11-07,3.0,566.43,90.92,23.0,Entregado,Medellín,Físico,False,False,False
TRX-11668,PROD-2719,2024-11-10,4.0,442.89,52.36,16.0,Sin Información,Bogotá,WhatsApp,False,False,False
TRX-11669,PROD-2858,2025-12-15,12.0,519.32,90.65,25.0,Devuelto,Barranquilla,Físico,False,False,False
TRX-11670,PROD-2396,2025-07-17,7.0,614.44,23.72,17.0,Retrasado,Sin Ciudad,WhatsApp,False,False,False
TRX-11671,PROD-1644,2025-11-03,5.0,1202.34,41.15,27.0,Retrasado,Bogotá,App,False,False,False
TRX-11672,PROD-2515,2025-09-25,1.0,948.34,17.79,16.0,Perdido,Bogotá,Online,False,False,False
TRX-11673,PROD-2276,2025-07-02,14.0,680.42,78.62,25.0,Devuelto,Barranquilla,WhatsApp,False,False,False
TRX-11674,PROD-3955,2026-01-08,12.0,754.89,52.89,10.0,Retrasado,Cali,Online,False,False,True
TRX-11675,PROD-2328,2025-11-12,13.0,748.14,93.24,7.0,En Camino,Medellín,App,False,False,False
TRX-11676,PROD-3324,2026-01-02,5.0,1945.09,24.78,8.0,En Camino,Barranquilla,Online,False,False,False
TRX-11677,PROD-3442,2024-12-19,14.0,473.66,70.39,3.0,Retrasado,Sin Ciudad,App,False,False,False
TRX-11678,PROD-1347,2025-01-21,5.0,1637.94,98.98,5.0,En Camino,Cali,Online,False,False,False
TRX-11679,PROD-1215,2024-09-25,6.0,1419.34,68.21,19.0,Sin Información,Barranquilla,Online,False,False,False
TRX-11680,PROD-1637,2025-08-04,14.0,21.08,52.36,7.0,En Camino,Bucaramanga,Físico,False,False,False
TRX-11681,PROD-1644,2025-12-26,7.0,1986.42,11.53,18.0,Sin Información,Barranquilla,App,False,False,False
TRX-11682,PROD-3530,2025-05-07,5.0,1515.31,60.9,22.0,Perdido,Bogotá,WhatsApp,False,False,True
TRX-11683,PROD-1203,2024-12-10,13.0,1368.07,22.09,26.0,En Camino,Sin Ciudad,App,False,False,False
TRX-11684,PROD-3760,2025-02-14,11.0,816.6,7.9,18.0,Sin Información,Medellín,Físico,False,False,True
TRX-11685,PROD-1334,2025-05-22,14.0,1114.85,36.82,25.0,Retrasado,Barranquilla,WhatsApp,False,False,False
TRX-11686,PROD-2114,2024-10-24,2.0,514.01,30.28,6.0,Entregado,Barranquilla,Físico,False,False,False
TRX-11687,PROD-2814,2025-06-12,14.0,80.61,79.93,5.0,En Camino,Barranquilla,App,False,False,False
TRX-11688,PROD-3711,2025-04-21,2.0,1673.68,40.5,6.0,Retrasado,Bogotá,App,False,False,True
TRX-11689,PROD-2736,2024-12-02,13.0,1794.0,74.63,29.0,En Camino,Barranquilla,Físico,False,False,False
TRX-11690,PROD-2989,2025-10-11,4.0,333.32,6.54,28.0,Devuelto,Barranquilla,WhatsApp,False,False,False
TRX-11691,PROD-3486,2025-04-07,1.0,1576.24,6.41,6.0,Sin Información,Medellín,App,False,False,False
TRX-11692,PROD-2810,2024-11-19,7.0,1484.89,52.36,22.0,Perdido,Medellín,Físico,False,False,False
TRX-11693,PROD-2696,2025-11-20,13.0,364.97,7.78,26.0,Entregado,Medellín,App,False,False,False
TRX-11694,PROD-2118,2026-01-04,1.0,849.44,25.84,22.0,Sin Información,Bogotá,Físico,False,False,False
TRX-11695,PROD-1882,2025-01-12,3.0,851.29,40.53,25.0,En Camino,Bucaramanga,App,False,False,False
TRX-11696,PROD-3098,2024-11-09,10.0,1522.33,62.75,23.0,Retrasado,Medellín,App,False,False,False
TRX-11697,PROD-1466,2025-12-01,7.0,1676.95,98.66,11.0,Entregado,Cali,Online,False,False,False
TRX-11698,PROD-2413,2025-03-26,11.0,198.6,38.67,17.0,En Camino,Bogotá,WhatsApp,False,False,False
TRX-11699,PROD-2760,2025-09-24,12.0,1130.31,10.29,26.0,Devuelto,Barranquilla,App,False,False,False
TRX-11700,PROD-1454,2025-08-15,7.0,1525.88,23.52,9.0,Retrasado,Barranquilla,WhatsApp,False,False,False
TRX-11701,PROD-2160,2025-03-06,12.0,1574.52,90.3,22.0,Perdido,Barranquilla,Físico,False,False,False
TRX-11702,PROD-3777,2025-04-25,6.0,304.51,71.44,16.0,En Camino,Bucaramanga,Online,False,False,True
TRX-11703,PROD-3779,2025-08-19,7.0,1055.76,80.07,10.0,Retrasado,Bucaramanga,Físico,False,False,True
TRX-11704,PROD-3429,2025-08-18,5.0,1716.54,52.36,15.0,En Camino,Cali,WhatsApp,False,False,False
TRX-11705,PROD-2993,2025-01-21,8.0,643.85,16.8,8.0,Perdido,Bogotá,Físico,False,False,False
TRX-11706,PROD-3158,2025-04-23,6.0,855.98,17.82,14.0,Devuelto,Sin Ciudad,Físico,False,False,False
TRX-11707,PROD-3732,2025-07-30,12.0,1610.67,15.66,16.0,Sin Información,Barranquilla,Físico,False,False,True
TRX-11708,PROD-2263,2024-11-02,4.0,187.75,86.43,19.0,Perdido,Sin Ciudad,WhatsApp,False,False,False
TRX-11709,PROD-1186,2025-09-10,14.0,1720.39,24.95,3.0,Perdido,Bucaramanga,App,False,False,False
TRX-11710,PROD-1903,2025-10-31,11.0,629.2,66.1,13.0,Perdido,Barranquilla,Físico,False,False,False
TRX-11711,PROD-2618,2025-07-08,1.0,12.89,54.04,28.0,Sin Información,Medellín,WhatsApp,False,False,False
TRX-11712,PROD-3454,2025-03-09,2.0,475.98,56.72,9.0,Entregado,Barranquilla,Online,False,False,False
TRX-11713,PROD-1224,2026-01-18,12.0,188.11,23.57,12.0,Retrasado,Cali,Online,False,False,False
TRX-11714,PROD-1031,2024-10-26,6.0,193.85,65.35,25.0,En Camino,Cali,WhatsApp,False,False,False
TRX-11715,PROD-1837,2025-08-06,4.0,1388.74,9.09,5.0,Sin Información,Bucaramanga,Físico,False,False,False
TRX-11716,PROD-2234,2026-01-19,3.0,435.81,52.36,21.0,Devuelto,Barranquilla,App,False,False,False
TRX-11717,PROD-1865,2026-01-10,7.0,1870.14,99.38,19.0,En Camino,Sin Ciudad,Online,False,False,False
TRX-11718,PROD-1562,2025-06-24,7.0,1037.72,7.54,7.0,Entregado,Cali,App,False,False,False
TRX-11719,PROD-2046,2025-11-23,2.0,925.6,9.76,7.0,Devuelto,Medellín,WhatsApp,False,False,False
TRX-11720,PROD-2185,2025-04-07,8.0,874.22,35.84,19.0,Entregado,Bogotá,Online,False,False,False
TRX-11721,PROD-2343,2025-04-01,11.0,1388.25,84.0,8.0,En Camino,Bucaramanga,Físico,False,False,False
TRX-11722,PROD-1491,2025-05-01,1.0,910.0,29.43,6.0,Devuelto,Medellín,Online,False,False,False
TRX-11723,PROD-1031,2024-10-02,11.0,265.91,49.83,3.0,Sin Información,Cali,Físico,False,False,False
TRX-11724,PROD-3037,2025-01-20,10.0,1761.54,6.71,22.0,En Camino,Medellín,App,False,False,False
TRX-11725,PROD-2763,2025-01-23,7.0,862.51,12.49,1.0,Retrasado,Sin Ciudad,Online,False,False,False
TRX-11726,PROD-1719,2025-05-27,10.0,157.27,62.76,6.0,Entregado,Bucaramanga,WhatsApp,False,False,False
TRX-11727,PROD-1529,2025-09-17,12.0,1063.44,23.46,23.0,Retrasado,Sin Ciudad,Online,False,False,False
TRX-11728,PROD-2557,2025-10-24,1.0,1298.22,52.36,20.0,Retrasado,Sin Ciudad,Físico,False,False,False
TRX-11729,PROD-3181,2025-05-01,13.0,558.41,70.95,20.0,En Camino,Barranquilla,App,False,False,False
TRX-11730,PROD-3882,2025-06-10,12.0,1602.68,79.61,19.0,En Camino,Sin Ciudad,WhatsApp,False,False,True
TRX-11731,PROD-1942,2024-11-19,14.0,1342.85,85.78,21.0,Perdido,Medellín,Físico,False,False,False
TRX-11732,PROD-3049,2025-08-03,3.0,1304.18,17.71,28.0,Perdido,Bogotá,Físico,False,False,False
TRX-11733,PROD-3288,2025-12-26,3.0,847.44,48.27,13.0,Devuelto,Barranquilla,WhatsApp,False,False,False
TRX-11734,PROD-3736,2025-01-28,10.0,1924.21,94.97,27.0,En Camino,Bogotá,WhatsApp,False,False,True
TRX-11735,PROD-2450,2025-03-28,14.0,555.64,78.35,17.0,Entregado,Barranquilla,App,False,False,False
TRX-11736,PROD-1295,2025-04-15,2.0,1159.63,16.11,22.0,En Camino,Medellín,Físico,False,False,False
TRX-11737,PROD-2626,2024-12-17,14.0,625.02,52.74,18.0,En Camino,Barranquilla,Físico,False,False,False
TRX-11738,PROD-1173,2025-01-04,10.0,1492.16,92.63,20.0,Sin Información,Bogotá,App,False,False,False
TRX-11739,PROD-2786,2025-02-12,13.0,105.11,46.8,6.0,Retrasado,Bucaramanga,Online,False,False,False
TRX-11740,PROD-1076,2025-04-15,5.0,101.33,52.36,11.0,Retrasado,Bucaramanga,WhatsApp,False,False,False
TRX-11741,PROD-2883,2025-01-29,4.0,1623.61,84.55,27.0,Perdido,Medellín,App,False,False,False
TRX-11742,PROD-1318,2025-05-26,13.0,874.19,52.11,6.0,Sin Información,Bogotá,WhatsApp,False,False,False
TRX-11743,PROD-2282,2024-10-30,6.0,688.95,15.15,28.0,Devuelto,Medellín,App,False,False,False
TRX-11744,PROD-3358,2025-09-20,2.0,1218.98,19.05,26.0,Devuelto,Medellín,App,False,False,False
TRX-11745,PROD-2758,2025-01-09,14.0,1406.78,9.43,7.0,En Camino,Bogotá,Físico,False,False,False
TRX-11746,PROD-3348,2025-07-28,4.0,410.39,23.55,1.0,Sin Información,Sin Ciudad,WhatsApp,False,False,False
TRX-11747,PROD-2656,2024-11-13,12.0,379.01,89.89,28.0,Entregado,Bucaramanga,App,False,False,False
TRX-11748,PROD-3906,2024-09-23,7.0,1916.72,66.77,22.0,Retrasado,Medellín,Físico,False,False,True
TRX-11749,PROD-3622,2024-10-03,1.0,1183.43,75.19,25.0,Entregado,Bogotá,App,False,False,True
TRX-11750,PROD-2710,2025-08-02,13.0,786.33,64.06,24.0,Sin Información,Medellín,WhatsApp,False,False,False
TRX-11751,PROD-2185,2025-05-15,11.0,1604.87,41.72,8.0,Retrasado,Sin Ciudad,App,False,False,False
TRX-11752,PROD-1471,2025-01-28,3.0,1055.07,52.36,27.0,Sin Información,Medellín,Físico,False,False,False
TRX-11753,PROD-2659,2025-11-20,1.0,490.91,25.6,14.0,Sin Información,Sin Ciudad,Físico,False,False,False
TRX-11754,PROD-1085,2025-04-24,2.0,421.4,92.93,22.0,En Camino,Barranquilla,Online,False,False,False
TRX-11755,PROD-2330,2026-01-18,9.0,799.75,53.91,20.0,Devuelto,Barranquilla,WhatsApp,False,False,False
TRX-11756,PROD-1703,2025-12-10,10.0,1721.19,50.7,1.0,Sin Información,Bogotá,Online,False,False,False
TRX-11757,PROD-3531,2025-05-23,5.0,132.28,99.63,5.0,En Camino,Bucaramanga,Físico,False,False,True
TRX-11758,PROD-2884,2024-11-05,13.0,444.87,41.47,29.0,Retrasado,Bogotá,Online,False,False,False
TRX-11759,PROD-3824,2024-09-28,4.0,1787.37,86.14,5.0,Sin Información,Medellín,WhatsApp,False,False,True
TRX-11760,PROD-2482,2025-02-25,12.0,252.25,86.92,14.0,Devuelto,Barranquilla,Físico,False,False,False
TRX-11761,PROD-1360,2025-11-11,4.0,1262.96,27.1,7.0,Entregado,Sin Ciudad,Online,False,False,False
TRX-11762,PROD-2788,2024-09-30,8.0,434.89,14.01,17.0,Entregado,Sin Ciudad,Online,False,False,False
TRX-11763,PROD-1433,2024-09-27,12.0,1215.68,97.68,29.0,Perdido,Barranquilla,Físico,False,False,False
TRX-11764,PROD-1996,2025-09-19,3.0,772.38,52.36,11.0,Entregado,Barranquilla,App,False,False,False
TRX-11765,PROD-2784,2025-03-23,12.0,212.34,45.46,22.0,Perdido,Cali,Físico,False,False,False
TRX-11766,PROD-3412,2025-01-12,12.0,1169.13,5.21,7.0,Devuelto,Barranquilla,Online,False,False,False
TRX-11767,PROD-2640,2026-01-27,4.0,1369.26,52.41,1.0,En Camino,Sin Ciudad,WhatsApp,False,False,False
TRX-11768,PROD-3146,2025-06-22,2.0,1363.74,63.83,15.0,Sin Información,Sin Ciudad,Online,False,False,False
TRX-11769,PROD-1322,2025-11-18,6.0,1277.7,78.73,19.0,Sin Información,Cali,Físico,False,False,False
TRX-11770,PROD-2621,2025-06-14,12.0,1005.45,94.58,10.0,En Camino,Bogotá,Online,False,False,False
TRX-11771,PROD-2270,2025-12-24,9.0,1043.75,91.94,9.0,Sin Información,Bucaramanga,Físico,False,False,False
TRX-11772,PROD-2390,2025-04-22,12.0,1274.92,94.31,13.0,Devuelto,Bucaramanga,Online,False,False,False
TRX-11773,PROD-1907,2024-12-09,4.0,1383.62,8.05,24.0,Sin Información,Medellín,Online,False,False,False
TRX-11774,PROD-2364,2025-06-19,11.0,1313.2,72.62,13.0,Sin Información,Medellín,App,False,False,False
TRX-11775,PROD-1688,2025-02-23,6.0,1178.02,26.46,26.0,Devuelto,Cali,Físico,False,False,False
TRX-11776,PROD-1312,2025-05-01,4.0,320.12,52.36,6.0,Retrasado,Medellín,App,False,False,False
TRX-11777,PROD-3090,2025-09-26,14.0,429.13,22.82,8.0,Entregado,Medellín,App,False,False,False
TRX-11778,PROD-3593,2025-12-12,2.0,527.85,81.03,12.0,Entregado,Medellín,Online,False,False,True
TRX-11779,PROD-1467,2025-09-04,13.0,1840.13,44.63,2.0,Entregado,Cali,Físico,False,False,False
TRX-11780,PROD-3173,2024-10-17,14.0,1521.2,92.08,29.0,Perdido,Bogotá,WhatsApp,False,False,False
TRX-11781,PROD-3088,2025-12-30,6.0,1110.2,9.03,16.0,Entregado,Barranquilla,Online,False,False,False
TRX-11782,PROD-1794,2025-11-16,12.0,511.59,81.21,29.0,Sin Información,Medellín,Físico,False,False,False
TRX-11783,PROD-2431,2025-09-11,7.0,230.67,18.0,12.0,Sin Información,Bogotá,App,False,False,False
TRX-11784,PROD-2438,2025-04-18,4.0,1798.53,21.77,23.0,Retrasado,Medellín,Online,False,False,False
TRX-11785,PROD-3979,2025-11-13,12.0,1786.41,50.35,18.0,En Camino,Bogotá,WhatsApp,False,False,True
TRX-11786,PROD-3643,2024-09-25,11.0,230.28,42.58,3.0,En Camino,Bucaramanga,Online,False,False,True
TRX-11787,PROD-1604,2025-04-25,7.0,1596.46,51.19,18.0,Sin Información,Sin Ciudad,App,False,False,False
TRX-11788,PROD-1967,2025-10-22,13.0,898.82,52.36,11.0,Perdido,Bogotá,App,False,False,False
TRX-11789,PROD-1421,2025-01-12,11.0,654.69,94.3,5.0,Retrasado,Bogotá,Físico,False,False,False
TRX-11790,PROD-1599,2025-12-08,8.0,1480.82,67.45,13.0,Devuelto,Cali,WhatsApp,False,False,False
TRX-11791,PROD-2048,2025-04-02,11.0,1232.52,32.58,10.0,Sin Información,Sin Ciudad,Online,False,False,False
TRX-11792,PROD-1808,2025-10-29,3.0,1562.26,21.43,21.0,En Camino,Medellín,App,False,False,False
TRX-11793,PROD-1710,2024-11-08,2.0,157.91,44.9,22.0,Retrasado,Cali,Físico,False,False,False
TRX-11794,PROD-3467,2026-01-24,5.0,643.99,47.91,15.0,Devuelto,Cali,WhatsApp,False,False,False
TRX-11795,PROD-1626,2025-11-24,2.0,645.44,62.12,6.0,Perdido,Cali,WhatsApp,False,False,False
TRX-11796,PROD-3684,2025-05-01,10.0,666.21,30.27,16.0,Sin Información,Bogotá,Físico,False,False,True
TRX-11797,PROD-1308,2025-03-28,5.0,1009.93,77.91,23.0,Entregado,Bucaramanga,App,False,False,False
TRX-11798,PROD-1725,2024-11-11,10.0,573.2,14.35,8.0,Sin Información,Barranquilla,WhatsApp,False,False,False
TRX-11799,PROD-3572,2025-04-07,13.0,894.32,58.24,20.0,Retrasado,Bucaramanga,Online,False,False,True
TRX-11800,PROD-3023,2025-04-26,7.0,741.88,52.36,15.0,Sin Información,Bogotá,App,True,False,False
TRX-11801,PROD-2900,2025-11-09,6.0,1473.24,64.24,25.0,En Camino,Sin Ciudad,App,False,False,False
TRX-11802,PROD-3309,2025-05-01,8.0,1210.97,24.65,3.0,Perdido,Bogotá,Físico,False,False,False
TRX-11803,PROD-3373,2025-10-07,6.0,1310.72,83.47,5.0,Sin Información,Bogotá,WhatsApp,False,False,False
TRX-11804,PROD-2838,2024-12-21,4.0,429.06,63.47,15.0,Retrasado,Bogotá,Físico,False,False,False
TRX-11805,PROD-3789,2025-05-12,3.0,657.75,66.34,3.0,Perdido,Bogotá,WhatsApp,False,False,True
TRX-11806,PROD-3312,2025-08-11,14.0,52.12,52.29,15.0,Devuelto,Barranquilla,Físico,False,False,False
TRX-11807,PROD-3633,2025-06-07,14.0,225.67,91.41,2.0,Retrasado,Barranquilla,App,False,False,True
TRX-11808,PROD-3602,2025-02-22,2.0,537.46,70.92,12.0,Sin Información,Medellín,Físico,False,False,True
TRX-11809,PROD-3558,2025-06-05,13.0,140.27,41.27,27.0,Sin Información,Barranquilla,App,False,False,True
TRX-11810,PROD-2323,2025-10-30,1.0,1209.24,27.67,5.0,Entregado,Bogotá,App,False,False,False
TRX-11811,PROD-3569,2025-11-20,2.0,1996.28,11.75,9.0,Devuelto,Barranquilla,Físico,False,False,True
TRX-11812,PROD-2294,2025-06-07,2.0,210.62,52.36,22.0,Entregado,Barranquilla,WhatsApp,False,False,False
TRX-11813,PROD-1618,2026-01-02,5.0,1644.25,20.71,4.0,Perdido,Barranquilla,App,False,False,False
TRX-11814,PROD-2801,2024-11-26,9.0,246.44,99.3,23.0,Entregado,Cali,Físico,False,False,False
TRX-11815,PROD-1279,2025-03-31,1.0,1343.13,43.64,26.0,Devuelto,Bogotá,App,False,False,False
TRX-11816,PROD-2920,2024-12-22,4.0,1289.88,90.38,21.0,Devuelto,Sin Ciudad,App,False,False,False
TRX-11817,PROD-2811,2025-12-04,10.0,1806.41,21.2,28.0,Devuelto,Medellín,Físico,False,False,False
TRX-11818,PROD-3586,2025-03-14,7.0,236.75,45.41,7.0,Sin Información,Sin Ciudad,App,False,False,True
TRX-11819,PROD-2240,2025-05-27,11.0,637.73,96.25,16.0,Perdido,Medellín,App,False,False,False
TRX-11820,PROD-2125,2025-06-05,14.0,190.65,13.66,13.0,En Camino,Barranquilla,Físico,False,False,False
TRX-11821,PROD-3422,2025-01-16,10.0,820.69,61.43,2.0,Perdido,Cali,Online,False,False,False
TRX-11822,PROD-1230,2024-11-10,3.0,1824.07,92.32,2.0,Devuelto,Bogotá,Físico,False,False,False
TRX-11823,PROD-2441,2025-05-07,8.0,1565.23,95.22,9.0,Perdido,Medellín,WhatsApp,False,False,False
TRX-11824,PROD-3078,2026-01-24,3.0,1448.57,52.36,15.0,Retrasado,Bogotá,Online,False,False,False
TRX-11825,PROD-1303,2024-11-30,8.0,1070.72,85.37,4.0,Retrasado,Bogotá,App,False,False,False
TRX-11826,PROD-2271,2025-11-18,13.0,1768.14,86.31,17.0,En Camino,Sin Ciudad,WhatsApp,False,False,False
TRX-11827,PROD-2891,2025-10-15,2.0,904.39,66.96,9.0,Perdido,Bucaramanga,Online,False,False,False
TRX-11828,PROD-2851,2025-10-28,5.0,307.87,25.94,15.0,Sin Información,Medellín,Físico,False,False,False
TRX-11829,PROD-1154,2025-01-26,4.0,1676.79,74.41,1.0,Perdido,Medellín,App,False,False,False
TRX-11830,PROD-1233,2025-12-03,11.0,566.48,97.95,27.0,Retrasado,Sin Ciudad,Online,False,False,False
TRX-11831,PROD-2510,2025-04-23,9.0,116.73,54.96,2.0,Devuelto,Bogotá,Físico,False,False,False
TRX-11832,PROD-2175,2024-11-14,3.0,260.82,29.77,9.0,Entregado,Bucaramanga,Online,False,False,False
TRX-11833,PROD-1314,2025-01-12,12.0,1222.03,59.48,11.0,Devuelto,Medellín,Físico,False,False,False
TRX-11834,PROD-3640,2025-02-28,11.0,1218.09,70.61,19.0,En Camino,Bogotá,WhatsApp,False,False,True
TRX-11835,PROD-1369,2025-05-20,5.0,527.76,24.79,27.0,Entregado,Cali,WhatsApp,False,False,False
TRX-11836,PROD-3519,2025-02-19,10.0,1457.09,52.36,1.0,Devuelto,Barranquilla,App,False,False,True
TRX-11837,PROD-3433,2025-02-08,9.0,1549.54,73.32,19.0,Perdido,Cali,Físico,False,False,False
TRX-11838,PROD-3076,2025-11-14,13.0,1841.8,60.81,9.0,Sin Información,Bucaramanga,Online,False,False,False
TRX-11839,PROD-2574,2025-01-13,6.0,1174.03,63.17,28.0,Perdido,Sin Ciudad,App,False,False,False
TRX-11840,PROD-2895,2025-02-12,2.0,1561.05,34.07,2.0,Retrasado,Medellín,App,False,False,False
TRX-11841,PROD-3377,2025-09-27,1.0,1508.67,19.75,5.0,Perdido,Barranquilla,Físico,False,False,False
TRX-11842,PROD-3270,2025-02-07,12.0,523.04,64.23,17.0,Perdido,Sin Ciudad,WhatsApp,False,False,False
TRX-11843,PROD-1168,2026-01-21,11.0,627.35,60.69,26.0,En Camino,Bucaramanga,App,False,False,False
TRX-11844,PROD-2842,2026-01-15,1.0,962.18,37.11,1.0,Sin Información,Bogotá,Online,False,False,False
TRX-11845,PROD-3341,2025-12-03,7.0,47.89,33.11,14.0,Entregado,Bucaramanga,App,False,False,False
TRX-11846,PROD-3669,2025-07-23,14.0,601.82,37.99,12.0,Devuelto,Medellín,Físico,False,False,True
TRX-11847,PROD-1771,2024-10-23,12.0,953.03,51.54,23.0,Devuelto,Bogotá,WhatsApp,False,False,False
TRX-11848,PROD-2316,2025-07-12,2.0,225.06,52.36,26.0,En Camino,Barranquilla,Físico,False,False,False
TRX-11849,PROD-3478,2025-01-08,7.0,261.29,97.61,10.0,Entregado,Medellín,App,False,False,False
TRX-11850,PROD-2948,2025-07-03,1.0,931.84,77.54,19.0,Perdido,Sin Ciudad,Online,False,False,False
TRX-11851,PROD-3053,2025-02-28,4.0,1464.62,85.92,15.0,Sin Información,Medellín,App,False,False,False
TRX-11852,PROD-1617,2025-08-14,10.0,1669.16,53.04,1.0,En Camino,Medellín,App,False,False,False
TRX-11853,PROD-1253,2024-10-06,13.0,1097.16,54.98,1.0,Perdido,Medellín,WhatsApp,False,False,False
TRX-11854,PROD-2845,2025-01-22,11.0,954.75,24.41,29.0,Devuelto,Bucaramanga,Físico,False,False,False
TRX-11855,PROD-1423,2025-04-25,4.0,774.72,73.5,11.0,En Camino,Bogotá,WhatsApp,False,False,False
TRX-11856,PROD-2406,2025-06-21,5.0,393.97,45.05,11.0,Sin Información,Sin Ciudad,App,False,False,False
TRX-11857,PROD-3925,2024-10-17,14.0,301.66,75.53,5.0,En Camino,Cali,Online,False,False,True
TRX-11858,PROD-1345,2025-11-19,14.0,1585.87,43.86,3.0,En Camino,Medellín,Online,False,False,False
TRX-11859,PROD-3066,2025-08-10,10.0,935.36,15.31,11.0,Devuelto,Barranquilla,WhatsApp,False,False,False
TRX-11860,PROD-3646,2025-07-13,1.0,1582.74,52.36,4.0,Sin Información,Bucaramanga,Online,False,False,True
TRX-11861,PROD-1706,2025-03-10,7.0,1411.13,21.44,6.0,Devuelto,Cali,Online,False,False,False
TRX-11862,PROD-1160,2025-01-03,11.0,395.85,82.1,18.0,Retrasado,Medellín,Online,False,False,False
TRX-11863,PROD-2014,2025-09-11,2.0,1025.51,29.57,7.0,Sin Información,Bogotá,App,False,False,False
TRX-11864,PROD-3898,2025-09-28,12.0,893.59,30.11,21.0,Devuelto,Cali,Online,False,False,True
TRX-11865,PROD-2793,2024-11-01,11.0,853.51,93.29,24.0,Sin Información,Bucaramanga,WhatsApp,False,False,False
TRX-11866,PROD-2799,2025-05-15,13.0,1089.72,67.48,4.0,Devuelto,Cali,Online,False,False,False
TRX-11867,PROD-3146,2025-08-08,11.0,1964.34,15.86,14.0,Perdido,Bogotá,App,False,False,False
TRX-11868,PROD-3141,2024-12-20,13.0,1627.67,18.64,28.0,Devuelto,Bucaramanga,App,False,False,False
TRX-11869,PROD-3497,2024-12-31,2.0,1808.39,30.87,8.0,Sin Información,Medellín,Online,False,False,False
TRX-11870,PROD-1650,2025-02-13,8.0,68.98,61.43,20.0,Entregado,Cali,WhatsApp,False,False,False
TRX-11871,PROD-2490,2024-12-13,9.0,289.27,76.52,11.0,Perdido,Cali,Online,False,False,False
TRX-11872,PROD-2527,2024-12-08,6.0,178.68,52.36,14.0,Sin Información,Medellín,Físico,False,False,False
TRX-11873,PROD-2158,2024-11-20,11.0,533.83,31.08,21.0,Sin Información,Medellín,WhatsApp,False,False,False
TRX-11874,PROD-2586,2025-05-09,1.0,889.37,87.71,3.0,Sin Información,Cali,WhatsApp,False,False,False
TRX-11875,PROD-2674,2024-12-22,1.0,1287.69,15.37,11.0,Retrasado,Sin Ciudad,WhatsApp,False,False,False
TRX-11876,PROD-2385,2025-09-11,14.0,1006.65,24.72,4.0,Entregado,Cali,WhatsApp,False,False,False
TRX-11877,PROD-3780,2025-10-22,11.0,1807.34,97.19,9.0,Retrasado,Bogotá,WhatsApp,False,False,True
TRX-11878,PROD-3448,2024-09-23,7.0,1880.31,17.8,5.0,En Camino,Sin Ciudad,Online,False,False,False
TRX-11879,PROD-1214,2025-06-18,8.0,335.41,89.37,13.0,En Camino,Medellín,Online,False,False,False
TRX-11880,PROD-3584,2025-07-05,3.0,1707.3,71.87,20.0,En Camino,Bucaramanga,WhatsApp,False,False,True
TRX-11881,PROD-3651,2025-04-07,9.0,968.63,11.94,4.0,Devuelto,Bogotá,WhatsApp,False,False,True
TRX-11882,PROD-2370,2025-06-23,4.0,912.13,50.95,7.0,Devuelto,Sin Ciudad,Físico,False,False,False
TRX-11883,PROD-1269,2024-12-09,4.0,1572.03,54.3,2.0,Perdido,Medellín,App,False,False,False
TRX-11884,PROD-2350,2025-02-10,3.0,195.35,52.36,20.0,Entregado,Sin Ciudad,App,False,False,False
TRX-11885,PROD-1387,2025-07-07,8.0,1766.16,93.55,19.0,Entregado,Barranquilla,WhatsApp,False,False,False
TRX-11886,PROD-3285,2024-12-02,9.0,1345.02,45.0,7.0,Sin Información,Barranquilla,WhatsApp,False,False,False
TRX-11887,PROD-3778,2025-12-22,1.0,1751.77,47.44,20.0,En Camino,Sin Ciudad,App,False,False,True
TRX-11888,PROD-2583,2024-11-11,2.0,1989.01,15.69,24.0,En Camino,Bogotá,Online,False,False,False
TRX-11889,PROD-2163,2025-12-21,1.0,1040.83,65.72,21.0,Sin Información,Cali,Físico,False,False,False
TRX-11890,PROD-2032,2025-09-29,14.0,195.59,25.04,25.0,Devuelto,Medellín,Físico,False,False,False
TRX-11891,PROD-3964,2025-09-26,4.0,341.38,12.37,9.0,Retrasado,Barranquilla,WhatsApp,False,False,True
TRX-11892,PROD-3689,2024-12-11,10.0,654.0,99.71,19.0,Sin Información,Bucaramanga,Online,False,False,True
TRX-11893,PROD-3468,2025-05-15,7.0,216.07,30.61,25.0,Entregado,Bucaramanga,Online,False,False,False
TRX-11894,PROD-1615,2025-07-06,14.0,1632.53,18.4,20.0,Entregado,Medellín,Online,False,False,False
TRX-11895,PROD-2365,2025-07-26,7.0,600.77,71.45,25.0,Retrasado,Sin Ciudad,Online,False,False,False
TRX-11896,PROD-1333,2025-02-24,12.0,1952.01,52.36,28.0,Entregado,Barranquilla,WhatsApp,False,False,False
TRX-11897,PROD-3386,2024-11-21,6.0,1408.16,83.06,2.0,Entregado,Medellín,App,False,False,False
TRX-11898,PROD-3718,2024-10-25,13.0,355.13,11.09,21.0,Devuelto,Bogotá,WhatsApp,False,False,True
TRX-11899,PROD-1579,2025-12-03,11.0,957.32,15.01,16.0,Entregado,Medellín,Físico,False,False,False
TRX-11900,PROD-2432,2025-01-27,7.0,939.1,13.57,6.0,En Camino,Bogotá,Físico,False,False,False
TRX-11901,PROD-2270,2025-05-01,5.0,990.1,9.46,19.0,En Camino,Bogotá,WhatsApp,False,False,False
TRX-11902,PROD-3687,2025-04-10,11.0,1076.03,67.65,18.0,Perdido,Sin Ciudad,Físico,False,False,True
TRX-11903,PROD-3860,2025-11-13,4.0,72.03,60.89,17.0,Devuelto,Medellín,App,False,False,True
TRX-11904,PROD-3712,2025-01-26,12.0,1375.74,67.97,11.0,Devuelto,Bogotá,App,False,False,True
TRX-11905,PROD-2605,2024-11-02,13.0,979.51,53.04,23.0,En Camino,Medellín,WhatsApp,False,False,False
TRX-11906,PROD-1528,2025-06-24,14.0,1584.02,82.66,4.0,Devuelto,Barranquilla,Físico,False,False,False
TRX-11907,PROD-3437,2026-01-04,8.0,1632.55,56.93,24.0,Devuelto,Bogotá,App,False,False,False
TRX-11908,PROD-3903,2025-07-16,7.0,468.76,52.36,8.0,Perdido,Medellín,App,False,False,True
TRX-11909,PROD-1347,2024-12-16,11.0,106.36,92.28,24.0,Retrasado,Barranquilla,Físico,False,False,False
TRX-11910,PROD-2268,2024-12-20,11.0,1409.44,51.14,18.0,Sin Información,Bogotá,Online,False,False,False
TRX-11911,PROD-3289,2024-11-03,10.0,1955.75,80.11,13.0,Entregado,Bucaramanga,Físico,False,False,False
TRX-11912,PROD-2542,2025-01-20,1.0,898.85,43.7,21.0,Perdido,Sin Ciudad,WhatsApp,False,False,False
TRX-11913,PROD-3635,2025-06-28,6.0,526.63,46.35,8.0,Retrasado,Medellín,Online,False,False,True
TRX-11914,PROD-2345,2025-12-25,14.0,321.78,85.65,10.0,Entregado,Medellín,WhatsApp,False,False,False
TRX-11915,PROD-1523,2024-10-25,2.0,582.02,15.23,18.0,En Camino,Barranquilla,App,False,False,False
TRX-11916,PROD-3744,2025-06-25,4.0,662.56,58.67,18.0,Retrasado,Bogotá,Online,False,False,True
TRX-11917,PROD-3878,2025-02-22,5.0,853.51,74.0,17.0,Entregado,Bucaramanga,WhatsApp,False,False,True
TRX-11918,PROD-3807,2024-12-21,8.0,1314.26,76.29,16.0,Perdido,Medellín,WhatsApp,False,False,True
TRX-11919,PROD-3156,2025-01-04,6.0,553.59,61.19,6.0,Entregado,Bogotá,WhatsApp,False,False,False
TRX-11920,PROD-1382,2025-12-02,11.0,111.44,52.36,14.0,Devuelto,Medellín,Online,False,False,False
TRX-11921,PROD-3646,2024-10-04,2.0,752.82,47.57,5.0,Sin Información,Medellín,WhatsApp,False,False,True
TRX-11922,PROD-3746,2025-03-01,5.0,1712.7,29.77,15.0,Entregado,Bogotá,Online,False,False,True
TRX-11923,PROD-2734,2025-11-13,5.0,1001.72,91.4,13.0,En Camino,Cali,Online,False,False,False
TRX-11924,PROD-3082,2025-12-24,6.0,1929.92,40.13,16.0,Perdido,Bogotá,WhatsApp,False,False,False
TRX-11925,PROD-2482,2025-04-06,1.0,1012.21,80.9,16.0,Retrasado,Sin Ciudad,App,False,False,False
TRX-11926,PROD-1074,2025-10-26,8.0,559.04,8.01,17.0,Entregado,Barranquilla,Físico,False,False,False
TRX-11927,PROD-2485,2025-07-26,3.0,394.69,27.06,27.0,Perdido,Cali,Físico,False,False,False
TRX-11928,PROD-2265,2025-06-11,5.0,1392.1,37.83,24.0,En Camino,Medellín,Online,False,False,False
TRX-11929,PROD-1738,2024-12-22,7.0,1077.4,68.8,24.0,Sin Información,Bogotá,WhatsApp,False,False,False
TRX-11930,PROD-1877,2025-04-07,3.0,1211.96,35.34,5.0,Retrasado,Barranquilla,Físico,False,False,False
TRX-11931,PROD-2399,2024-11-30,14.0,1512.7,8.93,11.0,Entregado,Bogotá,Físico,False,False,False
TRX-11932,PROD-2991,2026-01-01,10.0,1454.55,52.36,15.0,En Camino,Bogotá,WhatsApp,False,False,False
TRX-11933,PROD-1786,2025-04-30,13.0,96.29,21.52,3.0,Devuelto,Bogotá,Físico,False,False,False
TRX-11934,PROD-1927,2025-11-15,6.0,1607.12,29.62,8.0,Perdido,Medellín,WhatsApp,False,False,False
TRX-11935,PROD-1563,2025-10-06,5.0,1070.08,21.72,3.0,Perdido,Bucaramanga,Físico,False,False,False
TRX-11936,PROD-1634,2025-04-24,7.0,789.5,24.35,29.0,Entregado,Medellín,App,False,False,False
TRX-11937,PROD-1316,2025-11-14,10.0,1079.66,78.05,4.0,En Camino,Bogotá,WhatsApp,False,False,False
TRX-11938,PROD-2211,2025-12-13,11.0,1228.78,44.14,27.0,Retrasado,Medellín,Físico,False,False,False
TRX-11939,PROD-1414,2025-12-18,3.0,307.52,43.49,14.0,Retrasado,Cali,Online,False,False,False
TRX-11940,PROD-3079,2025-02-15,13.0,840.66,96.83,23.0,Retrasado,Bogotá,WhatsApp,False,False,False
TRX-11941,PROD-3210,2025-05-13,14.0,677.82,47.44,23.0,Retrasado,Medellín,Físico,False,False,False
TRX-11942,PROD-3156,2025-09-28,2.0,707.31,93.13,20.0,Entregado,Sin Ciudad,App,False,False,False
TRX-11943,PROD-1154,2025-11-06,4.0,191.76,33.41,25.0,Entregado,Medellín,Físico,False,False,False
TRX-11944,PROD-3711,2025-05-14,3.0,328.09,52.36,6.0,Perdido,Sin Ciudad,Online,False,False,True
TRX-11945,PROD-2379,2025-04-24,4.0,332.05,43.06,24.0,En Camino,Sin Ciudad,WhatsApp,False,False,False
TRX-11946,PROD-3531,2025-09-24,7.0,752.72,42.65,23.0,Devuelto,Sin Ciudad,App,False,False,True
TRX-11947,PROD-1536,2026-01-16,5.0,1790.04,56.88,4.0,Entregado,Cali,Físico,False,False,False
TRX-11948,PROD-3446,2024-11-22,4.0,419.99,60.5,12.0,Retrasado,Bogotá,Online,False,False,False
TRX-11949,PROD-2543,2025-09-20,14.0,838.22,28.57,2.0,Devuelto,Sin Ciudad,Online,False,False,False
TRX-11950,PROD-1631,2024-12-09,6.0,630.1,80.39,27.0,Perdido,Medellín,Online,False,False,False
TRX-11951,PROD-1664,2024-12-26,7.0,1576.89,52.17,29.0,Retrasado,Medellín,Físico,False,False,False
TRX-11952,PROD-1740,2025-08-18,12.0,109.75,5.67,18.0,Sin Información,Bucaramanga,App,False,False,False
TRX-11953,PROD-3837,2026-02-03,14.0,401.12,61.18,14.0,En Camino,Barranquilla,Físico,False,True,True
TRX-11954,PROD-3558,2025-04-26,11.0,429.18,80.82,8.0,Devuelto,Bogotá,App,False,False,True
TRX-11955,PROD-1678,2025-04-23,5.0,1986.0,28.79,8.0,Perdido,Cali,WhatsApp,False,False,False
TRX-11956,PROD-3953,2025-07-23,12.0,1145.84,52.36,12.0,Entregado,Sin Ciudad,App,False,False,True
TRX-11957,PROD-2792,2025-04-10,7.0,286.53,8.6,1.0,En Camino,Bogotá,Online,False,False,False
TRX-11958,PROD-1178,2025-09-09,3.0,551.68,81.68,29.0,Retrasado,Bogotá,Online,False,False,False
TRX-11959,PROD-2682,2024-10-23,7.0,343.97,97.75,1.0,Devuelto,Sin Ciudad,Online,False,False,False
TRX-11960,PROD-2492,2025-07-09,12.0,257.96,12.27,4.0,Perdido,Cali,Físico,False,False,False
TRX-11961,PROD-3770,2025-08-31,3.0,1596.39,94.11,17.0,Devuelto,Bucaramanga,WhatsApp,False,False,True
TRX-11962,PROD-3947,2026-01-08,14.0,996.55,39.13,10.0,En Camino,Bogotá,App,False,False,True
TRX-11963,PROD-1972,2025-02-04,6.0,1266.11,94.44,1.0,Entregado,Sin Ciudad,Online,False,False,False
TRX-11964,PROD-2819,2024-12-14,8.0,669.19,66.64,26.0,Entregado,Cali,WhatsApp,False,False,False
TRX-11965,PROD-3500,2025-10-18,13.0,1111.85,89.57,11.0,Sin Información,Cali,WhatsApp,False,False,True
TRX-11966,PROD-2167,2024-11-08,6.0,522.56,79.65,21.0,En Camino,Barranquilla,Físico,False,False,False
TRX-11967,PROD-2838,2025-10-19,10.0,622.99,7.66,17.0,Retrasado,Bucaramanga,App,False,False,False
TRX-11968,PROD-1958,2025-04-16,11.0,1307.95,52.36,10.0,Devuelto,Bucaramanga,WhatsApp,False,False,False
TRX-11969,PROD-3187,2025-10-12,3.0,309.2,11.22,28.0,Retrasado,Medellín,App,False,False,False
TRX-11970,PROD-1979,2025-10-08,12.0,1238.27,54.95,6.0,Perdido,Bucaramanga,Físico,False,False,False
TRX-11971,PROD-2267,2024-12-08,5.0,1705.95,17.31,4.0,Retrasado,Medellín,App,False,False,False
TRX-11972,PROD-2921,2025-06-08,9.0,249.64,48.8,26.0,Sin Información,Barranquilla,Físico,False,False,False
TRX-11973,PROD-1794,2025-12-03,8.0,1795.95,95.69,13.0,En Camino,Medellín,Online,False,False,False
TRX-11974,PROD-2506,2024-12-23,6.0,168.1,33.0,27.0,Sin Información,Bucaramanga,App,False,False,False
TRX-11975,PROD-3778,2025-11-18,9.0,704.33,51.45,11.0,Entregado,Medellín,Físico,False,False,True
TRX-11976,PROD-3336,2025-12-01,2.0,1224.91,41.5,5.0,Sin Información,Barranquilla,WhatsApp,False,False,False
TRX-11977,PROD-2804,2025-10-26,13.0,1123.24,64.83,14.0,En Camino,Cali,Online,False,False,False
TRX-11978,PROD-2891,2024-12-31,11.0,201.82,23.42,25.0,En Camino,Sin Ciudad,WhatsApp,False,False,False
TRX-11979,PROD-2154,2025-10-10,9.0,1599.84,29.69,2.0,Devuelto,Bogotá,Online,False,False,False
TRX-11980,PROD-2564,2025-04-05,10.0,1946.58,52.36,3.0,En Camino,Cali,Online,False,False,False
TRX-11981,PROD-3059,2025-04-02,13.0,370.64,86.58,29.0,Perdido,Medellín,App,False,False,False
TRX-11982,PROD-3160,2024-11-29,10.0,1791.31,82.08,3.0,Devuelto,Barranquilla,WhatsApp,False,False,False
TRX-11983,PROD-2714,2025-10-16,6.0,1118.05,79.97,11.0,Devuelto,Cali,WhatsApp,False,False,False
TRX-11984,PROD-1663,2025-05-22,9.0,1872.51,78.24,9.0,Retrasado,Sin Ciudad,Online,False,False,False
TRX-11985,PROD-1817,2024-12-21,12.0,360.41,48.65,19.0,Sin Información,Medellín,Online,False,False,False
TRX-11986,PROD-3476,2025-09-02,4.0,1586.12,74.24,10.0,En Camino,Medellín,Online,False,False,False
TRX-11987,PROD-1566,2024-10-02,5.0,128.97,41.78,21.0,Retrasado,Bogotá,Físico,False,False,False
TRX-11988,PROD-2024,2025-06-13,2.0,1767.56,14.57,6.0,Retrasado,Cali,App,False,False,False
TRX-11989,PROD-1213,2025-06-17,3.0,1351.58,42.37,22.0,Sin Información,Bogotá,Online,False,False,False
TRX-11990,PROD-3626,2025-08-08,1.0,746.81,20.07,6.0,Devuelto,Bogotá,App,False,False,True
TRX-11991,PROD-2968,2025-01-18,4.0,389.03,42.13,1.0,Retrasado,Medellín,Online,False,False,False
TRX-11992,PROD-2520,2025-05-30,12.0,1634.9,52.36,22.0,Retrasado,Cali,Físico,False,False,False
TRX-11993,PROD-3271,2024-11-20,2.0,1210.45,33.26,1.0,Devuelto,Cali,Online,False,False,False
TRX-11994,PROD-1420,2025-04-05,12.0,727.23,61.92,22.0,Devuelto,Cali,App,False,False,False
TRX-11995,PROD-3913,2026-01-10,2.0,893.23,39.35,29.0,Entregado,Medellín,Online,False,False,True
TRX-11996,PROD-3113,2024-11-11,1.0,1654.82,72.03,26.0,En Camino,Barranquilla,App,False,False,False
TRX-11997,PROD-1510,2025-11-03,10.0,684.47,53.65,22.0,Entregado,Bucaramanga,WhatsApp,False,False,False
TRX-11998,PROD-2167,2025-07-15,12.0,188.37,92.35,19.0,Sin Información,Medellín,App,False,False,False
TRX-11999,PROD-1343,2025-10-05,2.0,1823.45,13.65,3.0,Devuelto,Medellín,Físico,False,False,False
TRX-12000,PROD-1656,2024-12-28,7.0,780.81,70.33,15.0,Perdido,Bogotá,Online,True,False,False
TRX-12001,PROD-2117,2025-12-28,4.0,703.29,68.88,6.0,Retrasado,Bucaramanga,WhatsApp,False,False,False
TRX-12002,PROD-2840,2025-01-27,6.0,416.76,95.31,2.0,Retrasado,Bogotá,App,False,False,False
TRX-12003,PROD-3102,2025-05-26,13.0,1795.87,40.3,15.0,Devuelto,Medellín,WhatsApp,False,False,False
TRX-12004,PROD-1603,2024-12-18,12.0,442.84,52.36,12.0,Retrasado,Bucaramanga,Físico,False,False,False
TRX-12005,PROD-2791,2026-01-14,7.0,1276.98,34.02,21.0,Entregado,Cali,WhatsApp,False,False,False
TRX-12006,PROD-1375,2024-12-08,7.0,1762.72,21.38,10.0,Retrasado,Medellín,WhatsApp,False,False,False
TRX-12007,PROD-1909,2025-10-04,7.0,79.48,30.2,19.0,Perdido,Bogotá,App,False,False,False
TRX-12008,PROD-2847,2025-04-14,4.0,1659.3,52.68,21.0,En Camino,Bucaramanga,Físico,False,False,False
TRX-12009,PROD-2431,2026-01-18,12.0,827.09,84.58,13.0,Sin Información,Medellín,Online,False,False,False
TRX-12010,PROD-1109,2025-02-15,5.0,1319.37,32.01,3.0,Sin Información,Sin Ciudad,Online,False,False,False
TRX-12011,PROD-2699,2025-02-18,14.0,751.09,19.99,18.0,Sin Información,Medellín,Online,False,False,False
TRX-12012,PROD-1218,2026-01-28,11.0,1394.08,30.85,20.0,Entregado,Bucaramanga,Online,False,False,False
TRX-12013,PROD-2623,2025-01-11,12.0,516.05,14.59,5.0,En Camino,Cali,Online,False,False,False
TRX-12014,PROD-3056,2026-01-25,3.0,53.64,93.04,22.0,En Camino,Sin Ciudad,WhatsApp,False,False,False
TRX-12015,PROD-2531,2025-01-29,1.0,1896.1,87.9,13.0,Perdido,Bogotá,Online,False,False,False
TRX-12016,PROD-1965,2025-06-02,14.0,42.57,52.36,29.0,Sin Información,Bogotá,WhatsApp,False,False,False
TRX-12017,PROD-2581,2025-03-07,8.0,1649.96,34.31,14.0,Perdido,Cali,App,False,False,False
TRX-12018,PROD-1334,2025-07-16,10.0,346.58,28.46,15.0,Perdido,Bogotá,App,False,False,False
TRX-12019,PROD-2535,2025-11-22,11.0,790.52,91.01,18.0,Perdido,Bucaramanga,Físico,False,False,False
TRX-12020,PROD-1919,2026-01-30,7.0,1646.76,5.17,29.0,Sin Información,Medellín,Online,False,False,False
TRX-12021,PROD-1115,2025-02-06,14.0,419.8,62.05,14.0,Entregado,Sin Ciudad,WhatsApp,False,False,False
TRX-12022,PROD-2305,2025-06-28,9.0,1732.76,92.02,19.0,Perdido,Medellín,Online,False,False,False
TRX-12023,PROD-1405,2025-08-22,14.0,1000.54,53.31,3.0,Entregado,Bogotá,WhatsApp,False,False,False
TRX-12024,PROD-3927,2024-10-03,10.0,738.65,5.28,22.0,Retrasado,Medellín,App,False,False,True
TRX-12025,PROD-3662,2024-12-02,4.0,1328.25,25.79,1.0,En Camino,Bogotá,Físico,False,False,True
TRX-12026,PROD-2373,2025-02-28,12.0,689.37,92.63,23.0,Sin Información,Sin Ciudad,Físico,False,False,False
TRX-12027,PROD-1598,2025-04-26,12.0,701.1,6.62,29.0,Retrasado,Bogotá,Físico,False,False,False
TRX-12028,PROD-1563,2024-10-18,5.0,1469.72,52.36,24.0,Retrasado,Bucaramanga,Online,False,False,False
TRX-12029,PROD-1156,2025-07-05,5.0,626.57,42.5,7.0,Devuelto,Medellín,WhatsApp,False,False,False
TRX-12030,PROD-2175,2025-03-03,13.0,409.54,80.03,20.0,Sin Información,Sin Ciudad,Online,False,False,False
TRX-12031,PROD-2935,2025-11-26,7.0,1617.22,84.62,7.0,Retrasado,Barranquilla,Físico,False,False,False
TRX-12032,PROD-3851,2025-01-02,13.0,1612.69,50.37,17.0,Retrasado,Bogotá,Online,False,False,True
TRX-12033,PROD-1568,2024-11-30,9.0,1000.2,27.09,29.0,Devuelto,Medellín,Online,False,False,False
TRX-12034,PROD-3889,2025-02-02,8.0,1058.04,61.97,15.0,Sin Información,Bogotá,Online,False,False,True
TRX-12035,PROD-2921,2025-03-30,7.0,1395.19,30.06,13.0,Retrasado,Bogotá,Online,False,False,False
TRX-12036,PROD-2837,2025-04-21,14.0,1023.46,29.25,24.0,Devuelto,Barranquilla,WhatsApp,False,False,False
TRX-12037,PROD-3520,2025-05-23,1.0,839.91,81.72,26.0,Entregado,Sin Ciudad,WhatsApp,False,False,True
TRX-12038,PROD-1021,2025-03-07,12.0,1989.84,19.66,15.0,En Camino,Sin Ciudad,Físico,False,False,False
TRX-12039,PROD-1324,2025-11-08,10.0,303.8,5.52,26.0,Perdido,Cali,Físico,False,False,False
TRX-12040,PROD-1077,2025-11-06,13.0,1189.53,52.36,3.0,Retrasado,Bucaramanga,App,False,False,False
TRX-12041,PROD-2048,2024-11-22,6.0,1772.87,36.99,25.0,Entregado,Sin Ciudad,WhatsApp,False,False,False
TRX-12042,PROD-1883,2025-09-19,10.0,1377.56,51.64,17.0,En Camino,Barranquilla,Online,False,False,False
TRX-12043,PROD-1612,2025-06-28,9.0,1763.04,71.98,16.0,Entregado,Bogotá,WhatsApp,False,False,False
TRX-12044,PROD-3247,2025-11-26,13.0,679.31,79.21,22.0,Devuelto,Medellín,Online,False,False,False
TRX-12045,PROD-3978,2025-01-13,7.0,551.27,68.03,1.0,Entregado,Medellín,Online,False,False,True
TRX-12046,PROD-3493,2024-10-22,1.0,1704.03,64.52,24.0,Retrasado,Cali,App,False,False,False
TRX-12047,PROD-3161,2025-08-11,9.0,794.29,68.25,14.0,Retrasado,Sin Ciudad,App,False,False,False
TRX-12048,PROD-2733,2026-01-11,3.0,1422.27,30.8,3.0,Sin Información,Bogotá,App,False,False,False
TRX-12049,PROD-1455,2025-03-02,14.0,304.02,41.32,20.0,Perdido,Cali,App,False,False,False
TRX-12050,PROD-2180,2025-05-14,9.0,1514.12,63.56,28.0,Perdido,Bucaramanga,Online,False,False,False
TRX-12051,PROD-1973,2025-10-14,4.0,1102.48,11.23,22.0,Retrasado,Bogotá,Online,False,False,False
TRX-12052,PROD-2233,2025-12-19,9.0,544.54,52.36,4.0,Entregado,Barranquilla,WhatsApp,False,False,False
TRX-12053,PROD-1499,2025-10-04,13.0,994.06,33.06,24.0,Sin Información,Bucaramanga,Online,False,False,False
TRX-12054,PROD-1195,2025-08-27,8.0,1396.92,43.61,9.0,Sin Información,Medellín,WhatsApp,False,False,False
TRX-12055,PROD-1976,2025-03-11,7.0,33.65,55.68,21.0,Retrasado,Sin Ciudad,WhatsApp,False,False,False
TRX-12056,PROD-2719,2025-08-06,4.0,1278.56,51.22,1.0,Entregado,Medellín,App,False,False,False
TRX-12057,PROD-3617,2025-03-27,9.0,1087.77,73.22,24.0,Retrasado,Medellín,WhatsApp,False,False,True
TRX-12058,PROD-3551,2024-11-18,4.0,448.37,49.98,14.0,En Camino,Barranquilla,Físico,False,False,True
TRX-12059,PROD-2872,2025-05-20,1.0,1508.43,90.89,13.0,Entregado,Bucaramanga,Físico,False,False,False
TRX-12060,PROD-1257,2025-06-06,6.0,613.89,41.13,15.0,Devuelto,Bogotá,Online,False,False,False
TRX-12061,PROD-1454,2025-09-15,4.0,560.95,54.91,18.0,Devuelto,Cali,Físico,False,False,False
TRX-12062,PROD-3047,2025-04-11,10.0,947.72,5.3,16.0,Perdido,Sin Ciudad,App,False,False,False
TRX-12063,PROD-3444,2025-12-10,3.0,1355.54,34.5,6.0,En Camino,Sin Ciudad,App,False,False,False
TRX-12064,PROD-3195,2025-08-13,12.0,1858.4,52.36,22.0,Devuelto,Barranquilla,WhatsApp,False,False,False
TRX-12065,PROD-1067,2025-08-03,5.0,291.3,87.32,16.0,Retrasado,Medellín,Online,False,False,False
TRX-12066,PROD-3588,2025-07-21,3.0,798.97,36.69,11.0,Devuelto,Cali,Físico,False,False,True
TRX-12067,PROD-3110,2025-01-06,11.0,143.31,29.05,7.0,Retrasado,Bogotá,Online,False,False,False
TRX-12068,PROD-3355,2025-07-09,9.0,1519.52,56.64,28.0,En Camino,Barranquilla,WhatsApp,False,False,False
TRX-12069,PROD-1990,2025-01-01,12.0,900.99,12.48,9.0,Sin Información,Cali,App,False,False,False
TRX-12070,PROD-3943,2024-12-28,6.0,1416.79,55.5,1.0,Sin Información,Bogotá,WhatsApp,False,False,True
TRX-12071,PROD-1588,2025-02-22,3.0,651.17,33.85,10.0,Sin Información,Medellín,Físico,False,False,False
TRX-12072,PROD-2193,2025-11-22,5.0,1690.19,41.39,29.0,Perdido,Medellín,App,False,False,False
TRX-12073,PROD-2758,2024-10-21,8.0,1074.31,80.18,28.0,Sin Información,Barranquilla,Físico,False,False,False
TRX-12074,PROD-1006,2025-02-22,14.0,1887.78,67.89,8.0,Devuelto,Medellín,Online,False,False,False
TRX-12075,PROD-3518,2025-12-04,8.0,166.84,47.38,11.0,Perdido,Bogotá,App,False,False,True
TRX-12076,PROD-2445,2025-10-06,6.0,1033.41,52.36,5.0,Sin Información,Bogotá,Online,False,False,False
TRX-12077,PROD-1985,2024-12-04,5.0,1535.25,59.86,29.0,Sin Información,Bogotá,App,False,False,False
TRX-12078,PROD-3337,2025-06-03,5.0,1204.3,77.85,6.0,En Camino,Sin Ciudad,Físico,False,False,False
TRX-12079,PROD-2706,2025-12-17,1.0,56.16,75.85,24.0,Entregado,Barranquilla,Físico,False,False,False
TRX-12080,PROD-1767,2025-10-26,2.0,1944.95,22.61,24.0,Sin Información,Medellín,WhatsApp,False,False,False
TRX-12081,PROD-3721,2024-09-26,12.0,603.54,33.59,12.0,En Camino,Medellín,WhatsApp,False,False,True
TRX-12082,PROD-3737,2025-05-17,11.0,506.06,38.08,11.0,En Camino,Medellín,App,False,False,True
TRX-12083,PROD-1350,2024-10-30,4.0,976.46,22.82,7.0,En Camino,Cali,App,False,False,False
TRX-12084,PROD-3144,2024-10-12,6.0,1088.89,6.16,7.0,Entregado,Medellín,App,False,False,False
TRX-12085,PROD-2477,2025-01-13,11.0,1534.91,21.53,12.0,Entregado,Medellín,WhatsApp,False,False,False
TRX-12086,PROD-1277,2024-10-15,7.0,792.61,81.78,12.0,En Camino,Medellín,Físico,False,False,False
TRX-12087,PROD-3154,2025-11-17,1.0,885.52,56.86,1.0,Entregado,Medellín,Online,False,False,False
TRX-12088,PROD-3228,2025-12-12,8.0,1074.57,52.36,24.0,Retrasado,Bogotá,Online,False,False,False
TRX-12089,PROD-3078,2025-09-24,12.0,794.83,37.46,19.0,En Camino,Medellín,App,False,False,False
TRX-12090,PROD-3079,2025-02-05,1.0,1829.95,62.79,21.0,Sin Información,Medellín,Online,False,False,False
TRX-12091,PROD-3269,2025-11-17,9.0,1703.99,75.28,4.0,Devuelto,Bucaramanga,Online,False,False,False
TRX-12092,PROD-1083,2025-05-28,4.0,915.4,38.67,26.0,Retrasado,Bucaramanga,Online,False,False,False
TRX-12093,PROD-2599,2025-07-20,12.0,10.39,49.28,19.0,En Camino,Medellín,WhatsApp,False,False,False
TRX-12094,PROD-2925,2024-12-28,7.0,1802.86,11.1,26.0,Devuelto,Bogotá,WhatsApp,False,False,False
TRX-12095,PROD-1178,2024-10-25,11.0,257.43,61.72,21.0,Sin Información,Medellín,Online,False,False,False
TRX-12096,PROD-3603,2025-02-04,14.0,496.58,38.86,19.0,Devuelto,Bogotá,Físico,False,False,True
TRX-12097,PROD-2584,2025-06-04,6.0,313.2,46.18,25.0,Perdido,Medellín,Físico,False,False,False
TRX-12098,PROD-2529,2025-06-27,13.0,367.83,45.15,11.0,Perdido,Bucaramanga,WhatsApp,False,False,False
TRX-12099,PROD-2038,2025-02-02,9.0,1607.73,65.08,29.0,Devuelto,Bogotá,Físico,False,False,False
TRX-12100,PROD-1066,2025-05-18,7.0,1163.21,52.36,9.0,En Camino,Barranquilla,App,False,False,False
TRX-12101,PROD-2462,2024-10-07,14.0,1912.63,59.38,13.0,En Camino,Medellín,App,False,False,False
TRX-12102,PROD-1276,2025-06-26,2.0,470.59,45.1,22.0,En Camino,Bogotá,Físico,False,False,False
TRX-12103,PROD-2412,2025-01-26,11.0,976.41,6.61,19.0,En Camino,Bogotá,Online,False,False,False
TRX-12104,PROD-1987,2025-09-02,7.0,1955.08,63.99,5.0,Devuelto,Bucaramanga,Físico,False,False,False
TRX-12105,PROD-3691,2024-10-09,11.0,1654.62,88.56,11.0,Sin Información,Bogotá,Online,False,False,True
TRX-12106,PROD-3573,2025-07-31,5.0,1459.95,78.11,24.0,Entregado,Bogotá,Online,False,False,True
TRX-12107,PROD-1424,2024-11-11,13.0,386.06,98.25,25.0,Entregado,Bucaramanga,Físico,False,False,False
TRX-12108,PROD-3383,2025-02-04,7.0,1541.12,18.21,3.0,Sin Información,Cali,App,False,False,False
TRX-12109,PROD-2361,2025-01-18,1.0,701.65,26.14,5.0,Sin Información,Sin Ciudad,Online,False,False,False
TRX-12110,PROD-1546,2025-10-05,11.0,1065.77,56.23,13.0,En Camino,Medellín,Online,False,False,False
TRX-12111,PROD-1181,2025-07-25,11.0,1222.23,27.41,14.0,Perdido,Medellín,WhatsApp,False,False,False
TRX-12112,PROD-2443,2024-11-21,10.0,1222.63,52.36,13.0,Devuelto,Bogotá,Físico,False,False,False
TRX-12113,PROD-3236,2025-01-25,9.0,1455.78,8.28,2.0,Entregado,Medellín,WhatsApp,False,False,False
TRX-12114,PROD-2386,2026-01-02,1.0,1326.79,43.22,2.0,Sin Información,Sin Ciudad,Online,False,False,False
TRX-12115,PROD-3632,2025-01-16,14.0,146.06,32.33,18.0,Devuelto,Bogotá,Online,False,False,True
TRX-12116,PROD-1717,2025-10-18,5.0,920.12,30.06,28.0,Perdido,Bogotá,WhatsApp,False,False,False
TRX-12117,PROD-3804,2025-11-20,14.0,1331.4,95.55,6.0,Sin Información,Sin Ciudad,Físico,False,False,True
TRX-12118,PROD-2903,2025-03-14,8.0,599.03,27.65,19.0,Devuelto,Barranquilla,WhatsApp,False,False,False
TRX-12119,PROD-3848,2025-03-28,1.0,632.98,17.3,10.0,Perdido,Barranquilla,WhatsApp,False,False,True
TRX-12120,PROD-2960,2026-02-02,7.0,257.89,16.91,21.0,Sin Información,Bucaramanga,Online,False,True,False
TRX-12121,PROD-3587,2024-12-19,2.0,843.04,81.6,8.0,Perdido,Medellín,App,False,False,True
TRX-12122,PROD-1746,2025-04-13,7.0,1973.79,72.91,5.0,Retrasado,Bucaramanga,App,False,False,False
TRX-12123,PROD-1552,2025-09-18,7.0,577.79,17.3,2.0,Sin Información,Cali,App,False,False,False
TRX-12124,PROD-1258,2025-07-30,9.0,1067.56,52.36,6.0,Perdido,Sin Ciudad,Físico,False,False,False
TRX-12125,PROD-3932,2025-08-08,6.0,1489.04,25.88,18.0,Retrasado,Bucaramanga,WhatsApp,False,False,True
TRX-12126,PROD-2874,2025-12-15,4.0,36.86,76.0,29.0,Sin Información,Medellín,Físico,False,False,False
TRX-12127,PROD-1151,2025-03-23,7.0,1801.87,31.09,8.0,Sin Información,Bogotá,App,False,False,False
TRX-12128,PROD-2201,2025-09-09,7.0,779.23,98.25,2.0,Perdido,Medellín,Físico,False,False,False
TRX-12129,PROD-1825,2025-03-09,4.0,1739.54,56.35,23.0,Perdido,Bucaramanga,Físico,False,False,False
TRX-12130,PROD-1179,2025-03-22,2.0,87.51,23.24,20.0,Devuelto,Sin Ciudad,Físico,False,False,False
TRX-12131,PROD-1817,2025-07-19,13.0,299.87,86.59,4.0,Retrasado,Bucaramanga,App,False,False,False
TRX-12132,PROD-1171,2025-12-13,11.0,651.83,35.35,15.0,Sin Información,Bogotá,Físico,False,False,False
TRX-12133,PROD-2292,2025-01-30,9.0,697.47,32.44,24.0,Entregado,Bogotá,Físico,False,False,False
TRX-12134,PROD-2270,2025-12-29,14.0,1697.11,36.11,20.0,Entregado,Cali,App,False,False,False
TRX-12135,PROD-3111,2025-02-18,8.0,32.29,77.98,24.0,Devuelto,Medellín,App,False,False,False
TRX-12136,PROD-2631,2026-01-07,5.0,1285.81,52.36,9.0,Entregado,Barranquilla,Físico,False,False,False
TRX-12137,PROD-3224,2025-07-25,14.0,271.31,21.46,24.0,Entregado,Bogotá,WhatsApp,False,False,False
TRX-12138,PROD-2939,2025-04-19,5.0,1648.2,41.27,20.0,Perdido,Medellín,Físico,False,False,False
TRX-12139,PROD-2037,2025-01-11,1.0,1559.36,7.93,21.0,En Camino,Barranquilla,Online,False,False,False
TRX-12140,PROD-1149,2025-12-02,11.0,1004.84,83.53,6.0,En Camino,Bogotá,App,False,False,False
TRX-12141,PROD-3649,2026-02-04,9.0,433.25,37.37,9.0,Entregado,Sin Ciudad,WhatsApp,False,True,True
TRX-12142,PROD-1782,2025-02-06,11.0,1272.65,28.58,13.0,Devuelto,Bogotá,Online,False,False,False
TRX-12143,PROD-2171,2025-09-12,14.0,320.95,60.09,5.0,Devuelto,Bucaramanga,Online,False,False,False
TRX-12144,PROD-2462,2025-10-31,10.0,388.15,71.97,14.0,Retrasado,Medellín,Online,False,False,False
TRX-12145,PROD-1195,2025-04-21,11.0,1257.11,82.23,14.0,Devuelto,Cali,WhatsApp,False,False,False
TRX-12146,PROD-3685,2025-02-15,8.0,1982.54,38.04,18.0,Devuelto,Bogotá,Online,False,False,True
TRX-12147,PROD-2359,2024-12-15,5.0,1783.21,82.17,7.0,Perdido,Cali,App,False,False,False
TRX-12148,PROD-2119,2024-10-22,10.0,1190.28,52.36,6.0,Perdido,Medellín,WhatsApp,False,False,False
TRX-12149,PROD-1509,2026-01-23,6.0,1081.69,49.16,27.0,Sin Información,Cali,App,False,False,False
TRX-12150,PROD-2507,2024-11-26,12.0,1996.79,14.61,12.0,Entregado,Medellín,WhatsApp,False,False,False
TRX-12151,PROD-2789,2024-10-16,10.0,1099.32,85.4,14.0,Sin Información,Bogotá,App,False,False,False
TRX-12152,PROD-2638,2026-01-07,11.0,846.03,57.03,19.0,Devuelto,Bogotá,WhatsApp,False,False,False
TRX-12153,PROD-2801,2025-11-27,10.0,1820.02,62.23,16.0,En Camino,Bogotá,Online,False,False,False
TRX-12154,PROD-2583,2025-04-21,8.0,476.03,94.06,24.0,Devuelto,Bucaramanga,App,False,False,False
TRX-12155,PROD-2388,2025-05-02,6.0,204.08,58.12,19.0,Devuelto,Bogotá,App,False,False,False
TRX-12156,PROD-1765,2024-12-21,10.0,1271.84,5.53,10.0,Entregado,Medellín,App,False,False,False
TRX-12157,PROD-3032,2025-01-06,14.0,200.74,87.71,11.0,En Camino,Medellín,Físico,False,False,False
TRX-12158,PROD-3834,2025-03-13,4.0,752.57,32.05,4.0,Entregado,Sin Ciudad,Online,False,False,True
TRX-12159,PROD-3037,2025-05-10,3.0,852.92,52.67,25.0,Devuelto,Medellín,App,False,False,False
TRX-12160,PROD-2504,2025-11-09,7.0,1099.6,52.36,29.0,En Camino,Bucaramanga,App,False,False,False
TRX-12161,PROD-3126,2024-12-08,13.0,1983.4,24.46,20.0,Devuelto,Barranquilla,WhatsApp,False,False,False
TRX-12162,PROD-2092,2024-11-29,2.0,449.75,33.21,2.0,Sin Información,Bogotá,Online,False,False,False
TRX-12163,PROD-1338,2025-09-22,7.0,757.76,70.23,9.0,Entregado,Cali,Online,False,False,False
TRX-12164,PROD-3978,2025-10-28,1.0,273.16,45.81,10.0,Entregado,Bogotá,App,False,False,True
TRX-12165,PROD-2738,2025-09-10,13.0,1219.15,64.58,8.0,Perdido,Medellín,Físico,False,False,False
TRX-12166,PROD-1323,2025-10-16,10.0,1458.07,83.24,4.0,En Camino,Bucaramanga,App,False,False,False
TRX-12167,PROD-2763,2024-12-23,5.0,969.33,37.38,13.0,Perdido,Barranquilla,Físico,False,False,False
TRX-12168,PROD-3467,2024-12-19,9.0,499.2,58.99,27.0,Sin Información,Cali,Online,False,False,False
TRX-12169,PROD-1739,2025-12-31,13.0,1245.57,78.87,6.0,En Camino,Cali,Online,False,False,False
TRX-12170,PROD-3234,2024-11-11,13.0,1082.92,72.94,6.0,Retrasado,Bucaramanga,Físico,False,False,False
TRX-12171,PROD-2203,2025-01-03,1.0,350.66,56.29,27.0,En Camino,Bucaramanga,Online,False,False,False
TRX-12172,PROD-2315,2025-09-25,8.0,817.31,52.36,2.0,Devuelto,Bucaramanga,WhatsApp,False,False,False
TRX-12173,PROD-1420,2025-11-20,9.0,876.04,41.42,9.0,En Camino,Sin Ciudad,Físico,False,False,False
TRX-12174,PROD-1327,2026-01-27,9.0,1965.41,43.71,6.0,Perdido,Bogotá,WhatsApp,False,False,False
TRX-12175,PROD-2343,2024-11-07,8.0,1700.08,46.15,5.0,Entregado,Sin Ciudad,App,False,False,False
TRX-12176,PROD-3707,2025-03-20,4.0,1471.4,38.14,2.0,Entregado,Medellín,App,False,False,True
TRX-12177,PROD-2210,2025-06-16,14.0,1778.67,71.41,29.0,En Camino,Sin Ciudad,WhatsApp,False,False,False
TRX-12178,PROD-2255,2025-06-17,14.0,1473.61,16.91,14.0,Retrasado,Medellín,Online,False,False,False
TRX-12179,PROD-2826,2025-10-24,7.0,1807.77,96.91,10.0,Entregado,Medellín,WhatsApp,False,False,False
TRX-12180,PROD-3468,2025-08-08,1.0,118.56,79.0,15.0,Sin Información,Medellín,Online,False,False,False
TRX-12181,PROD-3939,2024-09-30,7.0,917.57,33.33,17.0,Entregado,Bucaramanga,WhatsApp,False,False,True
TRX-12182,PROD-2745,2025-12-15,6.0,1496.33,9.04,7.0,Sin Información,Sin Ciudad,WhatsApp,False,False,False
TRX-12183,PROD-1682,2025-06-14,5.0,1170.76,72.57,20.0,Sin Información,Medellín,Online,False,False,False
TRX-12184,PROD-3825,2026-01-11,1.0,358.58,52.36,11.0,Sin Información,Bogotá,WhatsApp,False,False,True
TRX-12185,PROD-2818,2025-10-13,8.0,687.58,74.76,13.0,Entregado,Bogotá,Físico,False,False,False
TRX-12186,PROD-2439,2024-12-09,10.0,642.37,96.54,23.0,Retrasado,Medellín,Online,False,False,False
TRX-12187,PROD-2831,2025-10-24,1.0,530.08,29.1,21.0,Perdido,Bogotá,App,False,False,False
TRX-12188,PROD-1173,2025-05-20,1.0,692.84,12.86,17.0,En Camino,Sin Ciudad,App,False,False,False
TRX-12189,PROD-3977,2025-06-07,14.0,1034.56,91.94,5.0,Sin Información,Barranquilla,WhatsApp,False,False,True
TRX-12190,PROD-2444,2025-04-06,3.0,1711.19,29.57,12.0,Retrasado,Medellín,App,False,False,False
TRX-12191,PROD-3518,2025-12-26,13.0,1486.64,73.55,4.0,En Camino,Sin Ciudad,Físico,False,False,True
TRX-12192,PROD-2781,2025-11-28,8.0,1672.15,10.76,1.0,Devuelto,Sin Ciudad,App,False,False,False
TRX-12193,PROD-2124,2025-08-18,8.0,1768.37,77.26,10.0,Sin Información,Bogotá,App,False,False,False
TRX-12194,PROD-3619,2025-01-31,14.0,838.14,17.07,2.0,En Camino,Bogotá,Online,False,False,True
TRX-12195,PROD-1234,2025-12-18,7.0,698.59,71.08,13.0,Sin Información,Medellín,WhatsApp,False,False,False
TRX-12196,PROD-1307,2025-10-17,5.0,124.67,52.36,13.0,Entregado,Medellín,App,False,False,False
TRX-12197,PROD-3749,2025-08-31,8.0,1861.68,55.57,25.0,Retrasado,Medellín,WhatsApp,False,False,True
TRX-12198,PROD-3611,2025-06-10,2.0,140.99,95.77,12.0,Sin Información,Medellín,Online,False,False,True
TRX-12199,PROD-2663,2025-05-22,8.0,1484.86,8.51,1.0,Retrasado,Sin Ciudad,App,False,False,False
TRX-12200,PROD-2488,2025-10-14,7.0,762.44,32.74,15.0,Perdido,Bogotá,App,True,False,False
TRX-12201,PROD-3101,2025-10-21,12.0,1898.07,11.6,10.0,Devuelto,Bogotá,Online,False,False,False
TRX-12202,PROD-3782,2025-03-12,11.0,845.01,88.52,20.0,Perdido,Bogotá,Online,False,False,True
TRX-12203,PROD-1655,2025-02-16,2.0,1635.05,61.42,24.0,Perdido,Sin Ciudad,App,False,False,False
TRX-12204,PROD-1127,2025-06-19,10.0,572.48,55.82,5.0,Devuelto,Barranquilla,Físico,False,False,False
TRX-12205,PROD-1584,2025-02-18,5.0,605.19,17.49,10.0,Entregado,Bogotá,WhatsApp,False,False,False
TRX-12206,PROD-3488,2025-10-07,11.0,1195.08,51.46,7.0,Retrasado,Bogotá,WhatsApp,False,False,False
TRX-12207,PROD-3777,2025-07-18,13.0,1995.99,42.88,15.0,En Camino,Cali,WhatsApp,False,False,True
TRX-12208,PROD-2794,2024-10-20,4.0,1039.97,52.36,27.0,Devuelto,Cali,Físico,False,False,False
TRX-12209,PROD-1142,2025-02-18,13.0,1873.25,35.0,18.0,Perdido,Sin Ciudad,WhatsApp,False,False,False
TRX-12210,PROD-1517,2025-11-16,1.0,1574.64,78.36,20.0,En Camino,Cali,Online,False,False,False
TRX-12211,PROD-1275,2025-06-29,5.0,1593.77,10.82,4.0,Sin Información,Sin Ciudad,Online,False,False,False
TRX-12212,PROD-1966,2025-03-23,7.0,877.56,66.44,1.0,Devuelto,Bucaramanga,App,False,False,False
TRX-12213,PROD-3642,2025-03-07,1.0,779.22,83.18,28.0,Sin Información,Medellín,Físico,False,False,True
TRX-12214,PROD-2500,2024-10-09,2.0,391.92,91.19,8.0,Devuelto,Bucaramanga,Físico,False,False,False
TRX-12215,PROD-2483,2025-02-19,12.0,1928.24,75.86,11.0,Entregado,Bogotá,App,False,False,False
TRX-12216,PROD-2568,2025-08-27,14.0,1919.19,31.83,3.0,Sin Información,Cali,Físico,False,False,False
TRX-12217,PROD-3323,2024-11-06,9.0,1496.66,62.05,28.0,Entregado,Medellín,WhatsApp,False,False,False
TRX-12218,PROD-1132,2025-08-18,12.0,599.54,18.43,29.0,Retrasado,Barranquilla,App,False,False,False
TRX-12219,PROD-3478,2025-03-30,5.0,497.91,16.12,12.0,Retrasado,Barranquilla,WhatsApp,False,False,False
TRX-12220,PROD-1628,2025-02-08,14.0,1977.33,52.36,13.0,En Camino,Bogotá,WhatsApp,False,False,False
TRX-12221,PROD-3781,2024-11-22,13.0,142.42,65.67,20.0,Retrasado,Barranquilla,App,False,False,True
TRX-12222,PROD-2842,2025-07-13,7.0,1688.69,85.86,18.0,Sin Información,Bogotá,Online,False,False,False
TRX-12223,PROD-2519,2025-08-10,2.0,717.36,11.39,12.0,Sin Información,Medellín,App,False,False,False
TRX-12224,PROD-2523,2024-10-25,7.0,843.55,15.07,10.0,Devuelto,Cali,Físico,False,False,False
TRX-12225,PROD-2818,2025-07-18,7.0,1665.64,58.73,21.0,Devuelto,Bogotá,WhatsApp,False,False,False
TRX-12226,PROD-1314,2025-11-11,7.0,190.3,25.73,28.0,Devuelto,Bogotá,WhatsApp,False,False,False
TRX-12227,PROD-3350,2025-01-12,5.0,714.8,63.12,21.0,Sin Información,Bogotá,Físico,False,False,False
TRX-12228,PROD-1563,2025-07-10,9.0,1904.53,25.38,15.0,Devuelto,Sin Ciudad,App,False,False,False
TRX-12229,PROD-3168,2024-10-29,2.0,1401.14,16.07,3.0,Entregado,Sin Ciudad,Online,False,False,False
TRX-12230,PROD-2503,2025-11-27,4.0,1512.33,56.83,24.0,Devuelto,Bogotá,Físico,False,False,False
TRX-12231,PROD-2630,2026-01-30,2.0,1517.44,86.91,15.0,Devuelto,Barranquilla,Online,False,False,False
TRX-12232,PROD-2287,2024-12-31,8.0,130.53,52.36,17.0,Devuelto,Cali,WhatsApp,False,False,False
TRX-12233,PROD-3660,2024-10-15,12.0,414.38,70.09,29.0,Perdido,Bucaramanga,App,False,False,True
TRX-12234,PROD-2141,2025-11-16,11.0,987.61,82.78,16.0,Sin Información,Sin Ciudad,App,False,False,False
TRX-12235,PROD-2022,2025-11-20,1.0,742.62,30.3,2.0,Sin Información,Sin Ciudad,WhatsApp,False,False,False
TRX-12236,PROD-1464,2026-01-22,9.0,827.72,89.17,1.0,En Camino,Medellín,Físico,False,False,False
TRX-12237,PROD-1106,2025-04-28,12.0,1565.08,40.82,22.0,Sin Información,Bogotá,WhatsApp,False,False,False
TRX-12238,PROD-1762,2024-12-20,13.0,39.21,85.98,4.0,En Camino,Cali,Físico,False,False,False
TRX-12239,PROD-3044,2025-04-19,14.0,1324.38,49.76,26.0,Devuelto,Medellín,WhatsApp,False,False,False
TRX-12240,PROD-3120,2025-06-20,5.0,10.22,30.45,17.0,Sin Información,Medellín,Online,False,False,False
TRX-12241,PROD-2585,2025-11-17,11.0,135.49,29.72,7.0,Devuelto,Bogotá,App,False,False,False
TRX-12242,PROD-3300,2025-05-17,12.0,822.49,58.93,25.0,En Camino,Bucaramanga,Online,False,False,False
TRX-12243,PROD-1482,2025-10-15,3.0,1683.49,12.51,5.0,Retrasado,Bucaramanga,Físico,False,False,False
TRX-12244,PROD-2072,2025-11-02,12.0,298.54,52.36,23.0,Perdido,Sin Ciudad,Físico,False,False,False
TRX-12245,PROD-2066,2025-04-19,11.0,1113.7,93.36,4.0,Perdido,Bogotá,WhatsApp,False,False,False
TRX-12246,PROD-3883,2025-06-27,4.0,1360.23,30.79,20.0,Sin Información,Bogotá,Online,False,False,True
TRX-12247,PROD-2827,2025-12-31,1.0,466.77,36.88,20.0,Retrasado,Sin Ciudad,App,False,False,False
TRX-12248,PROD-1878,2025-04-16,3.0,1029.54,27.16,29.0,Devuelto,Sin Ciudad,Físico,False,False,False
TRX-12249,PROD-3506,2024-12-09,11.0,1823.7,5.29,5.0,En Camino,Cali,WhatsApp,False,False,True
TRX-12250,PROD-2169,2025-10-28,8.0,1029.33,70.79,8.0,Perdido,Bogotá,App,False,False,False
TRX-12251,PROD-3842,2025-08-16,12.0,323.07,61.1,20.0,Retrasado,Bucaramanga,WhatsApp,False,False,True
TRX-12252,PROD-3011,2024-12-29,2.0,1259.35,81.92,23.0,Retrasado,Medellín,Físico,False,False,False
TRX-12253,PROD-1819,2025-09-03,2.0,1188.48,8.9,9.0,Entregado,Bogotá,App,False,False,False
TRX-12254,PROD-1502,2025-09-22,9.0,63.64,93.22,6.0,Sin Información,Bucaramanga,WhatsApp,False,False,False
TRX-12255,PROD-1555,2025-09-07,5.0,190.28,36.43,4.0,Retrasado,Medellín,Físico,False,False,False
TRX-12256,PROD-1303,2026-01-05,5.0,321.99,52.36,5.0,Entregado,Cali,WhatsApp,False,False,False
TRX-12257,PROD-2851,2025-08-24,1.0,281.22,91.74,8.0,Entregado,Medellín,WhatsApp,False,False,False
TRX-12258,PROD-1707,2024-12-25,13.0,526.34,15.18,20.0,Sin Información,Bucaramanga,WhatsApp,False,False,False
TRX-12259,PROD-3921,2024-12-11,6.0,913.67,75.67,13.0,Perdido,Barranquilla,App,False,False,True
TRX-12260,PROD-2823,2024-10-30,8.0,749.72,60.04,4.0,Devuelto,Medellín,App,False,False,False
TRX-12261,PROD-1359,2025-11-04,6.0,1782.39,39.03,7.0,Devuelto,Barranquilla,Físico,False,False,False
TRX-12262,PROD-3793,2025-05-08,14.0,1228.1,12.52,22.0,Retrasado,Sin Ciudad,WhatsApp,False,False,True
TRX-12263,PROD-2309,2026-01-18,7.0,1753.53,62.45,1.0,En Camino,Medellín,App,False,False,False
TRX-12264,PROD-3735,2025-02-03,14.0,1058.81,7.51,9.0,En Camino,Sin Ciudad,App,False,False,True
TRX-12265,PROD-2423,2025-04-06,4.0,188.84,52.62,29.0,Entregado,Medellín,WhatsApp,False,False,False
TRX-12266,PROD-3906,2026-01-01,2.0,931.94,62.4,5.0,Sin Información,Cali,Físico,False,False,True
TRX-12267,PROD-1265,2025-10-17,1.0,1645.84,74.59,10.0,Retrasado,Cali,Online,False,False,False
TRX-12268,PROD-3252,2025-07-01,12.0,396.27,52.36,11.0,Retrasado,Medellín,WhatsApp,False,False,False
TRX-12269,PROD-3220,2025-01-01,6.0,191.52,99.18,18.0,Devuelto,Medellín,Físico,False,False,False
TRX-12270,PROD-2189,2026-01-10,9.0,665.58,29.71,5.0,En Camino,Medellín,Online,False,False,False
TRX-12271,PROD-2228,2025-11-21,10.0,783.91,35.63,24.0,Perdido,Medellín,Físico,False,False,False
TRX-12272,PROD-1645,2024-12-06,5.0,619.45,37.41,22.0,Sin Información,Bogotá,Online,False,False,False
TRX-12273,PROD-3915,2025-07-13,12.0,279.13,74.5,24.0,Retrasado,Bucaramanga,Online,False,False,True
TRX-12274,PROD-3906,2025-04-18,2.0,509.17,93.52,21.0,Retrasado,Bucaramanga,Físico,False,False,True
TRX-12275,PROD-3868,2024-12-14,1.0,1367.74,97.56,4.0,Devuelto,Cali,App,False,False,True
TRX-12276,PROD-3612,2025-11-23,3.0,778.0,94.85,26.0,Perdido,Bogotá,Físico,False,False,True
TRX-12277,PROD-1713,2025-12-03,4.0,1268.77,88.54,19.0,Perdido,Medellín,Online,False,False,False
TRX-12278,PROD-2480,2025-02-12,7.0,1077.24,99.14,16.0,Perdido,Bogotá,WhatsApp,False,False,False
TRX-12279,PROD-3083,2026-01-09,9.0,1102.62,40.71,2.0,Sin Información,Medellín,Online,False,False,False
TRX-12280,PROD-1918,2024-11-17,8.0,504.61,52.36,15.0,Perdido,Medellín,Online,False,False,False
TRX-12281,PROD-1497,2025-09-18,9.0,1047.87,95.09,9.0,En Camino,Bucaramanga,Físico,False,False,False
TRX-12282,PROD-1823,2025-12-06,7.0,56.95,77.3,17.0,Sin Información,Medellín,Online,False,False,False
TRX-12283,PROD-1568,2025-07-06,10.0,869.17,21.0,26.0,Entregado,Medellín,WhatsApp,False,False,False
TRX-12284,PROD-1969,2025-04-21,8.0,1149.52,9.32,2.0,Perdido,Bucaramanga,App,False,False,False
TRX-12285,PROD-3023,2025-12-07,8.0,372.17,25.38,22.0,Entregado,Medellín,WhatsApp,False,False,False
TRX-12286,PROD-1107,2025-03-20,1.0,520.55,78.98,29.0,Entregado,Medellín,App,False,False,False
TRX-12287,PROD-2478,2025-11-04,12.0,446.87,65.01,6.0,Devuelto,Bogotá,WhatsApp,False,False,False
TRX-12288,PROD-3269,2024-11-19,14.0,150.41,26.31,28.0,Perdido,Sin Ciudad,App,False,False,False
TRX-12289,PROD-3344,2024-12-04,12.0,702.24,75.48,1.0,En Camino,Cali,Físico,False,False,False
TRX-12290,PROD-2511,2025-04-25,9.0,1958.14,18.43,8.0,Devuelto,Bucaramanga,App,False,False,False
TRX-12291,PROD-2914,2025-10-15,2.0,714.22,83.07,11.0,Devuelto,Medellín,Físico,False,False,False
TRX-12292,PROD-3259,2025-06-15,12.0,926.47,52.36,20.0,Entregado,Cali,WhatsApp,False,False,False
TRX-12293,PROD-1531,2025-12-13,11.0,1309.64,80.45,23.0,Retrasado,Bogotá,Online,False,False,False
TRX-12294,PROD-3506,2024-12-04,14.0,1300.51,97.39,26.0,En Camino,Bogotá,Físico,False,False,True
TRX-12295,PROD-1353,2026-01-02,7.0,1900.29,19.28,15.0,Sin Información,Sin Ciudad,App,False,False,False
TRX-12296,PROD-1269,2025-06-20,13.0,1716.55,91.13,9.0,Perdido,Medellín,Físico,False,False,False
TRX-12297,PROD-2266,2026-02-03,10.0,1589.96,37.4,2.0,Perdido,Bogotá,Físico,False,True,False
TRX-12298,PROD-2630,2025-09-11,10.0,1903.74,44.53,7.0,En Camino,Medellín,Físico,False,False,False
TRX-12299,PROD-3936,2025-05-14,13.0,469.22,49.5,17.0,Perdido,Bucaramanga,Físico,False,False,True
TRX-12300,PROD-3944,2025-08-07,7.0,1237.94,64.56,3.0,Retrasado,Sin Ciudad,Online,False,False,True
TRX-12301,PROD-2960,2024-10-11,5.0,1775.52,99.5,4.0,Sin Información,Sin Ciudad,Físico,False,False,False
TRX-12302,PROD-3153,2025-01-13,4.0,1252.03,62.0,3.0,Retrasado,Medellín,WhatsApp,False,False,False
TRX-12303,PROD-2682,2024-11-24,1.0,1955.07,93.04,8.0,Perdido,Medellín,Físico,False,False,False
TRX-12304,PROD-2677,2025-09-29,1.0,209.7,52.36,11.0,Devuelto,Barranquilla,Físico,False,False,False
TRX-12305,PROD-3354,2025-03-25,3.0,884.27,29.23,28.0,Sin Información,Barranquilla,Online,False,False,False
TRX-12306,PROD-1302,2025-06-26,14.0,1954.95,42.85,16.0,Sin Información,Barranquilla,WhatsApp,False,False,False
TRX-12307,PROD-1513,2025-03-03,1.0,765.34,52.93,28.0,Perdido,Cali,Online,False,False,False
TRX-12308,PROD-2298,2025-05-23,8.0,1481.72,35.68,14.0,Perdido,Barranquilla,Online,False,False,False
TRX-12309,PROD-3631,2025-02-14,3.0,70.5,97.8,23.0,En Camino,Medellín,WhatsApp,False,False,True
TRX-12310,PROD-1303,2025-02-15,11.0,1392.73,73.94,19.0,Retrasado,Bogotá,WhatsApp,False,False,False
TRX-12311,PROD-2843,2024-12-12,10.0,1869.91,50.49,23.0,Sin Información,Cali,Físico,False,False,False
TRX-12312,PROD-2908,2025-08-10,2.0,771.59,76.37,2.0,Devuelto,Sin Ciudad,WhatsApp,False,False,False
TRX-12313,PROD-3785,2025-12-01,6.0,52.39,49.41,12.0,En Camino,Bucaramanga,Físico,False,False,True
TRX-12314,PROD-3119,2025-08-09,4.0,65.54,6.64,11.0,En Camino,Bogotá,Online,False,False,False
TRX-12315,PROD-2411,2024-11-04,13.0,1785.13,56.6,16.0,Devuelto,Cali,Físico,False,False,False
TRX-12316,PROD-1525,2025-08-01,13.0,1447.81,52.36,11.0,Devuelto,Medellín,Físico,False,False,False
TRX-12317,PROD-3258,2025-10-21,14.0,222.31,64.39,3.0,En Camino,Sin Ciudad,WhatsApp,False,False,False
TRX-12318,PROD-3620,2025-07-12,11.0,118.63,98.21,23.0,Perdido,Medellín,Online,False,False,True
TRX-12319,PROD-3407,2025-03-17,14.0,1611.6,8.88,10.0,Devuelto,Bogotá,WhatsApp,False,False,False
TRX-12320,PROD-1745,2025-10-03,13.0,1621.62,53.65,29.0,Sin Información,Bogotá,Online,False,False,False
TRX-12321,PROD-1528,2024-11-30,11.0,249.84,14.32,5.0,Entregado,Barranquilla,App,False,False,False
TRX-12322,PROD-2772,2024-11-17,13.0,610.03,19.15,28.0,Devuelto,Bogotá,Online,False,False,False
TRX-12323,PROD-3059,2025-01-19,4.0,1562.25,62.99,13.0,Sin Información,Bogotá,Online,False,False,False
TRX-12324,PROD-1226,2025-04-14,2.0,1055.57,27.0,25.0,En Camino,Cali,Online,False,False,False
TRX-12325,PROD-1508,2025-11-16,2.0,1913.6,76.17,24.0,Entregado,Cali,Online,False,False,False
TRX-12326,PROD-3122,2025-11-11,11.0,967.31,53.85,6.0,En Camino,Cali,Físico,False,False,False
TRX-12327,PROD-1626,2024-11-16,6.0,1357.15,25.73,28.0,Retrasado,Bogotá,WhatsApp,False,False,False
TRX-12328,PROD-2245,2024-10-30,5.0,1024.47,52.36,20.0,Retrasado,Medellín,Online,False,False,False
TRX-12329,PROD-1674,2025-05-23,9.0,1886.5,51.91,3.0,Perdido,Medellín,Físico,False,False,False
TRX-12330,PROD-1663,2025-04-11,4.0,803.33,5.08,22.0,Devuelto,Medellín,WhatsApp,False,False,False
TRX-12331,PROD-2321,2025-05-16,5.0,467.29,86.96,9.0,En Camino,Barranquilla,Físico,False,False,False
TRX-12332,PROD-3905,2026-01-09,1.0,660.0,6.2,21.0,Entregado,Bogotá,Online,False,False,True
TRX-12333,PROD-1923,2024-10-07,12.0,1707.02,5.67,28.0,Sin Información,Medellín,WhatsApp,False,False,False
TRX-12334,PROD-2417,2025-02-13,12.0,1000.9,63.09,7.0,Devuelto,Bucaramanga,Online,False,False,False
TRX-12335,PROD-3125,2024-12-08,2.0,714.96,97.48,23.0,Perdido,Bogotá,App,False,False,False
TRX-12336,PROD-2163,2026-01-08,3.0,1093.08,86.31,7.0,En Camino,Medellín,Físico,False,False,False
TRX-12337,PROD-1323,2026-01-13,5.0,275.13,28.94,25.0,Sin Información,Barranquilla,Online,False,False,False
TRX-12338,PROD-2026,2025-07-28,12.0,20.67,23.68,2.0,Sin Información,Bucaramanga,WhatsApp,False,False,False
TRX-12339,PROD-1804,2025-12-06,5.0,568.36,64.48,8.0,En Camino,Barranquilla,WhatsApp,False,False,False
TRX-12340,PROD-3601,2025-06-12,4.0,1213.96,52.36,18.0,Retrasado,Sin Ciudad,Físico,False,False,True
TRX-12341,PROD-3256,2025-03-26,14.0,1426.24,83.15,27.0,Perdido,Barranquilla,App,False,False,False
TRX-12342,PROD-2124,2024-11-16,10.0,1654.96,39.4,1.0,Sin Información,Medellín,Online,False,False,False
TRX-12343,PROD-1512,2025-07-27,3.0,1854.06,46.07,28.0,En Camino,Medellín,WhatsApp,False,False,False
TRX-12344,PROD-3560,2024-09-26,9.0,830.1,15.97,10.0,Retrasado,Sin Ciudad,App,False,False,True
TRX-12345,PROD-2240,2025-07-18,1.0,1483.63,19.52,6.0,Retrasado,Bucaramanga,WhatsApp,False,False,False
TRX-12346,PROD-3516,2024-11-01,6.0,158.6,58.99,18.0,Entregado,Bogotá,Físico,False,False,True
TRX-12347,PROD-3185,2025-05-10,7.0,124.48,14.75,13.0,Sin Información,Cali,WhatsApp,False,False,False
TRX-12348,PROD-1382,2025-10-04,10.0,258.35,24.19,21.0,Perdido,Medellín,App,False,False,False
TRX-12349,PROD-3058,2025-07-05,4.0,902.65,27.29,1.0,Perdido,Bogotá,WhatsApp,False,False,False
TRX-12350,PROD-3625,2025-02-07,10.0,430.45,47.17,23.0,En Camino,Medellín,App,False,False,True
TRX-12351,PROD-1690,2026-01-13,3.0,580.98,9.33,29.0,Entregado,Bucaramanga,Físico,False,False,False
TRX-12352,PROD-3424,2025-01-03,8.0,1299.28,52.36,1.0,Devuelto,Sin Ciudad,Físico,False,False,False
TRX-12353,PROD-3378,2024-09-29,9.0,723.46,52.48,12.0,En Camino,Medellín,Físico,False,False,False
TRX-12354,PROD-1631,2025-03-05,13.0,1119.17,93.22,28.0,Retrasado,Bogotá,WhatsApp,False,False,False
TRX-12355,PROD-1701,2025-11-15,1.0,830.68,7.32,8.0,Devuelto,Bogotá,Físico,False,False,False
TRX-12356,PROD-3698,2026-01-07,11.0,346.25,64.94,28.0,Devuelto,Bogotá,Físico,False,False,True
TRX-12357,PROD-3557,2025-11-19,12.0,157.3,84.41,21.0,Sin Información,Bucaramanga,Físico,False,False,True
TRX-12358,PROD-3951,2025-11-16,10.0,480.1,34.68,5.0,En Camino,Medellín,App,False,False,True
TRX-12359,PROD-3478,2025-09-22,9.0,124.82,17.49,3.0,Sin Información,Barranquilla,Físico,False,False,False
TRX-12360,PROD-2382,2025-06-25,7.0,1241.04,9.12,18.0,Entregado,Barranquilla,WhatsApp,False,False,False
TRX-12361,PROD-3308,2024-11-10,1.0,1593.48,66.17,6.0,Perdido,Cali,WhatsApp,False,False,False
TRX-12362,PROD-1168,2024-12-27,7.0,686.08,57.46,4.0,Entregado,Cali,Físico,False,False,False
TRX-12363,PROD-1116,2024-11-20,5.0,780.35,26.78,15.0,En Camino,Sin Ciudad,WhatsApp,False,False,False
TRX-12364,PROD-1332,2025-05-11,10.0,1634.22,52.36,29.0,Perdido,Bogotá,Físico,False,False,False
TRX-12365,PROD-1186,2025-03-18,13.0,453.0,84.0,26.0,Devuelto,Sin Ciudad,Físico,False,False,False
TRX-12366,PROD-3627,2024-12-21,13.0,247.13,74.87,28.0,Retrasado,Bogotá,WhatsApp,False,False,True
TRX-12367,PROD-3362,2025-07-01,7.0,1007.23,31.26,4.0,Sin Información,Bucaramanga,Online,False,False,False
TRX-12368,PROD-2084,2024-10-28,12.0,1295.92,76.57,6.0,Entregado,Bogotá,WhatsApp,False,False,False
TRX-12369,PROD-3667,2025-03-12,9.0,1203.31,28.27,18.0,Sin Información,Bogotá,App,False,False,True
TRX-12370,PROD-1863,2025-01-26,8.0,1430.61,69.15,18.0,Sin Información,Bogotá,App,False,False,False
TRX-12371,PROD-3343,2026-01-18,6.0,122.93,16.26,29.0,Perdido,Medellín,Online,False,False,False
TRX-12372,PROD-2706,2025-07-18,2.0,862.12,70.76,26.0,Entregado,Barranquilla,App,False,False,False
TRX-12373,PROD-3531,2025-09-12,8.0,484.76,27.68,10.0,Perdido,Bogotá,WhatsApp,False,False,True
TRX-12374,PROD-3617,2025-04-14,12.0,1520.65,59.38,13.0,Retrasado,Medellín,WhatsApp,False,False,True
TRX-12375,PROD-1124,2025-07-08,14.0,1746.73,21.38,20.0,Sin Información,Medellín,App,False,False,False
TRX-12376,PROD-3039,2025-09-13,4.0,569.86,52.36,22.0,En Camino,Bogotá,Físico,False,False,False
TRX-12377,PROD-3568,2025-12-28,8.0,199.48,73.97,18.0,En Camino,Bogotá,App,False,False,True
TRX-12378,PROD-3234,2024-12-28,7.0,514.32,10.78,7.0,Perdido,Bogotá,Online,False,False,False
TRX-12379,PROD-2186,2025-05-18,4.0,216.98,20.71,27.0,Perdido,Sin Ciudad,App,False,False,False
TRX-12380,PROD-3629,2025-03-14,8.0,651.62,22.49,8.0,En Camino,Medellín,Online,False,False,True
TRX-12381,PROD-2237,2025-07-20,11.0,1081.02,8.93,25.0,Devuelto,Medellín,Online,False,False,False
TRX-12382,PROD-2978,2024-12-19,11.0,1947.63,75.78,6.0,Devuelto,Bucaramanga,WhatsApp,False,False,False
TRX-12383,PROD-2003,2025-10-26,12.0,804.75,98.19,2.0,Devuelto,Bucaramanga,App,False,False,False
TRX-12384,PROD-3805,2025-09-08,11.0,447.88,78.95,22.0,Retrasado,Sin Ciudad,Físico,False,False,True
TRX-12385,PROD-2663,2024-10-09,2.0,341.94,86.76,8.0,Perdido,Sin Ciudad,Online,False,False,False
TRX-12386,PROD-2218,2025-02-09,9.0,354.35,5.57,10.0,Entregado,Bogotá,App,False,False,False
TRX-12387,PROD-2857,2025-06-03,6.0,393.27,16.2,17.0,Entregado,Medellín,App,False,False,False
TRX-12388,PROD-1298,2025-06-27,7.0,1526.91,52.36,27.0,Perdido,Medellín,WhatsApp,False,False,False
TRX-12389,PROD-3820,2025-02-20,10.0,131.45,58.11,22.0,En Camino,Bucaramanga,Físico,False,False,True
TRX-12390,PROD-1245,2025-09-03,1.0,1994.83,97.9,12.0,Perdido,Sin Ciudad,Físico,False,False,False
TRX-12391,PROD-1647,2025-08-22,3.0,1050.15,67.77,11.0,Devuelto,Bogotá,App,False,False,False
TRX-12392,PROD-2800,2025-02-09,14.0,1093.1,40.54,17.0,Devuelto,Cali,Físico,False,False,False
TRX-12393,PROD-2702,2025-01-14,10.0,721.55,18.88,16.0,Entregado,Medellín,Online,False,False,False
TRX-12394,PROD-2983,2024-11-29,5.0,1383.61,19.52,22.0,Perdido,Barranquilla,WhatsApp,False,False,False
TRX-12395,PROD-2902,2025-09-23,12.0,948.2,39.46,10.0,Entregado,Bogotá,App,False,False,False
TRX-12396,PROD-1835,2025-03-20,7.0,664.83,72.81,20.0,En Camino,Cali,Físico,False,False,False
TRX-12397,PROD-2393,2025-01-25,1.0,537.63,8.02,3.0,Sin Información,Cali,App,False,False,False
TRX-12398,PROD-3484,2025-10-24,9.0,1852.05,85.96,19.0,Sin Información,Sin Ciudad,Físico,False,False,False
TRX-12399,PROD-1588,2025-08-01,5.0,589.07,94.45,4.0,Sin Información,Bogotá,Online,False,False,False
TRX-12400,PROD-2280,2025-07-30,7.0,878.42,52.36,15.0,Retrasado,Medellín,App,True,False,False
TRX-12401,PROD-3942,2025-08-26,13.0,707.18,89.44,19.0,Retrasado,Medellín,WhatsApp,False,False,True
TRX-12402,PROD-2307,2025-09-20,12.0,181.5,91.74,9.0,En Camino,Bogotá,Físico,False,False,False
TRX-12403,PROD-2414,2025-11-08,3.0,380.01,6.46,20.0,Devuelto,Sin Ciudad,WhatsApp,False,False,False
TRX-12404,PROD-2633,2025-09-15,7.0,387.11,97.89,17.0,Devuelto,Medellín,WhatsApp,False,False,False
TRX-12405,PROD-1535,2025-05-13,10.0,1390.36,39.8,4.0,Devuelto,Bogotá,Online,False,False,False
TRX-12406,PROD-2517,2025-11-24,8.0,819.1,87.58,17.0,Entregado,Bogotá,Online,False,False,False
TRX-12407,PROD-3109,2025-02-16,10.0,1566.12,22.75,26.0,Sin Información,Barranquilla,Físico,False,False,False
TRX-12408,PROD-3300,2025-11-26,10.0,1420.81,47.42,26.0,Entregado,Bucaramanga,App,False,False,False
TRX-12409,PROD-1434,2025-01-11,3.0,392.18,9.2,3.0,Retrasado,Medellín,Físico,False,False,False
TRX-12410,PROD-2307,2025-09-20,7.0,1130.2,8.81,20.0,Devuelto,Bucaramanga,Físico,False,False,False
TRX-12411,PROD-1990,2025-09-15,7.0,1488.39,94.61,4.0,Devuelto,Sin Ciudad,Online,False,False,False
TRX-12412,PROD-2910,2025-05-18,4.0,1269.76,52.36,9.0,Sin Información,Bogotá,Físico,False,False,False
TRX-12413,PROD-1501,2024-09-25,10.0,1204.03,82.01,6.0,En Camino,Barranquilla,Físico,False,False,False
TRX-12414,PROD-2095,2025-04-21,9.0,1481.83,55.33,19.0,Retrasado,Medellín,App,False,False,False
TRX-12415,PROD-2841,2025-10-31,1.0,122.99,54.92,7.0,Sin Información,Sin Ciudad,Físico,False,False,False
TRX-12416,PROD-2015,2024-10-17,1.0,1465.53,76.13,27.0,Entregado,Barranquilla,App,False,False,False
TRX-12417,PROD-1577,2025-08-19,5.0,552.58,37.46,16.0,Retrasado,Cali,Físico,False,False,False
TRX-12418,PROD-1396,2025-03-25,13.0,1148.03,77.38,15.0,Sin Información,Cali,Online,False,False,False
TRX-12419,PROD-1207,2025-12-31,3.0,492.19,51.08,16.0,Devuelto,Barranquilla,Físico,False,False,False
TRX-12420,PROD-2188,2024-11-22,10.0,1679.25,65.6,14.0,Devuelto,Medellín,App,False,False,False
TRX-12421,PROD-2573,2025-01-23,13.0,966.31,96.66,4.0,Entregado,Medellín,WhatsApp,False,False,False
TRX-12422,PROD-3520,2026-02-01,9.0,1289.45,49.77,23.0,Entregado,Medellín,App,False,True,True
TRX-12423,PROD-2712,2024-11-16,5.0,1590.22,44.75,2.0,Retrasado,Sin Ciudad,Físico,False,False,False
TRX-12424,PROD-2016,2025-03-04,7.0,1791.68,52.36,7.0,Perdido,Medellín,Físico,False,False,False
TRX-12425,PROD-1654,2025-12-28,1.0,1466.8,91.05,24.0,Devuelto,Medellín,Físico,False,False,False
TRX-12426,PROD-2341,2025-03-28,2.0,306.05,90.75,28.0,Devuelto,Medellín,App,False,False,False
TRX-12427,PROD-3366,2024-10-31,11.0,1710.52,99.28,7.0,Perdido,Medellín,App,False,False,False
TRX-12428,PROD-3953,2025-03-26,12.0,1240.97,57.33,6.0,Retrasado,Barranquilla,Online,False,False,True
TRX-12429,PROD-2280,2024-12-14,4.0,1222.81,37.7,20.0,En Camino,Bucaramanga,Físico,False,False,False
TRX-12430,PROD-1777,2025-04-05,9.0,1843.47,27.84,29.0,En Camino,Medellín,WhatsApp,False,False,False
TRX-12431,PROD-1652,2024-10-26,5.0,505.17,8.24,9.0,Devuelto,Bucaramanga,App,False,False,False
TRX-12432,PROD-3040,2025-01-13,5.0,486.78,74.04,17.0,En Camino,Medellín,App,False,False,False
TRX-12433,PROD-3108,2025-11-21,9.0,1031.26,27.18,21.0,Retrasado,Barranquilla,App,False,False,False
TRX-12434,PROD-2912,2025-11-02,8.0,1504.22,62.63,11.0,En Camino,Sin Ciudad,App,False,False,False
TRX-12435,PROD-3042,2025-05-10,2.0,900.01,92.08,16.0,Entregado,Medellín,WhatsApp,False,False,False
TRX-12436,PROD-2263,2025-07-02,7.0,1271.44,52.36,1.0,Retrasado,Sin Ciudad,Online,False,False,False
TRX-12437,PROD-3037,2025-11-01,1.0,910.52,95.27,27.0,Perdido,Medellín,WhatsApp,False,False,False
TRX-12438,PROD-1094,2025-11-21,10.0,1224.67,5.42,26.0,Devuelto,Bucaramanga,WhatsApp,False,False,False
TRX-12439,PROD-1368,2025-07-06,11.0,1646.3,35.12,27.0,Retrasado,Bogotá,App,False,False,False
TRX-12440,PROD-2610,2025-02-24,11.0,369.15,84.55,16.0,En Camino,Medellín,App,False,False,False
TRX-12441,PROD-3070,2025-03-06,9.0,1393.8,55.96,17.0,Retrasado,Bucaramanga,Físico,False,False,False
TRX-12442,PROD-2872,2025-12-16,3.0,1576.98,81.71,6.0,Sin Información,Bogotá,Online,False,False,False
TRX-12443,PROD-1986,2025-03-23,13.0,899.75,86.07,22.0,Perdido,Sin Ciudad,Online,False,False,False
TRX-12444,PROD-1881,2025-05-19,2.0,653.23,47.05,11.0,Sin Información,Medellín,Online,False,False,False
TRX-12445,PROD-3389,2025-02-06,4.0,36.95,39.1,7.0,Retrasado,Bucaramanga,Físico,False,False,False
TRX-12446,PROD-2445,2025-08-27,4.0,1596.24,48.27,16.0,Perdido,Medellín,Online,False,False,False
TRX-12447,PROD-1199,2025-11-22,3.0,662.6,67.02,26.0,Perdido,Sin Ciudad,WhatsApp,False,False,False
TRX-12448,PROD-1207,2025-11-16,2.0,721.05,52.36,29.0,Retrasado,Medellín,App,False,False,False
TRX-12449,PROD-2152,2025-06-15,5.0,678.65,39.88,25.0,Devuelto,Sin Ciudad,WhatsApp,False,False,False
TRX-12450,PROD-3027,2025-03-28,4.0,1002.49,78.62,22.0,Devuelto,Bogotá,WhatsApp,False,False,False
TRX-12451,PROD-3447,2024-11-01,5.0,1407.97,90.88,2.0,En Camino,Bogotá,Online,False,False,False
TRX-12452,PROD-3679,2025-07-29,13.0,1546.01,31.82,20.0,Sin Información,Medellín,App,False,False,True
TRX-12453,PROD-3754,2026-01-28,12.0,791.22,96.67,13.0,Retrasado,Medellín,Online,False,False,True
TRX-12454,PROD-2927,2025-03-08,12.0,1329.57,64.16,13.0,Sin Información,Bucaramanga,Online,False,False,False
TRX-12455,PROD-2170,2025-10-18,8.0,1444.16,88.43,15.0,Sin Información,Medellín,App,False,False,False
TRX-12456,PROD-3198,2025-06-09,11.0,600.87,14.87,15.0,Retrasado,Medellín,Físico,False,False,False
TRX-12457,PROD-1033,2025-02-12,2.0,202.28,28.89,9.0,Entregado,Barranquilla,Físico,False,False,False
TRX-12458,PROD-1440,2025-04-14,9.0,1790.38,35.5,18.0,Devuelto,Cali,Físico,False,False,False
TRX-12459,PROD-2765,2025-03-17,10.0,1357.46,33.77,14.0,Perdido,Cali,App,False,False,False
TRX-12460,PROD-1548,2025-06-11,1.0,1299.74,52.36,23.0,Entregado,Medellín,WhatsApp,False,False,False
TRX-12461,PROD-2083,2025-06-01,8.0,127.22,21.33,14.0,Retrasado,Bogotá,WhatsApp,False,False,False
TRX-12462,PROD-3979,2025-08-17,12.0,1637.57,87.48,4.0,Entregado,Bucaramanga,App,False,False,True
TRX-12463,PROD-2498,2025-11-15,5.0,1136.45,44.77,14.0,Devuelto,Sin Ciudad,Online,False,False,False
TRX-12464,PROD-2651,2025-04-10,2.0,1697.29,96.5,10.0,Retrasado,Sin Ciudad,Online,False,False,False
TRX-12465,PROD-2498,2025-04-09,8.0,1949.38,60.43,11.0,Sin Información,Sin Ciudad,App,False,False,False
TRX-12466,PROD-1185,2025-04-06,5.0,1914.63,18.15,22.0,Sin Información,Cali,Online,False,False,False
TRX-12467,PROD-2640,2025-08-02,10.0,1713.62,56.86,1.0,Devuelto,Bogotá,Online,False,False,False
TRX-12468,PROD-1209,2024-12-08,14.0,31.79,99.39,27.0,Entregado,Bucaramanga,Físico,False,False,False
TRX-12469,PROD-3335,2024-10-11,10.0,1772.6,58.69,14.0,En Camino,Sin Ciudad,App,False,False,False
TRX-12470,PROD-3301,2024-11-23,13.0,159.37,5.18,8.0,Perdido,Sin Ciudad,Físico,False,False,False
TRX-12471,PROD-1797,2025-08-15,14.0,1703.88,93.64,6.0,Perdido,Bucaramanga,WhatsApp,False,False,False
TRX-12472,PROD-2484,2025-10-21,3.0,567.55,52.36,11.0,En Camino,Bogotá,WhatsApp,False,False,False
TRX-12473,PROD-3266,2025-06-30,7.0,1224.04,27.31,14.0,En Camino,Cali,WhatsApp,False,False,False
TRX-12474,PROD-2182,2025-11-24,4.0,85.76,70.41,7.0,En Camino,Bogotá,WhatsApp,False,False,False
TRX-12475,PROD-1301,2025-05-30,11.0,1544.65,53.93,29.0,Devuelto,Medellín,Online,False,False,False
TRX-12476,PROD-2582,2025-05-07,11.0,232.3,35.92,22.0,Retrasado,Bucaramanga,Online,False,False,False
TRX-12477,PROD-3065,2025-01-27,10.0,827.27,31.85,7.0,En Camino,Barranquilla,Físico,False,False,False
TRX-12478,PROD-2844,2024-11-19,12.0,1636.72,93.23,21.0,Devuelto,Bogotá,App,False,False,False
TRX-12479,PROD-3252,2025-11-05,6.0,1393.74,91.63,19.0,Sin Información,Bogotá,Online,False,False,False
TRX-12480,PROD-2145,2026-01-12,10.0,22.02,53.75,22.0,Entregado,Bogotá,App,False,False,False
TRX-12481,PROD-3552,2025-10-03,8.0,812.03,29.56,10.0,Entregado,Bucaramanga,Físico,False,False,True
TRX-12482,PROD-3786,2025-04-14,1.0,93.44,14.72,25.0,En Camino,Sin Ciudad,WhatsApp,False,False,True
TRX-12483,PROD-3502,2025-05-23,2.0,1350.26,19.87,22.0,Entregado,Sin Ciudad,Online,False,False,True
TRX-12484,PROD-1486,2025-09-24,14.0,1938.21,52.36,9.0,En Camino,Medellín,WhatsApp,False,False,False
TRX-12485,PROD-1527,2025-11-20,13.0,1313.97,54.61,18.0,Entregado,Medellín,Físico,False,False,False
TRX-12486,PROD-1396,2025-08-20,8.0,456.5,34.24,27.0,Entregado,Bogotá,App,False,False,False
TRX-12487,PROD-2613,2026-02-04,7.0,716.91,9.0,17.0,Retrasado,Bucaramanga,Online,False,True,False
TRX-12488,PROD-2528,2025-08-14,10.0,1953.53,48.24,13.0,Retrasado,Bogotá,App,False,False,False
TRX-12489,PROD-2388,2025-06-01,9.0,455.86,75.89,4.0,Entregado,Bogotá,App,False,False,False
TRX-12490,PROD-3284,2025-10-21,2.0,1127.44,89.71,21.0,Retrasado,Barranquilla,WhatsApp,False,False,False
TRX-12491,PROD-2497,2025-08-10,8.0,806.9,60.6,26.0,En Camino,Bucaramanga,Online,False,False,False
TRX-12492,PROD-1590,2025-10-03,6.0,1538.95,73.71,7.0,Perdido,Sin Ciudad,Físico,False,False,False
TRX-12493,PROD-1815,2026-01-28,1.0,1736.1,39.59,8.0,En Camino,Medellín,Online,False,False,False
TRX-12494,PROD-3467,2025-11-05,4.0,688.27,52.14,16.0,Retrasado,Medellín,App,False,False,False
TRX-12495,PROD-3085,2025-04-09,14.0,1324.19,74.31,12.0,Devuelto,Bogotá,WhatsApp,False,False,False
TRX-12496,PROD-2644,2026-01-23,2.0,1102.6,52.36,1.0,Entregado,Sin Ciudad,App,False,False,False
TRX-12497,PROD-3048,2025-08-31,7.0,564.1,74.13,6.0,Retrasado,Medellín,App,False,False,False
TRX-12498,PROD-1164,2025-05-20,9.0,551.16,45.33,1.0,Sin Información,Barranquilla,Online,False,False,False
TRX-12499,PROD-1185,2025-02-08,6.0,1081.88,56.65,8.0,Sin Información,Cali,App,False,False,False
TRX-12500,PROD-1159,2025-01-22,7.0,316.47,92.77,12.0,Retrasado,Medellín,Online,False,False,False
TRX-12501,PROD-1561,2025-11-16,4.0,1623.51,65.04,16.0,Retrasado,Bogotá,Online,False,False,False
TRX-12502,PROD-3922,2024-11-10,5.0,147.32,66.04,1.0,Sin Información,Bogotá,App,False,False,True
TRX-12503,PROD-2364,2025-07-23,11.0,198.2,79.54,4.0,En Camino,Bogotá,WhatsApp,False,False,False
TRX-12504,PROD-2940,2025-01-15,1.0,691.03,15.95,19.0,Entregado,Sin Ciudad,App,False,False,False
TRX-12505,PROD-3127,2025-08-31,13.0,245.0,54.67,18.0,Perdido,Cali,WhatsApp,False,False,False
TRX-12506,PROD-2871,2025-05-31,4.0,956.64,96.15,8.0,Sin Información,Bogotá,App,False,False,False
TRX-12507,PROD-1610,2026-01-26,13.0,805.36,39.36,6.0,Sin Información,Barranquilla,Físico,False,False,False
TRX-12508,PROD-3483,2024-09-29,10.0,1446.4,52.36,13.0,Sin Información,Medellín,Físico,False,False,False
TRX-12509,PROD-3111,2025-04-29,3.0,1906.48,33.02,28.0,Retrasado,Bucaramanga,Físico,False,False,False
TRX-12510,PROD-1572,2024-12-08,9.0,1509.58,62.11,20.0,Devuelto,Bogotá,App,False,False,False
TRX-12511,PROD-2343,2025-03-20,6.0,367.1,26.01,3.0,Sin Información,Medellín,App,False,False,False
TRX-12512,PROD-3511,2025-02-14,4.0,1871.69,57.81,15.0,Entregado,Barranquilla,WhatsApp,False,False,True
TRX-12513,PROD-2304,2025-11-12,3.0,790.35,19.79,6.0,Perdido,Medellín,Físico,False,False,False
TRX-12514,PROD-1665,2025-02-23,12.0,953.64,60.08,6.0,Sin Información,Bogotá,Online,False,False,False
TRX-12515,PROD-2609,2025-01-21,13.0,848.94,62.23,5.0,Devuelto,Sin Ciudad,Físico,False,False,False
TRX-12516,PROD-3525,2025-01-24,4.0,568.29,44.75,19.0,Sin Información,Medellín,Físico,False,False,True
TRX-12517,PROD-2225,2025-02-19,8.0,1791.14,41.36,27.0,Perdido,Medellín,Online,False,False,False
TRX-12518,PROD-3431,2025-10-24,12.0,671.16,28.32,10.0,Perdido,Barranquilla,Físico,False,False,False
TRX-12519,PROD-2377,2025-10-08,5.0,1161.41,36.44,9.0,Sin Información,Sin Ciudad,Físico,False,False,False
TRX-12520,PROD-3077,2025-06-17,13.0,487.67,52.36,14.0,Entregado,Medellín,WhatsApp,False,False,False
TRX-12521,PROD-3087,2025-08-15,11.0,1596.78,52.34,22.0,En Camino,Medellín,Físico,False,False,False
TRX-12522,PROD-3180,2024-09-23,1.0,1550.66,28.53,5.0,Devuelto,Bucaramanga,Online,False,False,False
TRX-12523,PROD-3006,2025-03-02,5.0,599.66,79.37,27.0,Sin Información,Sin Ciudad,Online,False,False,False
TRX-12524,PROD-3902,2025-05-24,8.0,1366.29,72.36,7.0,Retrasado,Sin Ciudad,Físico,False,False,True
TRX-12525,PROD-3305,2025-10-02,11.0,1410.71,30.58,17.0,Perdido,Bogotá,App,False,False,False
TRX-12526,PROD-2227,2025-10-25,12.0,1129.4,14.26,23.0,Devuelto,Bogotá,Físico,False,False,False
TRX-12527,PROD-2945,2025-05-31,4.0,1205.19,5.02,17.0,Entregado,Bucaramanga,Online,False,False,False
TRX-12528,PROD-1068,2025-09-24,14.0,1153.16,61.69,9.0,Devuelto,Cali,Online,False,False,False
TRX-12529,PROD-2508,2024-11-25,2.0,172.91,25.08,22.0,Retrasado,Sin Ciudad,Online,False,False,False
TRX-12530,PROD-2356,2025-07-18,13.0,1343.83,6.2,23.0,Retrasado,Cali,App,False,False,False
TRX-12531,PROD-3759,2025-05-28,3.0,944.85,39.11,7.0,Entregado,Cali,App,False,False,True
TRX-12532,PROD-1448,2025-12-08,14.0,882.53,52.36,1.0,Devuelto,Cali,App,False,False,False
TRX-12533,PROD-2706,2025-07-16,11.0,1721.4,96.39,2.0,Sin Información,Sin Ciudad,Físico,False,False,False
TRX-12534,PROD-3390,2025-12-31,9.0,56.22,70.54,10.0,En Camino,Bucaramanga,Online,False,False,False
TRX-12535,PROD-2260,2025-12-18,14.0,510.12,86.49,19.0,En Camino,Sin Ciudad,Físico,False,False,False
TRX-12536,PROD-3970,2026-02-04,7.0,251.59,18.75,8.0,Sin Información,Cali,Físico,False,True,True
TRX-12537,PROD-3818,2025-01-15,3.0,80.33,11.96,9.0,Perdido,Bogotá,App,False,False,True
TRX-12538,PROD-3577,2025-07-14,5.0,558.6,6.1,15.0,Sin Información,Medellín,Físico,False,False,True
TRX-12539,PROD-1109,2024-09-23,3.0,1977.07,95.79,11.0,Perdido,Barranquilla,WhatsApp,False,False,False
TRX-12540,PROD-3444,2024-11-02,10.0,547.76,33.52,24.0,Devuelto,Medellín,App,False,False,False
TRX-12541,PROD-2943,2025-03-14,4.0,1330.77,48.65,12.0,Sin Información,Barranquilla,App,False,False,False
TRX-12542,PROD-2087,2024-12-19,12.0,245.41,42.48,22.0,Perdido,Bucaramanga,Online,False,False,False
TRX-12543,PROD-3685,2026-01-17,8.0,1207.68,74.39,18.0,Retrasado,Sin Ciudad,WhatsApp,False,False,True
TRX-12544,PROD-3369,2024-12-29,14.0,1969.12,52.36,2.0,Entregado,Barranquilla,WhatsApp,False,False,False
TRX-12545,PROD-3365,2024-12-19,3.0,590.76,34.45,29.0,Perdido,Barranquilla,WhatsApp,False,False,False
TRX-12546,PROD-1932,2025-05-31,3.0,1697.67,55.87,28.0,Sin Información,Bogotá,Online,False,False,False
TRX-12547,PROD-3954,2025-08-23,11.0,1995.17,99.58,15.0,En Camino,Medellín,Físico,False,False,True
TRX-12548,PROD-1210,2025-12-31,11.0,1181.22,47.19,10.0,Sin Información,Sin Ciudad,Físico,False,False,False
TRX-12549,PROD-3390,2025-02-10,8.0,625.71,57.37,7.0,Retrasado,Cali,Online,False,False,False
TRX-12550,PROD-2967,2024-12-02,10.0,1350.33,52.74,9.0,En Camino,Bogotá,Físico,False,False,False
TRX-12551,PROD-1698,2025-02-06,13.0,1691.25,81.3,22.0,Perdido,Cali,WhatsApp,False,False,False
TRX-12552,PROD-3147,2026-01-27,10.0,350.99,30.35,17.0,Sin Información,Bogotá,Online,False,False,False
TRX-12553,PROD-3576,2025-12-13,7.0,910.51,21.19,14.0,Perdido,Bogotá,WhatsApp,False,False,True
TRX-12554,PROD-3953,2024-12-30,7.0,645.18,76.64,9.0,Retrasado,Medellín,WhatsApp,False,False,True
TRX-12555,PROD-3538,2025-02-20,10.0,573.88,44.48,7.0,En Camino,Bucaramanga,Online,False,False,True
TRX-12556,PROD-2557,2025-12-04,2.0,1723.03,52.36,15.0,Entregado,Bogotá,App,False,False,False
TRX-12557,PROD-1605,2025-03-16,12.0,849.09,91.8,3.0,Entregado,Bucaramanga,Online,False,False,False
TRX-12558,PROD-3788,2025-03-08,7.0,684.76,66.2,2.0,Retrasado,Bogotá,Online,False,False,True
TRX-12559,PROD-1992,2025-08-31,10.0,1210.99,58.61,3.0,Sin Información,Bogotá,App,False,False,False
TRX-12560,PROD-1129,2025-11-06,11.0,446.61,11.69,2.0,Perdido,Bogotá,App,False,False,False
TRX-12561,PROD-3345,2025-06-06,10.0,467.49,74.39,13.0,Sin Información,Medellín,WhatsApp,False,False,False
TRX-12562,PROD-3869,2025-10-25,3.0,1045.37,70.17,27.0,Retrasado,Bucaramanga,App,False,False,True
TRX-12563,PROD-1450,2025-05-04,14.0,824.45,65.81,26.0,En Camino,Cali,App,False,False,False
TRX-12564,PROD-1781,2026-02-03,7.0,597.01,30.45,13.0,Entregado,Sin Ciudad,WhatsApp,False,True,False
TRX-12565,PROD-1077,2025-09-25,13.0,117.36,94.94,2.0,Perdido,Bogotá,WhatsApp,False,False,False
TRX-12566,PROD-2806,2025-08-18,4.0,1046.34,35.56,20.0,En Camino,Medellín,WhatsApp,False,False,False
TRX-12567,PROD-2284,2024-11-26,13.0,1635.05,19.46,22.0,Entregado,Bucaramanga,WhatsApp,False,False,False
TRX-12568,PROD-2715,2024-11-30,8.0,1704.24,52.36,19.0,Entregado,Bucaramanga,Online,False,False,False
TRX-12569,PROD-1620,2024-11-28,8.0,478.53,98.78,9.0,Devuelto,Medellín,WhatsApp,False,False,False
TRX-12570,PROD-2691,2025-11-29,6.0,1203.29,75.89,5.0,Perdido,Bogotá,Online,False,False,False
TRX-12571,PROD-3828,2024-11-11,13.0,1713.2,44.4,21.0,Retrasado,Bogotá,WhatsApp,False,False,True
TRX-12572,PROD-1835,2025-08-02,12.0,823.36,93.91,7.0,Devuelto,Cali,Online,False,False,False
TRX-12573,PROD-2680,2025-07-28,3.0,1864.95,13.66,25.0,Entregado,Sin Ciudad,Online,False,False,False
TRX-12574,PROD-3055,2024-12-22,6.0,1806.93,13.33,13.0,Perdido,Medellín,Online,False,False,False
TRX-12575,PROD-3504,2025-01-15,6.0,424.19,69.83,1.0,Perdido,Medellín,Online,False,False,True
TRX-12576,PROD-2931,2025-10-01,3.0,525.34,21.91,9.0,Devuelto,Cali,App,False,False,False
TRX-12577,PROD-3979,2024-11-18,11.0,369.08,92.13,2.0,En Camino,Medellín,Online,False,False,True
TRX-12578,PROD-1255,2025-08-30,4.0,400.15,84.83,3.0,En Camino,Bogotá,App,False,False,False
TRX-12579,PROD-3890,2024-10-10,2.0,1816.65,34.1,12.0,Retrasado,Bucaramanga,App,False,False,True
TRX-12580,PROD-1565,2025-06-21,1.0,1862.96,52.36,5.0,Perdido,Bogotá,Online,False,False,False
TRX-12581,PROD-3124,2025-01-30,2.0,113.28,89.44,26.0,Sin Información,Barranquilla,WhatsApp,False,False,False
TRX-12582,PROD-1849,2026-01-30,7.0,1191.27,9.07,12.0,Devuelto,Barranquilla,App,False,False,False
TRX-12583,PROD-3297,2025-06-18,10.0,1132.82,57.12,4.0,Entregado,Bogotá,Online,False,False,False
TRX-12584,PROD-2331,2025-11-25,5.0,787.19,93.88,21.0,En Camino,Cali,Físico,False,False,False
TRX-12585,PROD-3712,2024-12-11,9.0,1267.08,86.26,29.0,Devuelto,Bogotá,App,False,False,True
TRX-12586,PROD-2959,2025-12-22,3.0,1895.26,38.83,26.0,Retrasado,Bucaramanga,WhatsApp,False,False,False
TRX-12587,PROD-3152,2025-07-18,2.0,348.81,22.37,21.0,Retrasado,Barranquilla,Físico,False,False,False
TRX-12588,PROD-2543,2025-12-22,4.0,249.62,25.0,12.0,Sin Información,Medellín,App,False,False,False
TRX-12589,PROD-2285,2025-07-29,2.0,76.45,53.88,5.0,Perdido,Cali,Online,False,False,False
TRX-12590,PROD-1709,2025-04-12,11.0,734.03,61.69,14.0,Retrasado,Medellín,Online,False,False,False
TRX-12591,PROD-2882,2025-05-05,7.0,681.88,8.12,14.0,Retrasado,Cali,Online,False,False,False
TRX-12592,PROD-3183,2025-02-28,10.0,867.33,52.36,10.0,Sin Información,Sin Ciudad,Online,False,False,False
TRX-12593,PROD-2402,2025-04-14,6.0,1011.59,44.29,26.0,Sin Información,Medellín,WhatsApp,False,False,False
TRX-12594,PROD-3237,2025-02-06,8.0,1518.07,83.89,10.0,En Camino,Medellín,WhatsApp,False,False,False
TRX-12595,PROD-2451,2026-01-20,13.0,790.31,47.21,5.0,En Camino,Medellín,App,False,False,False
TRX-12596,PROD-3768,2024-12-04,5.0,667.92,21.07,27.0,Retrasado,Bogotá,Online,False,False,True
TRX-12597,PROD-3952,2024-11-09,2.0,1655.49,95.71,18.0,Sin Información,Bogotá,Físico,False,False,True
TRX-12598,PROD-3788,2024-10-10,13.0,1701.1,30.3,27.0,Perdido,Cali,App,False,False,True
TRX-12599,PROD-3634,2026-01-13,4.0,473.2,80.85,17.0,En Camino,Medellín,Físico,False,False,True
TRX-12600,PROD-3839,2026-01-15,7.0,636.2,23.41,15.0,En Camino,Barranquilla,Online,True,False,True
TRX-12601,PROD-2082,2026-01-23,1.0,1651.98,45.2,10.0,Sin Información,Medellín,Online,False,False,False
TRX-12602,PROD-3498,2026-01-06,2.0,168.02,51.59,11.0,Retrasado,Bogotá,Online,False,False,False
TRX-12603,PROD-2983,2025-06-16,4.0,658.44,52.56,15.0,Perdido,Bucaramanga,App,False,False,False
TRX-12604,PROD-1787,2025-12-12,6.0,902.22,52.36,24.0,Retrasado,Cali,Físico,False,False,False
TRX-12605,PROD-2009,2025-08-28,4.0,382.27,54.07,19.0,Entregado,Cali,Online,False,False,False
TRX-12606,PROD-2142,2024-10-11,4.0,368.03,26.37,12.0,Entregado,Sin Ciudad,Online,False,False,False
TRX-12607,PROD-3285,2024-12-31,14.0,855.48,54.01,16.0,Sin Información,Barranquilla,Online,False,False,False
TRX-12608,PROD-2222,2025-01-16,11.0,1511.5,50.76,23.0,Perdido,Medellín,App,False,False,False
TRX-12609,PROD-1921,2025-09-03,10.0,1682.06,24.83,24.0,Entregado,Bogotá,App,False,False,False
TRX-12610,PROD-2219,2024-12-05,10.0,1958.68,98.88,27.0,Sin Información,Sin Ciudad,Online,False,False,False
TRX-12611,PROD-2183,2025-06-29,2.0,157.23,87.23,12.0,Perdido,Medellín,Físico,False,False,False
TRX-12612,PROD-3887,2025-06-18,9.0,441.2,89.32,22.0,Entregado,Bogotá,Online,False,False,True
TRX-12613,PROD-1849,2025-01-25,12.0,1515.69,70.13,22.0,Devuelto,Barranquilla,App,False,False,False
TRX-12614,PROD-3827,2025-01-16,10.0,1085.79,20.19,27.0,En Camino,Medellín,Online,False,False,True
TRX-12615,PROD-3887,2025-03-15,8.0,662.08,58.97,19.0,Sin Información,Bucaramanga,WhatsApp,False,False,True
TRX-12616,PROD-3002,2025-03-22,8.0,419.12,52.36,25.0,Retrasado,Sin Ciudad,Físico,False,False,False
TRX-12617,PROD-2298,2025-05-06,5.0,568.15,83.04,3.0,Perdido,Barranquilla,WhatsApp,False,False,False
TRX-12618,PROD-2965,2025-02-26,3.0,864.29,8.68,13.0,Entregado,Barranquilla,App,False,False,False
TRX-12619,PROD-2428,2025-03-05,6.0,362.53,52.11,21.0,Devuelto,Cali,WhatsApp,False,False,False
TRX-12620,PROD-3295,2024-12-02,14.0,1928.81,42.63,22.0,Entregado,Bogotá,Físico,False,False,False
TRX-12621,PROD-3955,2026-02-03,9.0,224.1,25.15,15.0,Devuelto,Sin Ciudad,Físico,False,True,True
TRX-12622,PROD-2120,2025-05-02,8.0,1971.3,40.93,29.0,Retrasado,Medellín,WhatsApp,False,False,False
TRX-12623,PROD-2178,2025-01-26,7.0,1685.37,98.43,17.0,En Camino,Medellín,Online,False,False,False
TRX-12624,PROD-1499,2025-02-14,14.0,852.07,73.71,11.0,En Camino,Bogotá,WhatsApp,False,False,False
TRX-12625,PROD-3348,2025-03-17,11.0,1482.23,33.46,25.0,Devuelto,Barranquilla,App,False,False,False
TRX-12626,PROD-3771,2025-12-27,8.0,1346.32,62.51,23.0,Sin Información,Medellín,WhatsApp,False,False,True
TRX-12627,PROD-3224,2025-02-21,4.0,434.44,28.43,27.0,Entregado,Sin Ciudad,WhatsApp,False,False,False
TRX-12628,PROD-2555,2025-03-23,6.0,684.75,52.36,12.0,En Camino,Sin Ciudad,App,False,False,False
TRX-12629,PROD-2616,2025-10-02,14.0,1031.11,63.03,17.0,Entregado,Bucaramanga,WhatsApp,False,False,False
TRX-12630,PROD-2413,2026-01-14,5.0,1279.31,90.14,22.0,Perdido,Bogotá,WhatsApp,False,False,False
TRX-12631,PROD-1599,2025-09-04,12.0,1090.36,57.9,23.0,Entregado,Bogotá,App,False,False,False
TRX-12632,PROD-2189,2026-02-02,2.0,951.25,74.67,5.0,Sin Información,Bucaramanga,WhatsApp,False,True,False
TRX-12633,PROD-1172,2024-12-16,8.0,891.87,48.07,29.0,Perdido,Sin Ciudad,WhatsApp,False,False,False
TRX-12634,PROD-2178,2025-09-21,3.0,1001.55,54.79,5.0,Perdido,Medellín,Físico,False,False,False
TRX-12635,PROD-3925,2025-10-10,14.0,874.36,71.03,7.0,En Camino,Medellín,App,False,False,True
TRX-12636,PROD-1323,2025-01-21,5.0,1087.25,82.18,3.0,Perdido,Barranquilla,Físico,False,False,False
TRX-12637,PROD-2418,2025-01-29,8.0,1777.09,67.65,3.0,Entregado,Medellín,App,False,False,False
TRX-12638,PROD-2811,2025-12-29,11.0,1269.33,97.86,17.0,Retrasado,Bogotá,Online,False,False,False
TRX-12639,PROD-3686,2025-12-17,9.0,1448.02,82.88,24.0,Sin Información,Cali,Físico,False,False,True
TRX-12640,PROD-2050,2024-09-28,13.0,1198.99,52.36,2.0,Entregado,Cali,Online,False,False,False
TRX-12641,PROD-2962,2025-08-22,9.0,1289.61,78.83,15.0,Devuelto,Medellín,WhatsApp,False,False,False
TRX-12642,PROD-1876,2025-03-24,14.0,1160.92,85.28,19.0,Devuelto,Bucaramanga,Online,False,False,False
TRX-12643,PROD-1827,2024-10-30,5.0,63.46,31.72,23.0,Entregado,Barranquilla,WhatsApp,False,False,False
TRX-12644,PROD-3206,2025-11-13,2.0,1999.2,46.04,10.0,Devuelto,Cali,Online,False,False,False
TRX-12645,PROD-2110,2025-01-16,7.0,76.88,58.62,26.0,Retrasado,Medellín,WhatsApp,False,False,False
TRX-12646,PROD-3302,2025-01-02,11.0,796.34,48.93,11.0,Devuelto,Bogotá,WhatsApp,False,False,False
TRX-12647,PROD-3851,2024-09-30,11.0,219.18,85.51,24.0,En Camino,Medellín,Online,False,False,True
TRX-12648,PROD-2112,2025-04-28,7.0,202.89,7.57,9.0,Retrasado,Medellín,Físico,False,False,False
TRX-12649,PROD-1562,2025-04-17,12.0,1589.12,24.87,14.0,En Camino,Bogotá,App,False,False,False
TRX-12650,PROD-1447,2024-12-09,13.0,857.59,88.76,24.0,En Camino,Barranquilla,Físico,False,False,False
TRX-12651,PROD-3521,2025-09-25,8.0,1604.27,10.61,7.0,Retrasado,Bogotá,Online,False,False,True
TRX-12652,PROD-3403,2025-10-31,8.0,552.85,52.36,10.0,Sin Información,Bogotá,WhatsApp,False,False,False
TRX-12653,PROD-1980,2024-11-16,5.0,520.36,26.56,1.0,En Camino,Bogotá,Online,False,False,False
TRX-12654,PROD-1993,2025-07-23,1.0,509.95,38.37,1.0,Devuelto,Bogotá,App,False,False,False
TRX-12655,PROD-1207,2026-01-02,13.0,1236.13,76.32,14.0,Entregado,Medellín,Online,False,False,False
TRX-12656,PROD-3743,2025-12-06,11.0,1631.85,58.22,27.0,Retrasado,Medellín,Físico,False,False,True
TRX-12657,PROD-3175,2026-01-16,13.0,910.0,95.69,8.0,Entregado,Bogotá,WhatsApp,False,False,False
TRX-12658,PROD-1924,2025-05-08,4.0,764.71,26.65,14.0,Retrasado,Sin Ciudad,Físico,False,False,False
TRX-12659,PROD-3613,2024-12-19,4.0,1947.42,87.85,7.0,Retrasado,Cali,WhatsApp,False,False,True
TRX-12660,PROD-1953,2024-10-02,11.0,242.34,31.88,18.0,En Camino,Bucaramanga,Físico,False,False,False
TRX-12661,PROD-1215,2025-07-27,3.0,978.4,28.32,25.0,Entregado,Medellín,Físico,False,False,False
TRX-12662,PROD-1410,2025-11-30,8.0,822.89,52.35,26.0,Sin Información,Bogotá,Online,False,False,False
TRX-12663,PROD-2692,2025-07-09,3.0,205.27,11.76,23.0,Devuelto,Cali,App,False,False,False
TRX-12664,PROD-2352,2025-03-05,13.0,543.72,52.36,9.0,Entregado,Medellín,Físico,False,False,False
TRX-12665,PROD-3938,2025-05-19,5.0,66.6,41.51,27.0,Retrasado,Sin Ciudad,Online,False,False,True
TRX-12666,PROD-2934,2025-08-05,2.0,1755.14,38.79,15.0,Devuelto,Medellín,WhatsApp,False,False,False
TRX-12667,PROD-1411,2026-01-19,6.0,1219.62,20.21,1.0,En Camino,Bucaramanga,WhatsApp,False,False,False
TRX-12668,PROD-3790,2025-02-13,6.0,1631.89,86.78,11.0,Devuelto,Medellín,Físico,False,False,True
TRX-12669,PROD-1563,2025-08-23,8.0,1047.89,41.66,19.0,Devuelto,Medellín,WhatsApp,False,False,False
TRX-12670,PROD-1021,2024-10-10,8.0,1203.02,98.28,10.0,Entregado,Bogotá,App,False,False,False
TRX-12671,PROD-3254,2024-12-02,1.0,1404.7,90.47,18.0,Retrasado,Bucaramanga,Online,False,False,False
TRX-12672,PROD-1646,2025-03-16,5.0,1816.94,23.51,22.0,Retrasado,Sin Ciudad,Físico,False,False,False
TRX-12673,PROD-2666,2025-08-30,2.0,192.59,52.99,26.0,Retrasado,Bucaramanga,App,False,False,False
TRX-12674,PROD-3674,2025-07-07,10.0,668.59,62.17,4.0,Perdido,Bogotá,Online,False,False,True
TRX-12675,PROD-2948,2025-07-18,12.0,1420.96,82.8,18.0,En Camino,Bogotá,Online,False,False,False
TRX-12676,PROD-2955,2025-08-27,5.0,1917.12,52.36,18.0,Entregado,Sin Ciudad,Físico,False,False,False
TRX-12677,PROD-3664,2025-11-20,10.0,1961.81,89.14,22.0,Retrasado,Medellín,WhatsApp,False,False,True
TRX-12678,PROD-1816,2025-05-28,12.0,1279.82,64.28,25.0,Devuelto,Medellín,Online,False,False,False
TRX-12679,PROD-2176,2025-04-03,9.0,395.26,8.34,22.0,Perdido,Bucaramanga,Online,False,False,False
TRX-12680,PROD-2315,2025-11-15,4.0,247.23,50.72,20.0,En Camino,Sin Ciudad,WhatsApp,False,False,False
TRX-12681,PROD-2169,2025-08-13,8.0,1892.63,89.06,12.0,Retrasado,Sin Ciudad,WhatsApp,False,False,False
TRX-12682,PROD-3645,2025-07-25,1.0,873.52,72.84,9.0,Perdido,Sin Ciudad,Físico,False,False,True
TRX-12683,PROD-1242,2025-06-17,8.0,397.68,87.66,18.0,En Camino,Barranquilla,Físico,False,False,False
TRX-12684,PROD-1366,2025-04-14,6.0,1868.45,69.04,6.0,Sin Información,Barranquilla,Online,False,False,False
TRX-12685,PROD-3671,2025-08-29,8.0,218.0,9.18,23.0,Sin Información,Medellín,WhatsApp,False,False,True
TRX-12686,PROD-3351,2025-01-23,6.0,1461.85,96.96,29.0,Devuelto,Medellín,Físico,False,False,False
TRX-12687,PROD-1951,2024-11-19,11.0,1254.27,92.21,19.0,Perdido,Bucaramanga,Físico,False,False,False
TRX-12688,PROD-3191,2025-08-27,3.0,184.59,52.36,20.0,Entregado,Bogotá,WhatsApp,False,False,False
TRX-12689,PROD-3961,2025-12-13,12.0,684.11,17.03,23.0,En Camino,Sin Ciudad,WhatsApp,False,False,True
TRX-12690,PROD-1152,2025-04-11,11.0,308.36,15.71,25.0,Perdido,Medellín,Online,False,False,False
TRX-12691,PROD-1717,2026-01-26,8.0,1212.95,56.21,15.0,Perdido,Barranquilla,WhatsApp,False,False,False
TRX-12692,PROD-2711,2025-11-29,5.0,959.45,76.92,5.0,En Camino,Bucaramanga,Físico,False,False,False
TRX-12693,PROD-1720,2025-01-12,12.0,18.51,41.31,11.0,Perdido,Bucaramanga,WhatsApp,False,False,False
TRX-12694,PROD-1148,2025-01-28,10.0,1951.66,17.96,13.0,Perdido,Medellín,App,False,False,False
TRX-12695,PROD-2626,2024-10-28,5.0,705.67,53.5,2.0,En Camino,Medellín,Online,False,False,False
TRX-12696,PROD-3029,2025-05-14,12.0,523.83,37.07,8.0,Devuelto,Medellín,WhatsApp,False,False,False
TRX-12697,PROD-1763,2025-07-29,7.0,452.66,38.42,25.0,Sin Información,Sin Ciudad,Online,False,False,False
TRX-12698,PROD-2185,2024-11-08,6.0,326.04,66.27,27.0,Entregado,Sin Ciudad,WhatsApp,False,False,False
TRX-12699,PROD-1153,2025-01-15,9.0,1998.28,89.13,11.0,En Camino,Medellín,App,False,False,False
TRX-12700,PROD-1037,2025-11-12,7.0,597.27,52.36,18.0,Retrasado,Medellín,Físico,False,False,False
TRX-12701,PROD-2222,2025-06-04,7.0,816.97,58.07,26.0,Perdido,Sin Ciudad,Físico,False,False,False
TRX-12702,PROD-3326,2026-01-18,3.0,1744.0,70.32,10.0,Entregado,Sin Ciudad,Físico,False,False,False
TRX-12703,PROD-3468,2025-05-03,11.0,1287.36,67.69,1.0,Entregado,Bogotá,Online,False,False,False
TRX-12704,PROD-1439,2025-01-24,11.0,743.7,57.36,4.0,En Camino,Bucaramanga,Físico,False,False,False
TRX-12705,PROD-2372,2025-12-03,12.0,1797.67,34.52,29.0,Retrasado,Medellín,Físico,False,False,False
TRX-12706,PROD-2165,2025-03-01,5.0,1501.95,40.89,17.0,Retrasado,Bogotá,Online,False,False,False
TRX-12707,PROD-2861,2025-12-12,9.0,463.52,34.99,17.0,Devuelto,Cali,Online,False,False,False
TRX-12708,PROD-3626,2025-11-17,11.0,1291.04,92.16,5.0,Retrasado,Bogotá,Físico,False,False,True
TRX-12709,PROD-3225,2024-12-27,13.0,1845.57,83.53,23.0,Sin Información,Cali,WhatsApp,False,False,False
TRX-12710,PROD-3147,2025-01-07,10.0,997.96,60.04,3.0,En Camino,Bogotá,App,False,False,False
TRX-12711,PROD-3023,2025-01-20,14.0,1469.89,91.66,7.0,Entregado,Bogotá,Online,False,False,False
TRX-12712,PROD-1549,2025-01-01,2.0,1942.5,52.36,5.0,Entregado,Sin Ciudad,App,False,False,False
TRX-12713,PROD-3065,2025-01-03,1.0,1383.92,89.21,10.0,Retrasado,Barranquilla,App,False,False,False
TRX-12714,PROD-2917,2025-03-07,11.0,213.85,93.13,27.0,Perdido,Barranquilla,Online,False,False,False
TRX-12715,PROD-2117,2025-11-10,8.0,496.67,26.07,24.0,Sin Información,Bogotá,App,False,False,False
TRX-12716,PROD-1789,2025-03-27,8.0,1194.24,73.16,7.0,Devuelto,Cali,WhatsApp,False,False,False
TRX-12717,PROD-1461,2024-10-24,2.0,558.36,62.88,17.0,Retrasado,Bogotá,Físico,False,False,False
TRX-12718,PROD-2354,2026-01-28,14.0,1915.51,74.71,29.0,Sin Información,Bogotá,WhatsApp,False,False,False
TRX-12719,PROD-1665,2024-11-27,13.0,816.65,30.02,17.0,En Camino,Cali,App,False,False,False
TRX-12720,PROD-3994,2025-03-20,8.0,919.89,71.01,7.0,Devuelto,Sin Ciudad,Físico,False,False,True
TRX-12721,PROD-2879,2025-06-16,5.0,1406.19,43.93,6.0,Sin Información,Bogotá,Online,False,False,False
TRX-12722,PROD-3655,2025-12-09,2.0,1053.26,84.24,9.0,Retrasado,Medellín,WhatsApp,False,False,True
TRX-12723,PROD-2053,2025-10-31,7.0,770.47,80.56,8.0,Devuelto,Sin Ciudad,Físico,False,False,False
TRX-12724,PROD-3943,2024-10-29,7.0,162.51,52.36,29.0,Perdido,Sin Ciudad,Online,False,False,True
TRX-12725,PROD-1762,2025-04-11,3.0,1196.93,25.08,14.0,En Camino,Sin Ciudad,WhatsApp,False,False,False
TRX-12726,PROD-1057,2025-09-15,14.0,1736.48,22.47,22.0,Retrasado,Medellín,WhatsApp,False,False,False
TRX-12727,PROD-2380,2024-11-10,1.0,1374.67,73.18,6.0,Entregado,Sin Ciudad,WhatsApp,False,False,False
TRX-12728,PROD-2208,2025-06-24,11.0,769.18,57.3,9.0,En Camino,Bogotá,WhatsApp,False,False,False
TRX-12729,PROD-3325,2025-12-05,4.0,264.17,57.93,28.0,Perdido,Medellín,App,False,False,False
TRX-12730,PROD-3762,2025-03-09,2.0,1634.51,76.49,20.0,Sin Información,Cali,Online,False,False,True
TRX-12731,PROD-1791,2025-06-12,4.0,1884.08,86.22,25.0,Perdido,Medellín,Físico,False,False,False
TRX-12732,PROD-1718,2025-02-02,8.0,782.66,27.7,11.0,Entregado,Cali,Online,False,False,False
TRX-12733,PROD-3502,2026-01-30,2.0,1460.0,57.78,11.0,En Camino,Bogotá,App,False,False,True
TRX-12734,PROD-3616,2025-07-17,1.0,827.42,83.75,8.0,Retrasado,Barranquilla,App,False,False,True
TRX-12735,PROD-2660,2025-09-01,11.0,1009.51,87.92,3.0,Entregado,Sin Ciudad,Físico,False,False,False
TRX-12736,PROD-2751,2025-03-17,14.0,1674.59,52.36,11.0,Retrasado,Bogotá,Físico,False,False,False
TRX-12737,PROD-3110,2026-01-24,3.0,176.01,32.3,4.0,Devuelto,Bogotá,Online,False,False,False
TRX-12738,PROD-2343,2025-10-18,10.0,1065.37,14.89,23.0,Retrasado,Barranquilla,WhatsApp,False,False,False
TRX-12739,PROD-1355,2024-10-03,7.0,437.09,27.12,3.0,Devuelto,Bogotá,Físico,False,False,False
TRX-12740,PROD-2641,2025-04-11,13.0,686.21,94.82,13.0,Retrasado,Sin Ciudad,Online,False,False,False
TRX-12741,PROD-3741,2025-11-29,12.0,1292.41,48.94,19.0,Devuelto,Cali,Físico,False,False,True
TRX-12742,PROD-1390,2025-11-10,6.0,64.18,44.76,8.0,En Camino,Bucaramanga,App,False,False,False
TRX-12743,PROD-1756,2025-07-16,6.0,1191.71,6.24,21.0,Perdido,Bogotá,App,False,False,False
TRX-12744,PROD-1575,2024-09-25,7.0,574.05,9.85,28.0,En Camino,Sin Ciudad,WhatsApp,False,False,False
TRX-12745,PROD-2955,2025-04-24,8.0,1342.27,68.53,21.0,Entregado,Cali,WhatsApp,False,False,False
TRX-12746,PROD-2325,2025-07-15,3.0,291.75,61.03,24.0,En Camino,Medellín,WhatsApp,False,False,False
TRX-12747,PROD-2016,2025-07-26,3.0,1474.27,59.68,22.0,En Camino,Bogotá,WhatsApp,False,False,False
TRX-12748,PROD-1027,2026-01-03,10.0,1294.82,52.36,21.0,Perdido,Bogotá,Físico,False,False,False
TRX-12749,PROD-2068,2024-10-24,13.0,1942.77,15.48,1.0,Sin Información,Barranquilla,Online,False,False,False
TRX-12750,PROD-2571,2024-11-09,8.0,1823.36,38.45,21.0,En Camino,Bogotá,App,False,False,False
TRX-12751,PROD-1964,2025-08-15,12.0,573.77,82.17,8.0,Entregado,Bogotá,Online,False,False,False
TRX-12752,PROD-2829,2025-06-01,13.0,64.36,21.62,9.0,En Camino,Barranquilla,App,False,False,False
TRX-12753,PROD-2093,2025-04-09,14.0,1314.18,88.86,6.0,En Camino,Medellín,Físico,False,False,False
TRX-12754,PROD-2350,2025-10-31,13.0,1209.75,16.54,11.0,En Camino,Cali,Físico,False,False,False
TRX-12755,PROD-2236,2024-12-20,7.0,64.58,21.07,29.0,En Camino,Sin Ciudad,WhatsApp,False,False,False
TRX-12756,PROD-3385,2025-01-09,10.0,254.13,50.39,29.0,Perdido,Barranquilla,Físico,False,False,False
TRX-12757,PROD-3960,2025-07-10,5.0,1173.56,94.8,10.0,Perdido,Barranquilla,App,False,False,True
TRX-12758,PROD-3346,2025-01-08,4.0,1824.54,36.31,3.0,Entregado,Medellín,WhatsApp,False,False,False
TRX-12759,PROD-1046,2025-11-04,6.0,1813.94,67.53,8.0,Sin Información,Medellín,Físico,False,False,False
TRX-12760,PROD-2071,2024-11-01,9.0,311.46,52.36,29.0,Entregado,Bucaramanga,Físico,False,False,False
TRX-12761,PROD-3677,2025-12-27,6.0,775.3,60.92,5.0,Entregado,Bogotá,Físico,False,False,True
TRX-12762,PROD-2472,2024-11-13,8.0,95.97,19.21,2.0,Sin Información,Bogotá,Online,False,False,False
TRX-12763,PROD-3837,2025-01-12,1.0,943.85,28.58,16.0,En Camino,Medellín,Físico,False,False,True
TRX-12764,PROD-1967,2025-07-14,12.0,1508.64,93.36,1.0,Sin Información,Bucaramanga,Online,False,False,False
TRX-12765,PROD-1254,2024-11-29,14.0,1582.05,22.56,27.0,Retrasado,Bogotá,WhatsApp,False,False,False
TRX-12766,PROD-3735,2025-03-30,6.0,1002.99,71.03,24.0,En Camino,Medellín,Online,False,False,True
TRX-12767,PROD-1484,2025-08-20,14.0,200.78,96.65,2.0,Retrasado,Medellín,App,False,False,False
TRX-12768,PROD-2906,2025-04-19,14.0,768.91,16.35,27.0,Entregado,Bucaramanga,Físico,False,False,False
TRX-12769,PROD-2256,2024-11-26,2.0,1864.88,42.92,3.0,En Camino,Medellín,WhatsApp,False,False,False
TRX-12770,PROD-1654,2024-11-23,3.0,466.93,26.27,9.0,Sin Información,Cali,App,False,False,False
TRX-12771,PROD-2660,2025-12-31,6.0,646.31,26.05,17.0,Sin Información,Bucaramanga,Físico,False,False,False
TRX-12772,PROD-3810,2025-06-07,2.0,1496.19,52.36,24.0,Sin Información,Barranquilla,Online,False,False,True
TRX-12773,PROD-3058,2025-02-03,4.0,1469.83,16.3,12.0,Sin Información,Barranquilla,App,False,False,False
TRX-12774,PROD-3881,2026-01-27,6.0,1825.28,66.71,2.0,Entregado,Medellín,Online,False,False,True
TRX-12775,PROD-2273,2025-01-22,5.0,782.36,75.9,24.0,Perdido,Medellín,Físico,False,False,False
TRX-12776,PROD-3827,2025-08-19,6.0,1034.05,69.3,2.0,Entregado,Bogotá,App,False,False,True
TRX-12777,PROD-1480,2025-03-12,6.0,940.11,92.84,23.0,En Camino,Bogotá,Físico,False,False,False
TRX-12778,PROD-3616,2025-04-20,8.0,1856.23,18.84,19.0,Perdido,Bucaramanga,App,False,False,True
TRX-12779,PROD-2208,2025-07-15,9.0,1540.97,35.39,20.0,Sin Información,Medellín,Físico,False,False,False
TRX-12780,PROD-2505,2024-12-20,5.0,1664.57,37.73,28.0,Perdido,Bucaramanga,Online,False,False,False
TRX-12781,PROD-3517,2025-03-08,6.0,274.87,27.05,27.0,Retrasado,Cali,WhatsApp,False,False,True
TRX-12782,PROD-1904,2024-10-20,6.0,1585.77,18.51,17.0,Devuelto,Bogotá,Online,False,False,False
TRX-12783,PROD-1897,2025-05-18,6.0,871.63,51.24,28.0,Perdido,Barranquilla,WhatsApp,False,False,False
TRX-12784,PROD-1547,2025-08-24,2.0,56.44,52.36,26.0,Devuelto,Bogotá,App,False,False,False
TRX-12785,PROD-2958,2024-11-24,4.0,129.58,84.27,17.0,Entregado,Barranquilla,Físico,False,False,False
TRX-12786,PROD-1627,2025-12-14,1.0,1359.04,95.68,13.0,Entregado,Cali,Físico,False,False,False
TRX-12787,PROD-2863,2025-06-04,14.0,750.3,17.29,12.0,Perdido,Bogotá,Online,False,False,False
TRX-12788,PROD-3481,2025-10-23,12.0,1737.55,83.2,11.0,Retrasado,Cali,WhatsApp,False,False,False
TRX-12789,PROD-2530,2024-11-02,1.0,1471.2,83.34,26.0,Entregado,Bogotá,WhatsApp,False,False,False
TRX-12790,PROD-2703,2026-02-04,1.0,53.14,41.95,28.0,Devuelto,Sin Ciudad,App,False,True,False
TRX-12791,PROD-3875,2024-10-21,7.0,1376.91,15.45,11.0,Perdido,Bogotá,Físico,False,False,True
TRX-12792,PROD-3249,2025-06-28,1.0,392.78,99.05,24.0,Perdido,Sin Ciudad,WhatsApp,False,False,False
TRX-12793,PROD-2928,2026-01-04,6.0,850.94,67.28,8.0,Retrasado,Bogotá,WhatsApp,False,False,False
TRX-12794,PROD-3201,2024-12-11,2.0,1253.22,98.31,18.0,Perdido,Medellín,Físico,False,False,False
TRX-12795,PROD-3720,2024-11-12,6.0,1746.71,50.95,4.0,En Camino,Bogotá,Online,False,False,True
TRX-12796,PROD-1894,2025-01-12,6.0,917.63,52.36,18.0,Devuelto,Sin Ciudad,Físico,False,False,False
TRX-12797,PROD-2013,2025-09-18,12.0,1618.9,42.54,29.0,Sin Información,Bogotá,WhatsApp,False,False,False
TRX-12798,PROD-3786,2025-07-20,11.0,1568.1,28.48,15.0,En Camino,Medellín,Online,False,False,True
TRX-12799,PROD-3440,2024-12-21,3.0,834.93,98.44,24.0,En Camino,Medellín,App,False,False,False
TRX-12800,PROD-1335,2025-05-09,7.0,1006.95,29.06,15.0,Devuelto,Bogotá,Físico,True,False,False
TRX-12801,PROD-3152,2025-02-19,8.0,1403.97,7.26,7.0,Perdido,Sin Ciudad,Físico,False,False,False
TRX-12802,PROD-2829,2025-05-23,11.0,71.99,53.68,23.0,Perdido,Sin Ciudad,Online,False,False,False
TRX-12803,PROD-3163,2025-02-07,4.0,1782.71,40.82,26.0,En Camino,Sin Ciudad,WhatsApp,False,False,False
TRX-12804,PROD-3882,2025-02-04,13.0,1541.93,29.83,15.0,Sin Información,Cali,Online,False,False,True
TRX-12805,PROD-2481,2025-12-23,7.0,506.34,65.29,19.0,Devuelto,Cali,Físico,False,False,False
TRX-12806,PROD-1319,2024-12-20,4.0,1962.55,39.61,28.0,Entregado,Cali,Online,False,False,False
TRX-12807,PROD-3310,2026-01-29,1.0,366.99,43.21,27.0,Devuelto,Medellín,Online,False,False,False
TRX-12808,PROD-1459,2024-10-07,6.0,1829.03,52.36,21.0,Sin Información,Medellín,App,False,False,False
TRX-12809,PROD-1252,2025-08-21,5.0,655.7,7.19,17.0,En Camino,Bogotá,WhatsApp,False,False,False
TRX-12810,PROD-3243,2025-09-19,9.0,1528.66,60.96,10.0,Devuelto,Bogotá,Online,False,False,False
TRX-12811,PROD-3070,2025-03-15,14.0,918.19,16.6,11.0,Devuelto,Barranquilla,Físico,False,False,False
TRX-12812,PROD-1828,2024-12-21,14.0,1475.57,25.31,14.0,Entregado,Cali,Online,False,False,False
TRX-12813,PROD-3345,2025-04-23,9.0,320.01,73.13,4.0,Retrasado,Bogotá,WhatsApp,False,False,False
TRX-12814,PROD-3198,2025-08-31,12.0,546.32,34.76,4.0,Retrasado,Bogotá,WhatsApp,False,False,False
TRX-12815,PROD-1613,2024-11-22,11.0,208.72,20.5,1.0,Entregado,Medellín,Físico,False,False,False
TRX-12816,PROD-1673,2025-09-21,13.0,1731.64,59.86,12.0,Devuelto,Medellín,WhatsApp,False,False,False
TRX-12817,PROD-2343,2025-04-30,8.0,599.62,25.42,7.0,En Camino,Bucaramanga,Físico,False,False,False
TRX-12818,PROD-3131,2024-11-22,7.0,1392.01,30.74,5.0,Entregado,Sin Ciudad,WhatsApp,False,False,False
TRX-12819,PROD-2809,2025-07-26,14.0,1642.24,64.03,1.0,Retrasado,Bogotá,Online,False,False,False
TRX-12820,PROD-1476,2025-03-07,2.0,1803.82,52.36,21.0,Sin Información,Cali,Físico,False,False,False
TRX-12821,PROD-3786,2024-10-04,14.0,221.53,75.29,24.0,Retrasado,Medellín,WhatsApp,False,False,True
TRX-12822,PROD-1841,2025-04-26,8.0,1787.1,75.27,26.0,Entregado,Sin Ciudad,App,False,False,False
TRX-12823,PROD-3936,2024-12-08,3.0,402.53,50.81,8.0,Devuelto,Bucaramanga,App,False,False,True
TRX-12824,PROD-3388,2025-05-12,6.0,1476.44,48.16,29.0,Perdido,Bogotá,Físico,False,False,False
TRX-12825,PROD-3002,2025-01-12,10.0,1460.41,79.83,18.0,En Camino,Barranquilla,App,False,False,False
TRX-12826,PROD-1372,2024-11-27,7.0,26.92,23.34,13.0,Perdido,Bogotá,Online,False,False,False
TRX-12827,PROD-3090,2025-03-23,12.0,449.04,19.46,17.0,En Camino,Sin Ciudad,Online,False,False,False
TRX-12828,PROD-2824,2025-11-19,6.0,988.9,68.15,2.0,Perdido,Bogotá,WhatsApp,False,False,False
TRX-12829,PROD-1227,2025-04-14,5.0,845.87,43.9,6.0,Perdido,Bogotá,Online,False,False,False
TRX-12830,PROD-2857,2025-11-19,4.0,1837.96,72.45,29.0,En Camino,Cali,Físico,False,False,False
TRX-12831,PROD-1540,2025-09-28,2.0,725.88,29.38,21.0,Sin Información,Medellín,Online,False,False,False
TRX-12832,PROD-3102,2025-04-16,9.0,1874.6,52.36,4.0,En Camino,Bogotá,WhatsApp,False,False,False
TRX-12833,PROD-2701,2025-07-05,14.0,924.26,35.86,8.0,Retrasado,Bucaramanga,Online,False,False,False
TRX-12834,PROD-2871,2025-01-05,7.0,1929.06,90.18,15.0,Devuelto,Bucaramanga,WhatsApp,False,False,False
TRX-12835,PROD-3309,2025-05-22,7.0,1477.34,45.06,5.0,Devuelto,Sin Ciudad,Físico,False,False,False
TRX-12836,PROD-1236,2025-05-15,4.0,1660.38,61.14,20.0,Retrasado,Bogotá,App,False,False,False
TRX-12837,PROD-3288,2025-03-17,14.0,218.71,15.13,29.0,Sin Información,Bogotá,Online,False,False,False
TRX-12838,PROD-2893,2025-04-21,5.0,1176.42,21.99,11.0,Perdido,Medellín,WhatsApp,False,False,False
TRX-12839,PROD-3755,2024-10-23,6.0,293.97,8.41,8.0,Sin Información,Bucaramanga,Físico,False,False,True
TRX-12840,PROD-2262,2025-05-15,12.0,602.27,45.32,28.0,Sin Información,Bucaramanga,App,False,False,False
TRX-12841,PROD-3962,2025-05-22,11.0,1250.9,98.95,17.0,En Camino,Cali,App,False,False,True
TRX-12842,PROD-1089,2026-01-26,12.0,1455.19,88.02,9.0,Entregado,Barranquilla,App,False,False,False
TRX-12843,PROD-2621,2025-02-22,2.0,87.98,65.13,18.0,Perdido,Bucaramanga,Online,False,False,False
TRX-12844,PROD-2042,2025-04-06,4.0,1066.58,52.36,14.0,Devuelto,Barranquilla,App,False,False,False
TRX-12845,PROD-1012,2026-02-02,13.0,1134.97,86.8,24.0,En Camino,Barranquilla,App,False,True,False
TRX-12846,PROD-1892,2025-12-01,4.0,166.87,61.45,9.0,Retrasado,Bucaramanga,App,False,False,False
TRX-12847,PROD-3368,2025-06-18,12.0,1006.37,40.03,10.0,Sin Información,Medellín,Online,False,False,False
TRX-12848,PROD-1299,2026-01-19,13.0,1430.55,21.49,24.0,Perdido,Medellín,Físico,False,False,False
TRX-12849,PROD-1185,2025-12-13,4.0,115.92,67.04,25.0,Entregado,Cali,App,False,False,False
TRX-12850,PROD-2735,2025-10-11,7.0,1522.93,23.34,20.0,Perdido,Bogotá,Físico,False,False,False
TRX-12851,PROD-2411,2025-03-11,13.0,1157.09,44.66,27.0,Retrasado,Medellín,App,False,False,False
TRX-12852,PROD-3868,2025-12-04,7.0,1668.12,83.45,2.0,Entregado,Medellín,App,False,False,True
TRX-12853,PROD-1261,2025-09-14,7.0,443.94,17.28,3.0,Perdido,Sin Ciudad,Online,False,False,False
TRX-12854,PROD-3216,2025-08-11,7.0,1668.21,17.26,29.0,Retrasado,Bogotá,App,False,False,False
TRX-12855,PROD-1246,2025-08-24,2.0,198.18,26.32,24.0,Perdido,Medellín,WhatsApp,False,False,False
TRX-12856,PROD-1282,2026-01-09,5.0,813.62,52.36,5.0,En Camino,Sin Ciudad,App,False,False,False
TRX-12857,PROD-2933,2025-05-12,10.0,406.97,57.43,27.0,Perdido,Bucaramanga,Físico,False,False,False
TRX-12858,PROD-1129,2025-03-25,2.0,1753.28,28.91,4.0,Sin Información,Bogotá,WhatsApp,False,False,False
TRX-12859,PROD-2175,2025-09-16,5.0,1412.79,52.8,3.0,Retrasado,Bogotá,Online,False,False,False
TRX-12860,PROD-2674,2025-06-24,12.0,60.47,33.69,27.0,Devuelto,Medellín,WhatsApp,False,False,False
TRX-12861,PROD-1737,2025-11-26,6.0,28.95,53.09,19.0,Retrasado,Cali,WhatsApp,False,False,False
TRX-12862,PROD-1554,2025-10-26,3.0,589.59,31.37,10.0,Perdido,Sin Ciudad,WhatsApp,False,False,False
TRX-12863,PROD-3627,2024-10-24,6.0,295.13,98.1,26.0,En Camino,Sin Ciudad,WhatsApp,False,False,True
TRX-12864,PROD-3987,2025-03-18,5.0,1264.31,51.81,7.0,Devuelto,Medellín,WhatsApp,False,False,True
TRX-12865,PROD-3645,2025-11-01,4.0,1330.96,75.65,27.0,Sin Información,Bucaramanga,Físico,False,False,True
TRX-12866,PROD-2721,2024-11-26,10.0,1884.48,71.55,12.0,Retrasado,Bucaramanga,WhatsApp,False,False,False
TRX-12867,PROD-2533,2025-04-08,9.0,1904.56,51.6,8.0,Devuelto,Medellín,Físico,False,False,False
TRX-12868,PROD-2566,2024-10-19,11.0,1321.2,52.36,29.0,En Camino,Bucaramanga,Físico,False,False,False
TRX-12869,PROD-2837,2025-02-20,14.0,21.29,27.69,5.0,Sin Información,Bogotá,Físico,False,False,False
TRX-12870,PROD-2546,2025-07-22,8.0,724.41,53.52,24.0,Entregado,Bogotá,Online,False,False,False
TRX-12871,PROD-2538,2026-01-14,12.0,1031.15,69.69,13.0,Devuelto,Barranquilla,WhatsApp,False,False,False
TRX-12872,PROD-1328,2025-06-17,7.0,1003.37,48.69,9.0,Retrasado,Bogotá,App,False,False,False
TRX-12873,PROD-3796,2024-12-16,11.0,1210.65,12.78,4.0,En Camino,Medellín,Online,False,False,True
TRX-12874,PROD-3710,2026-02-04,1.0,1921.5,6.71,2.0,Retrasado,Sin Ciudad,App,False,True,True
TRX-12875,PROD-3208,2024-11-27,9.0,1771.53,36.15,5.0,En Camino,Medellín,WhatsApp,False,False,False
TRX-12876,PROD-1544,2025-02-02,9.0,226.73,19.27,2.0,Retrasado,Bogotá,WhatsApp,False,False,False
TRX-12877,PROD-3676,2025-10-20,6.0,539.3,91.09,26.0,En Camino,Sin Ciudad,App,False,False,True
TRX-12878,PROD-2424,2025-10-31,7.0,1667.89,21.7,18.0,Perdido,Cali,Físico,False,False,False
TRX-12879,PROD-1485,2025-09-23,13.0,1650.37,42.46,6.0,Retrasado,Cali,WhatsApp,False,False,False
TRX-12880,PROD-1731,2024-12-13,3.0,557.99,52.36,26.0,En Camino,Bogotá,App,False,False,False
TRX-12881,PROD-3200,2025-10-08,5.0,1463.87,72.65,11.0,Entregado,Medellín,Online,False,False,False
TRX-12882,PROD-2609,2025-08-07,7.0,1347.35,82.47,10.0,En Camino,Medellín,App,False,False,False
TRX-12883,PROD-3166,2026-01-05,1.0,952.31,50.38,1.0,Entregado,Bucaramanga,Online,False,False,False
TRX-12884,PROD-1521,2025-08-16,12.0,410.9,22.21,2.0,Sin Información,Bucaramanga,Online,False,False,False
TRX-12885,PROD-3981,2024-12-29,1.0,1778.4,30.74,21.0,Devuelto,Sin Ciudad,WhatsApp,False,False,True
TRX-12886,PROD-1912,2024-12-04,5.0,1358.92,44.8,10.0,En Camino,Barranquilla,Online,False,False,False
TRX-12887,PROD-1014,2025-08-15,9.0,346.3,39.64,5.0,Devuelto,Medellín,WhatsApp,False,False,False
TRX-12888,PROD-1093,2024-10-22,7.0,1412.56,38.12,26.0,Devuelto,Sin Ciudad,App,False,False,False
TRX-12889,PROD-2222,2025-01-25,1.0,1485.45,17.53,12.0,Perdido,Bogotá,Físico,False,False,False
TRX-12890,PROD-2896,2025-04-20,13.0,1774.89,91.76,19.0,Sin Información,Barranquilla,Online,False,False,False
TRX-12891,PROD-3758,2026-01-10,13.0,453.45,7.83,21.0,En Camino,Cali,WhatsApp,False,False,True
TRX-12892,PROD-3945,2025-06-21,12.0,1977.62,52.36,25.0,Perdido,Bogotá,Físico,False,False,True
TRX-12893,PROD-3230,2025-04-23,5.0,315.25,46.8,2.0,Sin Información,Bogotá,Online,False,False,False
TRX-12894,PROD-2737,2025-02-02,8.0,1205.37,98.13,29.0,Perdido,Sin Ciudad,App,False,False,False
TRX-12895,PROD-3178,2025-02-26,8.0,1317.78,67.67,6.0,Devuelto,Bucaramanga,Online,False,False,False
TRX-12896,PROD-2553,2024-11-08,12.0,843.72,38.76,15.0,Retrasado,Sin Ciudad,App,False,False,False
TRX-12897,PROD-1940,2025-09-14,2.0,955.33,18.88,8.0,Devuelto,Bogotá,App,False,False,False
TRX-12898,PROD-2013,2025-09-20,7.0,1782.91,96.57,16.0,Sin Información,Medellín,App,False,False,False
TRX-12899,PROD-2886,2025-10-09,10.0,1294.1,6.33,19.0,Sin Información,Bucaramanga,App,False,False,False
TRX-12900,PROD-2417,2024-10-14,7.0,999.03,69.73,18.0,Devuelto,Bogotá,WhatsApp,False,False,False
TRX-12901,PROD-1635,2025-12-28,5.0,265.42,88.61,27.0,Sin Información,Barranquilla,WhatsApp,False,False,False
TRX-12902,PROD-2129,2025-12-07,9.0,24.6,7.39,17.0,Entregado,Bogotá,WhatsApp,False,False,False
TRX-12903,PROD-1772,2024-12-14,3.0,258.69,73.89,29.0,Retrasado,Barranquilla,Físico,False,False,False
TRX-12904,PROD-3969,2025-11-15,1.0,1912.81,52.36,1.0,Devuelto,Medellín,App,False,False,True
TRX-12905,PROD-1462,2026-01-07,13.0,1530.53,99.89,11.0,Retrasado,Cali,Online,False,False,False
TRX-12906,PROD-1131,2025-05-14,4.0,1934.56,65.77,4.0,Entregado,Medellín,Físico,False,False,False
TRX-12907,PROD-3704,2024-11-21,7.0,81.06,44.39,28.0,Retrasado,Bogotá,Físico,False,False,True
TRX-12908,PROD-2717,2025-12-20,1.0,1363.64,88.07,6.0,En Camino,Medellín,Físico,False,False,False
TRX-12909,PROD-3518,2025-03-29,2.0,98.14,57.65,7.0,Entregado,Cali,Físico,False,False,True
TRX-12910,PROD-1064,2024-11-19,14.0,1566.29,76.2,29.0,Retrasado,Bogotá,Online,False,False,False
TRX-12911,PROD-1985,2025-06-08,5.0,768.09,60.84,8.0,Perdido,Barranquilla,App,False,False,False
TRX-12912,PROD-1844,2025-03-03,9.0,200.57,8.64,24.0,Retrasado,Medellín,Online,False,False,False
TRX-12913,PROD-1275,2025-07-20,14.0,1140.41,25.25,10.0,Entregado,Barranquilla,App,False,False,False
TRX-12914,PROD-1413,2025-07-25,1.0,567.44,12.48,17.0,Perdido,Bogotá,Físico,False,False,False
TRX-12915,PROD-3432,2024-09-24,12.0,1322.55,15.14,12.0,Sin Información,Medellín,Físico,False,False,False
TRX-12916,PROD-1137,2025-06-20,4.0,1319.77,52.36,8.0,Retrasado,Cali,WhatsApp,False,False,False
TRX-12917,PROD-2828,2025-11-17,12.0,1412.96,6.46,12.0,Retrasado,Barranquilla,WhatsApp,False,False,False
TRX-12918,PROD-3448,2025-02-12,14.0,1985.01,45.01,26.0,Entregado,Bogotá,Físico,False,False,False
TRX-12919,PROD-3752,2025-03-29,3.0,779.53,21.97,17.0,Perdido,Cali,Físico,False,False,True
TRX-12920,PROD-3880,2025-09-09,14.0,935.98,86.29,3.0,Perdido,Bogotá,App,False,False,True
TRX-12921,PROD-1199,2025-08-29,5.0,1611.18,76.25,14.0,Retrasado,Cali,Físico,False,False,False
TRX-12922,PROD-2002,2025-12-14,5.0,1160.96,59.45,12.0,Sin Información,Cali,App,False,False,False
TRX-12923,PROD-1181,2025-12-31,10.0,84.14,51.46,5.0,En Camino,Medellín,Físico,False,False,False
TRX-12924,PROD-2647,2026-01-17,2.0,1687.73,29.31,13.0,Entregado,Bogotá,Online,False,False,False
TRX-12925,PROD-2797,2025-05-04,5.0,112.48,50.12,11.0,Entregado,Cali,Físico,False,False,False
TRX-12926,PROD-1959,2026-02-02,9.0,349.93,65.92,16.0,Devuelto,Cali,App,False,True,False
TRX-12927,PROD-3210,2025-09-24,5.0,213.14,79.31,26.0,Perdido,Barranquilla,App,False,False,False
TRX-12928,PROD-1889,2025-03-21,11.0,165.07,52.36,10.0,Perdido,Cali,Online,False,False,False
TRX-12929,PROD-1231,2024-10-15,10.0,61.11,12.76,28.0,Devuelto,Bogotá,App,False,False,False
TRX-12930,PROD-1573,2025-09-12,2.0,119.51,72.3,24.0,Retrasado,Medellín,WhatsApp,False,False,False
TRX-12931,PROD-3063,2024-10-29,7.0,890.45,75.56,8.0,Retrasado,Medellín,Online,False,False,False
TRX-12932,PROD-2184,2025-01-07,6.0,513.18,58.1,6.0,Entregado,Sin Ciudad,Físico,False,False,False
TRX-12933,PROD-1959,2025-07-16,7.0,261.81,25.36,20.0,Retrasado,Bogotá,Físico,False,False,False
TRX-12934,PROD-3996,2025-05-09,8.0,1320.82,56.22,20.0,En Camino,Cali,Físico,False,False,True
TRX-12935,PROD-3359,2025-08-01,10.0,459.96,52.76,24.0,En Camino,Bogotá,App,False,False,False
TRX-12936,PROD-2306,2024-12-28,5.0,47.71,50.19,27.0,En Camino,Bogotá,Físico,False,False,False
TRX-12937,PROD-3365,2025-06-30,2.0,842.66,48.76,3.0,Devuelto,Sin Ciudad,Físico,False,False,False
TRX-12938,PROD-3449,2025-01-10,7.0,627.76,15.53,24.0,Sin Información,Cali,Físico,False,False,False
TRX-12939,PROD-3754,2024-10-29,7.0,644.02,22.37,20.0,En Camino,Bucaramanga,WhatsApp,False,False,True
TRX-12940,PROD-2313,2024-11-01,8.0,896.09,52.36,10.0,Devuelto,Sin Ciudad,WhatsApp,False,False,False
TRX-12941,PROD-1970,2024-12-16,7.0,1341.14,14.25,25.0,Entregado,Barranquilla,WhatsApp,False,False,False
TRX-12942,PROD-2236,2025-07-21,10.0,1236.79,28.04,28.0,Entregado,Cali,Físico,False,False,False
TRX-12943,PROD-1586,2025-03-29,7.0,1875.15,30.03,18.0,Sin Información,Barranquilla,Físico,False,False,False
TRX-12944,PROD-3704,2025-05-20,14.0,1040.26,28.28,10.0,En Camino,Barranquilla,App,False,False,True
TRX-12945,PROD-3135,2025-09-15,13.0,950.41,25.04,13.0,Devuelto,Medellín,App,False,False,False
TRX-12946,PROD-1905,2026-01-23,9.0,434.69,74.87,14.0,En Camino,Bogotá,App,False,False,False
TRX-12947,PROD-2693,2025-09-11,8.0,1513.21,82.76,1.0,Sin Información,Medellín,App,False,False,False
TRX-12948,PROD-2230,2024-10-11,2.0,290.14,36.08,20.0,Sin Información,Bogotá,Físico,False,False,False
TRX-12949,PROD-2127,2025-09-04,2.0,987.35,33.99,15.0,Retrasado,Bucaramanga,App,False,False,False
TRX-12950,PROD-1249,2025-10-20,7.0,848.43,85.18,25.0,Devuelto,Bogotá,Online,False,False,False
TRX-12951,PROD-3280,2025-08-13,10.0,1320.02,64.27,12.0,Devuelto,Medellín,Físico,False,False,False
TRX-12952,PROD-3423,2025-06-10,11.0,1836.07,52.36,16.0,Devuelto,Barranquilla,Físico,False,False,False
TRX-12953,PROD-1717,2026-01-08,13.0,1893.73,32.88,7.0,Devuelto,Sin Ciudad,Online,False,False,False
TRX-12954,PROD-3564,2025-11-06,10.0,343.92,72.79,14.0,Retrasado,Sin Ciudad,App,False,False,True
TRX-12955,PROD-3780,2025-10-30,3.0,531.02,37.74,9.0,En Camino,Cali,Online,False,False,True
TRX-12956,PROD-2749,2025-02-27,1.0,1625.15,60.72,9.0,Entregado,Bucaramanga,App,False,False,False
TRX-12957,PROD-3276,2026-01-19,9.0,1041.38,99.3,10.0,Sin Información,Bogotá,Online,False,False,False
TRX-12958,PROD-3030,2025-07-23,14.0,911.54,33.65,9.0,Perdido,Medellín,Físico,False,False,False
TRX-12959,PROD-1192,2025-01-12,14.0,1424.14,93.4,25.0,Perdido,Bucaramanga,App,False,False,False
TRX-12960,PROD-2410,2025-02-13,14.0,1207.83,35.46,16.0,Devuelto,Medellín,App,False,False,False
TRX-12961,PROD-3635,2025-06-05,3.0,1941.72,56.33,23.0,Devuelto,Medellín,App,False,False,True
TRX-12962,PROD-3749,2025-12-21,1.0,1172.11,48.7,8.0,Entregado,Barranquilla,Físico,False,False,True
TRX-12963,PROD-2561,2024-10-10,6.0,937.29,79.4,28.0,Perdido,Medellín,App,False,False,False
TRX-12964,PROD-3148,2025-03-25,4.0,1090.21,52.36,2.0,Devuelto,Medellín,Online,False,False,False
TRX-12965,PROD-2305,2025-11-01,14.0,1618.99,10.8,25.0,Sin Información,Bogotá,App,False,False,False
TRX-12966,PROD-3852,2025-07-06,1.0,1229.22,64.58,18.0,Sin Información,Medellín,App,False,False,True
TRX-12967,PROD-2705,2025-10-12,4.0,1297.63,77.26,24.0,Retrasado,Bogotá,Físico,False,False,False
TRX-12968,PROD-2672,2025-01-31,8.0,1943.16,49.85,18.0,Perdido,Medellín,Online,False,False,False
TRX-12969,PROD-1611,2026-01-14,11.0,1240.61,15.0,27.0,Retrasado,Bogotá,Online,False,False,False
TRX-12970,PROD-2228,2025-06-30,7.0,766.77,28.26,12.0,Entregado,Cali,Online,False,False,False
TRX-12971,PROD-2541,2025-05-25,12.0,1385.74,69.57,24.0,Entregado,Cali,App,False,False,False
TRX-12972,PROD-1753,2024-09-30,1.0,1322.32,90.07,3.0,Perdido,Sin Ciudad,WhatsApp,False,False,False
TRX-12973,PROD-3203,2025-04-03,10.0,37.56,45.05,2.0,Sin Información,Sin Ciudad,WhatsApp,False,False,False
TRX-12974,PROD-2939,2025-08-06,12.0,939.99,58.24,6.0,En Camino,Bogotá,App,False,False,False
TRX-12975,PROD-1987,2025-10-18,9.0,1488.38,26.7,6.0,Perdido,Bogotá,Físico,False,False,False
TRX-12976,PROD-1923,2024-09-29,6.0,1003.09,52.36,17.0,Retrasado,Bogotá,Físico,False,False,False
TRX-12977,PROD-2231,2025-02-05,2.0,1561.45,44.16,16.0,En Camino,Bogotá,App,False,False,False
TRX-12978,PROD-3898,2024-10-11,3.0,907.26,37.0,23.0,Retrasado,Bucaramanga,Online,False,False,True
TRX-12979,PROD-1591,2025-10-28,7.0,1966.81,67.27,28.0,Retrasado,Medellín,Online,False,False,False
TRX-12980,PROD-2896,2025-02-08,3.0,592.85,98.55,13.0,Retrasado,Bogotá,App,False,False,False
TRX-12981,PROD-1236,2025-09-24,13.0,193.32,82.26,12.0,Devuelto,Medellín,Online,False,False,False
TRX-12982,PROD-3303,2026-01-24,3.0,865.72,23.26,11.0,En Camino,Bucaramanga,Online,False,False,False
TRX-12983,PROD-2690,2025-03-18,5.0,1088.0,59.88,15.0,Devuelto,Bogotá,WhatsApp,False,False,False
TRX-12984,PROD-2706,2024-10-03,3.0,704.7,11.31,28.0,Devuelto,Barranquilla,WhatsApp,False,False,False
TRX-12985,PROD-3282,2026-01-21,3.0,492.14,28.46,17.0,Retrasado,Cali,App,False,False,False
TRX-12986,PROD-3170,2024-11-02,11.0,1347.4,21.36,20.0,Entregado,Medellín,WhatsApp,False,False,False
TRX-12987,PROD-1549,2025-12-12,5.0,760.48,36.88,29.0,Sin Información,Cali,WhatsApp,False,False,False
TRX-12988,PROD-2590,2025-01-14,14.0,1266.42,52.36,22.0,Perdido,Bogotá,Físico,False,False,False
TRX-12989,PROD-1994,2025-03-21,5.0,1560.35,69.49,24.0,Entregado,Barranquilla,App,False,False,False
TRX-12990,PROD-2044,2025-04-04,12.0,1524.4,52.44,27.0,Retrasado,Bogotá,Físico,False,False,False
TRX-12991,PROD-1832,2025-04-06,9.0,756.87,93.63,27.0,Perdido,Cali,WhatsApp,False,False,False
TRX-12992,PROD-2352,2026-02-02,1.0,1140.12,25.21,8.0,Sin Información,Bogotá,WhatsApp,False,True,False
TRX-12993,PROD-3648,2025-09-05,14.0,904.82,39.6,26.0,Perdido,Cali,Online,False,False,True
TRX-12994,PROD-1323,2025-05-05,1.0,1742.9,36.34,7.0,Sin Información,Bogotá,Físico,False,False,False
TRX-12995,PROD-2842,2025-08-19,11.0,1758.73,27.42,11.0,Retrasado,Barranquilla,Físico,False,False,False
TRX-12996,PROD-2519,2025-08-11,14.0,694.05,99.35,21.0,Devuelto,Cali,App,False,False,False
TRX-12997,PROD-1378,2025-11-20,9.0,192.56,41.79,29.0,Perdido,Barranquilla,Online,False,False,False
TRX-12998,PROD-3193,2025-06-10,5.0,343.49,94.35,22.0,Sin Información,Bogotá,Online,False,False,False
TRX-12999,PROD-3967,2025-01-16,4.0,740.33,42.09,8.0,Perdido,Medellín,Online,False,False,True
TRX-13000,PROD-1780,2026-01-04,7.0,1132.86,52.36,15.0,Perdido,Bucaramanga,WhatsApp,True,False,False
TRX-13001,PROD-1211,2025-02-19,2.0,1317.01,24.39,19.0,Perdido,Barranquilla,WhatsApp,False,False,False
TRX-13002,PROD-2099,2025-01-18,12.0,669.43,16.32,6.0,En Camino,Cali,WhatsApp,False,False,False
TRX-13003,PROD-2544,2025-03-06,9.0,1338.32,86.28,20.0,Devuelto,Medellín,Físico,False,False,False
TRX-13004,PROD-3759,2025-06-01,6.0,1876.1,8.05,29.0,En Camino,Bogotá,Físico,False,False,True
TRX-13005,PROD-3477,2025-06-16,9.0,1307.51,96.62,19.0,En Camino,Barranquilla,App,False,False,False
TRX-13006,PROD-3469,2024-11-05,5.0,325.54,44.73,19.0,Sin Información,Cali,Online,False,False,False
TRX-13007,PROD-1161,2026-01-05,4.0,1163.54,28.5,4.0,Retrasado,Medellín,WhatsApp,False,False,False
TRX-13008,PROD-1298,2026-01-24,7.0,1088.37,63.66,22.0,Devuelto,Barranquilla,WhatsApp,False,False,False
TRX-13009,PROD-1770,2025-03-22,5.0,1742.69,17.63,15.0,Entregado,Barranquilla,Online,False,False,False
TRX-13010,PROD-3406,2024-12-08,8.0,707.1,11.85,27.0,Devuelto,Bogotá,WhatsApp,False,False,False
TRX-13011,PROD-3966,2025-10-01,8.0,851.66,83.64,17.0,Entregado,Cali,WhatsApp,False,False,True
TRX-13012,PROD-3750,2025-01-16,13.0,1201.33,52.36,18.0,Sin Información,Bucaramanga,Físico,False,False,True
TRX-13013,PROD-3289,2025-12-11,2.0,1053.61,45.34,29.0,Sin Información,Barranquilla,Físico,False,False,False
TRX-13014,PROD-1888,2024-11-28,13.0,1440.84,54.23,20.0,Perdido,Sin Ciudad,WhatsApp,False,False,False
TRX-13015,PROD-2963,2024-10-05,5.0,90.37,21.79,12.0,Sin Información,Medellín,WhatsApp,False,False,False
TRX-13016,PROD-1855,2024-12-23,10.0,1131.4,10.84,10.0,Entregado,Cali,Físico,False,False,False
TRX-13017,PROD-2363,2025-05-26,8.0,252.13,39.94,9.0,Entregado,Bucaramanga,Online,False,False,False
TRX-13018,PROD-2241,2025-06-16,3.0,637.27,53.08,8.0,Sin Información,Cali,Online,False,False,False
TRX-13019,PROD-1062,2025-02-08,7.0,1326.64,77.72,26.0,Entregado,Medellín,WhatsApp,False,False,False
TRX-13020,PROD-1867,2025-08-29,3.0,323.25,52.6,8.0,Perdido,Bucaramanga,App,False,False,False
TRX-13021,PROD-1778,2025-05-24,6.0,624.6,79.34,11.0,Perdido,Sin Ciudad,App,False,False,False
TRX-13022,PROD-1480,2025-08-29,2.0,1408.98,15.97,23.0,En Camino,Bucaramanga,WhatsApp,False,False,False
TRX-13023,PROD-2961,2025-10-18,6.0,1305.1,11.08,12.0,Entregado,Barranquilla,Online,False,False,False
TRX-13024,PROD-1993,2025-06-22,6.0,191.17,52.36,22.0,Devuelto,Bogotá,App,False,False,False
TRX-13025,PROD-3849,2025-07-23,8.0,1158.76,20.09,23.0,Retrasado,Cali,Físico,False,False,True
TRX-13026,PROD-3475,2025-10-25,5.0,303.04,78.34,6.0,En Camino,Sin Ciudad,App,False,False,False
TRX-13027,PROD-3882,2025-04-01,14.0,512.02,77.14,3.0,Entregado,Medellín,Físico,False,False,True
TRX-13028,PROD-1837,2025-12-14,1.0,923.83,18.43,15.0,En Camino,Medellín,App,False,False,False
TRX-13029,PROD-2624,2024-12-28,8.0,227.6,7.94,28.0,Sin Información,Sin Ciudad,Online,False,False,False
TRX-13030,PROD-1980,2025-08-19,12.0,1987.36,70.1,6.0,Sin Información,Medellín,WhatsApp,False,False,False
TRX-13031,PROD-3261,2025-04-15,9.0,339.09,86.25,28.0,Sin Información,Bogotá,WhatsApp,False,False,False
TRX-13032,PROD-2317,2025-12-15,1.0,1564.81,76.64,7.0,Entregado,Medellín,WhatsApp,False,False,False
TRX-13033,PROD-2159,2025-11-14,5.0,1661.38,24.27,6.0,Entregado,Cali,Físico,False,False,False
TRX-13034,PROD-2559,2025-02-06,12.0,1988.98,60.46,27.0,En Camino,Sin Ciudad,WhatsApp,False,False,False
TRX-13035,PROD-2909,2024-12-08,6.0,863.02,76.95,2.0,Entregado,Medellín,App,False,False,False
TRX-13036,PROD-3185,2025-10-11,4.0,1749.45,52.36,6.0,Entregado,Medellín,Online,False,False,False
TRX-13037,PROD-3657,2024-10-29,14.0,1915.5,29.3,29.0,Retrasado,Cali,WhatsApp,False,False,True
TRX-13038,PROD-2471,2025-07-05,11.0,354.06,55.13,29.0,Devuelto,Bucaramanga,Físico,False,False,False
TRX-13039,PROD-2263,2025-11-21,2.0,964.08,34.87,2.0,Perdido,Barranquilla,Físico,False,False,False
TRX-13040,PROD-2071,2025-11-25,5.0,129.42,26.43,1.0,Retrasado,Bogotá,Online,False,False,False
TRX-13041,PROD-2473,2026-01-20,14.0,1245.24,97.11,15.0,Perdido,Bogotá,Online,False,False,False
TRX-13042,PROD-3100,2025-07-22,14.0,1167.0,91.7,10.0,Perdido,Bogotá,Físico,False,False,False
TRX-13043,PROD-3036,2025-02-04,4.0,416.21,47.34,10.0,Devuelto,Medellín,Online,False,False,False
TRX-13044,PROD-2908,2025-02-11,13.0,1597.83,17.99,10.0,Retrasado,Cali,App,False,False,False
TRX-13045,PROD-1403,2025-06-03,7.0,84.16,74.15,5.0,Entregado,Medellín,App,False,False,False
TRX-13046,PROD-3959,2024-11-09,6.0,1614.39,29.29,4.0,Devuelto,Barranquilla,WhatsApp,False,False,True
TRX-13047,PROD-2923,2025-06-04,3.0,63.02,21.01,25.0,Entregado,Medellín,WhatsApp,False,False,False
TRX-13048,PROD-2311,2025-02-03,9.0,1317.09,52.36,15.0,Entregado,Medellín,Físico,False,False,False
TRX-13049,PROD-1832,2025-07-09,14.0,166.75,41.25,9.0,Sin Información,Medellín,Físico,False,False,False
TRX-13050,PROD-2518,2025-04-18,4.0,509.94,55.34,16.0,Entregado,Sin Ciudad,App,False,False,False
TRX-13051,PROD-2281,2026-02-03,11.0,1446.61,14.26,9.0,Entregado,Barranquilla,Online,False,True,False
TRX-13052,PROD-2695,2025-01-01,5.0,568.01,59.32,19.0,Retrasado,Cali,WhatsApp,False,False,False
TRX-13053,PROD-1187,2026-01-19,14.0,1027.24,6.46,14.0,Perdido,Medellín,Online,False,False,False
TRX-13054,PROD-3304,2024-11-07,3.0,1831.34,89.73,26.0,Perdido,Medellín,WhatsApp,False,False,False
TRX-13055,PROD-1906,2025-12-09,8.0,108.77,92.47,12.0,Retrasado,Sin Ciudad,WhatsApp,False,False,False
TRX-13056,PROD-1597,2024-12-01,11.0,1624.05,74.64,12.0,Perdido,Sin Ciudad,Físico,False,False,False
TRX-13057,PROD-1066,2025-02-05,7.0,139.89,49.32,3.0,Sin Información,Medellín,Online,False,False,False
TRX-13058,PROD-2068,2025-06-29,11.0,262.32,29.22,29.0,Devuelto,Medellín,Físico,False,False,False
TRX-13059,PROD-3266,2024-11-28,11.0,247.45,75.69,19.0,Entregado,Sin Ciudad,Online,False,False,False
TRX-13060,PROD-3392,2024-09-26,7.0,1988.26,52.36,11.0,Entregado,Bogotá,Online,False,False,False
TRX-13061,PROD-3372,2025-05-04,8.0,368.57,93.52,26.0,Sin Información,Barranquilla,WhatsApp,False,False,False
TRX-13062,PROD-3949,2024-09-23,7.0,1794.56,20.06,5.0,Entregado,Medellín,Online,False,False,True
TRX-13063,PROD-2710,2025-07-09,3.0,1981.96,49.25,6.0,En Camino,Medellín,WhatsApp,False,False,False
TRX-13064,PROD-2209,2025-01-09,3.0,773.73,34.95,6.0,Devuelto,Barranquilla,WhatsApp,False,False,False
TRX-13065,PROD-1624,2025-06-14,2.0,1265.79,38.89,19.0,En Camino,Sin Ciudad,WhatsApp,False,False,False
TRX-13066,PROD-1803,2024-11-24,13.0,1560.39,43.55,14.0,Retrasado,Medellín,App,False,False,False
TRX-13067,PROD-2351,2025-12-26,1.0,791.36,95.42,16.0,En Camino,Medellín,WhatsApp,False,False,False
TRX-13068,PROD-1942,2025-06-15,5.0,332.01,29.57,12.0,Perdido,Cali,Físico,False,False,False
TRX-13069,PROD-2555,2025-02-07,12.0,873.19,51.8,18.0,Perdido,Barranquilla,Online,False,False,False
TRX-13070,PROD-3333,2025-11-30,4.0,1546.06,95.39,22.0,Devuelto,Cali,Online,False,False,False
TRX-13071,PROD-2006,2024-11-05,13.0,1563.72,50.23,13.0,En Camino,Cali,App,False,False,False
TRX-13072,PROD-3045,2025-10-01,11.0,468.77,52.36,20.0,En Camino,Bucaramanga,App,False,False,False
TRX-13073,PROD-3255,2025-11-28,2.0,358.18,87.04,9.0,Entregado,Barranquilla,App,False,False,False
TRX-13074,PROD-3681,2026-01-06,1.0,1841.92,10.58,18.0,Devuelto,Bogotá,Físico,False,False,True
TRX-13075,PROD-3805,2025-06-11,14.0,97.56,95.54,4.0,Entregado,Bogotá,WhatsApp,False,False,True
TRX-13076,PROD-2382,2025-04-26,14.0,1472.13,22.82,11.0,Devuelto,Bucaramanga,App,False,False,False
TRX-13077,PROD-2054,2025-01-21,3.0,102.38,98.09,27.0,Devuelto,Bucaramanga,App,False,False,False
TRX-13078,PROD-3001,2025-02-21,13.0,1677.42,21.68,18.0,En Camino,Barranquilla,Online,False,False,False
TRX-13079,PROD-3963,2025-04-23,6.0,1811.78,47.21,21.0,Sin Información,Bucaramanga,Online,False,False,True
TRX-13080,PROD-3628,2025-05-14,13.0,601.86,34.32,3.0,Entregado,Bucaramanga,App,False,False,True
TRX-13081,PROD-3009,2025-09-08,2.0,157.13,46.16,4.0,Retrasado,Sin Ciudad,Online,False,False,False
TRX-13082,PROD-2887,2025-01-11,10.0,966.56,28.8,9.0,Entregado,Bogotá,Online,False,False,False
TRX-13083,PROD-1689,2025-12-08,13.0,603.94,96.71,13.0,Retrasado,Medellín,WhatsApp,False,False,False
TRX-13084,PROD-2442,2025-09-18,7.0,840.1,52.36,15.0,Perdido,Bogotá,App,False,False,False
TRX-13085,PROD-1693,2025-08-08,11.0,1333.32,34.04,10.0,Devuelto,Bogotá,App,False,False,False
TRX-13086,PROD-1573,2025-05-02,7.0,427.55,67.06,27.0,Entregado,Cali,WhatsApp,False,False,False
TRX-13087,PROD-3950,2025-12-06,11.0,720.33,18.06,21.0,Devuelto,Bogotá,App,False,False,True
TRX-13088,PROD-3238,2025-05-06,3.0,1567.3,83.32,9.0,Sin Información,Barranquilla,App,False,False,False
TRX-13089,PROD-3000,2025-04-20,14.0,1291.09,56.54,16.0,Entregado,Sin Ciudad,WhatsApp,False,False,False
TRX-13090,PROD-1753,2025-10-23,1.0,659.29,98.05,16.0,Perdido,Bogotá,WhatsApp,False,False,False
TRX-13091,PROD-3220,2025-11-15,9.0,1331.96,45.22,13.0,Entregado,Medellín,App,False,False,False
TRX-13092,PROD-3628,2024-12-02,11.0,1532.97,23.57,5.0,Perdido,Medellín,Online,False,False,True
TRX-13093,PROD-1240,2026-01-24,5.0,1189.05,37.87,10.0,Devuelto,Medellín,WhatsApp,False,False,False
TRX-13094,PROD-3146,2025-09-17,2.0,486.6,75.01,25.0,En Camino,Sin Ciudad,WhatsApp,False,False,False
TRX-13095,PROD-1138,2024-12-20,8.0,10.49,67.62,24.0,Sin Información,Bogotá,Físico,False,False,False
TRX-13096,PROD-1304,2025-06-11,12.0,1607.67,52.36,1.0,Retrasado,Bogotá,Online,False,False,False
TRX-13097,PROD-3737,2025-12-15,10.0,1647.04,78.94,29.0,Devuelto,Bogotá,App,False,False,True
TRX-13098,PROD-1198,2025-09-23,10.0,1398.23,11.98,3.0,Sin Información,Sin Ciudad,Físico,False,False,False
TRX-13099,PROD-1026,2025-12-30,4.0,162.4,60.14,21.0,Sin Información,Sin Ciudad,Físico,False,False,False
TRX-13100,PROD-2689,2025-03-29,7.0,1174.59,93.56,28.0,En Camino,Bogotá,Físico,False,False,False
TRX-13101,PROD-1563,2025-01-12,11.0,1643.83,15.25,3.0,Devuelto,Medellín,Online,False,False,False
TRX-13102,PROD-3583,2025-12-18,10.0,785.44,13.96,10.0,Devuelto,Medellín,WhatsApp,False,False,True
TRX-13103,PROD-1947,2025-11-09,12.0,404.02,73.08,17.0,Entregado,Barranquilla,App,False,False,False
TRX-13104,PROD-1278,2025-11-18,7.0,1179.38,34.94,27.0,Perdido,Cali,Online,False,False,False
TRX-13105,PROD-3896,2025-05-19,14.0,1654.35,67.57,18.0,Perdido,Bogotá,Físico,False,False,True
TRX-13106,PROD-1618,2026-01-11,13.0,107.25,56.81,13.0,Entregado,Medellín,Online,False,False,False
TRX-13107,PROD-1037,2025-06-05,5.0,1197.93,98.68,2.0,Entregado,Bucaramanga,App,False,False,False
TRX-13108,PROD-1895,2025-02-19,13.0,1289.92,52.36,16.0,Devuelto,Medellín,Online,False,False,False
TRX-13109,PROD-3071,2025-01-27,3.0,1208.71,89.46,4.0,Perdido,Bogotá,Físico,False,False,False
TRX-13110,PROD-2867,2025-10-19,10.0,1303.57,69.42,22.0,Devuelto,Bogotá,Físico,False,False,False
TRX-13111,PROD-2528,2025-08-07,8.0,1266.44,29.86,18.0,En Camino,Bucaramanga,WhatsApp,False,False,False
TRX-13112,PROD-1247,2026-01-15,2.0,269.5,29.88,14.0,En Camino,Barranquilla,Online,False,False,False
TRX-13113,PROD-3530,2026-01-16,1.0,477.52,88.81,6.0,Entregado,Medellín,App,False,False,True
TRX-13114,PROD-3612,2025-10-24,5.0,1241.8,60.61,11.0,Perdido,Medellín,WhatsApp,False,False,True
TRX-13115,PROD-3731,2025-11-07,11.0,45.21,79.98,17.0,En Camino,Cali,WhatsApp,False,False,True
TRX-13116,PROD-3525,2025-10-29,4.0,1273.14,47.74,8.0,Perdido,Cali,App,False,False,True
TRX-13117,PROD-2979,2025-06-23,11.0,1334.12,14.79,3.0,Perdido,Cali,App,False,False,False
TRX-13118,PROD-3700,2025-08-21,10.0,485.96,36.61,24.0,Retrasado,Medellín,Online,False,False,True
TRX-13119,PROD-2998,2026-01-05,7.0,1200.28,20.31,3.0,En Camino,Bogotá,Físico,False,False,False
TRX-13120,PROD-1064,2025-12-12,13.0,1072.84,52.36,17.0,En Camino,Bogotá,WhatsApp,False,False,False
TRX-13121,PROD-1027,2025-10-25,9.0,528.78,79.27,4.0,Devuelto,Bucaramanga,WhatsApp,False,False,False
TRX-13122,PROD-3179,2025-02-08,6.0,931.32,71.55,19.0,Devuelto,Bogotá,Online,False,False,False
TRX-13123,PROD-3259,2025-01-03,11.0,1820.15,13.4,8.0,Sin Información,Barranquilla,Físico,False,False,False
TRX-13124,PROD-2684,2025-05-22,1.0,858.94,64.03,17.0,Perdido,Bucaramanga,Online,False,False,False
TRX-13125,PROD-1048,2025-01-17,8.0,1263.39,88.04,25.0,Entregado,Medellín,Físico,False,False,False
TRX-13126,PROD-1068,2025-04-24,2.0,80.35,71.25,27.0,Devuelto,Bogotá,App,False,False,False
TRX-13127,PROD-3168,2026-01-19,4.0,164.82,53.56,25.0,Devuelto,Cali,Online,False,False,False
TRX-13128,PROD-3958,2024-10-09,3.0,171.8,34.63,22.0,Sin Información,Barranquilla,App,False,False,True
TRX-13129,PROD-2125,2025-03-20,6.0,1558.7,89.27,5.0,Sin Información,Bucaramanga,Online,False,False,False
TRX-13130,PROD-3194,2025-05-04,2.0,707.01,45.17,11.0,Perdido,Bogotá,App,False,False,False
TRX-13131,PROD-2174,2025-06-19,5.0,462.95,86.26,12.0,Sin Información,Bucaramanga,Físico,False,False,False
TRX-13132,PROD-1070,2026-01-25,11.0,1497.18,52.36,21.0,En Camino,Bogotá,Físico,False,False,False
TRX-13133,PROD-3057,2025-08-01,9.0,348.22,79.38,15.0,Devuelto,Bucaramanga,Físico,False,False,False
TRX-13134,PROD-3858,2025-09-06,3.0,500.52,82.54,12.0,Entregado,Bucaramanga,WhatsApp,False,False,True
TRX-13135,PROD-3760,2025-02-03,2.0,867.55,99.03,22.0,Perdido,Medellín,Físico,False,False,True
TRX-13136,PROD-2763,2025-01-14,2.0,669.56,76.13,7.0,En Camino,Bucaramanga,Online,False,False,False
TRX-13137,PROD-1734,2025-12-07,9.0,1174.93,8.23,24.0,Retrasado,Sin Ciudad,Físico,False,False,False
TRX-13138,PROD-1438,2025-02-01,6.0,682.3,24.52,3.0,Entregado,Bogotá,WhatsApp,False,False,False
TRX-13139,PROD-1394,2025-02-08,2.0,791.97,8.34,10.0,Sin Información,Cali,App,False,False,False
TRX-13140,PROD-3147,2025-09-22,3.0,1727.14,23.04,16.0,En Camino,Bogotá,WhatsApp,False,False,False
TRX-13141,PROD-1609,2025-05-12,14.0,1770.22,10.84,1.0,Perdido,Bucaramanga,WhatsApp,False,False,False
TRX-13142,PROD-1987,2025-12-24,1.0,1657.15,52.65,21.0,Retrasado,Bogotá,App,False,False,False
TRX-13143,PROD-1786,2025-10-02,2.0,1731.01,7.68,11.0,Sin Información,Medellín,Online,False,False,False
TRX-13144,PROD-3538,2024-12-23,2.0,1143.76,52.36,17.0,Sin Información,Bogotá,Online,False,False,True
TRX-13145,PROD-3156,2025-06-16,11.0,1296.0,49.9,14.0,Entregado,Barranquilla,Físico,False,False,False
TRX-13146,PROD-2033,2024-12-30,2.0,1118.77,90.39,18.0,Devuelto,Barranquilla,WhatsApp,False,False,False
TRX-13147,PROD-2451,2025-04-17,7.0,1573.32,76.11,12.0,Devuelto,Medellín,Online,False,False,False
TRX-13148,PROD-2094,2024-09-30,3.0,1106.49,94.68,16.0,Entregado,Bogotá,Físico,False,False,False
TRX-13149,PROD-2625,2026-01-03,13.0,231.04,26.53,8.0,Devuelto,Bogotá,WhatsApp,False,False,False
TRX-13150,PROD-1323,2025-09-27,14.0,1621.06,55.45,3.0,Perdido,Bogotá,WhatsApp,False,False,False
TRX-13151,PROD-2528,2025-12-09,11.0,1523.56,35.27,11.0,Entregado,Bogotá,Online,False,False,False
TRX-13152,PROD-2663,2025-11-01,4.0,1642.4,51.91,26.0,Entregado,Sin Ciudad,Físico,False,False,False
TRX-13153,PROD-2880,2025-08-09,2.0,388.95,57.92,15.0,Sin Información,Bogotá,App,False,False,False
TRX-13154,PROD-3314,2024-12-24,5.0,550.52,8.44,4.0,Devuelto,Sin Ciudad,WhatsApp,False,False,False
TRX-13155,PROD-1996,2025-11-04,14.0,598.55,27.16,27.0,Sin Información,Barranquilla,Físico,False,False,False
TRX-13156,PROD-3855,2025-02-27,9.0,1021.08,52.36,16.0,Entregado,Bucaramanga,App,False,False,True
TRX-13157,PROD-1925,2025-09-17,12.0,276.42,71.95,22.0,Retrasado,Bogotá,App,False,False,False
TRX-13158,PROD-2228,2024-12-30,9.0,776.91,78.43,24.0,Entregado,Bogotá,Online,False,False,False
TRX-13159,PROD-3801,2025-05-05,7.0,372.49,59.1,17.0,Devuelto,Cali,App,False,False,True
TRX-13160,PROD-1330,2025-08-28,12.0,536.88,30.73,14.0,Devuelto,Bucaramanga,WhatsApp,False,False,False
TRX-13161,PROD-3677,2025-12-07,8.0,1415.71,43.48,2.0,Devuelto,Bogotá,WhatsApp,False,False,True
TRX-13162,PROD-3661,2025-04-18,13.0,1711.07,14.12,27.0,Devuelto,Medellín,Físico,False,False,True
TRX-13163,PROD-1129,2024-12-04,14.0,55.58,95.55,22.0,Perdido,Bogotá,WhatsApp,False,False,False
TRX-13164,PROD-1382,2026-01-14,5.0,1136.13,87.52,15.0,Devuelto,Bucaramanga,Online,False,False,False
TRX-13165,PROD-2660,2025-10-28,5.0,81.76,11.23,24.0,Retrasado,Sin Ciudad,Online,False,False,False
TRX-13166,PROD-2553,2024-11-20,12.0,179.65,20.82,28.0,Entregado,Cali,WhatsApp,False,False,False
TRX-13167,PROD-2544,2025-07-06,3.0,1413.12,60.2,8.0,En Camino,Bucaramanga,Físico,False,False,False
TRX-13168,PROD-3263,2024-11-25,6.0,1473.86,52.36,13.0,En Camino,Medellín,Online,False,False,False
TRX-13169,PROD-2949,2025-06-05,1.0,1629.82,27.08,3.0,Perdido,Medellín,Físico,False,False,False
TRX-13170,PROD-1229,2024-11-09,3.0,953.74,93.77,4.0,En Camino,Bucaramanga,WhatsApp,False,False,False
TRX-13171,PROD-3608,2025-06-28,11.0,1721.02,76.78,26.0,Devuelto,Medellín,App,False,False,True
TRX-13172,PROD-1038,2025-04-08,2.0,342.01,30.96,4.0,En Camino,Medellín,Online,False,False,False
TRX-13173,PROD-3878,2025-02-27,7.0,506.94,5.58,4.0,Retrasado,Medellín,App,False,False,True
TRX-13174,PROD-1701,2025-07-30,9.0,277.66,80.95,2.0,Sin Información,Cali,Online,False,False,False
TRX-13175,PROD-1338,2024-09-29,4.0,1597.1,45.29,13.0,Devuelto,Bucaramanga,WhatsApp,False,False,False
TRX-13176,PROD-3047,2025-05-28,7.0,465.06,66.03,22.0,En Camino,Bogotá,Físico,False,False,False
TRX-13177,PROD-2777,2025-09-25,8.0,319.47,32.26,8.0,Devuelto,Cali,Físico,False,False,False
TRX-13178,PROD-3641,2025-05-12,10.0,1249.99,18.57,9.0,Perdido,Sin Ciudad,Físico,False,False,True
TRX-13179,PROD-2356,2025-01-06,2.0,163.39,69.15,29.0,Retrasado,Barranquilla,WhatsApp,False,False,False
TRX-13180,PROD-3317,2026-01-29,7.0,99.35,52.36,1.0,Entregado,Cali,Físico,False,False,False
TRX-13181,PROD-1390,2025-12-25,13.0,222.37,47.78,1.0,Sin Información,Bucaramanga,Online,False,False,False
TRX-13182,PROD-3163,2024-12-29,12.0,10.48,27.34,9.0,Devuelto,Bucaramanga,App,False,False,False
TRX-13183,PROD-1174,2025-06-17,3.0,1397.01,18.07,11.0,Retrasado,Barranquilla,WhatsApp,False,False,False
TRX-13184,PROD-1941,2024-11-21,8.0,1128.85,60.15,16.0,Perdido,Medellín,App,False,False,False
TRX-13185,PROD-1865,2026-02-04,6.0,427.65,73.93,29.0,Perdido,Bucaramanga,Online,False,True,False
TRX-13186,PROD-3835,2025-07-27,3.0,473.68,31.97,4.0,Retrasado,Medellín,Online,False,False,True
TRX-13187,PROD-3321,2026-01-28,8.0,1623.83,74.84,15.0,En Camino,Medellín,App,False,False,False
TRX-13188,PROD-2947,2026-01-30,11.0,1008.62,22.4,27.0,Retrasado,Bogotá,App,False,False,False
TRX-13189,PROD-2110,2025-11-07,13.0,1400.07,37.15,7.0,En Camino,Medellín,Online,False,False,False
TRX-13190,PROD-1190,2025-02-09,3.0,910.98,75.76,2.0,En Camino,Medellín,Online,False,False,False
TRX-13191,PROD-1304,2025-10-24,9.0,483.06,67.71,10.0,Retrasado,Cali,Online,False,False,False
TRX-13192,PROD-3803,2025-08-16,11.0,1941.1,52.36,17.0,Perdido,Medellín,Online,False,False,True
TRX-13193,PROD-2148,2025-12-30,3.0,1135.64,30.7,11.0,Entregado,Medellín,Online,False,False,False
TRX-13194,PROD-3224,2025-03-31,1.0,270.65,16.6,23.0,Entregado,Medellín,App,False,False,False
TRX-13195,PROD-3308,2025-01-25,13.0,818.12,9.03,22.0,Retrasado,Bogotá,App,False,False,False
TRX-13196,PROD-3695,2025-11-09,2.0,665.38,84.6,19.0,Devuelto,Bogotá,WhatsApp,False,False,True
TRX-13197,PROD-1134,2025-03-04,4.0,436.03,12.14,10.0,Retrasado,Bogotá,Físico,False,False,False
TRX-13198,PROD-1734,2024-11-21,13.0,1867.55,15.91,4.0,Entregado,Bucaramanga,Físico,False,False,False
TRX-13199,PROD-2288,2025-11-09,11.0,1763.03,27.58,29.0,Sin Información,Bucaramanga,App,False,False,False
TRX-13200,PROD-1064,2024-10-23,7.0,406.3,47.34,15.0,Retrasado,Barranquilla,App,True,False,False
TRX-13201,PROD-1848,2025-08-21,2.0,710.77,80.03,13.0,Sin Información,Medellín,Físico,False,False,False
TRX-13202,PROD-3404,2024-12-07,4.0,1527.01,28.51,1.0,Sin Información,Cali,Físico,False,False,False
TRX-13203,PROD-1590,2025-05-23,4.0,424.93,56.63,7.0,Sin Información,Bogotá,Físico,False,False,False
TRX-13204,PROD-3919,2025-08-05,4.0,1187.21,52.36,9.0,Perdido,Bogotá,WhatsApp,False,False,True
TRX-13205,PROD-2631,2025-06-07,1.0,1402.59,13.59,1.0,Entregado,Barranquilla,Online,False,False,False
TRX-13206,PROD-1315,2025-11-13,9.0,1311.4,49.13,18.0,Entregado,Barranquilla,Físico,False,False,False
TRX-13207,PROD-2225,2025-12-22,10.0,1415.75,21.88,18.0,Entregado,Sin Ciudad,Online,False,False,False
TRX-13208,PROD-1665,2025-03-31,11.0,1416.33,25.06,16.0,Perdido,Bogotá,WhatsApp,False,False,False
TRX-13209,PROD-3309,2026-01-24,7.0,1929.96,39.85,22.0,Entregado,Bogotá,Online,False,False,False
TRX-13210,PROD-1984,2025-10-04,2.0,699.53,77.33,16.0,Devuelto,Bucaramanga,Físico,False,False,False
TRX-13211,PROD-3321,2025-08-03,3.0,1758.39,75.68,5.0,Entregado,Medellín,App,False,False,False
TRX-13212,PROD-2593,2025-07-15,13.0,53.4,44.42,14.0,Retrasado,Medellín,WhatsApp,False,False,False
TRX-13213,PROD-3773,2025-03-18,8.0,583.52,16.27,22.0,Devuelto,Medellín,Físico,False,False,True
TRX-13214,PROD-3214,2026-01-24,7.0,106.83,31.67,1.0,En Camino,Medellín,Físico,False,False,False
TRX-13215,PROD-2358,2025-07-07,4.0,1305.9,53.01,6.0,Entregado,Bucaramanga,Físico,False,False,False
TRX-13216,PROD-2572,2025-07-13,4.0,210.57,52.36,27.0,En Camino,Sin Ciudad,Físico,False,False,False
TRX-13217,PROD-1573,2025-09-05,9.0,1692.96,87.59,6.0,En Camino,Sin Ciudad,WhatsApp,False,False,False
TRX-13218,PROD-3823,2025-04-17,5.0,1296.72,96.98,23.0,Perdido,Medellín,Físico,False,False,True
TRX-13219,PROD-3966,2025-04-25,14.0,67.34,65.56,12.0,Retrasado,Bogotá,Online,False,False,True
TRX-13220,PROD-1321,2025-09-01,13.0,1432.41,38.32,18.0,Sin Información,Bogotá,Físico,False,False,False
TRX-13221,PROD-3051,2025-02-10,11.0,1725.45,70.88,22.0,Retrasado,Bogotá,WhatsApp,False,False,False
TRX-13222,PROD-2416,2024-12-16,5.0,1325.63,36.94,9.0,En Camino,Bogotá,App,False,False,False
TRX-13223,PROD-1219,2025-03-23,7.0,70.74,64.42,16.0,Perdido,Cali,App,False,False,False
TRX-13224,PROD-1400,2025-08-20,1.0,1717.26,28.16,15.0,Devuelto,Medellín,Online,False,False,False
TRX-13225,PROD-2790,2025-01-28,3.0,1467.6,30.36,25.0,Entregado,Sin Ciudad,Online,False,False,False
TRX-13226,PROD-1950,2025-06-18,2.0,763.12,12.15,2.0,Sin Información,Bogotá,Físico,False,False,False
TRX-13227,PROD-1311,2024-10-31,11.0,663.97,44.91,5.0,Devuelto,Bogotá,Físico,False,False,False
TRX-13228,PROD-2395,2024-10-15,10.0,964.84,52.36,29.0,Entregado,Bogotá,Online,False,False,False
TRX-13229,PROD-3478,2025-05-22,6.0,1735.53,63.73,23.0,En Camino,Bucaramanga,App,False,False,False
TRX-13230,PROD-3514,2025-09-23,11.0,511.6,79.94,21.0,Perdido,Barranquilla,WhatsApp,False,False,True
TRX-13231,PROD-3439,2025-01-07,12.0,210.92,81.98,13.0,Perdido,Sin Ciudad,Físico,False,False,False
TRX-13232,PROD-2624,2025-09-05,6.0,1730.63,99.28,19.0,Sin Información,Barranquilla,WhatsApp,False,False,False
TRX-13233,PROD-2336,2025-02-11,10.0,62.32,13.34,1.0,Sin Información,Barranquilla,App,False,False,False
TRX-13234,PROD-1121,2025-02-14,1.0,1822.88,51.85,29.0,Retrasado,Medellín,Online,False,False,False
TRX-13235,PROD-3597,2025-06-29,14.0,618.43,54.53,16.0,Sin Información,Cali,App,False,False,True
TRX-13236,PROD-2119,2025-05-25,14.0,1021.36,81.43,7.0,Retrasado,Medellín,WhatsApp,False,False,False
TRX-13237,PROD-2845,2025-12-08,6.0,273.27,30.3,13.0,Devuelto,Medellín,App,False,False,False
TRX-13238,PROD-3009,2025-04-01,10.0,1805.49,11.59,24.0,Sin Información,Bucaramanga,App,False,False,False
TRX-13239,PROD-1934,2025-07-09,2.0,1502.17,34.81,22.0,Retrasado,Bogotá,Físico,False,False,False
TRX-13240,PROD-2457,2025-03-20,11.0,1849.07,52.36,16.0,Entregado,Medellín,Online,False,False,False
TRX-13241,PROD-3265,2025-01-12,4.0,1369.63,98.47,28.0,Perdido,Sin Ciudad,WhatsApp,False,False,False
TRX-13242,PROD-2537,2025-04-24,6.0,377.54,90.45,12.0,Perdido,Barranquilla,WhatsApp,False,False,False
TRX-13243,PROD-2768,2025-02-07,3.0,623.45,42.55,7.0,En Camino,Cali,Físico,False,False,False
TRX-13244,PROD-1760,2025-10-01,3.0,978.83,88.25,25.0,En Camino,Sin Ciudad,App,False,False,False
TRX-13245,PROD-3784,2025-04-10,12.0,1218.44,8.11,14.0,Sin Información,Bucaramanga,WhatsApp,False,False,True
TRX-13246,PROD-3399,2025-11-01,3.0,1853.65,34.85,18.0,Sin Información,Bogotá,Físico,False,False,False
TRX-13247,PROD-3706,2025-11-17,4.0,774.06,74.05,21.0,Devuelto,Bogotá,WhatsApp,False,False,True
TRX-13248,PROD-2556,2024-09-29,9.0,1409.11,26.04,19.0,En Camino,Cali,Físico,False,False,False
TRX-13249,PROD-1351,2025-09-03,4.0,1922.41,23.85,28.0,Entregado,Medellín,Físico,False,False,False
TRX-13250,PROD-3533,2024-10-05,13.0,313.22,86.87,13.0,Retrasado,Medellín,Online,False,False,True
TRX-13251,PROD-2209,2024-12-11,4.0,1726.79,63.52,2.0,Retrasado,Sin Ciudad,Online,False,False,False
TRX-13252,PROD-2009,2025-07-05,4.0,847.21,52.36,19.0,Devuelto,Sin Ciudad,App,False,False,False
TRX-13253,PROD-3920,2025-02-28,7.0,1467.52,98.96,4.0,Retrasado,Sin Ciudad,Físico,False,False,True
TRX-13254,PROD-1301,2025-10-16,5.0,594.14,17.79,14.0,Perdido,Cali,WhatsApp,False,False,False
TRX-13255,PROD-1336,2025-11-12,12.0,674.63,38.83,2.0,Retrasado,Cali,App,False,False,False
TRX-13256,PROD-2097,2025-06-21,2.0,64.0,34.57,18.0,En Camino,Bogotá,Físico,False,False,False
TRX-13257,PROD-1631,2026-01-30,7.0,1943.09,88.61,24.0,Perdido,Bogotá,App,False,False,False
TRX-13258,PROD-2556,2025-04-11,3.0,1628.77,29.25,19.0,En Camino,Barranquilla,WhatsApp,False,False,False
TRX-13259,PROD-3915,2025-02-19,11.0,196.9,38.58,19.0,En Camino,Bogotá,WhatsApp,False,False,True
TRX-13260,PROD-3596,2025-12-14,1.0,1999.02,18.57,4.0,Devuelto,Bogotá,Online,False,False,True
TRX-13261,PROD-1631,2025-11-24,9.0,1214.0,78.66,27.0,Devuelto,Cali,App,False,False,False
TRX-13262,PROD-2595,2025-07-15,5.0,1708.92,27.58,21.0,Perdido,Bogotá,Online,False,False,False
TRX-13263,PROD-2297,2026-01-28,10.0,142.65,11.49,19.0,Retrasado,Cali,Físico,False,False,False
TRX-13264,PROD-2477,2025-07-12,1.0,785.01,52.36,22.0,Sin Información,Medellín,Físico,False,False,False
TRX-13265,PROD-1436,2025-08-22,11.0,1342.61,46.34,26.0,Sin Información,Cali,WhatsApp,False,False,False
TRX-13266,PROD-1374,2025-06-21,1.0,221.8,42.19,3.0,Entregado,Medellín,Físico,False,False,False
TRX-13267,PROD-1021,2024-11-04,1.0,982.92,21.87,8.0,Retrasado,Barranquilla,App,False,False,False
TRX-13268,PROD-2262,2026-01-03,12.0,890.93,17.69,4.0,Perdido,Bogotá,WhatsApp,False,False,False
TRX-13269,PROD-2821,2025-08-07,9.0,439.92,90.17,21.0,Entregado,Medellín,WhatsApp,False,False,False
TRX-13270,PROD-2474,2026-01-27,13.0,607.54,11.45,3.0,En Camino,Bogotá,App,False,False,False
TRX-13271,PROD-2104,2024-10-07,8.0,1934.57,14.43,5.0,En Camino,Bogotá,App,False,False,False
TRX-13272,PROD-1418,2025-05-28,11.0,584.41,28.28,11.0,Entregado,Sin Ciudad,Online,False,False,False
TRX-13273,PROD-1542,2025-03-13,13.0,434.72,95.52,29.0,En Camino,Bogotá,Físico,False,False,False
TRX-13274,PROD-1357,2025-04-28,13.0,1077.06,13.11,23.0,Retrasado,Sin Ciudad,WhatsApp,False,False,False
TRX-13275,PROD-1767,2025-02-06,6.0,1345.21,82.52,19.0,Devuelto,Barranquilla,Físico,False,False,False
TRX-13276,PROD-2765,2025-08-09,10.0,1452.94,52.36,19.0,Sin Información,Barranquilla,Online,False,False,False
TRX-13277,PROD-2838,2025-05-07,6.0,1510.95,89.74,17.0,Retrasado,Bucaramanga,Online,False,False,False
TRX-13278,PROD-3281,2024-11-05,6.0,83.3,40.9,2.0,En Camino,Medellín,WhatsApp,False,False,False
TRX-13279,PROD-3272,2024-10-12,4.0,793.58,32.92,20.0,Devuelto,Medellín,Físico,False,False,False
TRX-13280,PROD-3098,2026-01-28,5.0,1550.18,69.35,28.0,Retrasado,Barranquilla,Físico,False,False,False
TRX-13281,PROD-2671,2025-01-19,10.0,1810.66,71.75,9.0,Sin Información,Medellín,WhatsApp,False,False,False
TRX-13282,PROD-1423,2025-12-20,3.0,1208.38,79.1,3.0,En Camino,Barranquilla,WhatsApp,False,False,False
TRX-13283,PROD-1107,2025-05-14,3.0,114.09,83.9,10.0,Retrasado,Bogotá,Online,False,False,False
TRX-13284,PROD-1367,2025-12-24,10.0,799.33,30.5,21.0,En Camino,Bogotá,WhatsApp,False,False,False
TRX-13285,PROD-2449,2025-09-25,7.0,157.71,70.26,9.0,Perdido,Medellín,Online,False,False,False
TRX-13286,PROD-3270,2025-10-06,5.0,1499.59,17.82,20.0,Entregado,Cali,Físico,False,False,False
TRX-13287,PROD-1381,2025-11-13,8.0,136.38,53.52,4.0,En Camino,Cali,Físico,False,False,False
TRX-13288,PROD-3445,2025-08-24,5.0,379.6,52.36,22.0,Sin Información,Cali,Online,False,False,False
TRX-13289,PROD-3449,2025-09-13,12.0,839.75,63.22,7.0,Retrasado,Medellín,Físico,False,False,False
TRX-13290,PROD-2328,2025-06-11,4.0,930.67,20.36,12.0,Sin Información,Barranquilla,WhatsApp,False,False,False
TRX-13291,PROD-2577,2024-12-14,14.0,818.9,12.27,11.0,En Camino,Sin Ciudad,Online,False,False,False
TRX-13292,PROD-1050,2024-10-23,3.0,932.16,23.5,22.0,En Camino,Cali,Físico,False,False,False
TRX-13293,PROD-2195,2025-08-10,12.0,1429.35,44.96,29.0,Sin Información,Medellín,App,False,False,False
TRX-13294,PROD-2694,2025-06-23,2.0,744.84,89.34,29.0,Retrasado,Medellín,App,False,False,False
TRX-13295,PROD-2588,2025-05-14,3.0,1100.02,55.53,29.0,Retrasado,Sin Ciudad,Físico,False,False,False
TRX-13296,PROD-1346,2024-10-20,7.0,613.7,76.11,27.0,Devuelto,Sin Ciudad,WhatsApp,False,False,False
TRX-13297,PROD-3968,2025-06-01,8.0,713.72,21.54,15.0,Sin Información,Cali,Online,False,False,True
TRX-13298,PROD-3291,2025-08-12,5.0,1231.46,15.07,20.0,Sin Información,Bucaramanga,App,False,False,False
TRX-13299,PROD-1994,2025-06-02,11.0,986.08,27.76,14.0,En Camino,Bucaramanga,WhatsApp,False,False,False
TRX-13300,PROD-3342,2025-12-15,7.0,1448.84,52.36,7.0,Perdido,Bogotá,Online,False,False,False
TRX-13301,PROD-3134,2025-05-19,1.0,1125.47,34.82,15.0,Entregado,Barranquilla,App,False,False,False
TRX-13302,PROD-1694,2026-01-25,3.0,1609.11,57.07,14.0,Sin Información,Medellín,App,False,False,False
TRX-13303,PROD-3807,2025-09-27,4.0,892.38,88.72,28.0,En Camino,Bucaramanga,App,False,False,True
TRX-13304,PROD-2559,2025-12-30,10.0,987.16,45.48,11.0,Retrasado,Medellín,Físico,False,False,False
TRX-13305,PROD-1694,2025-11-25,13.0,1343.24,54.29,10.0,Devuelto,Bogotá,Físico,False,False,False
TRX-13306,PROD-1568,2025-08-02,13.0,450.28,5.44,19.0,En Camino,Bucaramanga,WhatsApp,False,False,False
TRX-13307,PROD-2101,2025-03-16,12.0,778.0,8.16,3.0,Perdido,Bogotá,Online,False,False,False
TRX-13308,PROD-2233,2025-04-04,4.0,1253.43,12.96,12.0,Retrasado,Cali,Físico,False,False,False
TRX-13309,PROD-2099,2025-03-21,12.0,67.46,71.4,13.0,Perdido,Bucaramanga,Online,False,False,False
TRX-13310,PROD-3019,2025-11-16,1.0,879.57,51.19,7.0,Perdido,Sin Ciudad,App,False,False,False
TRX-13311,PROD-1597,2025-10-12,10.0,1201.71,23.33,12.0,Sin Información,Bucaramanga,Físico,False,False,False
TRX-13312,PROD-1259,2025-07-14,9.0,1935.08,52.36,22.0,Entregado,Bogotá,App,False,False,False
TRX-13313,PROD-1684,2025-04-25,12.0,1755.26,61.3,2.0,Entregado,Barranquilla,Online,False,False,False
TRX-13314,PROD-2780,2026-01-09,10.0,568.68,56.74,1.0,Sin Información,Cali,Físico,False,False,False
TRX-13315,PROD-2130,2025-04-13,4.0,1019.35,13.44,6.0,En Camino,Cali,Físico,False,False,False
TRX-13316,PROD-2724,2025-05-30,2.0,122.26,65.84,25.0,Entregado,Bogotá,App,False,False,False
TRX-13317,PROD-2227,2025-09-19,13.0,489.1,77.88,19.0,En Camino,Cali,WhatsApp,False,False,False
TRX-13318,PROD-2983,2025-06-06,9.0,1551.96,32.22,25.0,En Camino,Cali,Físico,False,False,False
TRX-13319,PROD-1315,2024-12-06,14.0,255.39,70.31,6.0,Sin Información,Barranquilla,Online,False,False,False
TRX-13320,PROD-2479,2025-09-01,4.0,522.8,23.97,13.0,Retrasado,Cali,Físico,False,False,False
TRX-13321,PROD-2030,2025-04-12,4.0,1888.64,76.89,4.0,Retrasado,Barranquilla,App,False,False,False
TRX-13322,PROD-2010,2025-02-11,11.0,1649.47,91.62,26.0,Devuelto,Bogotá,Online,False,False,False
TRX-13323,PROD-3952,2025-04-16,6.0,1565.84,46.98,26.0,Entregado,Medellín,Físico,False,False,True
TRX-13324,PROD-3560,2025-04-09,8.0,1730.47,52.36,26.0,Sin Información,Barranquilla,App,False,False,True
TRX-13325,PROD-3030,2025-11-03,5.0,1501.72,28.24,14.0,Devuelto,Cali,App,False,False,False
TRX-13326,PROD-3432,2025-03-12,12.0,249.97,42.92,16.0,Sin Información,Bogotá,WhatsApp,False,False,False
TRX-13327,PROD-3525,2025-11-02,8.0,1037.96,28.76,28.0,Perdido,Bogotá,App,False,False,True
TRX-13328,PROD-1800,2025-08-04,1.0,894.05,5.12,29.0,En Camino,Bucaramanga,App,False,False,False
TRX-13329,PROD-2875,2025-05-08,13.0,629.19,66.79,2.0,En Camino,Bucaramanga,WhatsApp,False,False,False
TRX-13330,PROD-1438,2025-11-07,4.0,1669.74,9.04,9.0,Retrasado,Sin Ciudad,WhatsApp,False,False,False
TRX-13331,PROD-1554,2025-12-06,1.0,933.64,24.99,13.0,Perdido,Sin Ciudad,WhatsApp,False,False,False
TRX-13332,PROD-2247,2025-10-13,3.0,129.99,73.63,21.0,En Camino,Medellín,WhatsApp,False,False,False
TRX-13333,PROD-1027,2025-11-19,11.0,557.18,68.24,14.0,En Camino,Medellín,App,False,False,False
TRX-13334,PROD-2620,2025-03-20,7.0,464.96,11.97,14.0,Perdido,Bucaramanga,Online,False,False,False
TRX-13335,PROD-2360,2025-09-23,1.0,1776.08,67.71,5.0,Perdido,Medellín,App,False,False,False
TRX-13336,PROD-3540,2025-06-24,5.0,1298.4,52.36,2.0,En Camino,Bucaramanga,App,False,False,True
TRX-13337,PROD-2556,2024-11-23,1.0,1125.15,93.4,5.0,Perdido,Bogotá,Físico,False,False,False
TRX-13338,PROD-2349,2025-08-15,6.0,1018.23,12.08,6.0,Entregado,Bogotá,Online,False,False,False
TRX-13339,PROD-2803,2025-04-14,9.0,1303.72,44.49,2.0,Perdido,Bogotá,App,False,False,False
TRX-13340,PROD-2371,2025-12-17,3.0,1512.2,74.3,1.0,Devuelto,Barranquilla,Físico,False,False,False
TRX-13341,PROD-2763,2025-12-13,11.0,1113.23,68.43,16.0,Devuelto,Sin Ciudad,Online,False,False,False
TRX-13342,PROD-3666,2025-09-24,11.0,1877.19,26.52,22.0,En Camino,Bucaramanga,Online,False,False,True
TRX-13343,PROD-3434,2025-02-02,14.0,1953.9,20.49,9.0,En Camino,Sin Ciudad,App,False,False,False
TRX-13344,PROD-1557,2024-12-03,12.0,1990.73,79.5,25.0,Retrasado,Cali,Online,False,False,False
TRX-13345,PROD-2230,2024-12-09,6.0,1342.09,95.84,14.0,Perdido,Barranquilla,Físico,False,False,False
TRX-13346,PROD-2313,2025-03-30,4.0,1865.91,77.92,9.0,Devuelto,Medellín,Online,False,False,False
TRX-13347,PROD-3470,2025-09-13,6.0,814.91,96.5,29.0,Retrasado,Barranquilla,App,False,False,False
TRX-13348,PROD-3847,2024-12-02,2.0,1720.59,52.36,5.0,En Camino,Cali,WhatsApp,False,False,True
TRX-13349,PROD-1822,2025-06-12,4.0,1819.26,62.47,15.0,Sin Información,Bogotá,App,False,False,False
TRX-13350,PROD-2962,2025-07-25,13.0,1809.24,93.26,10.0,Sin Información,Cali,WhatsApp,False,False,False
TRX-13351,PROD-2286,2024-11-07,13.0,1663.38,70.59,15.0,Entregado,Cali,Físico,False,False,False
TRX-13352,PROD-1727,2025-05-04,7.0,819.13,91.34,17.0,Perdido,Bogotá,Online,False,False,False
TRX-13353,PROD-2631,2025-08-16,11.0,326.23,20.35,3.0,Retrasado,Sin Ciudad,Físico,False,False,False
TRX-13354,PROD-2307,2025-05-30,6.0,674.57,82.48,8.0,Entregado,Bogotá,Online,False,False,False
TRX-13355,PROD-2193,2024-12-07,9.0,1536.9,23.69,25.0,Sin Información,Sin Ciudad,Online,False,False,False
TRX-13356,PROD-3846,2024-12-05,11.0,473.44,7.61,4.0,En Camino,Bucaramanga,Online,False,False,True
TRX-13357,PROD-3592,2025-02-11,7.0,961.76,54.17,11.0,Devuelto,Medellín,WhatsApp,False,False,True
TRX-13358,PROD-3011,2024-12-04,1.0,1135.15,35.23,28.0,Retrasado,Bucaramanga,Online,False,False,False
TRX-13359,PROD-3358,2025-01-02,6.0,1211.68,9.14,19.0,Retrasado,Bogotá,WhatsApp,False,False,False
TRX-13360,PROD-1992,2024-12-25,11.0,1872.09,52.36,14.0,En Camino,Bogotá,App,False,False,False
TRX-13361,PROD-2334,2024-11-30,3.0,1326.37,98.13,18.0,En Camino,Barranquilla,WhatsApp,False,False,False
TRX-13362,PROD-2540,2024-11-26,8.0,1574.73,68.31,21.0,Devuelto,Bogotá,App,False,False,False
TRX-13363,PROD-2148,2025-04-03,13.0,1167.94,90.67,2.0,Devuelto,Bucaramanga,WhatsApp,False,False,False
TRX-13364,PROD-2609,2025-12-07,1.0,1668.82,99.91,27.0,Devuelto,Medellín,Físico,False,False,False
TRX-13365,PROD-2495,2024-11-23,10.0,534.69,42.24,9.0,Entregado,Sin Ciudad,Online,False,False,False
TRX-13366,PROD-1466,2024-10-12,2.0,427.66,29.2,10.0,Entregado,Bogotá,Físico,False,False,False
TRX-13367,PROD-3309,2025-05-21,3.0,1853.38,22.47,27.0,En Camino,Medellín,Físico,False,False,False
TRX-13368,PROD-1818,2025-04-13,14.0,1390.03,53.94,25.0,Retrasado,Medellín,WhatsApp,False,False,False
TRX-13369,PROD-3425,2025-11-06,3.0,1346.34,62.58,13.0,Entregado,Medellín,WhatsApp,False,False,False
TRX-13370,PROD-3234,2025-07-19,7.0,939.92,49.88,19.0,En Camino,Cali,App,False,False,False
TRX-13371,PROD-1736,2025-04-05,13.0,759.63,41.79,4.0,Sin Información,Cali,Físico,False,False,False
TRX-13372,PROD-3792,2025-12-20,8.0,1115.83,52.36,28.0,Sin Información,Sin Ciudad,Físico,False,False,True
TRX-13373,PROD-3253,2024-11-23,9.0,249.93,20.99,16.0,Entregado,Cali,WhatsApp,False,False,False
TRX-13374,PROD-1110,2025-01-07,7.0,914.88,46.98,12.0,Devuelto,Sin Ciudad,Físico,False,False,False
TRX-13375,PROD-3978,2025-01-25,8.0,916.18,13.1,25.0,Sin Información,Medellín,Online,False,False,True
TRX-13376,PROD-2890,2025-07-20,11.0,1081.29,87.18,16.0,En Camino,Bucaramanga,Online,False,False,False
TRX-13377,PROD-3901,2025-06-16,6.0,1273.02,9.46,17.0,Sin Información,Cali,WhatsApp,False,False,True
TRX-13378,PROD-1858,2025-12-22,2.0,1915.06,41.16,16.0,Devuelto,Medellín,Físico,False,False,False
TRX-13379,PROD-2795,2026-01-12,1.0,1307.82,14.51,7.0,Perdido,Cali,Físico,False,False,False
TRX-13380,PROD-2193,2025-04-12,3.0,1768.61,78.62,2.0,Sin Información,Sin Ciudad,Online,False,False,False
TRX-13381,PROD-3837,2025-03-03,9.0,1117.04,34.71,9.0,Retrasado,Barranquilla,WhatsApp,False,False,True
TRX-13382,PROD-1283,2025-09-01,13.0,1257.59,15.75,27.0,Devuelto,Medellín,Online,False,False,False
TRX-13383,PROD-2675,2025-07-21,7.0,148.98,55.49,12.0,Retrasado,Medellín,Físico,False,False,False
TRX-13384,PROD-3756,2025-01-12,2.0,275.19,52.36,13.0,En Camino,Medellín,WhatsApp,False,False,True
TRX-13385,PROD-3045,2025-08-25,14.0,1163.54,92.05,14.0,Perdido,Cali,Físico,False,False,False
TRX-13386,PROD-1570,2024-10-24,1.0,797.47,91.32,12.0,Retrasado,Barranquilla,WhatsApp,False,False,False
TRX-13387,PROD-3594,2025-12-25,2.0,1599.63,28.72,3.0,Sin Información,Barranquilla,Online,False,False,True
TRX-13388,PROD-2240,2024-12-29,3.0,1090.92,73.37,22.0,Entregado,Bogotá,Online,False,False,False
TRX-13389,PROD-1991,2026-01-07,14.0,1765.76,7.88,21.0,Sin Información,Bogotá,WhatsApp,False,False,False
TRX-13390,PROD-2034,2025-05-27,6.0,1944.94,17.53,16.0,Sin Información,Cali,WhatsApp,False,False,False
TRX-13391,PROD-3697,2025-06-10,12.0,303.79,52.45,18.0,En Camino,Medellín,Online,False,False,True
TRX-13392,PROD-1631,2025-04-01,9.0,795.71,26.73,25.0,Perdido,Medellín,Online,False,False,False
TRX-13393,PROD-3929,2024-10-21,8.0,1333.31,80.83,3.0,Entregado,Medellín,Físico,False,False,True
TRX-13394,PROD-2733,2024-11-09,10.0,617.92,93.45,22.0,Entregado,Barranquilla,WhatsApp,False,False,False
TRX-13395,PROD-2544,2026-01-31,9.0,541.39,5.41,9.0,Sin Información,Sin Ciudad,WhatsApp,False,False,False
TRX-13396,PROD-1302,2025-05-30,11.0,1629.34,52.36,15.0,Perdido,Barranquilla,WhatsApp,False,False,False
TRX-13397,PROD-2839,2025-05-06,11.0,1960.95,27.13,8.0,Devuelto,Barranquilla,Online,False,False,False
TRX-13398,PROD-3449,2025-06-21,8.0,1549.87,46.76,10.0,Perdido,Medellín,Online,False,False,False
TRX-13399,PROD-2962,2025-02-22,7.0,1052.12,58.49,21.0,Perdido,Bogotá,Online,False,False,False
TRX-13400,PROD-3384,2026-01-20,7.0,890.6,92.01,15.0,Perdido,Bogotá,App,True,False,False
TRX-13401,PROD-2641,2025-08-16,6.0,1083.9,89.73,22.0,Retrasado,Bogotá,App,False,False,False
TRX-13402,PROD-3188,2025-07-04,8.0,931.05,65.53,3.0,Devuelto,Cali,Online,False,False,False
TRX-13403,PROD-3075,2025-03-21,6.0,1010.75,29.45,5.0,En Camino,Bogotá,WhatsApp,False,False,False
TRX-13404,PROD-3833,2025-07-21,2.0,414.87,79.41,6.0,Entregado,Sin Ciudad,WhatsApp,False,False,True
TRX-13405,PROD-2713,2025-02-22,13.0,1808.45,24.25,14.0,Sin Información,Sin Ciudad,WhatsApp,False,False,False
TRX-13406,PROD-3226,2025-05-14,9.0,1511.52,96.69,19.0,Retrasado,Barranquilla,Físico,False,False,False
TRX-13407,PROD-1150,2024-10-15,9.0,1365.15,5.55,26.0,Devuelto,Medellín,Online,False,False,False
TRX-13408,PROD-2472,2025-11-14,3.0,1900.35,52.36,18.0,Perdido,Medellín,WhatsApp,False,False,False
TRX-13409,PROD-3873,2025-12-17,9.0,575.94,59.13,26.0,Sin Información,Barranquilla,WhatsApp,False,False,True
TRX-13410,PROD-3199,2024-12-25,2.0,171.51,13.4,25.0,Sin Información,Medellín,Online,False,False,False
TRX-13411,PROD-3432,2025-09-27,12.0,1654.02,43.72,7.0,Retrasado,Bogotá,Online,False,False,False
TRX-13412,PROD-3613,2025-05-25,14.0,1996.85,65.32,4.0,Retrasado,Medellín,Online,False,False,True
TRX-13413,PROD-1348,2025-07-09,3.0,1161.08,70.51,29.0,Entregado,Bogotá,App,False,False,False
TRX-13414,PROD-1447,2025-03-01,14.0,127.03,79.63,3.0,En Camino,Bogotá,Online,False,False,False
TRX-13415,PROD-2016,2025-09-30,6.0,1563.13,61.37,13.0,Devuelto,Medellín,Online,False,False,False
TRX-13416,PROD-3693,2025-07-04,14.0,156.76,28.88,4.0,Sin Información,Cali,App,False,False,True
TRX-13417,PROD-3722,2024-10-01,4.0,1084.63,89.48,9.0,Sin Información,Bucaramanga,Online,False,False,True
TRX-13418,PROD-2454,2025-12-16,8.0,562.29,82.06,25.0,Devuelto,Sin Ciudad,WhatsApp,False,False,False
TRX-13419,PROD-1681,2025-03-26,1.0,1830.9,20.2,28.0,Devuelto,Medellín,WhatsApp,False,False,False
TRX-13420,PROD-3650,2025-07-14,13.0,908.15,52.36,6.0,Perdido,Bogotá,WhatsApp,False,False,True
TRX-13421,PROD-3509,2025-02-04,6.0,1797.94,83.52,11.0,Perdido,Bucaramanga,WhatsApp,False,False,True
TRX-13422,PROD-1181,2025-01-10,2.0,605.17,97.4,28.0,Retrasado,Medellín,WhatsApp,False,False,False
TRX-13423,PROD-3306,2024-11-30,6.0,780.85,65.54,9.0,Sin Información,Bogotá,Físico,False,False,False
TRX-13424,PROD-3642,2025-02-05,14.0,1894.77,31.77,9.0,En Camino,Bogotá,App,False,False,True
TRX-13425,PROD-3774,2024-12-27,1.0,410.62,62.63,22.0,Entregado,Bogotá,Online,False,False,True
TRX-13426,PROD-3649,2025-01-19,2.0,1161.22,37.54,21.0,Sin Información,Cali,WhatsApp,False,False,True
TRX-13427,PROD-2636,2025-10-01,9.0,783.14,69.21,27.0,Entregado,Medellín,WhatsApp,False,False,False
TRX-13428,PROD-2358,2025-06-23,6.0,1550.59,56.76,19.0,En Camino,Cali,WhatsApp,False,False,False
TRX-13429,PROD-2763,2025-09-15,8.0,267.3,93.3,1.0,Devuelto,Cali,Físico,False,False,False
TRX-13430,PROD-1433,2025-09-23,7.0,880.06,63.7,4.0,En Camino,Bogotá,Online,False,False,False
TRX-13431,PROD-1043,2025-08-26,9.0,1400.88,25.33,1.0,Entregado,Medellín,Online,False,False,False
TRX-13432,PROD-1403,2025-03-18,9.0,819.96,52.36,13.0,Perdido,Cali,WhatsApp,False,False,False
TRX-13433,PROD-2059,2025-09-18,11.0,126.48,73.89,16.0,En Camino,Bogotá,Físico,False,False,False
TRX-13434,PROD-1909,2025-05-17,4.0,1413.17,33.58,12.0,Retrasado,Medellín,Físico,False,False,False
TRX-13435,PROD-3091,2025-06-21,7.0,1011.36,30.88,1.0,Perdido,Medellín,WhatsApp,False,False,False
TRX-13436,PROD-3124,2025-06-26,5.0,32.5,42.22,15.0,Retrasado,Medellín,WhatsApp,False,False,False
TRX-13437,PROD-3285,2025-02-07,7.0,1229.19,6.14,22.0,Retrasado,Barranquilla,Físico,False,False,False
TRX-13438,PROD-3377,2025-09-19,4.0,1840.56,97.07,27.0,En Camino,Bucaramanga,Online,False,False,False
TRX-13439,PROD-3816,2025-02-01,12.0,230.94,55.57,5.0,Retrasado,Barranquilla,Físico,False,False,True
TRX-13440,PROD-3356,2024-11-05,10.0,1185.44,78.48,23.0,Sin Información,Bucaramanga,Físico,False,False,False
TRX-13441,PROD-1905,2025-01-23,11.0,1460.05,29.5,1.0,Devuelto,Medellín,Online,False,False,False
TRX-13442,PROD-2825,2025-02-05,11.0,150.84,75.93,17.0,En Camino,Bucaramanga,Online,False,False,False
TRX-13443,PROD-2532,2025-09-24,1.0,55.0,58.88,8.0,Entregado,Medellín,Online,False,False,False
TRX-13444,PROD-2602,2025-09-30,4.0,933.75,52.36,22.0,Devuelto,Medellín,Online,False,False,False
TRX-13445,PROD-2896,2025-01-26,13.0,1584.46,45.29,8.0,Perdido,Barranquilla,App,False,False,False
TRX-13446,PROD-3783,2025-12-05,10.0,329.83,97.21,22.0,En Camino,Bogotá,Online,False,False,True
TRX-13447,PROD-3410,2025-06-24,3.0,1674.91,51.92,22.0,Entregado,Medellín,Físico,False,False,False
TRX-13448,PROD-3828,2026-01-30,9.0,1316.59,67.46,26.0,Entregado,Bogotá,Físico,False,False,True
TRX-13449,PROD-3049,2024-11-25,5.0,671.02,6.46,15.0,En Camino,Medellín,Online,False,False,False
TRX-13450,PROD-1617,2025-07-15,4.0,1036.49,33.64,23.0,Devuelto,Bucaramanga,Físico,False,False,False
TRX-13451,PROD-2412,2025-05-12,8.0,1931.49,89.43,12.0,Sin Información,Bogotá,Físico,False,False,False
TRX-13452,PROD-1100,2024-11-12,5.0,440.71,77.1,16.0,Entregado,Bogotá,App,False,False,False
TRX-13453,PROD-2977,2025-02-06,3.0,1004.08,55.99,18.0,En Camino,Medellín,App,False,False,False
TRX-13454,PROD-1428,2025-02-27,2.0,1252.73,90.52,3.0,En Camino,Sin Ciudad,WhatsApp,False,False,False
TRX-13455,PROD-2210,2024-11-17,8.0,284.65,51.19,28.0,Sin Información,Cali,WhatsApp,False,False,False
TRX-13456,PROD-2703,2024-12-12,12.0,96.61,52.36,29.0,Retrasado,Bogotá,Online,False,False,False
TRX-13457,PROD-1351,2025-05-12,2.0,36.79,58.82,4.0,En Camino,Bogotá,App,False,False,False
TRX-13458,PROD-1475,2025-11-24,14.0,656.14,41.3,15.0,Entregado,Medellín,WhatsApp,False,False,False
TRX-13459,PROD-3990,2025-12-09,8.0,157.16,63.9,14.0,Retrasado,Barranquilla,Físico,False,False,True
TRX-13460,PROD-1580,2025-10-26,5.0,1609.5,35.31,1.0,Entregado,Cali,WhatsApp,False,False,False
TRX-13461,PROD-2426,2025-12-18,8.0,1994.67,41.62,25.0,Devuelto,Sin Ciudad,Online,False,False,False
TRX-13462,PROD-2277,2025-08-14,5.0,131.99,96.8,25.0,Devuelto,Barranquilla,WhatsApp,False,False,False
TRX-13463,PROD-2405,2025-01-28,1.0,871.13,15.57,20.0,Entregado,Sin Ciudad,Online,False,False,False
TRX-13464,PROD-2865,2025-01-26,12.0,61.21,15.0,17.0,Perdido,Bogotá,WhatsApp,False,False,False
TRX-13465,PROD-1847,2025-08-05,13.0,276.64,9.12,17.0,Perdido,Bogotá,WhatsApp,False,False,False
TRX-13466,PROD-3134,2024-12-11,11.0,652.62,35.4,22.0,Perdido,Barranquilla,Físico,False,False,False
TRX-13467,PROD-2978,2026-01-09,14.0,793.46,42.83,18.0,Entregado,Bogotá,Físico,False,False,False
TRX-13468,PROD-2426,2025-10-04,11.0,1880.17,52.36,1.0,En Camino,Cali,Físico,False,False,False
TRX-13469,PROD-2950,2025-09-14,2.0,797.72,13.98,26.0,Retrasado,Bucaramanga,Físico,False,False,False
TRX-13470,PROD-1399,2025-11-03,14.0,997.59,57.17,27.0,En Camino,Sin Ciudad,App,False,False,False
TRX-13471,PROD-2794,2025-08-21,6.0,498.71,60.41,28.0,Sin Información,Bogotá,WhatsApp,False,False,False
TRX-13472,PROD-3957,2025-03-16,3.0,10.25,76.35,2.0,Entregado,Cali,Físico,False,False,True
TRX-13473,PROD-3853,2025-02-14,8.0,1799.68,97.72,23.0,Sin Información,Sin Ciudad,Online,False,False,True
TRX-13474,PROD-2853,2025-12-07,5.0,172.61,63.84,16.0,Sin Información,Medellín,App,False,False,False
TRX-13475,PROD-2306,2025-01-26,3.0,1928.86,15.61,14.0,En Camino,Medellín,Online,False,False,False
TRX-13476,PROD-1275,2025-03-23,12.0,270.38,13.41,20.0,Sin Información,Bogotá,Físico,False,False,False
TRX-13477,PROD-2229,2025-04-29,10.0,1213.71,78.87,23.0,Devuelto,Cali,WhatsApp,False,False,False
TRX-13478,PROD-1183,2025-12-02,7.0,1998.83,66.78,23.0,Retrasado,Medellín,WhatsApp,False,False,False
TRX-13479,PROD-3911,2025-06-27,14.0,285.54,20.38,20.0,Entregado,Bucaramanga,WhatsApp,False,False,True
TRX-13480,PROD-1471,2026-01-20,8.0,853.65,52.36,29.0,Retrasado,Barranquilla,Físico,False,False,False
TRX-13481,PROD-1092,2024-12-14,4.0,1563.04,29.07,18.0,Perdido,Barranquilla,Online,False,False,False
TRX-13482,PROD-2405,2025-11-19,13.0,74.06,76.27,9.0,Perdido,Medellín,WhatsApp,False,False,False
TRX-13483,PROD-3654,2026-01-18,13.0,1382.67,58.78,14.0,Devuelto,Bogotá,Online,False,False,True
TRX-13484,PROD-1447,2025-02-10,11.0,169.94,60.58,13.0,Entregado,Barranquilla,Físico,False,False,False
TRX-13485,PROD-3773,2025-08-22,9.0,480.68,24.95,26.0,Perdido,Sin Ciudad,WhatsApp,False,False,True
TRX-13486,PROD-1673,2026-01-31,6.0,328.55,64.76,14.0,Retrasado,Bogotá,App,False,False,False
TRX-13487,PROD-1999,2024-12-26,14.0,1815.6,78.21,26.0,Retrasado,Bogotá,Físico,False,False,False
TRX-13488,PROD-3113,2025-09-22,1.0,369.11,89.1,19.0,Devuelto,Barranquilla,App,False,False,False
TRX-13489,PROD-1714,2025-04-04,5.0,90.46,74.99,17.0,Sin Información,Bucaramanga,Físico,False,False,False
TRX-13490,PROD-3260,2025-01-10,5.0,1179.38,59.76,27.0,Perdido,Sin Ciudad,App,False,False,False
TRX-13491,PROD-1655,2024-11-13,7.0,698.9,68.96,8.0,En Camino,Medellín,Físico,False,False,False
TRX-13492,PROD-2355,2025-01-03,7.0,817.36,52.36,4.0,Perdido,Sin Ciudad,Online,False,False,False
TRX-13493,PROD-3293,2025-01-01,6.0,246.93,51.09,9.0,Devuelto,Cali,Online,False,False,False
TRX-13494,PROD-2746,2025-02-11,8.0,1498.99,26.56,24.0,Perdido,Medellín,WhatsApp,False,False,False
TRX-13495,PROD-2892,2025-04-11,2.0,1207.09,88.81,27.0,Entregado,Barranquilla,WhatsApp,False,False,False
TRX-13496,PROD-1949,2025-12-24,14.0,734.79,55.6,11.0,Devuelto,Cali,WhatsApp,False,False,False
TRX-13497,PROD-2659,2025-08-07,13.0,351.43,61.46,7.0,En Camino,Bogotá,Físico,False,False,False
TRX-13498,PROD-3579,2025-04-09,13.0,1190.97,99.06,15.0,Retrasado,Bogotá,WhatsApp,False,False,True
TRX-13499,PROD-1755,2025-07-03,7.0,1559.41,98.58,25.0,Perdido,Bucaramanga,Físico,False,False,False
TRX-13500,PROD-1763,2026-01-29,7.0,631.67,60.7,18.0,Sin Información,Bogotá,App,False,False,False
TRX-13501,PROD-3623,2025-04-27,10.0,61.46,8.23,20.0,Retrasado,Bogotá,App,False,False,True
TRX-13502,PROD-3692,2024-11-07,7.0,436.54,42.63,29.0,Devuelto,Bucaramanga,Físico,False,False,True
TRX-13503,PROD-2770,2024-10-20,4.0,1367.97,94.04,5.0,Retrasado,Bogotá,App,False,False,False
TRX-13504,PROD-2620,2024-09-24,12.0,1978.3,52.36,16.0,Sin Información,Medellín,Online,False,False,False
TRX-13505,PROD-1119,2025-10-10,10.0,36.62,32.39,21.0,Sin Información,Medellín,Online,False,False,False
TRX-13506,PROD-3515,2024-10-09,2.0,619.25,99.93,12.0,Sin Información,Medellín,Físico,False,False,True
TRX-13507,PROD-1808,2025-08-03,4.0,133.42,13.01,17.0,Sin Información,Medellín,Online,False,False,False
TRX-13508,PROD-2841,2025-12-02,4.0,639.54,58.97,25.0,Entregado,Sin Ciudad,App,False,False,False
TRX-13509,PROD-3425,2025-10-15,12.0,817.77,53.97,15.0,Sin Información,Medellín,WhatsApp,False,False,False
TRX-13510,PROD-2759,2024-12-08,12.0,1842.52,29.26,25.0,Devuelto,Bucaramanga,WhatsApp,False,False,False
TRX-13511,PROD-2592,2026-01-01,6.0,170.32,95.12,21.0,Devuelto,Bucaramanga,Físico,False,False,False
TRX-13512,PROD-1018,2025-10-14,14.0,1556.5,63.82,26.0,Perdido,Medellín,Online,False,False,False
TRX-13513,PROD-3886,2025-09-28,7.0,797.11,26.87,19.0,Devuelto,Bogotá,WhatsApp,False,False,True
TRX-13514,PROD-1879,2025-03-06,3.0,1624.41,41.48,24.0,Entregado,Medellín,WhatsApp,False,False,False
TRX-13515,PROD-1842,2024-12-28,10.0,1031.67,73.52,7.0,Perdido,Medellín,WhatsApp,False,False,False
TRX-13516,PROD-2140,2025-01-05,1.0,88.17,52.36,21.0,Entregado,Sin Ciudad,Físico,False,False,False
TRX-13517,PROD-3882,2024-10-16,3.0,1892.95,33.28,12.0,En Camino,Barranquilla,Online,False,False,True
TRX-13518,PROD-1256,2025-04-10,9.0,174.64,88.56,17.0,Perdido,Bogotá,Online,False,False,False
TRX-13519,PROD-3364,2024-10-27,1.0,1199.39,20.74,7.0,Devuelto,Barranquilla,WhatsApp,False,False,False
TRX-13520,PROD-1416,2024-09-24,13.0,1756.56,30.13,11.0,Devuelto,Bogotá,Online,False,False,False
TRX-13521,PROD-3199,2025-07-08,8.0,168.74,18.77,1.0,Devuelto,Cali,Online,False,False,False
TRX-13522,PROD-1765,2025-08-20,2.0,1112.25,14.9,17.0,En Camino,Medellín,WhatsApp,False,False,False
TRX-13523,PROD-2498,2025-08-30,6.0,1650.34,33.53,25.0,Entregado,Sin Ciudad,Físico,False,False,False
TRX-13524,PROD-2335,2025-12-27,3.0,1972.79,99.92,22.0,Devuelto,Sin Ciudad,WhatsApp,False,False,False
TRX-13525,PROD-1807,2025-02-07,7.0,1451.41,13.96,7.0,Sin Información,Sin Ciudad,Online,False,False,False
TRX-13526,PROD-2874,2025-08-25,2.0,563.89,25.24,2.0,Retrasado,Bucaramanga,Online,False,False,False
TRX-13527,PROD-1466,2024-11-23,4.0,1402.14,30.8,11.0,Sin Información,Cali,Online,False,False,False
TRX-13528,PROD-2074,2025-07-18,10.0,1414.48,52.36,16.0,Devuelto,Sin Ciudad,Físico,False,False,False
TRX-13529,PROD-3747,2025-04-07,9.0,1402.93,63.82,15.0,Perdido,Medellín,Online,False,False,True
TRX-13530,PROD-3004,2025-10-04,6.0,1709.98,75.81,8.0,Perdido,Bucaramanga,Online,False,False,False
TRX-13531,PROD-3161,2024-11-20,4.0,183.89,76.43,15.0,Retrasado,Bucaramanga,Online,False,False,False
TRX-13532,PROD-3617,2025-06-14,2.0,225.76,5.82,7.0,En Camino,Medellín,Físico,False,False,True
TRX-13533,PROD-2283,2025-08-21,10.0,1284.83,66.93,5.0,Perdido,Medellín,WhatsApp,False,False,False
TRX-13534,PROD-3445,2025-03-29,14.0,1908.22,64.92,8.0,En Camino,Bogotá,Online,False,False,False
TRX-13535,PROD-2591,2024-11-24,9.0,937.02,54.18,2.0,En Camino,Cali,Online,False,False,False
TRX-13536,PROD-3503,2025-07-27,4.0,1921.52,41.02,6.0,Retrasado,Sin Ciudad,Físico,False,False,True
TRX-13537,PROD-2607,2025-06-28,9.0,1876.79,80.76,4.0,Perdido,Barranquilla,App,False,False,False
TRX-13538,PROD-3404,2024-10-22,14.0,1806.79,37.67,7.0,Sin Información,Bucaramanga,Físico,False,False,False
TRX-13539,PROD-1467,2025-03-12,2.0,1820.6,26.85,6.0,Devuelto,Bogotá,App,False,False,False
TRX-13540,PROD-2425,2025-12-18,7.0,1797.65,52.36,28.0,Sin Información,Cali,App,False,False,False
TRX-13541,PROD-2441,2024-10-13,11.0,1641.58,34.46,22.0,Sin Información,Bucaramanga,App,False,False,False
TRX-13542,PROD-2875,2025-07-18,11.0,1393.01,46.77,5.0,Sin Información,Bogotá,App,False,False,False
TRX-13543,PROD-3528,2025-04-11,5.0,58.57,25.34,27.0,En Camino,Medellín,App,False,False,True
TRX-13544,PROD-1706,2025-02-04,8.0,273.18,62.72,5.0,En Camino,Medellín,Físico,False,False,False
TRX-13545,PROD-3759,2025-06-21,11.0,277.12,89.0,18.0,Perdido,Medellín,Online,False,False,True
TRX-13546,PROD-3891,2024-10-15,14.0,56.85,61.57,11.0,Perdido,Medellín,Físico,False,False,True
TRX-13547,PROD-2218,2025-12-08,8.0,242.24,47.43,23.0,Sin Información,Medellín,WhatsApp,False,False,False
TRX-13548,PROD-3516,2024-12-18,14.0,1840.3,80.7,23.0,Retrasado,Medellín,Físico,False,False,True
TRX-13549,PROD-3417,2024-10-23,14.0,1330.97,76.06,8.0,Entregado,Sin Ciudad,Online,False,False,False
TRX-13550,PROD-1347,2025-01-21,4.0,631.03,39.87,20.0,Sin Información,Barranquilla,Online,False,False,False
TRX-13551,PROD-3752,2024-11-30,13.0,1588.79,62.39,11.0,Sin Información,Barranquilla,WhatsApp,False,False,True
TRX-13552,PROD-1548,2025-02-03,4.0,981.86,52.36,27.0,Entregado,Bucaramanga,WhatsApp,False,False,False
TRX-13553,PROD-2282,2025-09-28,8.0,292.83,74.34,27.0,Entregado,Sin Ciudad,Físico,False,False,False
TRX-13554,PROD-1482,2025-12-15,3.0,1770.16,28.32,29.0,En Camino,Bucaramanga,Físico,False,False,False
TRX-13555,PROD-1977,2025-08-03,7.0,683.94,39.8,25.0,Retrasado,Cali,WhatsApp,False,False,False
TRX-13556,PROD-2250,2026-01-31,8.0,1400.73,15.05,26.0,Entregado,Medellín,WhatsApp,False,False,False
TRX-13557,PROD-1479,2025-11-08,8.0,588.28,98.83,19.0,Sin Información,Bogotá,Físico,False,False,False
TRX-13558,PROD-1749,2025-02-15,11.0,1005.14,13.16,19.0,Perdido,Medellín,WhatsApp,False,False,False
TRX-13559,PROD-2529,2026-01-07,10.0,1634.34,21.02,29.0,Sin Información,Medellín,WhatsApp,False,False,False
TRX-13560,PROD-3840,2025-08-21,4.0,321.99,50.58,2.0,En Camino,Bogotá,Físico,False,False,True
TRX-13561,PROD-1579,2026-01-16,9.0,1954.73,87.2,10.0,En Camino,Sin Ciudad,Online,False,False,False
TRX-13562,PROD-3092,2025-10-21,10.0,149.73,38.81,7.0,Sin Información,Bogotá,WhatsApp,False,False,False
TRX-13563,PROD-2591,2025-06-12,4.0,1072.68,78.02,12.0,Perdido,Medellín,App,False,False,False
TRX-13564,PROD-2713,2025-07-12,8.0,1832.89,52.36,26.0,Retrasado,Bogotá,WhatsApp,False,False,False
TRX-13565,PROD-3442,2026-01-15,6.0,1891.93,69.22,2.0,Retrasado,Bogotá,Físico,False,False,False
TRX-13566,PROD-1564,2025-11-25,5.0,471.9,65.67,7.0,Entregado,Medellín,App,False,False,False
TRX-13567,PROD-3354,2024-12-17,4.0,296.53,85.28,19.0,Perdido,Barranquilla,App,False,False,False
TRX-13568,PROD-2571,2024-10-08,5.0,1451.56,6.35,1.0,Devuelto,Barranquilla,WhatsApp,False,False,False
TRX-13569,PROD-2732,2025-04-26,13.0,93.53,93.27,11.0,Retrasado,Sin Ciudad,Físico,False,False,False
TRX-13570,PROD-1760,2025-01-16,11.0,975.63,83.78,8.0,Entregado,Bogotá,Físico,False,False,False
TRX-13571,PROD-2993,2025-01-18,1.0,1594.75,94.1,8.0,En Camino,Sin Ciudad,WhatsApp,False,False,False
TRX-13572,PROD-3603,2025-06-19,7.0,1124.91,80.39,14.0,Retrasado,Bucaramanga,Online,False,False,True
TRX-13573,PROD-3201,2025-10-22,8.0,384.15,88.47,13.0,Devuelto,Barranquilla,App,False,False,False
TRX-13574,PROD-3840,2026-01-02,12.0,979.22,24.29,10.0,En Camino,Medellín,Físico,False,False,True
TRX-13575,PROD-3642,2025-08-31,9.0,1843.34,35.33,17.0,En Camino,Bogotá,Físico,False,False,True
TRX-13576,PROD-1709,2025-03-03,13.0,1238.25,52.36,27.0,Perdido,Bogotá,WhatsApp,False,False,False
TRX-13577,PROD-3272,2025-03-29,3.0,1445.77,34.95,6.0,Perdido,Medellín,WhatsApp,False,False,False
TRX-13578,PROD-1683,2025-01-04,9.0,679.17,15.37,20.0,Sin Información,Cali,Online,False,False,False
TRX-13579,PROD-3005,2025-02-10,10.0,385.08,74.31,21.0,Retrasado,Bogotá,WhatsApp,False,False,False
TRX-13580,PROD-2183,2025-03-08,5.0,518.73,17.94,14.0,Devuelto,Bogotá,Físico,False,False,False
TRX-13581,PROD-1574,2025-07-19,10.0,1071.02,9.99,24.0,Perdido,Medellín,App,False,False,False
TRX-13582,PROD-1766,2024-10-20,6.0,567.64,78.67,8.0,Entregado,Sin Ciudad,Físico,False,False,False
TRX-13583,PROD-2288,2025-11-20,1.0,1088.51,90.94,7.0,En Camino,Bogotá,Físico,False,False,False
TRX-13584,PROD-2847,2025-06-21,9.0,1418.51,77.59,5.0,Entregado,Sin Ciudad,WhatsApp,False,False,False
TRX-13585,PROD-3537,2024-11-11,9.0,1471.45,83.41,6.0,En Camino,Bucaramanga,Online,False,False,True
TRX-13586,PROD-1219,2025-09-28,6.0,337.72,61.58,8.0,Entregado,Bucaramanga,App,False,False,False
TRX-13587,PROD-2470,2025-02-25,8.0,1503.36,89.34,21.0,En Camino,Bogotá,WhatsApp,False,False,False
TRX-13588,PROD-1039,2025-08-12,4.0,1348.65,52.36,3.0,Perdido,Barranquilla,App,False,False,False
TRX-13589,PROD-2984,2025-09-05,5.0,33.89,52.19,9.0,Entregado,Bucaramanga,WhatsApp,False,False,False
TRX-13590,PROD-1559,2025-01-21,5.0,127.16,98.89,25.0,Retrasado,Medellín,App,False,False,False
TRX-13591,PROD-1799,2025-12-10,7.0,1296.04,14.82,10.0,Retrasado,Cali,Físico,False,False,False
TRX-13592,PROD-2572,2025-02-09,7.0,773.57,81.87,1.0,Devuelto,Sin Ciudad,Físico,False,False,False
TRX-13593,PROD-3300,2024-10-08,7.0,300.75,65.93,7.0,Devuelto,Medellín,WhatsApp,False,False,False
TRX-13594,PROD-3070,2025-07-28,5.0,98.35,60.16,20.0,Sin Información,Medellín,WhatsApp,False,False,False
TRX-13595,PROD-3674,2025-12-04,4.0,327.2,73.95,6.0,Devuelto,Bogotá,Físico,False,False,True
TRX-13596,PROD-3027,2024-11-10,8.0,1915.45,84.83,13.0,Entregado,Medellín,WhatsApp,False,False,False
TRX-13597,PROD-2675,2025-03-05,1.0,1457.86,86.97,7.0,En Camino,Bogotá,App,False,False,False
TRX-13598,PROD-3804,2024-11-23,1.0,1060.13,21.66,8.0,Sin Información,Cali,App,False,False,True
TRX-13599,PROD-3014,2025-08-28,6.0,1883.67,23.72,27.0,Devuelto,Bogotá,WhatsApp,False,False,False
TRX-13600,PROD-2702,2025-02-23,7.0,1242.03,52.36,15.0,Perdido,Barranquilla,App,True,False,False
TRX-13601,PROD-3908,2025-07-31,2.0,1454.03,6.54,21.0,Retrasado,Medellín,App,False,False,True
TRX-13602,PROD-2818,2025-10-03,12.0,572.48,17.53,5.0,Retrasado,Medellín,Físico,False,False,False
TRX-13603,PROD-3001,2025-09-03,3.0,1182.07,30.07,12.0,Perdido,Bogotá,Online,False,False,False
TRX-13604,PROD-1685,2025-02-19,4.0,295.52,73.5,6.0,Retrasado,Medellín,App,False,False,False
TRX-13605,PROD-1338,2025-10-03,14.0,814.92,50.2,23.0,Entregado,Bogotá,WhatsApp,False,False,False
TRX-13606,PROD-3315,2024-12-04,2.0,76.15,77.0,15.0,Perdido,Bogotá,Online,False,False,False
TRX-13607,PROD-1126,2024-11-30,10.0,441.09,51.22,21.0,Entregado,Barranquilla,App,False,False,False
TRX-13608,PROD-1903,2025-12-31,7.0,158.99,57.78,21.0,Sin Información,Cali,Online,False,False,False
TRX-13609,PROD-2196,2025-03-18,10.0,781.68,15.55,28.0,Retrasado,Medellín,Online,False,False,False
TRX-13610,PROD-1133,2025-09-11,1.0,1687.64,78.77,4.0,Perdido,Cali,Online,False,False,False
TRX-13611,PROD-2125,2024-09-24,3.0,762.09,77.02,17.0,Perdido,Sin Ciudad,Físico,False,False,False
TRX-13612,PROD-1920,2025-07-28,2.0,1664.96,52.36,14.0,Sin Información,Bogotá,Online,False,False,False
TRX-13613,PROD-3202,2025-01-19,13.0,1316.43,34.22,7.0,Sin Información,Bogotá,Físico,False,False,False
TRX-13614,PROD-2182,2024-09-29,9.0,1023.96,36.21,23.0,Sin Información,Medellín,WhatsApp,False,False,False
TRX-13615,PROD-1688,2025-06-04,8.0,481.41,25.87,13.0,Perdido,Bogotá,WhatsApp,False,False,False
TRX-13616,PROD-2873,2026-01-19,3.0,1845.09,82.31,22.0,Retrasado,Sin Ciudad,Online,False,False,False
TRX-13617,PROD-3316,2025-12-27,5.0,117.86,75.97,10.0,Retrasado,Barranquilla,Físico,False,False,False
TRX-13618,PROD-3028,2025-10-31,3.0,1380.94,62.87,18.0,Retrasado,Bogotá,App,False,False,False
TRX-13619,PROD-3251,2026-01-13,14.0,1246.27,27.69,2.0,Devuelto,Barranquilla,WhatsApp,False,False,False
TRX-13620,PROD-3092,2025-11-10,11.0,887.67,21.33,22.0,Devuelto,Bogotá,App,False,False,False
TRX-13621,PROD-1463,2024-12-06,13.0,488.24,9.78,12.0,En Camino,Medellín,Online,False,False,False
TRX-13622,PROD-3345,2025-09-08,12.0,867.08,9.33,13.0,Perdido,Cali,Físico,False,False,False
TRX-13623,PROD-1467,2025-04-05,11.0,1746.82,22.78,25.0,Retrasado,Bogotá,App,False,False,False
TRX-13624,PROD-2097,2025-03-28,12.0,1675.16,52.36,21.0,Perdido,Medellín,Físico,False,False,False
TRX-13625,PROD-3224,2025-12-16,11.0,1883.35,14.55,7.0,Sin Información,Sin Ciudad,WhatsApp,False,False,False
TRX-13626,PROD-2502,2026-01-31,6.0,622.51,57.83,18.0,Entregado,Bucaramanga,WhatsApp,False,False,False
TRX-13627,PROD-3220,2024-09-25,5.0,780.34,39.02,22.0,Entregado,Medellín,Físico,False,False,False
TRX-13628,PROD-1170,2025-03-25,11.0,47.27,47.27,11.0,Retrasado,Bogotá,WhatsApp,False,False,False
TRX-13629,PROD-3944,2025-08-23,2.0,1886.47,61.44,22.0,Devuelto,Medellín,WhatsApp,False,False,True
TRX-13630,PROD-2807,2025-06-22,14.0,665.49,67.61,10.0,En Camino,Barranquilla,WhatsApp,False,False,False
TRX-13631,PROD-3237,2025-09-25,10.0,814.29,66.58,22.0,Devuelto,Bogotá,App,False,False,False
TRX-13632,PROD-1895,2024-11-13,8.0,1816.53,29.78,6.0,Perdido,Sin Ciudad,WhatsApp,False,False,False
TRX-13633,PROD-2741,2025-06-12,6.0,1057.93,81.91,14.0,Devuelto,Cali,Físico,False,False,False
TRX-13634,PROD-1419,2025-09-25,14.0,1136.69,92.18,20.0,Retrasado,Bogotá,WhatsApp,False,False,False
TRX-13635,PROD-3677,2025-02-02,3.0,360.7,35.01,5.0,Sin Información,Bogotá,Físico,False,False,True
TRX-13636,PROD-2013,2026-01-17,13.0,1002.33,52.36,20.0,Sin Información,Bucaramanga,Físico,False,False,False
TRX-13637,PROD-2219,2025-05-05,13.0,1837.24,6.62,6.0,Devuelto,Bogotá,App,False,False,False
TRX-13638,PROD-1132,2025-07-29,1.0,1121.85,90.42,9.0,Entregado,Bucaramanga,Físico,False,False,False
TRX-13639,PROD-2842,2024-11-22,5.0,517.68,92.74,29.0,Retrasado,Bucaramanga,App,False,False,False
TRX-13640,PROD-2076,2025-09-22,12.0,72.05,9.84,5.0,Retrasado,Medellín,Físico,False,False,False
TRX-13641,PROD-2427,2024-10-08,11.0,679.24,5.47,5.0,Retrasado,Bucaramanga,Físico,False,False,False
TRX-13642,PROD-1356,2025-05-09,2.0,1149.46,82.56,19.0,Devuelto,Bucaramanga,App,False,False,False
TRX-13643,PROD-2798,2025-04-05,13.0,94.8,33.64,13.0,Entregado,Medellín,App,False,False,False
TRX-13644,PROD-1480,2025-05-31,2.0,1223.49,91.89,27.0,Devuelto,Bogotá,Físico,False,False,False
TRX-13645,PROD-1970,2025-12-09,9.0,1051.59,25.59,23.0,Perdido,Bogotá,Físico,False,False,False
TRX-13646,PROD-1859,2025-07-22,11.0,1569.04,86.81,5.0,Sin Información,Cali,Online,False,False,False
TRX-13647,PROD-3408,2024-11-09,13.0,67.49,11.52,14.0,En Camino,Medellín,Físico,False,False,False
TRX-13648,PROD-3822,2025-05-15,10.0,1563.89,52.36,2.0,En Camino,Barranquilla,App,False,False,True
TRX-13649,PROD-2436,2025-01-21,7.0,1046.55,29.76,25.0,Sin Información,Bogotá,Físico,False,False,False
TRX-13650,PROD-3911,2026-02-03,6.0,747.35,97.45,5.0,En Camino,Cali,Online,False,True,True
TRX-13651,PROD-3499,2025-08-08,13.0,1931.11,26.96,23.0,Sin Información,Barranquilla,Físico,False,False,False
TRX-13652,PROD-3591,2024-11-11,1.0,328.64,17.64,28.0,Perdido,Medellín,WhatsApp,False,False,True
TRX-13653,PROD-2753,2026-01-04,14.0,1087.24,86.42,23.0,Perdido,Cali,Online,False,False,False
TRX-13654,PROD-1679,2024-11-02,10.0,648.75,16.19,26.0,Perdido,Cali,App,False,False,False
TRX-13655,PROD-3523,2025-12-22,2.0,1059.7,14.26,12.0,Entregado,Medellín,WhatsApp,False,False,True
TRX-13656,PROD-1570,2024-10-14,11.0,1109.03,35.73,24.0,Retrasado,Sin Ciudad,App,False,False,False
TRX-13657,PROD-1846,2025-09-28,7.0,188.0,65.36,20.0,Sin Información,Bucaramanga,Físico,False,False,False
TRX-13658,PROD-1847,2025-03-23,3.0,1325.66,72.52,7.0,Perdido,Medellín,Online,False,False,False
TRX-13659,PROD-1243,2024-09-27,2.0,1272.62,88.72,3.0,En Camino,Bogotá,App,False,False,False
TRX-13660,PROD-3335,2025-02-14,6.0,1541.24,52.36,9.0,Sin Información,Medellín,Físico,False,False,False
TRX-13661,PROD-2436,2025-09-14,8.0,190.41,56.39,15.0,En Camino,Bogotá,App,False,False,False
TRX-13662,PROD-3180,2024-12-09,8.0,601.54,42.37,15.0,Sin Información,Cali,WhatsApp,False,False,False
TRX-13663,PROD-2151,2025-05-11,11.0,1303.72,39.09,8.0,Sin Información,Bogotá,Físico,False,False,False
TRX-13664,PROD-3444,2025-07-16,2.0,282.09,85.46,28.0,Devuelto,Sin Ciudad,Online,False,False,False
TRX-13665,PROD-3206,2025-09-05,6.0,1358.42,73.76,26.0,Retrasado,Bogotá,Físico,False,False,False
TRX-13666,PROD-1689,2026-01-14,12.0,127.46,91.02,16.0,Perdido,Medellín,App,False,False,False
TRX-13667,PROD-2325,2025-04-19,5.0,676.51,96.58,25.0,Retrasado,Bogotá,Físico,False,False,False
TRX-13668,PROD-3883,2025-03-04,7.0,1694.96,33.5,2.0,Perdido,Bogotá,App,False,False,True
TRX-13669,PROD-2198,2025-03-09,4.0,1550.84,55.32,20.0,En Camino,Sin Ciudad,Online,False,False,False
TRX-13670,PROD-2185,2025-06-27,12.0,1293.07,65.02,1.0,Retrasado,Bucaramanga,App,False,False,False
TRX-13671,PROD-3345,2025-05-17,13.0,1742.21,20.57,24.0,Retrasado,Bucaramanga,WhatsApp,False,False,False
TRX-13672,PROD-2095,2025-03-17,2.0,1421.45,52.36,29.0,Perdido,Barranquilla,App,False,False,False
TRX-13673,PROD-3107,2024-11-14,10.0,1043.56,10.07,4.0,Perdido,Medellín,Online,False,False,False
TRX-13674,PROD-3782,2025-09-06,3.0,1959.64,87.44,4.0,Retrasado,Barranquilla,WhatsApp,False,False,True
TRX-13675,PROD-1390,2024-10-02,9.0,1392.76,55.87,23.0,Sin Información,Bogotá,Online,False,False,False
TRX-13676,PROD-1555,2025-02-15,10.0,1206.72,59.22,6.0,Perdido,Barranquilla,Físico,False,False,False
TRX-13677,PROD-2685,2025-05-07,8.0,823.65,57.72,3.0,Retrasado,Bucaramanga,Online,False,False,False
TRX-13678,PROD-1242,2025-05-16,13.0,1805.8,76.72,8.0,Devuelto,Bogotá,WhatsApp,False,False,False
TRX-13679,PROD-2135,2025-12-30,9.0,598.46,18.82,2.0,Retrasado,Bogotá,App,False,False,False
TRX-13680,PROD-3686,2025-05-22,5.0,28.35,63.33,29.0,Entregado,Medellín,Físico,False,False,True
TRX-13681,PROD-1519,2025-07-24,13.0,401.51,49.6,17.0,Retrasado,Bucaramanga,Online,False,False,False
TRX-13682,PROD-3873,2024-12-02,5.0,227.94,90.21,28.0,Sin Información,Bogotá,App,False,False,True
TRX-13683,PROD-1543,2025-02-27,7.0,644.8,54.36,12.0,Devuelto,Barranquilla,Online,False,False,False
TRX-13684,PROD-2022,2024-10-11,7.0,1653.5,52.36,29.0,Devuelto,Medellín,App,False,False,False
TRX-13685,PROD-1599,2024-11-16,1.0,1306.54,94.58,12.0,Sin Información,Bucaramanga,Online,False,False,False
TRX-13686,PROD-3913,2025-12-10,12.0,346.27,38.56,15.0,En Camino,Bogotá,Físico,False,False,True
TRX-13687,PROD-2319,2025-04-25,14.0,1579.76,96.85,18.0,Sin Información,Barranquilla,Físico,False,False,False
TRX-13688,PROD-2013,2025-12-22,5.0,1013.4,88.14,9.0,En Camino,Barranquilla,Físico,False,False,False
TRX-13689,PROD-3769,2025-04-19,8.0,1030.3,60.51,21.0,Entregado,Bogotá,App,False,False,True
TRX-13690,PROD-2608,2024-10-13,7.0,730.6,38.6,5.0,Perdido,Sin Ciudad,Físico,False,False,False
TRX-13691,PROD-3004,2025-07-01,11.0,1730.59,40.71,22.0,Perdido,Bogotá,Físico,False,False,False
TRX-13692,PROD-1582,2025-05-29,2.0,643.47,78.41,3.0,Devuelto,Bogotá,Físico,False,False,False
TRX-13693,PROD-3365,2024-10-20,14.0,197.34,60.16,17.0,Devuelto,Bogotá,App,False,False,False
TRX-13694,PROD-3590,2025-11-19,8.0,612.43,43.15,29.0,En Camino,Bucaramanga,Físico,False,False,True
TRX-13695,PROD-2100,2025-11-13,2.0,1433.55,65.43,24.0,Devuelto,Cali,WhatsApp,False,False,False
TRX-13696,PROD-3571,2025-07-15,10.0,1318.59,52.36,23.0,Retrasado,Sin Ciudad,Físico,False,False,True
TRX-13697,PROD-2696,2025-04-21,1.0,384.15,74.66,12.0,Retrasado,Barranquilla,Online,False,False,False
TRX-13698,PROD-2536,2025-07-04,11.0,232.45,7.18,14.0,Entregado,Bogotá,App,False,False,False
TRX-13699,PROD-2851,2024-10-12,11.0,1325.12,13.54,8.0,Retrasado,Medellín,Físico,False,False,False
TRX-13700,PROD-1309,2024-10-12,7.0,1355.99,13.98,9.0,Entregado,Cali,Físico,False,False,False
TRX-13701,PROD-3595,2025-08-18,14.0,738.64,27.03,2.0,En Camino,Barranquilla,Físico,False,False,True
TRX-13702,PROD-1381,2025-10-23,11.0,1687.17,45.56,21.0,Retrasado,Cali,Online,False,False,False
TRX-13703,PROD-2650,2025-01-20,3.0,1956.63,81.35,2.0,Entregado,Barranquilla,Online,False,False,False
TRX-13704,PROD-3111,2024-12-28,3.0,419.23,38.35,29.0,Perdido,Barranquilla,Online,False,False,False
TRX-13705,PROD-2139,2025-01-20,6.0,1158.37,6.66,24.0,Entregado,Cali,Físico,False,False,False
TRX-13706,PROD-3845,2024-10-17,12.0,20.64,50.92,16.0,Sin Información,Bogotá,App,False,False,True
TRX-13707,PROD-2511,2025-02-22,3.0,1428.98,99.68,20.0,Retrasado,Sin Ciudad,App,False,False,False
TRX-13708,PROD-2862,2025-05-25,7.0,834.42,52.36,11.0,Entregado,Barranquilla,Online,False,False,False
TRX-13709,PROD-2999,2025-06-09,8.0,394.61,38.16,20.0,Sin Información,Bucaramanga,Físico,False,False,False
TRX-13710,PROD-2340,2024-09-26,3.0,1506.92,96.32,10.0,En Camino,Sin Ciudad,App,False,False,False
TRX-13711,PROD-3383,2025-10-20,9.0,1623.19,14.63,8.0,Devuelto,Cali,Físico,False,False,False
TRX-13712,PROD-1010,2025-02-12,1.0,231.22,21.44,7.0,Perdido,Medellín,WhatsApp,False,False,False
TRX-13713,PROD-1381,2025-07-01,3.0,91.58,73.79,1.0,En Camino,Sin Ciudad,Online,False,False,False
TRX-13714,PROD-3993,2025-08-23,12.0,674.82,52.62,23.0,Perdido,Bogotá,Online,False,False,True
TRX-13715,PROD-2877,2025-09-03,3.0,1255.72,77.69,10.0,Perdido,Medellín,WhatsApp,False,False,False
TRX-13716,PROD-3600,2025-04-30,7.0,1588.9,87.04,19.0,Sin Información,Bogotá,Físico,False,False,True
TRX-13717,PROD-3720,2025-08-15,11.0,1096.66,28.85,5.0,Entregado,Barranquilla,App,False,False,True
TRX-13718,PROD-3856,2025-03-01,11.0,1165.69,69.87,24.0,Devuelto,Medellín,App,False,False,True
TRX-13719,PROD-2467,2024-12-07,5.0,1601.72,62.72,22.0,Entregado,Barranquilla,WhatsApp,False,False,False
TRX-13720,PROD-1259,2024-12-30,4.0,1062.4,52.36,8.0,Entregado,Medellín,Online,False,False,False
TRX-13721,PROD-3189,2025-03-21,2.0,1226.2,86.85,21.0,Retrasado,Bucaramanga,Físico,False,False,False
TRX-13722,PROD-2629,2025-01-27,7.0,1037.27,45.86,26.0,Entregado,Bogotá,WhatsApp,False,False,False
TRX-13723,PROD-1892,2024-10-24,3.0,1762.11,9.93,9.0,Devuelto,Barranquilla,WhatsApp,False,False,False
TRX-13724,PROD-2759,2025-06-14,7.0,478.68,59.55,29.0,En Camino,Bogotá,Online,False,False,False
TRX-13725,PROD-1867,2025-08-22,10.0,535.35,96.09,13.0,Sin Información,Medellín,App,False,False,False
TRX-13726,PROD-3026,2024-10-05,12.0,264.64,6.39,14.0,Entregado,Bogotá,Físico,False,False,False
TRX-13727,PROD-2099,2025-12-06,7.0,1640.74,27.82,27.0,Devuelto,Bogotá,Físico,False,False,False
TRX-13728,PROD-2322,2025-10-07,11.0,829.44,35.03,6.0,Entregado,Barranquilla,Online,False,False,False
TRX-13729,PROD-2161,2025-11-24,2.0,702.31,77.75,11.0,Sin Información,Medellín,Físico,False,False,False
TRX-13730,PROD-2383,2026-01-16,7.0,1962.88,35.71,9.0,Perdido,Medellín,Físico,False,False,False
TRX-13731,PROD-3241,2025-09-09,6.0,1854.34,27.71,13.0,Sin Información,Sin Ciudad,Físico,False,False,False
TRX-13732,PROD-3367,2025-08-27,10.0,1944.26,52.36,4.0,Entregado,Medellín,Físico,False,False,False
TRX-13733,PROD-1534,2025-11-10,4.0,293.18,66.61,2.0,Retrasado,Bucaramanga,Online,False,False,False
TRX-13734,PROD-3318,2025-10-27,11.0,1783.59,9.41,24.0,Perdido,Medellín,Físico,False,False,False
TRX-13735,PROD-2987,2025-10-23,5.0,664.13,21.21,21.0,Devuelto,Bogotá,App,False,False,False
TRX-13736,PROD-2407,2025-04-12,12.0,35.19,43.76,2.0,Sin Información,Sin Ciudad,Online,False,False,False
TRX-13737,PROD-3795,2025-12-16,8.0,788.68,38.78,22.0,Entregado,Medellín,Físico,False,False,True
TRX-13738,PROD-1198,2024-10-10,5.0,1023.3,37.98,13.0,Perdido,Medellín,WhatsApp,False,False,False
TRX-13739,PROD-1188,2025-10-24,3.0,225.36,15.31,19.0,Perdido,Sin Ciudad,Online,False,False,False
TRX-13740,PROD-1407,2024-12-24,2.0,1079.98,39.28,1.0,En Camino,Cali,App,False,False,False
TRX-13741,PROD-3564,2025-06-29,6.0,1640.73,80.81,28.0,Perdido,Medellín,Físico,False,False,True
TRX-13742,PROD-2882,2025-09-15,6.0,761.53,44.32,6.0,Sin Información,Bucaramanga,Físico,False,False,False
TRX-13743,PROD-1066,2025-10-23,7.0,711.76,60.69,27.0,Devuelto,Bucaramanga,WhatsApp,False,False,False
TRX-13744,PROD-1508,2025-08-04,8.0,684.23,52.36,8.0,Entregado,Medellín,WhatsApp,False,False,False
TRX-13745,PROD-1647,2024-11-21,4.0,1846.96,20.54,17.0,Sin Información,Barranquilla,Online,False,False,False
TRX-13746,PROD-2807,2026-01-12,12.0,107.03,11.62,3.0,Perdido,Medellín,Online,False,False,False
TRX-13747,PROD-2869,2025-04-24,8.0,895.7,88.6,6.0,Devuelto,Medellín,Online,False,False,False
TRX-13748,PROD-1002,2024-12-31,12.0,536.55,36.48,26.0,En Camino,Bogotá,WhatsApp,False,False,False
TRX-13749,PROD-2752,2024-09-23,1.0,1788.68,38.28,29.0,Entregado,Bogotá,Online,False,False,False
TRX-13750,PROD-1828,2024-11-04,6.0,201.14,88.38,19.0,Retrasado,Cali,Online,False,False,False
TRX-13751,PROD-3820,2025-07-30,6.0,828.77,72.24,7.0,Perdido,Medellín,Físico,False,False,True
TRX-13752,PROD-1540,2025-03-09,3.0,819.56,76.84,15.0,Perdido,Cali,Online,False,False,False
TRX-13753,PROD-3662,2025-04-02,9.0,1777.9,69.79,6.0,En Camino,Cali,Online,False,False,True
TRX-13754,PROD-2236,2024-10-26,12.0,438.83,15.05,25.0,Devuelto,Bucaramanga,WhatsApp,False,False,False
TRX-13755,PROD-1651,2024-10-26,12.0,1293.34,96.01,29.0,En Camino,Bucaramanga,Online,False,False,False
TRX-13756,PROD-2122,2025-03-17,5.0,277.47,52.36,22.0,Devuelto,Barranquilla,App,False,False,False
TRX-13757,PROD-1382,2025-11-13,1.0,1908.41,91.37,23.0,Entregado,Medellín,WhatsApp,False,False,False
TRX-13758,PROD-3681,2025-04-06,7.0,1190.1,27.44,18.0,Perdido,Sin Ciudad,Físico,False,False,True
TRX-13759,PROD-2476,2026-01-21,10.0,1256.25,81.38,10.0,Retrasado,Bucaramanga,Online,False,False,False
TRX-13760,PROD-2025,2025-02-27,14.0,873.21,43.89,4.0,En Camino,Cali,Físico,False,False,False
TRX-13761,PROD-1337,2025-05-25,3.0,691.14,69.96,5.0,Sin Información,Sin Ciudad,Físico,False,False,False
TRX-13762,PROD-2523,2026-02-04,10.0,433.23,20.73,18.0,Retrasado,Bucaramanga,Online,False,True,False
TRX-13763,PROD-3721,2025-09-23,10.0,1211.94,56.16,27.0,Retrasado,Medellín,App,False,False,True
TRX-13764,PROD-3657,2025-08-28,11.0,1909.58,17.03,10.0,Perdido,Medellín,App,False,False,True
TRX-13765,PROD-1677,2025-09-03,4.0,725.98,55.94,10.0,Perdido,Bucaramanga,Físico,False,False,False
TRX-13766,PROD-1212,2025-08-23,6.0,1767.48,28.14,10.0,Sin Información,Medellín,Online,False,False,False
TRX-13767,PROD-2623,2024-12-02,8.0,306.06,47.98,7.0,Retrasado,Medellín,Físico,False,False,False
TRX-13768,PROD-3562,2025-08-15,13.0,1872.89,52.36,20.0,Entregado,Barranquilla,WhatsApp,False,False,True
TRX-13769,PROD-2251,2025-01-14,4.0,707.47,68.46,14.0,Sin Información,Bucaramanga,Físico,False,False,False
TRX-13770,PROD-3973,2025-07-04,12.0,765.66,88.32,25.0,Retrasado,Medellín,WhatsApp,False,False,True
TRX-13771,PROD-3864,2025-11-03,9.0,931.06,20.7,8.0,Devuelto,Medellín,Online,False,False,True
TRX-13772,PROD-1959,2025-11-14,8.0,1439.31,89.86,26.0,Sin Información,Medellín,App,False,False,False
TRX-13773,PROD-2758,2026-01-03,10.0,1442.11,42.05,9.0,Devuelto,Medellín,Físico,False,False,False
TRX-13774,PROD-3684,2025-02-12,10.0,964.38,85.16,24.0,Devuelto,Medellín,Físico,False,False,True
TRX-13775,PROD-1373,2024-12-28,6.0,1051.07,53.69,5.0,Devuelto,Bogotá,Físico,False,False,False
TRX-13776,PROD-3882,2025-07-28,7.0,69.72,86.91,25.0,En Camino,Bogotá,Físico,False,False,True
TRX-13777,PROD-1389,2025-10-28,8.0,615.55,67.97,21.0,Entregado,Barranquilla,Físico,False,False,False
TRX-13778,PROD-1004,2025-08-08,2.0,698.57,53.33,8.0,En Camino,Bucaramanga,Online,False,False,False
TRX-13779,PROD-1874,2025-04-22,5.0,1121.87,34.69,20.0,En Camino,Bogotá,App,False,False,False
TRX-13780,PROD-2953,2025-08-05,13.0,1121.02,52.36,29.0,Devuelto,Bucaramanga,WhatsApp,False,False,False
TRX-13781,PROD-1319,2025-03-26,7.0,1422.7,97.05,5.0,Entregado,Sin Ciudad,Online,False,False,False
TRX-13782,PROD-1543,2025-04-15,8.0,1436.88,81.09,27.0,Entregado,Cali,WhatsApp,False,False,False
TRX-13783,PROD-3431,2025-09-21,5.0,478.07,41.21,20.0,Retrasado,Cali,Online,False,False,False
TRX-13784,PROD-1926,2025-04-26,3.0,1542.67,20.84,18.0,Sin Información,Medellín,Online,False,False,False
TRX-13785,PROD-3127,2025-05-26,6.0,49.01,79.06,4.0,En Camino,Bogotá,WhatsApp,False,False,False
TRX-13786,PROD-3785,2025-05-19,5.0,1435.16,99.04,11.0,Sin Información,Bogotá,App,False,False,True
TRX-13787,PROD-2822,2025-07-12,8.0,213.1,31.5,21.0,Sin Información,Medellín,Online,False,False,False
TRX-13788,PROD-1038,2025-10-18,9.0,1462.0,92.01,22.0,Entregado,Medellín,WhatsApp,False,False,False
TRX-13789,PROD-1033,2024-09-30,9.0,1058.97,16.91,20.0,Perdido,Bogotá,App,False,False,False
TRX-13790,PROD-3849,2026-01-06,12.0,880.14,95.46,11.0,Sin Información,Medellín,Físico,False,False,True
TRX-13791,PROD-2407,2024-12-09,12.0,1384.43,75.81,14.0,En Camino,Cali,Físico,False,False,False
TRX-13792,PROD-1493,2025-08-12,6.0,82.38,52.36,26.0,Sin Información,Bogotá,WhatsApp,False,False,False
TRX-13793,PROD-2729,2025-06-26,4.0,454.71,37.93,13.0,Entregado,Medellín,Online,False,False,False
TRX-13794,PROD-3842,2025-12-11,4.0,1236.72,33.94,28.0,Perdido,Medellín,Físico,False,False,True
TRX-13795,PROD-1541,2026-01-29,9.0,1695.96,66.13,4.0,Sin Información,Bogotá,Físico,False,False,False
TRX-13796,PROD-2956,2025-04-12,4.0,768.4,61.38,16.0,Perdido,Bogotá,WhatsApp,False,False,False
TRX-13797,PROD-1290,2025-04-24,8.0,524.94,92.3,6.0,Perdido,Medellín,WhatsApp,False,False,False
TRX-13798,PROD-1937,2024-12-25,9.0,1042.29,77.79,23.0,Devuelto,Bogotá,Físico,False,False,False
TRX-13799,PROD-2569,2026-01-13,5.0,1248.41,56.33,13.0,Retrasado,Medellín,Online,False,False,False
TRX-13800,PROD-1365,2025-12-30,7.0,846.01,93.12,15.0,Sin Información,Bogotá,WhatsApp,True,False,False
TRX-13801,PROD-3993,2024-12-06,13.0,1754.65,61.31,23.0,Sin Información,Medellín,WhatsApp,False,False,True
TRX-13802,PROD-1419,2026-01-05,6.0,1051.64,85.72,20.0,Retrasado,Medellín,Online,False,False,False
TRX-13803,PROD-1422,2025-02-26,3.0,81.29,84.89,5.0,Entregado,Medellín,App,False,False,False
TRX-13804,PROD-2283,2025-02-22,12.0,453.88,52.36,19.0,Entregado,Bogotá,WhatsApp,False,False,False
TRX-13805,PROD-2505,2025-12-08,5.0,906.79,92.32,21.0,Sin Información,Bucaramanga,Físico,False,False,False
TRX-13806,PROD-2225,2025-02-11,5.0,1398.47,11.42,10.0,Sin Información,Bogotá,Online,False,False,False
TRX-13807,PROD-1561,2024-12-09,14.0,447.31,60.46,5.0,Retrasado,Barranquilla,Físico,False,False,False
TRX-13808,PROD-2567,2025-08-10,2.0,1952.75,49.5,14.0,Perdido,Medellín,Online,False,False,False
TRX-13809,PROD-1545,2025-03-23,10.0,643.93,51.6,4.0,Entregado,Sin Ciudad,App,False,False,False
TRX-13810,PROD-3627,2025-12-27,6.0,1069.64,48.69,6.0,Sin Información,Bogotá,WhatsApp,False,False,True
TRX-13811,PROD-3773,2025-04-05,9.0,47.74,84.56,5.0,Devuelto,Bogotá,App,False,False,True
TRX-13812,PROD-1585,2025-02-27,11.0,1770.93,35.25,24.0,Devuelto,Medellín,WhatsApp,False,False,False
TRX-13813,PROD-1280,2025-02-15,7.0,1579.78,48.96,29.0,Retrasado,Bogotá,Online,False,False,False
TRX-13814,PROD-3172,2024-11-15,14.0,398.96,24.06,29.0,Entregado,Medellín,Físico,False,False,False
TRX-13815,PROD-3307,2025-09-13,8.0,1867.14,28.91,2.0,Entregado,Medellín,App,False,False,False
TRX-13816,PROD-1034,2025-06-26,2.0,638.52,52.36,6.0,Sin Información,Barranquilla,Online,False,False,False
TRX-13817,PROD-3499,2025-07-28,11.0,1387.45,67.74,2.0,Sin Información,Sin Ciudad,App,False,False,False
TRX-13818,PROD-3662,2024-12-14,13.0,1639.76,16.11,12.0,Perdido,Cali,Online,False,False,True
TRX-13819,PROD-1672,2025-10-27,14.0,1484.42,22.84,22.0,Entregado,Bogotá,App,False,False,False
TRX-13820,PROD-2802,2025-02-25,9.0,1835.99,55.16,4.0,Retrasado,Bucaramanga,Online,False,False,False
TRX-13821,PROD-2438,2024-09-26,3.0,1729.91,9.16,13.0,Entregado,Medellín,App,False,False,False
TRX-13822,PROD-3959,2026-02-03,10.0,1989.28,17.06,17.0,Sin Información,Barranquilla,App,False,True,True
TRX-13823,PROD-1872,2025-07-30,5.0,373.4,87.02,6.0,Entregado,Cali,Online,False,False,False
TRX-13824,PROD-3572,2025-06-20,14.0,616.48,85.38,3.0,Devuelto,Bucaramanga,App,False,False,True
TRX-13825,PROD-1620,2024-11-25,7.0,1276.09,38.04,13.0,Retrasado,Bogotá,Online,False,False,False
TRX-13826,PROD-2686,2025-12-15,4.0,1468.76,38.06,23.0,En Camino,Barranquilla,App,False,False,False
TRX-13827,PROD-3523,2025-01-12,7.0,1073.86,93.97,3.0,Retrasado,Cali,WhatsApp,False,False,True
TRX-13828,PROD-3812,2025-05-19,8.0,157.12,52.36,26.0,Retrasado,Sin Ciudad,WhatsApp,False,False,True
TRX-13829,PROD-2812,2025-02-13,13.0,1684.77,7.45,20.0,Sin Información,Medellín,App,False,False,False
TRX-13830,PROD-1889,2025-10-01,10.0,1922.14,60.13,9.0,En Camino,Cali,Online,False,False,False
TRX-13831,PROD-1355,2024-10-12,14.0,816.98,61.75,23.0,Sin Información,Cali,WhatsApp,False,False,False
TRX-13832,PROD-1411,2024-11-25,10.0,457.38,79.85,4.0,En Camino,Medellín,App,False,False,False
TRX-13833,PROD-1573,2025-07-08,4.0,48.43,95.42,2.0,Devuelto,Medellín,App,False,False,False
TRX-13834,PROD-1504,2024-12-12,5.0,482.23,38.8,5.0,Perdido,Medellín,Online,False,False,False
TRX-13835,PROD-3414,2025-04-07,11.0,1402.84,46.59,8.0,Retrasado,Barranquilla,Físico,False,False,False
TRX-13836,PROD-3990,2025-10-09,3.0,1824.06,68.77,2.0,Retrasado,Cali,Online,False,False,True
TRX-13837,PROD-2572,2024-11-30,5.0,196.09,96.89,25.0,Retrasado,Medellín,Físico,False,False,False
TRX-13838,PROD-2439,2025-03-27,8.0,1110.99,89.63,5.0,Retrasado,Barranquilla,App,False,False,False
TRX-13839,PROD-2758,2025-03-08,3.0,1394.11,68.37,6.0,Devuelto,Medellín,Físico,False,False,False
TRX-13840,PROD-2288,2025-04-15,14.0,560.0,52.36,7.0,Retrasado,Bogotá,Físico,False,False,False
TRX-13841,PROD-1572,2026-01-27,13.0,1144.1,86.39,13.0,En Camino,Bogotá,Online,False,False,False
TRX-13842,PROD-2014,2025-03-05,5.0,1433.34,13.09,9.0,En Camino,Barranquilla,Físico,False,False,False
TRX-13843,PROD-2134,2024-12-25,10.0,1677.06,40.83,7.0,Entregado,Bogotá,Físico,False,False,False
TRX-13844,PROD-3640,2025-05-29,1.0,910.47,6.24,4.0,Devuelto,Medellín,App,False,False,True
TRX-13845,PROD-1345,2024-11-29,2.0,1498.24,21.86,5.0,Entregado,Bogotá,WhatsApp,False,False,False
TRX-13846,PROD-2016,2025-08-31,3.0,610.55,64.9,28.0,Retrasado,Cali,Online,False,False,False
TRX-13847,PROD-3266,2024-10-13,1.0,433.96,89.13,3.0,Devuelto,Bogotá,Online,False,False,False
TRX-13848,PROD-3461,2025-08-07,13.0,382.75,65.11,17.0,Devuelto,Bogotá,WhatsApp,False,False,False
TRX-13849,PROD-3457,2024-12-16,11.0,724.16,68.09,19.0,Perdido,Sin Ciudad,WhatsApp,False,False,False
TRX-13850,PROD-3953,2025-10-17,12.0,81.4,14.86,13.0,Perdido,Cali,WhatsApp,False,False,True
TRX-13851,PROD-3488,2024-10-16,11.0,573.15,68.16,1.0,Entregado,Sin Ciudad,Físico,False,False,False
TRX-13852,PROD-2167,2025-01-11,9.0,1307.92,52.36,5.0,Entregado,Cali,App,False,False,False
TRX-13853,PROD-3828,2025-12-03,9.0,1299.36,48.16,23.0,En Camino,Sin Ciudad,Online,False,False,True
TRX-13854,PROD-1109,2025-09-08,5.0,156.37,66.89,9.0,En Camino,Barranquilla,App,False,False,False
TRX-13855,PROD-3696,2024-12-14,14.0,581.96,35.99,4.0,Sin Información,Bogotá,Físico,False,False,True
TRX-13856,PROD-2235,2025-09-15,4.0,1143.42,60.24,10.0,Sin Información,Bucaramanga,WhatsApp,False,False,False
TRX-13857,PROD-1841,2025-12-26,5.0,643.92,45.29,14.0,Sin Información,Barranquilla,Físico,False,False,False
TRX-13858,PROD-3120,2024-12-09,4.0,841.8,58.07,10.0,En Camino,Barranquilla,WhatsApp,False,False,False
TRX-13859,PROD-3485,2025-11-30,12.0,1428.49,18.97,1.0,Devuelto,Bucaramanga,Online,False,False,False
TRX-13860,PROD-3087,2025-10-07,5.0,28.44,42.6,23.0,Retrasado,Barranquilla,Físico,False,False,False
TRX-13861,PROD-1772,2025-02-09,7.0,560.02,40.56,19.0,Entregado,Medellín,App,False,False,False
TRX-13862,PROD-2604,2025-12-06,11.0,293.32,74.96,17.0,En Camino,Bogotá,App,False,False,False
TRX-13863,PROD-2210,2025-10-03,8.0,263.94,72.11,20.0,Devuelto,Bucaramanga,Físico,False,False,False
TRX-13864,PROD-3646,2025-06-20,2.0,1918.49,52.36,27.0,Perdido,Bucaramanga,Físico,False,False,True
TRX-13865,PROD-1223,2025-08-27,4.0,759.36,91.34,25.0,Retrasado,Bogotá,App,False,False,False
TRX-13866,PROD-1980,2026-01-11,8.0,1058.91,65.05,15.0,Perdido,Sin Ciudad,Físico,False,False,False
TRX-13867,PROD-3027,2025-11-20,7.0,1470.31,34.88,22.0,Sin Información,Bogotá,Físico,False,False,False
TRX-13868,PROD-2580,2025-03-10,9.0,104.42,79.41,6.0,Perdido,Bucaramanga,Físico,False,False,False
TRX-13869,PROD-1461,2025-04-07,5.0,489.64,52.21,7.0,Retrasado,Bogotá,WhatsApp,False,False,False
TRX-13870,PROD-1987,2025-12-19,6.0,1665.97,23.38,1.0,Devuelto,Bucaramanga,App,False,False,False
TRX-13871,PROD-3046,2025-06-11,11.0,1725.36,76.0,5.0,Perdido,Bogotá,Físico,False,False,False
TRX-13872,PROD-3613,2025-04-25,8.0,752.17,17.59,20.0,Devuelto,Medellín,App,False,False,True
TRX-13873,PROD-3432,2024-11-28,12.0,755.97,21.92,20.0,Perdido,Medellín,Online,False,False,False
TRX-13874,PROD-1290,2025-05-09,14.0,1516.22,77.08,7.0,En Camino,Sin Ciudad,Físico,False,False,False
TRX-13875,PROD-3163,2025-03-02,11.0,597.19,78.16,2.0,Sin Información,Medellín,WhatsApp,False,False,False
TRX-13876,PROD-1049,2025-11-23,5.0,243.02,52.36,21.0,Retrasado,Sin Ciudad,WhatsApp,False,False,False
TRX-13877,PROD-2479,2025-01-22,14.0,522.5,80.12,23.0,Entregado,Medellín,Físico,False,False,False
TRX-13878,PROD-2296,2025-02-18,9.0,780.82,32.87,3.0,Retrasado,Bogotá,Físico,False,False,False
TRX-13879,PROD-1540,2025-08-28,4.0,113.89,87.33,2.0,Perdido,Cali,Online,False,False,False
TRX-13880,PROD-2584,2025-04-03,8.0,962.57,73.65,16.0,Perdido,Sin Ciudad,Físico,False,False,False
TRX-13881,PROD-3328,2025-05-11,12.0,1482.61,84.23,28.0,Sin Información,Barranquilla,App,False,False,False
TRX-13882,PROD-2723,2025-01-11,14.0,1032.35,72.32,17.0,En Camino,Bogotá,Físico,False,False,False
TRX-13883,PROD-2496,2025-02-14,3.0,153.07,60.06,21.0,En Camino,Bucaramanga,App,False,False,False
TRX-13884,PROD-3237,2025-05-01,5.0,885.9,15.39,12.0,Retrasado,Bogotá,App,False,False,False
TRX-13885,PROD-3797,2025-10-19,8.0,1420.72,72.54,28.0,Entregado,Bogotá,App,False,False,True
TRX-13886,PROD-1707,2024-11-25,10.0,125.61,70.59,5.0,Sin Información,Barranquilla,App,False,False,False
TRX-13887,PROD-2929,2025-01-26,12.0,129.1,34.69,4.0,Retrasado,Bogotá,App,False,False,False
TRX-13888,PROD-1298,2025-04-28,7.0,747.5,52.36,24.0,Entregado,Bucaramanga,Físico,False,False,False
TRX-13889,PROD-1068,2025-07-03,1.0,397.98,74.9,16.0,Devuelto,Cali,Físico,False,False,False
TRX-13890,PROD-3405,2025-09-11,12.0,1870.21,57.29,18.0,Perdido,Bogotá,Físico,False,False,False
TRX-13891,PROD-1276,2026-01-09,4.0,1166.87,58.14,13.0,Devuelto,Barranquilla,WhatsApp,False,False,False
TRX-13892,PROD-1056,2025-10-24,2.0,581.78,39.92,28.0,Retrasado,Medellín,App,False,False,False
TRX-13893,PROD-2073,2025-05-16,2.0,1412.51,16.09,20.0,Entregado,Barranquilla,Online,False,False,False
TRX-13894,PROD-1883,2026-01-20,13.0,756.11,25.61,21.0,Entregado,Bucaramanga,Físico,False,False,False
TRX-13895,PROD-1163,2024-10-05,7.0,272.91,78.04,9.0,Devuelto,Bogotá,Físico,False,False,False
TRX-13896,PROD-1247,2025-11-18,12.0,482.09,30.79,16.0,En Camino,Medellín,WhatsApp,False,False,False
TRX-13897,PROD-2630,2025-02-22,12.0,1289.07,5.21,3.0,En Camino,Medellín,Físico,False,False,False
TRX-13898,PROD-3075,2025-05-19,3.0,113.23,99.72,29.0,Sin Información,Bucaramanga,App,False,False,False
TRX-13899,PROD-2173,2025-03-31,3.0,552.65,25.01,17.0,Devuelto,Medellín,Físico,False,False,False
TRX-13900,PROD-3574,2025-02-20,7.0,424.54,52.36,20.0,En Camino,Medellín,App,False,False,True
TRX-13901,PROD-3918,2024-12-17,6.0,410.26,67.26,10.0,Entregado,Sin Ciudad,Físico,False,False,True
TRX-13902,PROD-3052,2024-10-13,6.0,1368.7,93.06,22.0,Retrasado,Bucaramanga,Físico,False,False,False
TRX-13903,PROD-2701,2025-03-23,1.0,1653.38,61.97,23.0,En Camino,Bogotá,App,False,False,False
TRX-13904,PROD-2734,2025-08-07,1.0,1434.57,80.91,20.0,Sin Información,Medellín,App,False,False,False
TRX-13905,PROD-3874,2025-02-27,11.0,1295.0,97.76,4.0,Entregado,Cali,Físico,False,False,True
TRX-13906,PROD-2647,2025-12-25,6.0,1833.74,86.73,22.0,Sin Información,Bogotá,App,False,False,False
TRX-13907,PROD-1337,2025-12-18,7.0,126.2,58.0,1.0,Retrasado,Barranquilla,WhatsApp,False,False,False
TRX-13908,PROD-3623,2026-01-16,9.0,343.29,39.55,21.0,Entregado,Sin Ciudad,App,False,False,True
TRX-13909,PROD-3197,2025-09-24,4.0,834.67,50.83,16.0,Perdido,Bogotá,App,False,False,False
TRX-13910,PROD-3202,2024-12-07,14.0,751.18,84.97,11.0,Retrasado,Sin Ciudad,Online,False,False,False
TRX-13911,PROD-3523,2025-08-17,10.0,841.92,86.07,19.0,Perdido,Bogotá,App,False,False,True
TRX-13912,PROD-1625,2025-11-12,6.0,420.85,52.36,8.0,En Camino,Barranquilla,App,False,False,False
TRX-13913,PROD-2136,2025-04-13,12.0,307.51,85.36,5.0,Sin Información,Medellín,Online,False,False,False
TRX-13914,PROD-1342,2025-05-09,3.0,1023.29,61.74,23.0,En Camino,Barranquilla,App,False,False,False
TRX-13915,PROD-2269,2025-02-21,13.0,1856.82,50.31,24.0,Entregado,Bogotá,Online,False,False,False
TRX-13916,PROD-1323,2025-06-12,13.0,790.02,34.58,8.0,Devuelto,Medellín,Físico,False,False,False
TRX-13917,PROD-3094,2024-12-03,11.0,96.27,5.32,29.0,Entregado,Sin Ciudad,Físico,False,False,False
TRX-13918,PROD-1832,2025-05-05,4.0,1415.27,77.63,18.0,Sin Información,Medellín,WhatsApp,False,False,False
TRX-13919,PROD-1636,2026-01-08,9.0,589.3,31.31,29.0,Sin Información,Bucaramanga,Físico,False,False,False
TRX-13920,PROD-3197,2025-10-12,14.0,497.74,36.32,15.0,Sin Información,Bogotá,App,False,False,False
TRX-13921,PROD-2338,2025-01-31,14.0,655.27,85.13,18.0,Perdido,Cali,Online,False,False,False
TRX-13922,PROD-2600,2025-09-17,1.0,1450.39,9.96,13.0,Sin Información,Medellín,Físico,False,False,False
TRX-13923,PROD-3402,2024-10-20,5.0,1639.45,93.12,15.0,Retrasado,Bucaramanga,App,False,False,False
TRX-13924,PROD-3598,2025-07-18,11.0,1180.23,52.36,26.0,Devuelto,Sin Ciudad,Físico,False,False,True
TRX-13925,PROD-3661,2024-12-28,7.0,651.73,5.13,21.0,Entregado,Cali,WhatsApp,False,False,True
TRX-13926,PROD-3789,2024-11-07,3.0,627.85,94.22,13.0,Perdido,Medellín,Físico,False,False,True
TRX-13927,PROD-3634,2024-09-23,2.0,257.37,48.2,3.0,Perdido,Medellín,Físico,False,False,True
TRX-13928,PROD-1270,2025-03-07,13.0,1867.27,14.7,12.0,En Camino,Medellín,App,False,False,False
TRX-13929,PROD-2270,2025-05-25,11.0,1279.9,69.05,12.0,Entregado,Bucaramanga,Online,False,False,False
TRX-13930,PROD-3861,2025-04-29,2.0,63.68,90.11,10.0,Entregado,Bogotá,WhatsApp,False,False,True
TRX-13931,PROD-2791,2025-01-02,1.0,1328.11,46.62,1.0,Sin Información,Barranquilla,Online,False,False,False
TRX-13932,PROD-3989,2025-07-10,5.0,899.84,70.68,24.0,Sin Información,Barranquilla,Online,False,False,True
TRX-13933,PROD-1977,2025-12-24,13.0,1945.39,98.04,6.0,Perdido,Barranquilla,Online,False,False,False
TRX-13934,PROD-1237,2025-04-14,3.0,1639.95,27.87,19.0,Entregado,Sin Ciudad,WhatsApp,False,False,False
TRX-13935,PROD-2001,2025-04-12,11.0,350.92,82.94,24.0,Sin Información,Cali,WhatsApp,False,False,False
TRX-13936,PROD-1353,2024-11-15,12.0,1443.02,52.36,13.0,En Camino,Barranquilla,App,False,False,False
TRX-13937,PROD-2779,2026-01-17,7.0,976.28,33.05,27.0,Devuelto,Cali,App,False,False,False
TRX-13938,PROD-1475,2025-06-29,1.0,382.22,45.5,1.0,Perdido,Cali,App,False,False,False
TRX-13939,PROD-2857,2025-11-08,9.0,1400.49,31.77,19.0,En Camino,Bogotá,WhatsApp,False,False,False
TRX-13940,PROD-3507,2025-06-27,14.0,1099.3,47.37,25.0,En Camino,Medellín,WhatsApp,False,False,True
TRX-13941,PROD-3493,2026-01-28,2.0,70.44,5.48,6.0,Retrasado,Cali,Físico,False,False,False
TRX-13942,PROD-1225,2024-10-08,8.0,1296.71,33.83,1.0,Devuelto,Bogotá,Online,False,False,False
TRX-13943,PROD-2266,2024-10-05,10.0,1273.62,47.3,25.0,En Camino,Sin Ciudad,App,False,False,False
TRX-13944,PROD-3728,2025-09-13,4.0,296.73,65.06,23.0,Retrasado,Medellín,Físico,False,False,True
TRX-13945,PROD-3695,2025-09-13,6.0,704.49,65.55,17.0,Retrasado,Medellín,WhatsApp,False,False,True
TRX-13946,PROD-1719,2025-08-06,9.0,1175.94,60.46,17.0,Entregado,Bogotá,Físico,False,False,False
TRX-13947,PROD-1489,2025-11-23,7.0,286.18,32.84,21.0,Sin Información,Medellín,Físico,False,False,False
TRX-13948,PROD-1051,2024-12-18,8.0,1706.92,52.36,11.0,En Camino,Bogotá,WhatsApp,False,False,False
TRX-13949,PROD-3899,2024-12-09,7.0,64.7,95.0,20.0,Perdido,Cali,Online,False,False,True
TRX-13950,PROD-1562,2025-11-12,2.0,214.65,42.24,12.0,Entregado,Medellín,WhatsApp,False,False,False
TRX-13951,PROD-3873,2024-11-28,9.0,241.05,25.6,24.0,Devuelto,Medellín,App,False,False,True
TRX-13952,PROD-1046,2025-09-04,1.0,1060.93,57.68,13.0,Sin Información,Barranquilla,Físico,False,False,False
TRX-13953,PROD-1671,2025-04-21,14.0,1244.03,76.15,18.0,Perdido,Bogotá,App,False,False,False
TRX-13954,PROD-3033,2025-04-24,2.0,813.44,6.16,22.0,Perdido,Medellín,Físico,False,False,False
TRX-13955,PROD-2420,2025-03-26,3.0,584.45,31.25,24.0,Retrasado,Barranquilla,Físico,False,False,False
TRX-13956,PROD-3142,2025-12-15,3.0,1620.54,83.37,1.0,En Camino,Bucaramanga,App,False,False,False
TRX-13957,PROD-3118,2025-12-19,14.0,145.89,53.17,3.0,Retrasado,Bogotá,Físico,False,False,False
TRX-13958,PROD-3952,2025-11-29,10.0,567.78,43.81,17.0,Retrasado,Cali,WhatsApp,False,False,True
TRX-13959,PROD-2061,2024-10-25,4.0,87.84,93.44,7.0,En Camino,Bogotá,WhatsApp,False,False,False
TRX-13960,PROD-1683,2025-01-15,5.0,37.64,52.36,17.0,En Camino,Bogotá,Físico,False,False,False
TRX-13961,PROD-2523,2025-06-24,6.0,713.23,13.51,16.0,En Camino,Medellín,Físico,False,False,False
TRX-13962,PROD-1519,2025-11-16,1.0,397.7,63.48,12.0,Retrasado,Medellín,WhatsApp,False,False,False
TRX-13963,PROD-2100,2026-02-03,14.0,544.05,37.51,25.0,Sin Información,Bucaramanga,Online,False,True,False
TRX-13964,PROD-1483,2025-04-08,13.0,1643.68,11.73,8.0,En Camino,Medellín,Físico,False,False,False
TRX-13965,PROD-1120,2025-10-07,8.0,334.33,25.31,11.0,En Camino,Bogotá,WhatsApp,False,False,False
TRX-13966,PROD-2372,2025-02-12,6.0,1562.66,64.65,3.0,Perdido,Bogotá,Online,False,False,False
TRX-13967,PROD-2758,2025-05-08,10.0,1353.35,7.69,28.0,Retrasado,Bogotá,Online,False,False,False
TRX-13968,PROD-2114,2025-01-20,9.0,659.63,61.26,29.0,En Camino,Bogotá,App,False,False,False
TRX-13969,PROD-3145,2025-09-10,5.0,1097.65,95.9,12.0,Retrasado,Bogotá,Online,False,False,False
TRX-13970,PROD-1261,2024-10-16,7.0,894.43,80.53,4.0,Devuelto,Bogotá,Físico,False,False,False
TRX-13971,PROD-2077,2024-10-19,11.0,265.51,37.83,9.0,Entregado,Bogotá,Online,False,False,False
TRX-13972,PROD-3917,2025-11-29,4.0,1815.3,52.36,26.0,Perdido,Bucaramanga,App,False,False,True
TRX-13973,PROD-3361,2024-12-06,6.0,1143.54,18.13,22.0,Perdido,Bogotá,WhatsApp,False,False,False
TRX-13974,PROD-3570,2025-05-21,6.0,1761.68,49.18,21.0,Retrasado,Cali,App,False,False,True
TRX-13975,PROD-1315,2024-10-15,13.0,1649.41,42.33,29.0,En Camino,Bogotá,WhatsApp,False,False,False
TRX-13976,PROD-3032,2025-03-02,4.0,168.75,97.31,21.0,Retrasado,Bucaramanga,Físico,False,False,False
TRX-13977,PROD-2864,2024-11-02,6.0,422.47,99.04,17.0,Sin Información,Barranquilla,WhatsApp,False,False,False
TRX-13978,PROD-3092,2025-05-18,8.0,299.07,44.01,16.0,Entregado,Bogotá,Online,False,False,False
TRX-13979,PROD-2475,2025-05-19,11.0,1663.25,19.13,12.0,Perdido,Bogotá,WhatsApp,False,False,False
TRX-13980,PROD-1227,2024-11-17,5.0,1726.27,91.51,15.0,Perdido,Medellín,Online,False,False,False
TRX-13981,PROD-3046,2025-11-09,2.0,1060.66,80.39,15.0,Entregado,Bucaramanga,App,False,False,False
TRX-13982,PROD-3321,2025-11-11,9.0,217.31,53.57,1.0,Retrasado,Medellín,App,False,False,False
TRX-13983,PROD-1683,2025-12-15,11.0,279.88,39.71,3.0,Perdido,Cali,WhatsApp,False,False,False
TRX-13984,PROD-2506,2024-12-29,4.0,1628.96,52.36,2.0,En Camino,Barranquilla,App,False,False,False
TRX-13985,PROD-1644,2025-02-15,4.0,1859.09,47.58,26.0,Retrasado,Medellín,App,False,False,False
TRX-13986,PROD-2044,2026-01-01,11.0,406.96,90.68,17.0,En Camino,Bogotá,App,False,False,False
TRX-13987,PROD-1421,2025-06-11,7.0,32.16,22.54,12.0,Sin Información,Bogotá,Online,False,False,False
TRX-13988,PROD-3350,2025-12-02,10.0,668.6,81.64,5.0,Sin Información,Bucaramanga,WhatsApp,False,False,False
TRX-13989,PROD-3761,2024-11-01,14.0,70.69,6.73,11.0,Sin Información,Bogotá,Online,False,False,True
TRX-13990,PROD-3960,2025-04-03,10.0,1657.67,92.45,19.0,Devuelto,Barranquilla,WhatsApp,False,False,True
TRX-13991,PROD-1472,2025-05-19,6.0,988.11,52.53,15.0,Entregado,Bucaramanga,Online,False,False,False
TRX-13992,PROD-1935,2024-11-03,14.0,1287.3,26.54,7.0,Sin Información,Sin Ciudad,Físico,False,False,False
TRX-13993,PROD-3084,2025-05-02,4.0,828.85,5.27,8.0,Perdido,Bogotá,Físico,False,False,False
TRX-13994,PROD-1010,2025-04-06,6.0,697.56,58.16,10.0,Entregado,Medellín,Físico,False,False,False
TRX-13995,PROD-1180,2025-07-07,3.0,452.18,28.23,6.0,Entregado,Bogotá,Online,False,False,False
TRX-13996,PROD-1050,2024-10-02,7.0,1543.36,52.36,28.0,En Camino,Barranquilla,WhatsApp,False,False,False
TRX-13997,PROD-2001,2025-05-15,6.0,1394.14,64.97,21.0,Perdido,Sin Ciudad,Online,False,False,False
TRX-13998,PROD-1188,2025-08-13,3.0,727.85,31.71,15.0,Devuelto,Medellín,WhatsApp,False,False,False
TRX-13999,PROD-2932,2025-06-14,1.0,649.02,13.36,10.0,Entregado,Medellín,Físico,False,False,False
TRX-14000,PROD-2490,2024-11-30,7.0,12.47,52.98,15.0,En Camino,Cali,Online,True,False,False
TRX-14001,PROD-2568,2025-12-11,12.0,136.47,58.63,28.0,Sin Información,Medellín,WhatsApp,False,False,False
TRX-14002,PROD-1614,2025-02-08,10.0,1250.28,48.0,21.0,En Camino,Bucaramanga,WhatsApp,False,False,False
TRX-14003,PROD-1733,2025-09-12,5.0,1034.07,48.51,17.0,Sin Información,Bogotá,App,False,False,False
TRX-14004,PROD-1144,2025-04-29,10.0,875.26,61.02,28.0,Perdido,Sin Ciudad,WhatsApp,False,False,False
TRX-14005,PROD-3264,2025-04-06,2.0,1656.73,55.0,22.0,Retrasado,Bucaramanga,Físico,False,False,False
TRX-14006,PROD-3924,2024-12-05,7.0,1012.76,17.59,6.0,Retrasado,Medellín,Online,False,False,True
TRX-14007,PROD-3685,2025-01-03,13.0,775.14,23.72,19.0,Devuelto,Cali,App,False,False,True
TRX-14008,PROD-2717,2025-05-05,7.0,330.9,52.36,20.0,Sin Información,Medellín,Físico,False,False,False
TRX-14009,PROD-1919,2025-01-23,4.0,1643.17,18.47,20.0,En Camino,Medellín,Online,False,False,False
TRX-14010,PROD-2318,2025-01-02,6.0,1156.73,70.86,6.0,Retrasado,Bogotá,Online,False,False,False
TRX-14011,PROD-2016,2025-06-13,1.0,194.0,55.22,14.0,Entregado,Bogotá,App,False,False,False
TRX-14012,PROD-2704,2025-11-29,2.0,1301.31,45.84,24.0,Devuelto,Bogotá,Físico,False,False,False
TRX-14013,PROD-3950,2025-11-04,6.0,855.89,80.84,28.0,Sin Información,Medellín,Online,False,False,True
TRX-14014,PROD-2310,2026-01-22,2.0,1624.66,35.95,13.0,Entregado,Bucaramanga,App,False,False,False
TRX-14015,PROD-2111,2025-03-02,12.0,1838.64,58.97,13.0,Retrasado,Sin Ciudad,Online,False,False,False
TRX-14016,PROD-1319,2025-05-13,12.0,1204.93,12.07,9.0,En Camino,Bogotá,Online,False,False,False
TRX-14017,PROD-3341,2026-01-26,11.0,1465.91,75.72,9.0,Retrasado,Bucaramanga,Físico,False,False,False
TRX-14018,PROD-2527,2025-06-24,4.0,122.62,71.04,21.0,Devuelto,Bucaramanga,Físico,False,False,False
TRX-14019,PROD-1489,2025-06-07,4.0,1124.91,81.23,24.0,Sin Información,Medellín,Online,False,False,False
TRX-14020,PROD-3056,2025-07-30,10.0,1513.13,52.36,29.0,Devuelto,Cali,WhatsApp,False,False,False
TRX-14021,PROD-3757,2025-02-08,9.0,998.56,89.03,8.0,Entregado,Bogotá,Online,False,False,True
TRX-14022,PROD-1215,2025-05-07,10.0,1191.16,77.01,10.0,Entregado,Cali,WhatsApp,False,False,False
TRX-14023,PROD-1734,2025-06-22,7.0,1798.91,85.23,20.0,Devuelto,Bucaramanga,Físico,False,False,False
TRX-14024,PROD-1914,2025-11-22,14.0,404.22,37.84,4.0,Entregado,Bogotá,Online,False,False,False
TRX-14025,PROD-3112,2025-08-05,7.0,205.51,37.62,3.0,Perdido,Medellín,Online,False,False,False
TRX-14026,PROD-1188,2025-10-14,12.0,1384.38,94.71,13.0,Sin Información,Cali,Online,False,False,False
TRX-14027,PROD-2642,2024-12-17,11.0,1647.47,91.88,21.0,Devuelto,Medellín,App,False,False,False
TRX-14028,PROD-1282,2025-07-10,1.0,1702.48,57.11,8.0,Sin Información,Bucaramanga,App,False,False,False
TRX-14029,PROD-2905,2026-01-04,11.0,1286.87,39.82,24.0,Entregado,Sin Ciudad,Físico,False,False,False
TRX-14030,PROD-2156,2025-04-27,5.0,1668.09,87.27,9.0,Sin Información,Bogotá,Online,False,False,False
TRX-14031,PROD-2272,2025-09-16,3.0,1404.32,35.72,14.0,Retrasado,Bogotá,Online,False,False,False
TRX-14032,PROD-2340,2024-11-27,3.0,183.88,52.36,1.0,En Camino,Medellín,WhatsApp,False,False,False
TRX-14033,PROD-1353,2025-06-06,6.0,1526.47,19.6,14.0,Perdido,Barranquilla,App,False,False,False
TRX-14034,PROD-3265,2025-02-04,4.0,366.93,65.75,12.0,Perdido,Barranquilla,Físico,False,False,False
TRX-14035,PROD-2870,2025-10-31,8.0,480.85,9.05,4.0,En Camino,Barranquilla,Físico,False,False,False
TRX-14036,PROD-1032,2025-11-23,14.0,795.35,41.01,22.0,En Camino,Cali,Online,False,False,False
TRX-14037,PROD-2511,2025-10-02,4.0,635.99,81.73,21.0,Sin Información,Bogotá,Online,False,False,False
TRX-14038,PROD-1821,2025-10-17,8.0,650.09,33.05,4.0,Sin Información,Medellín,App,False,False,False
TRX-14039,PROD-2194,2024-11-16,14.0,346.83,93.47,13.0,Retrasado,Sin Ciudad,WhatsApp,False,False,False
TRX-14040,PROD-3309,2025-09-13,12.0,594.8,95.8,16.0,Sin Información,Bogotá,App,False,False,False
TRX-14041,PROD-2244,2025-05-23,12.0,49.13,82.5,11.0,En Camino,Bogotá,Físico,False,False,False
TRX-14042,PROD-3550,2025-06-01,4.0,951.09,98.83,3.0,Perdido,Sin Ciudad,App,False,False,True
TRX-14043,PROD-1993,2024-10-13,3.0,1539.5,55.42,2.0,Retrasado,Cali,App,False,False,False
TRX-14044,PROD-2900,2025-07-26,5.0,1725.87,52.36,25.0,En Camino,Bogotá,Físico,False,False,False
TRX-14045,PROD-2508,2025-11-26,12.0,1642.65,59.07,26.0,Retrasado,Bogotá,Físico,False,False,False
TRX-14046,PROD-3423,2025-03-04,13.0,838.75,84.44,3.0,Retrasado,Bucaramanga,Físico,False,False,False
TRX-14047,PROD-3020,2025-09-13,5.0,1463.55,51.82,20.0,Sin Información,Sin Ciudad,Online,False,False,False
TRX-14048,PROD-1800,2025-06-13,10.0,582.9,43.64,17.0,Sin Información,Bogotá,WhatsApp,False,False,False
TRX-14049,PROD-4000,2026-02-02,10.0,120.57,63.4,1.0,Entregado,Sin Ciudad,Online,False,True,True
TRX-14050,PROD-3238,2024-11-29,1.0,1355.18,67.48,26.0,En Camino,Bucaramanga,App,False,False,False
TRX-14051,PROD-2004,2025-01-07,8.0,1301.1,76.34,25.0,Sin Información,Barranquilla,WhatsApp,False,False,False
TRX-14052,PROD-1616,2025-10-27,8.0,1605.24,68.48,11.0,Entregado,Medellín,App,False,False,False
TRX-14053,PROD-1026,2024-11-28,8.0,1236.05,75.84,16.0,Sin Información,Bucaramanga,App,False,False,False
TRX-14054,PROD-2679,2025-04-09,14.0,322.21,69.08,20.0,Perdido,Bogotá,Online,False,False,False
TRX-14055,PROD-1097,2025-04-02,10.0,1707.79,50.64,10.0,Retrasado,Medellín,WhatsApp,False,False,False
TRX-14056,PROD-1954,2024-09-24,4.0,1258.23,52.36,20.0,Perdido,Bogotá,Online,False,False,False
TRX-14057,PROD-3218,2025-06-06,13.0,1617.14,17.82,6.0,Retrasado,Sin Ciudad,Físico,False,False,False
TRX-14058,PROD-2418,2025-12-08,14.0,1550.47,79.62,2.0,En Camino,Barranquilla,Físico,False,False,False
TRX-14059,PROD-3604,2024-09-23,9.0,602.75,7.92,22.0,Devuelto,Medellín,Online,False,False,True
TRX-14060,PROD-3840,2025-09-15,10.0,158.36,99.29,29.0,En Camino,Medellín,Online,False,False,True
TRX-14061,PROD-1039,2025-01-15,3.0,361.24,83.7,7.0,Retrasado,Sin Ciudad,Online,False,False,False
TRX-14062,PROD-2372,2025-10-18,7.0,194.8,68.74,17.0,Devuelto,Barranquilla,App,False,False,False
TRX-14063,PROD-1005,2024-12-19,6.0,494.39,96.83,8.0,Devuelto,Barranquilla,WhatsApp,False,False,False
TRX-14064,PROD-3692,2025-04-07,9.0,924.47,63.18,13.0,En Camino,Medellín,WhatsApp,False,False,True
TRX-14065,PROD-2541,2026-01-04,12.0,1814.55,10.36,22.0,Perdido,Sin Ciudad,Físico,False,False,False
TRX-14066,PROD-3978,2024-12-23,14.0,1745.32,58.14,25.0,En Camino,Medellín,WhatsApp,False,False,True
TRX-14067,PROD-2259,2025-06-23,13.0,1440.01,31.33,29.0,Retrasado,Bogotá,WhatsApp,False,False,False
TRX-14068,PROD-1425,2025-09-01,4.0,57.98,52.36,4.0,Perdido,Medellín,WhatsApp,False,False,False
TRX-14069,PROD-1840,2025-03-01,4.0,689.36,40.1,11.0,Retrasado,Bucaramanga,App,False,False,False
TRX-14070,PROD-3170,2025-03-14,6.0,1367.87,48.66,2.0,Sin Información,Bucaramanga,Físico,False,False,False
TRX-14071,PROD-1975,2024-10-25,8.0,266.77,78.59,25.0,Sin Información,Medellín,Online,False,False,False
TRX-14072,PROD-2719,2025-12-24,3.0,1604.16,52.78,8.0,Perdido,Medellín,WhatsApp,False,False,False
TRX-14073,PROD-3015,2024-12-04,11.0,1830.0,50.09,18.0,Entregado,Bogotá,WhatsApp,False,False,False
TRX-14074,PROD-1245,2025-11-29,8.0,714.67,33.69,8.0,Perdido,Medellín,App,False,False,False
TRX-14075,PROD-1583,2025-11-13,14.0,1414.63,56.29,11.0,Entregado,Medellín,Físico,False,False,False
TRX-14076,PROD-3914,2026-01-16,8.0,304.93,28.6,24.0,Retrasado,Cali,WhatsApp,False,False,True
TRX-14077,PROD-2146,2025-12-21,14.0,1384.72,29.79,5.0,En Camino,Sin Ciudad,App,False,False,False
TRX-14078,PROD-1381,2025-04-06,14.0,52.7,76.94,7.0,Retrasado,Medellín,Online,False,False,False
TRX-14079,PROD-1179,2025-07-03,7.0,310.04,37.54,23.0,En Camino,Bucaramanga,Físico,False,False,False
TRX-14080,PROD-1948,2024-12-18,7.0,1422.66,52.36,4.0,Sin Información,Sin Ciudad,WhatsApp,False,False,False
TRX-14081,PROD-3128,2025-07-28,5.0,1426.58,9.88,22.0,Entregado,Bogotá,Online,False,False,False
TRX-14082,PROD-2691,2025-05-04,2.0,1285.91,37.65,10.0,En Camino,Cali,WhatsApp,False,False,False
TRX-14083,PROD-3870,2024-11-05,12.0,959.95,65.66,6.0,Retrasado,Bucaramanga,Físico,False,False,True
TRX-14084,PROD-2525,2025-08-24,14.0,1353.07,82.33,13.0,Retrasado,Bogotá,App,False,False,False
TRX-14085,PROD-2877,2026-01-29,2.0,1549.86,96.38,16.0,Retrasado,Medellín,WhatsApp,False,False,False
TRX-14086,PROD-1347,2025-12-05,13.0,1933.3,75.89,22.0,Perdido,Medellín,Físico,False,False,False
TRX-14087,PROD-3378,2025-02-07,12.0,1778.4,45.74,25.0,Retrasado,Cali,App,False,False,False
TRX-14088,PROD-1391,2025-06-19,10.0,1591.12,33.42,2.0,Perdido,Cali,Online,False,False,False
TRX-14089,PROD-3070,2025-09-16,12.0,1392.57,17.31,26.0,Devuelto,Cali,WhatsApp,False,False,False
TRX-14090,PROD-1546,2024-10-28,8.0,1152.57,64.63,24.0,Entregado,Cali,Online,False,False,False
TRX-14091,PROD-3610,2024-10-26,11.0,250.01,53.44,15.0,Devuelto,Cali,WhatsApp,False,False,True
TRX-14092,PROD-2615,2024-12-19,6.0,339.46,52.36,8.0,Devuelto,Cali,Físico,False,False,False
TRX-14093,PROD-1306,2025-02-15,8.0,1642.36,69.38,17.0,Perdido,Barranquilla,Online,False,False,False
TRX-14094,PROD-3424,2024-10-08,3.0,1608.59,27.53,27.0,Perdido,Medellín,WhatsApp,False,False,False
TRX-14095,PROD-3325,2025-05-13,1.0,1232.77,35.75,29.0,Entregado,Bogotá,Físico,False,False,False
TRX-14096,PROD-1255,2025-11-17,13.0,883.29,32.75,14.0,Entregado,Sin Ciudad,WhatsApp,False,False,False
TRX-14097,PROD-2781,2024-11-02,6.0,61.8,80.78,18.0,Sin Información,Bucaramanga,App,False,False,False
TRX-14098,PROD-3713,2025-06-04,2.0,661.08,21.27,29.0,Entregado,Sin Ciudad,Físico,False,False,True
TRX-14099,PROD-1535,2025-06-30,12.0,847.07,62.8,14.0,Retrasado,Medellín,Físico,False,False,False
TRX-14100,PROD-1969,2025-01-26,7.0,976.77,9.88,4.0,Retrasado,Bucaramanga,WhatsApp,False,False,False
TRX-14101,PROD-2194,2024-09-30,9.0,1859.36,57.21,21.0,Entregado,Barranquilla,Físico,False,False,False
TRX-14102,PROD-2069,2026-01-07,5.0,226.33,11.07,21.0,Perdido,Barranquilla,Online,False,False,False
TRX-14103,PROD-2290,2026-01-03,5.0,1042.55,21.71,22.0,Devuelto,Bogotá,WhatsApp,False,False,False
TRX-14104,PROD-2609,2025-09-25,13.0,742.17,52.36,23.0,Entregado,Sin Ciudad,App,False,False,False
TRX-14105,PROD-3870,2025-09-07,10.0,1980.3,15.74,1.0,Sin Información,Cali,Físico,False,False,True
TRX-14106,PROD-2336,2025-08-28,8.0,1725.11,37.94,23.0,Entregado,Sin Ciudad,App,False,False,False
TRX-14107,PROD-2302,2025-10-29,6.0,883.18,37.65,6.0,Devuelto,Barranquilla,Online,False,False,False
TRX-14108,PROD-2854,2025-08-12,3.0,1999.39,83.51,5.0,En Camino,Bucaramanga,Físico,False,False,False
TRX-14109,PROD-2113,2025-03-17,9.0,1032.99,26.44,15.0,Entregado,Barranquilla,Físico,False,False,False
TRX-14110,PROD-1956,2025-05-08,10.0,342.56,13.21,16.0,Entregado,Bucaramanga,WhatsApp,False,False,False
TRX-14111,PROD-1305,2025-12-20,4.0,1116.19,62.33,22.0,Retrasado,Cali,App,False,False,False
TRX-14112,PROD-1830,2025-08-11,10.0,460.15,70.31,27.0,Devuelto,Sin Ciudad,WhatsApp,False,False,False
TRX-14113,PROD-1557,2025-10-29,4.0,1276.26,33.01,8.0,Sin Información,Cali,App,False,False,False
TRX-14114,PROD-3394,2025-09-24,12.0,1875.51,62.27,29.0,Entregado,Sin Ciudad,WhatsApp,False,False,False
TRX-14115,PROD-1446,2026-01-23,13.0,1574.54,78.73,28.0,Sin Información,Barranquilla,App,False,False,False
TRX-14116,PROD-1636,2024-10-10,2.0,553.6,52.36,6.0,Entregado,Medellín,WhatsApp,False,False,False
TRX-14117,PROD-1432,2024-11-17,3.0,600.75,38.02,5.0,En Camino,Sin Ciudad,Físico,False,False,False
TRX-14118,PROD-1673,2025-11-03,4.0,147.88,54.91,6.0,Devuelto,Medellín,Físico,False,False,False
TRX-14119,PROD-2841,2024-10-27,7.0,578.88,18.93,25.0,Entregado,Cali,App,False,False,False
TRX-14120,PROD-2908,2025-10-17,13.0,194.32,7.25,28.0,En Camino,Bogotá,WhatsApp,False,False,False
TRX-14121,PROD-2286,2025-01-18,3.0,1003.9,98.23,1.0,Entregado,Bogotá,App,False,False,False
TRX-14122,PROD-2665,2025-07-01,8.0,1419.61,33.47,14.0,Perdido,Bogotá,WhatsApp,False,False,False
TRX-14123,PROD-1494,2025-06-03,8.0,1504.85,31.5,19.0,En Camino,Cali,App,False,False,False
TRX-14124,PROD-3195,2025-04-23,10.0,128.46,97.46,19.0,Sin Información,Medellín,Online,False,False,False
TRX-14125,PROD-2467,2024-11-22,11.0,686.51,74.18,25.0,Perdido,Sin Ciudad,Físico,False,False,False
TRX-14126,PROD-1850,2024-12-19,2.0,583.46,60.6,15.0,Entregado,Medellín,App,False,False,False
TRX-14127,PROD-2851,2025-06-20,4.0,217.56,71.44,19.0,En Camino,Barranquilla,Online,False,False,False
TRX-14128,PROD-2262,2025-09-04,8.0,731.32,52.36,6.0,Devuelto,Cali,Físico,False,False,False
TRX-14129,PROD-2897,2024-10-24,1.0,605.65,72.44,25.0,Sin Información,Sin Ciudad,Online,False,False,False
TRX-14130,PROD-2085,2025-10-23,1.0,1272.65,77.52,26.0,Retrasado,Barranquilla,WhatsApp,False,False,False
TRX-14131,PROD-1491,2025-02-02,14.0,1767.77,11.38,5.0,Entregado,Sin Ciudad,WhatsApp,False,False,False
TRX-14132,PROD-1370,2024-11-25,14.0,915.14,44.22,26.0,En Camino,Bucaramanga,WhatsApp,False,False,False
TRX-14133,PROD-1645,2025-04-09,4.0,1495.86,33.04,16.0,Perdido,Sin Ciudad,App,False,False,False
TRX-14134,PROD-3810,2025-06-05,11.0,300.56,11.7,27.0,En Camino,Medellín,Online,False,False,True
TRX-14135,PROD-2246,2025-08-30,2.0,1790.98,44.2,9.0,Devuelto,Sin Ciudad,Online,False,False,False
TRX-14136,PROD-3886,2025-02-24,1.0,313.66,63.54,25.0,En Camino,Sin Ciudad,WhatsApp,False,False,True
TRX-14137,PROD-3854,2025-12-29,8.0,392.28,21.96,15.0,Perdido,Medellín,App,False,False,True
TRX-14138,PROD-3471,2025-05-11,2.0,221.86,33.98,22.0,Entregado,Sin Ciudad,WhatsApp,False,False,False
TRX-14139,PROD-1165,2025-07-20,4.0,626.26,65.72,8.0,Sin Información,Sin Ciudad,App,False,False,False
TRX-14140,PROD-1880,2024-10-27,3.0,1109.3,52.36,25.0,Perdido,Bucaramanga,Físico,False,False,False
TRX-14141,PROD-2342,2024-10-18,2.0,1976.11,60.04,25.0,Sin Información,Bucaramanga,Online,False,False,False
TRX-14142,PROD-1607,2024-10-15,8.0,1588.8,87.53,8.0,Sin Información,Bucaramanga,App,False,False,False
TRX-14143,PROD-1373,2025-02-10,3.0,767.07,80.17,29.0,Perdido,Medellín,WhatsApp,False,False,False
TRX-14144,PROD-3912,2026-01-09,9.0,1155.93,96.73,4.0,Perdido,Sin Ciudad,App,False,False,True
TRX-14145,PROD-2016,2025-10-14,10.0,1250.38,61.73,24.0,Retrasado,Sin Ciudad,App,False,False,False
TRX-14146,PROD-2457,2025-07-04,5.0,1647.23,71.35,2.0,Sin Información,Cali,Físico,False,False,False
TRX-14147,PROD-2623,2025-12-16,9.0,1475.54,86.75,16.0,Entregado,Sin Ciudad,WhatsApp,False,False,False
TRX-14148,PROD-3103,2025-08-08,3.0,1142.89,84.8,3.0,Retrasado,Bogotá,Online,False,False,False
TRX-14149,PROD-1200,2025-02-25,12.0,1341.67,73.28,9.0,Sin Información,Medellín,App,False,False,False
TRX-14150,PROD-3773,2026-01-06,5.0,1494.38,52.52,26.0,En Camino,Medellín,WhatsApp,False,False,True
TRX-14151,PROD-2224,2025-11-16,14.0,274.96,30.95,4.0,Entregado,Barranquilla,Online,False,False,False
TRX-14152,PROD-2065,2025-01-13,10.0,408.91,52.36,2.0,Entregado,Bogotá,App,False,False,False
TRX-14153,PROD-1712,2025-10-17,6.0,1380.28,88.34,19.0,Sin Información,Barranquilla,App,False,False,False
TRX-14154,PROD-1127,2025-02-08,9.0,1702.35,78.78,23.0,En Camino,Medellín,WhatsApp,False,False,False
TRX-14155,PROD-2656,2025-11-18,8.0,824.43,84.6,25.0,En Camino,Sin Ciudad,Online,False,False,False
TRX-14156,PROD-2852,2025-10-01,2.0,1959.98,18.37,15.0,Perdido,Cali,Online,False,False,False
TRX-14157,PROD-3277,2025-11-14,2.0,439.98,34.91,7.0,Sin Información,Sin Ciudad,Físico,False,False,False
TRX-14158,PROD-3253,2025-04-19,13.0,839.23,45.36,8.0,Sin Información,Bogotá,Físico,False,False,False
TRX-14159,PROD-2023,2025-08-11,5.0,763.26,84.64,3.0,Entregado,Bucaramanga,WhatsApp,False,False,False
TRX-14160,PROD-1387,2025-09-21,5.0,1861.29,89.82,23.0,Devuelto,Bucaramanga,Online,False,False,False
TRX-14161,PROD-2892,2025-11-26,5.0,577.9,32.06,15.0,Sin Información,Bucaramanga,App,False,False,False
TRX-14162,PROD-1417,2026-01-17,4.0,946.87,70.21,1.0,Perdido,Bogotá,WhatsApp,False,False,False
TRX-14163,PROD-1572,2024-12-17,8.0,382.6,12.39,16.0,Entregado,Bogotá,Físico,False,False,False
TRX-14164,PROD-1497,2025-07-04,11.0,1047.32,52.36,28.0,En Camino,Bogotá,WhatsApp,False,False,False
TRX-14165,PROD-1048,2024-11-21,5.0,1716.23,43.91,22.0,En Camino,Medellín,Online,False,False,False
TRX-14166,PROD-1252,2024-11-15,1.0,615.04,51.23,3.0,Devuelto,Bogotá,WhatsApp,False,False,False
TRX-14167,PROD-1910,2024-12-24,10.0,1623.48,77.74,2.0,Entregado,Bogotá,Físico,False,False,False
TRX-14168,PROD-1535,2025-08-13,14.0,1823.51,89.74,15.0,Retrasado,Sin Ciudad,Online,False,False,False
TRX-14169,PROD-1811,2025-12-24,5.0,155.19,37.04,4.0,Perdido,Bogotá,App,False,False,False
TRX-14170,PROD-2640,2025-12-24,1.0,1515.28,55.14,27.0,Entregado,Cali,Físico,False,False,False
TRX-14171,PROD-2524,2025-09-30,4.0,518.13,66.51,14.0,Retrasado,Cali,Físico,False,False,False
TRX-14172,PROD-3811,2025-06-14,1.0,358.9,36.23,9.0,En Camino,Bucaramanga,Físico,False,False,True
TRX-14173,PROD-3581,2025-10-09,6.0,1206.23,98.63,22.0,En Camino,Bogotá,WhatsApp,False,False,True
TRX-14174,PROD-3640,2025-04-23,6.0,1414.15,88.2,28.0,Retrasado,Bucaramanga,Físico,False,False,True
TRX-14175,PROD-1344,2025-08-21,1.0,795.57,33.16,9.0,Retrasado,Barranquilla,WhatsApp,False,False,False
TRX-14176,PROD-3385,2024-10-02,12.0,87.96,52.36,14.0,Devuelto,Barranquilla,WhatsApp,False,False,False
TRX-14177,PROD-3400,2025-09-15,8.0,1818.32,53.25,15.0,Entregado,Bogotá,Online,False,False,False
TRX-14178,PROD-2060,2025-04-13,14.0,1464.19,26.93,24.0,En Camino,Barranquilla,Online,False,False,False
TRX-14179,PROD-1307,2025-04-06,4.0,550.62,53.88,5.0,Perdido,Medellín,Físico,False,False,False
TRX-14180,PROD-1089,2024-11-19,2.0,998.76,69.92,24.0,En Camino,Medellín,WhatsApp,False,False,False
TRX-14181,PROD-1264,2026-01-29,13.0,65.31,13.12,2.0,Entregado,Medellín,App,False,False,False
TRX-14182,PROD-1809,2025-06-05,14.0,685.17,87.66,24.0,Retrasado,Barranquilla,WhatsApp,False,False,False
TRX-14183,PROD-3645,2025-05-03,1.0,1049.85,61.41,17.0,Devuelto,Cali,Online,False,False,True
TRX-14184,PROD-2816,2025-09-26,11.0,1039.27,99.01,11.0,En Camino,Medellín,Online,False,False,False
TRX-14185,PROD-1527,2025-03-21,3.0,424.29,7.43,13.0,Devuelto,Bucaramanga,WhatsApp,False,False,False
TRX-14186,PROD-1376,2025-11-14,7.0,1555.73,83.99,12.0,Retrasado,Bogotá,WhatsApp,False,False,False
TRX-14187,PROD-2358,2025-09-19,10.0,604.74,80.24,3.0,Sin Información,Cali,WhatsApp,False,False,False
TRX-14188,PROD-1501,2024-10-27,11.0,1165.02,52.36,23.0,Entregado,Bogotá,App,False,False,False
TRX-14189,PROD-1174,2025-09-16,10.0,550.33,17.62,20.0,En Camino,Barranquilla,WhatsApp,False,False,False
TRX-14190,PROD-2888,2025-01-03,8.0,856.08,36.85,13.0,Entregado,Bucaramanga,Físico,False,False,False
TRX-14191,PROD-1207,2025-03-02,5.0,422.95,89.06,15.0,Perdido,Bogotá,Físico,False,False,False
TRX-14192,PROD-1688,2025-04-10,7.0,1269.69,54.25,11.0,Entregado,Barranquilla,Online,False,False,False
TRX-14193,PROD-3350,2025-03-01,2.0,856.91,43.12,16.0,Sin Información,Medellín,App,False,False,False
TRX-14194,PROD-2774,2025-03-24,12.0,42.07,91.02,7.0,Retrasado,Barranquilla,App,False,False,False
TRX-14195,PROD-3967,2025-09-10,12.0,66.05,13.87,1.0,Retrasado,Bucaramanga,Online,False,False,True
TRX-14196,PROD-2617,2025-02-05,4.0,947.56,49.95,23.0,Perdido,Medellín,Físico,False,False,False
TRX-14197,PROD-3032,2025-11-26,6.0,374.62,66.98,19.0,Entregado,Barranquilla,Físico,False,False,False
TRX-14198,PROD-1120,2025-10-25,12.0,1174.23,62.81,18.0,Sin Información,Barranquilla,App,False,False,False
TRX-14199,PROD-2567,2025-05-06,12.0,822.3,30.11,9.0,Retrasado,Sin Ciudad,WhatsApp,False,False,False
TRX-14200,PROD-3798,2025-10-19,7.0,1312.3,52.36,15.0,Retrasado,Bogotá,WhatsApp,True,False,True
TRX-14201,PROD-2747,2025-05-23,12.0,1905.27,58.51,18.0,Retrasado,Barranquilla,App,False,False,False
TRX-14202,PROD-1707,2025-01-06,12.0,1062.18,72.31,3.0,Retrasado,Cali,App,False,False,False
TRX-14203,PROD-2449,2024-12-02,14.0,1576.88,60.56,3.0,Devuelto,Medellín,App,False,False,False
TRX-14204,PROD-1879,2024-12-08,12.0,1508.55,70.02,4.0,En Camino,Medellín,App,False,False,False
TRX-14205,PROD-1766,2024-11-15,12.0,1844.36,29.33,16.0,Devuelto,Bucaramanga,App,False,False,False
TRX-14206,PROD-2126,2025-06-26,5.0,435.9,84.12,11.0,Retrasado,Cali,App,False,False,False
TRX-14207,PROD-2146,2025-01-11,6.0,1656.38,47.72,23.0,Sin Información,Bucaramanga,App,False,False,False
TRX-14208,PROD-2826,2025-05-04,12.0,1811.99,98.79,23.0,Entregado,Cali,App,False,False,False
TRX-14209,PROD-1608,2024-12-06,2.0,791.6,7.21,15.0,Devuelto,Bogotá,WhatsApp,False,False,False
TRX-14210,PROD-1141,2024-10-06,7.0,634.49,41.13,9.0,Perdido,Barranquilla,Online,False,False,False
TRX-14211,PROD-3515,2025-12-25,8.0,1904.55,22.15,26.0,En Camino,Bogotá,Físico,False,False,True
TRX-14212,PROD-3536,2025-06-07,13.0,1258.99,52.36,8.0,Entregado,Sin Ciudad,Online,False,False,True
TRX-14213,PROD-3527,2026-01-17,14.0,767.55,57.78,22.0,Devuelto,Medellín,Online,False,False,True
TRX-14214,PROD-2006,2025-03-30,11.0,1585.74,28.1,6.0,En Camino,Barranquilla,App,False,False,False
TRX-14215,PROD-3651,2025-09-21,9.0,615.9,75.06,21.0,Sin Información,Sin Ciudad,App,False,False,True
TRX-14216,PROD-2208,2025-05-19,6.0,361.05,88.78,18.0,Devuelto,Sin Ciudad,App,False,False,False
TRX-14217,PROD-3043,2025-10-28,7.0,1092.5,25.03,6.0,Perdido,Sin Ciudad,Online,False,False,False
TRX-14218,PROD-2687,2025-08-22,13.0,1136.76,20.26,6.0,Retrasado,Medellín,WhatsApp,False,False,False
TRX-14219,PROD-3255,2026-01-08,12.0,1653.24,88.16,12.0,Perdido,Medellín,App,False,False,False
TRX-14220,PROD-2962,2025-07-23,13.0,919.48,39.32,5.0,Retrasado,Medellín,App,False,False,False
TRX-14221,PROD-1249,2024-12-22,1.0,1631.03,46.29,14.0,En Camino,Bogotá,Físico,False,False,False
TRX-14222,PROD-1359,2025-10-19,9.0,629.53,25.99,6.0,Devuelto,Cali,WhatsApp,False,False,False
TRX-14223,PROD-2145,2025-03-25,6.0,1154.98,45.4,21.0,Devuelto,Sin Ciudad,App,False,False,False
TRX-14224,PROD-2568,2024-10-09,12.0,424.86,52.36,27.0,Perdido,Barranquilla,WhatsApp,False,False,False
TRX-14225,PROD-1562,2025-12-19,4.0,777.04,26.97,28.0,Entregado,Bogotá,Físico,False,False,False
TRX-14226,PROD-2717,2024-10-04,10.0,1716.5,68.26,20.0,En Camino,Sin Ciudad,Online,False,False,False
TRX-14227,PROD-1816,2025-03-07,9.0,439.82,52.39,19.0,Sin Información,Medellín,Físico,False,False,False
TRX-14228,PROD-3632,2025-02-15,12.0,1622.38,79.87,14.0,Retrasado,Medellín,WhatsApp,False,False,True
TRX-14229,PROD-3153,2025-07-01,1.0,572.91,34.71,1.0,En Camino,Sin Ciudad,App,False,False,False
TRX-14230,PROD-2020,2026-01-14,2.0,78.63,53.03,27.0,Sin Información,Bucaramanga,App,False,False,False
TRX-14231,PROD-3583,2024-10-29,3.0,228.77,29.65,20.0,Perdido,Medellín,Físico,False,False,True
TRX-14232,PROD-3226,2024-12-01,1.0,1494.3,93.78,29.0,Sin Información,Barranquilla,Físico,False,False,False
TRX-14233,PROD-1079,2025-03-10,2.0,531.52,54.58,25.0,Devuelto,Medellín,WhatsApp,False,False,False
TRX-14234,PROD-2566,2025-08-23,2.0,1311.75,21.48,23.0,Retrasado,Medellín,WhatsApp,False,False,False
TRX-14235,PROD-3921,2025-03-11,7.0,1401.41,30.91,7.0,Retrasado,Bogotá,WhatsApp,False,False,True
TRX-14236,PROD-2470,2026-02-01,10.0,696.79,52.36,7.0,Sin Información,Cali,App,False,True,False
TRX-14237,PROD-2964,2025-06-02,13.0,955.09,12.88,14.0,Retrasado,Sin Ciudad,Físico,False,False,False
TRX-14238,PROD-3230,2025-09-03,6.0,813.5,7.64,20.0,Retrasado,Medellín,WhatsApp,False,False,False
TRX-14239,PROD-2985,2026-02-03,12.0,1895.22,54.96,16.0,En Camino,Cali,Físico,False,True,False
TRX-14240,PROD-2409,2025-12-26,9.0,646.7,37.03,12.0,En Camino,Sin Ciudad,App,False,False,False
TRX-14241,PROD-3316,2025-07-16,14.0,374.81,96.56,23.0,Sin Información,Medellín,Online,False,False,False
TRX-14242,PROD-3057,2025-11-27,5.0,737.53,21.28,11.0,Perdido,Barranquilla,WhatsApp,False,False,False
TRX-14243,PROD-2317,2025-02-11,9.0,1342.34,80.42,18.0,Sin Información,Bogotá,Online,False,False,False
TRX-14244,PROD-2590,2025-10-12,14.0,1397.75,35.02,12.0,Sin Información,Bogotá,App,False,False,False
TRX-14245,PROD-2107,2025-06-22,13.0,1848.87,26.24,24.0,Devuelto,Sin Ciudad,Físico,False,False,False
TRX-14246,PROD-1736,2025-05-05,12.0,1764.69,97.12,10.0,Sin Información,Sin Ciudad,Online,False,False,False
TRX-14247,PROD-1106,2025-03-24,10.0,583.76,81.24,24.0,Sin Información,Cali,Físico,False,False,False
TRX-14248,PROD-2306,2025-05-01,14.0,915.77,52.36,25.0,Devuelto,Bogotá,WhatsApp,False,False,False
TRX-14249,PROD-3445,2024-11-14,14.0,1497.07,64.91,5.0,En Camino,Cali,WhatsApp,False,False,False
TRX-14250,PROD-1897,2025-01-18,9.0,1833.91,71.23,26.0,Perdido,Bogotá,App,False,False,False
TRX-14251,PROD-1120,2025-09-22,2.0,680.96,99.18,24.0,Entregado,Cali,WhatsApp,False,False,False
TRX-14252,PROD-2150,2025-02-28,12.0,894.44,61.35,2.0,Sin Información,Cali,Físico,False,False,False
TRX-14253,PROD-1239,2025-12-12,9.0,1799.96,14.68,10.0,Sin Información,Bogotá,WhatsApp,False,False,False
TRX-14254,PROD-2932,2025-02-05,3.0,723.38,11.16,26.0,Sin Información,Bucaramanga,Online,False,False,False
TRX-14255,PROD-3168,2025-11-10,11.0,966.22,68.33,24.0,Retrasado,Medellín,Físico,False,False,False
TRX-14256,PROD-2464,2024-12-08,3.0,1809.96,67.47,26.0,Sin Información,Medellín,WhatsApp,False,False,False
TRX-14257,PROD-3392,2025-08-24,12.0,1606.46,76.08,16.0,Devuelto,Medellín,Online,False,False,False
TRX-14258,PROD-1953,2025-12-16,11.0,494.43,15.33,25.0,Retrasado,Bogotá,Físico,False,False,False
TRX-14259,PROD-1653,2024-11-06,14.0,656.34,94.77,6.0,Devuelto,Bogotá,Online,False,False,False
TRX-14260,PROD-1410,2024-10-10,9.0,712.39,52.36,6.0,Sin Información,Medellín,Físico,False,False,False
TRX-14261,PROD-2015,2025-09-12,7.0,1826.35,57.36,20.0,Entregado,Bogotá,Online,False,False,False
TRX-14262,PROD-3690,2025-11-25,14.0,1997.88,66.71,29.0,Sin Información,Medellín,Online,False,False,True
TRX-14263,PROD-1987,2025-10-30,11.0,1550.27,8.31,24.0,Devuelto,Medellín,WhatsApp,False,False,False
TRX-14264,PROD-2091,2025-04-15,8.0,973.81,96.29,23.0,Sin Información,Cali,App,False,False,False
TRX-14265,PROD-3185,2026-02-03,7.0,30.25,58.45,12.0,Entregado,Bucaramanga,WhatsApp,False,True,False
TRX-14266,PROD-1229,2025-08-12,9.0,1398.0,58.52,9.0,Devuelto,Bogotá,Físico,False,False,False
TRX-14267,PROD-1898,2024-12-14,8.0,784.83,94.64,17.0,En Camino,Bucaramanga,Online,False,False,False
TRX-14268,PROD-3358,2024-11-11,14.0,1269.64,93.29,10.0,Retrasado,Bogotá,Físico,False,False,False
TRX-14269,PROD-2590,2025-06-30,4.0,1217.32,25.93,8.0,Perdido,Medellín,WhatsApp,False,False,False
TRX-14270,PROD-2453,2025-03-07,2.0,966.86,93.45,24.0,Perdido,Sin Ciudad,Físico,False,False,False
TRX-14271,PROD-1711,2025-05-23,14.0,1889.33,74.98,9.0,Devuelto,Barranquilla,WhatsApp,False,False,False
TRX-14272,PROD-1721,2025-10-04,13.0,56.06,52.36,7.0,Perdido,Bogotá,WhatsApp,False,False,False
TRX-14273,PROD-1968,2026-01-14,11.0,1427.14,6.8,25.0,Sin Información,Sin Ciudad,App,False,False,False
TRX-14274,PROD-3426,2025-03-05,5.0,825.58,27.79,10.0,Retrasado,Medellín,WhatsApp,False,False,False
TRX-14275,PROD-2302,2025-08-12,2.0,1430.44,44.23,24.0,En Camino,Barranquilla,Online,False,False,False
TRX-14276,PROD-3857,2024-11-17,4.0,1353.69,60.37,25.0,En Camino,Cali,WhatsApp,False,False,True
TRX-14277,PROD-2469,2024-10-31,14.0,30.37,71.63,25.0,Entregado,Sin Ciudad,WhatsApp,False,False,False
TRX-14278,PROD-3423,2025-08-07,12.0,577.82,24.97,1.0,Perdido,Medellín,Online,False,False,False
TRX-14279,PROD-1115,2025-01-28,2.0,386.29,84.49,19.0,Sin Información,Bogotá,WhatsApp,False,False,False
TRX-14280,PROD-3881,2025-10-18,5.0,342.3,85.34,22.0,Retrasado,Bogotá,Físico,False,False,True
TRX-14281,PROD-3869,2025-01-22,6.0,1459.67,65.32,28.0,Perdido,Sin Ciudad,App,False,False,True
TRX-14282,PROD-2440,2025-05-27,11.0,486.71,92.5,11.0,Retrasado,Medellín,Online,False,False,False
TRX-14283,PROD-3325,2025-03-27,1.0,954.73,82.23,23.0,Entregado,Sin Ciudad,Online,False,False,False
TRX-14284,PROD-3308,2025-04-18,12.0,501.51,52.36,20.0,Sin Información,Medellín,Físico,False,False,False
TRX-14285,PROD-1582,2025-08-03,8.0,1164.67,26.05,10.0,Perdido,Bogotá,Online,False,False,False
TRX-14286,PROD-3306,2025-07-23,2.0,1443.94,80.87,2.0,En Camino,Cali,Físico,False,False,False
TRX-14287,PROD-1771,2025-10-16,14.0,668.84,95.55,14.0,Entregado,Medellín,Online,False,False,False
TRX-14288,PROD-3016,2025-05-19,5.0,1210.01,18.07,12.0,Sin Información,Cali,WhatsApp,False,False,False
TRX-14289,PROD-3220,2025-04-25,11.0,1651.46,97.98,4.0,Perdido,Medellín,Online,False,False,False
TRX-14290,PROD-2265,2025-07-11,8.0,197.51,7.37,22.0,En Camino,Bogotá,App,False,False,False
TRX-14291,PROD-1719,2025-05-04,5.0,1424.23,54.61,13.0,En Camino,Sin Ciudad,Online,False,False,False
TRX-14292,PROD-3008,2024-12-19,3.0,653.06,78.52,20.0,Retrasado,Bogotá,Online,False,False,False
TRX-14293,PROD-1155,2024-10-17,6.0,254.07,80.09,28.0,En Camino,Bogotá,App,False,False,False
TRX-14294,PROD-1369,2025-11-25,1.0,1095.85,74.79,10.0,Devuelto,Bogotá,Online,False,False,False
TRX-14295,PROD-1230,2025-04-30,1.0,460.26,55.29,2.0,Perdido,Bucaramanga,Físico,False,False,False
TRX-14296,PROD-1952,2025-06-24,8.0,1644.51,52.36,25.0,Perdido,Sin Ciudad,Físico,False,False,False
TRX-14297,PROD-3464,2025-02-04,7.0,95.36,66.84,17.0,Retrasado,Cali,App,False,False,False
TRX-14298,PROD-1896,2026-01-27,10.0,206.32,71.49,10.0,En Camino,Bogotá,WhatsApp,False,False,False
TRX-14299,PROD-1081,2025-12-08,10.0,1046.78,51.98,23.0,Retrasado,Medellín,Online,False,False,False
TRX-14300,PROD-3156,2025-05-13,7.0,1181.99,61.59,16.0,Devuelto,Bucaramanga,App,False,False,False
TRX-14301,PROD-2957,2025-12-31,11.0,1462.47,85.4,9.0,Retrasado,Bogotá,App,False,False,False
TRX-14302,PROD-1002,2024-11-27,11.0,525.93,34.72,19.0,Perdido,Cali,Online,False,False,False
TRX-14303,PROD-2358,2024-12-11,3.0,1685.1,54.7,11.0,Sin Información,Bucaramanga,WhatsApp,False,False,False
TRX-14304,PROD-3515,2025-11-19,8.0,1906.75,5.81,6.0,Sin Información,Bogotá,Online,False,False,True
TRX-14305,PROD-1825,2025-06-04,11.0,1003.09,70.31,25.0,Retrasado,Medellín,Online,False,False,False
TRX-14306,PROD-1534,2025-01-25,8.0,1523.46,23.56,25.0,Perdido,Sin Ciudad,App,False,False,False
TRX-14307,PROD-2395,2025-02-15,14.0,1054.45,50.7,4.0,Entregado,Bogotá,WhatsApp,False,False,False
TRX-14308,PROD-3936,2025-01-03,14.0,148.24,52.36,16.0,Devuelto,Cali,App,False,False,True
TRX-14309,PROD-1726,2025-10-12,1.0,658.96,24.97,12.0,Devuelto,Bogotá,WhatsApp,False,False,False
TRX-14310,PROD-2325,2025-12-13,10.0,184.1,7.24,24.0,Perdido,Barranquilla,WhatsApp,False,False,False
TRX-14311,PROD-1243,2025-10-14,7.0,1977.87,50.91,24.0,Sin Información,Medellín,App,False,False,False
TRX-14312,PROD-1089,2025-10-10,2.0,465.76,45.36,27.0,Entregado,Bogotá,WhatsApp,False,False,False
TRX-14313,PROD-1605,2025-06-26,12.0,1275.44,45.39,16.0,En Camino,Bucaramanga,Online,False,False,False
TRX-14314,PROD-3402,2025-10-09,2.0,575.85,24.84,23.0,Retrasado,Medellín,App,False,False,False
TRX-14315,PROD-3886,2025-01-24,2.0,1309.96,94.98,22.0,En Camino,Medellín,App,False,False,True
TRX-14316,PROD-1580,2025-11-10,13.0,428.7,5.33,3.0,Entregado,Bogotá,Online,False,False,False
TRX-14317,PROD-1454,2025-06-16,5.0,1572.69,89.7,12.0,Devuelto,Bogotá,WhatsApp,False,False,False
TRX-14318,PROD-3155,2025-06-27,7.0,230.52,75.01,15.0,En Camino,Cali,WhatsApp,False,False,False
TRX-14319,PROD-2494,2025-01-11,4.0,1791.35,21.35,20.0,Entregado,Medellín,WhatsApp,False,False,False
TRX-14320,PROD-1297,2025-10-08,11.0,1682.44,52.36,12.0,Devuelto,Medellín,Online,False,False,False
TRX-14321,PROD-2530,2025-08-01,12.0,1360.83,49.86,9.0,Sin Información,Bogotá,App,False,False,False
TRX-14322,PROD-3885,2024-12-20,4.0,144.16,98.94,10.0,En Camino,Cali,Físico,False,False,True
TRX-14323,PROD-3712,2025-10-14,9.0,425.05,66.15,23.0,Sin Información,Barranquilla,App,False,False,True
TRX-14324,PROD-2620,2025-02-27,14.0,1720.13,17.1,27.0,Devuelto,Sin Ciudad,Físico,False,False,False
TRX-14325,PROD-3400,2025-04-26,10.0,252.73,48.48,8.0,Perdido,Bogotá,App,False,False,False
TRX-14326,PROD-1413,2025-10-11,9.0,320.3,49.48,13.0,Devuelto,Bogotá,Físico,False,False,False
TRX-14327,PROD-2378,2025-07-20,7.0,1092.57,81.22,22.0,Devuelto,Sin Ciudad,Online,False,False,False
TRX-14328,PROD-2236,2024-10-28,14.0,555.61,92.04,15.0,Entregado,Barranquilla,WhatsApp,False,False,False
TRX-14329,PROD-2321,2024-12-18,10.0,451.93,12.81,28.0,Entregado,Cali,Online,False,False,False
TRX-14330,PROD-1558,2025-01-18,4.0,1155.87,34.83,17.0,Retrasado,Medellín,WhatsApp,False,False,False
TRX-14331,PROD-1645,2025-08-16,8.0,751.43,33.35,27.0,Entregado,Barranquilla,App,False,False,False
TRX-14332,PROD-3999,2025-12-14,10.0,289.71,52.36,12.0,Perdido,Barranquilla,Online,False,False,True
TRX-14333,PROD-2789,2025-03-23,3.0,1074.36,99.62,16.0,Perdido,Bogotá,App,False,False,False
TRX-14334,PROD-3618,2024-11-29,3.0,780.15,58.13,25.0,Sin Información,Cali,WhatsApp,False,False,True
TRX-14335,PROD-2995,2025-11-30,12.0,1471.69,88.58,11.0,Devuelto,Cali,App,False,False,False
TRX-14336,PROD-3659,2025-09-16,7.0,214.48,45.47,19.0,Entregado,Sin Ciudad,Online,False,False,True
TRX-14337,PROD-2299,2026-01-26,13.0,1245.02,73.66,29.0,Retrasado,Bogotá,Físico,False,False,False
TRX-14338,PROD-1713,2025-02-28,11.0,878.62,32.23,13.0,Entregado,Bogotá,WhatsApp,False,False,False
TRX-14339,PROD-3896,2025-07-04,12.0,818.06,91.62,3.0,Retrasado,Bogotá,App,False,False,True
TRX-14340,PROD-3301,2025-12-09,9.0,472.25,48.24,25.0,Devuelto,Cali,Físico,False,False,False
TRX-14341,PROD-3840,2025-03-05,13.0,70.55,81.35,4.0,Sin Información,Sin Ciudad,Físico,False,False,True
TRX-14342,PROD-3513,2025-12-27,11.0,1696.9,29.3,24.0,Sin Información,Barranquilla,Online,False,False,True
TRX-14343,PROD-2461,2025-09-18,4.0,659.56,70.89,15.0,Perdido,Sin Ciudad,App,False,False,False
TRX-14344,PROD-1914,2024-12-04,4.0,1365.37,52.36,14.0,Entregado,Bogotá,Online,False,False,False
TRX-14345,PROD-3726,2025-01-19,1.0,1895.7,43.49,28.0,Entregado,Bucaramanga,App,False,False,True
TRX-14346,PROD-3412,2025-08-29,1.0,1134.33,7.99,11.0,Perdido,Bogotá,Físico,False,False,False
TRX-14347,PROD-1718,2026-02-03,13.0,800.32,44.24,28.0,Perdido,Cali,App,False,True,False
TRX-14348,PROD-2549,2025-04-05,14.0,543.86,57.25,13.0,Sin Información,Bucaramanga,WhatsApp,False,False,False
TRX-14349,PROD-2256,2024-12-20,3.0,1868.75,19.42,20.0,Sin Información,Bucaramanga,Físico,False,False,False
TRX-14350,PROD-3820,2025-09-02,12.0,1367.33,22.47,18.0,Sin Información,Bogotá,WhatsApp,False,False,True
TRX-14351,PROD-2206,2024-12-07,13.0,1333.91,49.16,13.0,En Camino,Bucaramanga,Online,False,False,False
TRX-14352,PROD-1521,2025-05-01,7.0,858.06,37.56,21.0,En Camino,Bucaramanga,WhatsApp,False,False,False
TRX-14353,PROD-1727,2025-02-08,13.0,1691.65,46.87,27.0,En Camino,Medellín,Online,False,False,False
TRX-14354,PROD-3985,2025-09-29,9.0,1430.21,48.78,19.0,Perdido,Bogotá,Online,False,False,True
TRX-14355,PROD-1007,2025-10-22,4.0,573.53,18.31,4.0,En Camino,Bucaramanga,WhatsApp,False,False,False
TRX-14356,PROD-3875,2025-05-21,2.0,1203.16,52.36,12.0,Entregado,Bucaramanga,App,False,False,True
TRX-14357,PROD-3346,2025-02-23,6.0,866.09,22.21,3.0,Perdido,Bogotá,WhatsApp,False,False,False
TRX-14358,PROD-2603,2024-11-14,6.0,23.11,85.58,16.0,Entregado,Cali,App,False,False,False
TRX-14359,PROD-3324,2025-02-11,9.0,1617.17,20.46,1.0,Perdido,Medellín,Online,False,False,False
TRX-14360,PROD-1132,2025-08-08,4.0,254.43,68.26,4.0,Devuelto,Cali,WhatsApp,False,False,False
TRX-14361,PROD-1745,2025-12-30,8.0,1024.81,44.76,9.0,Entregado,Medellín,WhatsApp,False,False,False
TRX-14362,PROD-3467,2025-10-21,13.0,679.09,96.98,23.0,Perdido,Medellín,App,False,False,False
TRX-14363,PROD-2303,2024-10-23,14.0,690.76,11.28,13.0,Retrasado,Bucaramanga,WhatsApp,False,False,False
TRX-14364,PROD-3504,2025-05-03,13.0,959.96,83.89,22.0,Perdido,Medellín,WhatsApp,False,False,True
TRX-14365,PROD-1904,2025-07-11,3.0,1994.08,51.69,10.0,Devuelto,Bogotá,App,False,False,False
TRX-14366,PROD-3619,2025-06-15,2.0,822.68,5.51,9.0,Perdido,Medellín,App,False,False,True
TRX-14367,PROD-3316,2025-07-01,9.0,372.84,30.05,20.0,Devuelto,Bogotá,Físico,False,False,False
TRX-14368,PROD-1426,2025-06-25,6.0,1231.08,52.36,6.0,En Camino,Cali,App,False,False,False
TRX-14369,PROD-3032,2025-10-08,11.0,480.21,43.73,19.0,Entregado,Medellín,Online,False,False,False
TRX-14370,PROD-1576,2024-11-05,8.0,220.04,34.85,3.0,Devuelto,Bogotá,Online,False,False,False
TRX-14371,PROD-2356,2024-11-23,11.0,109.85,39.43,10.0,Retrasado,Sin Ciudad,App,False,False,False
TRX-14372,PROD-1318,2025-04-11,10.0,55.53,92.08,10.0,Entregado,Barranquilla,Físico,False,False,False
TRX-14373,PROD-1974,2025-08-23,9.0,868.02,39.29,24.0,Perdido,Barranquilla,Físico,False,False,False
TRX-14374,PROD-2420,2024-10-01,1.0,859.18,44.79,21.0,Perdido,Medellín,WhatsApp,False,False,False
TRX-14375,PROD-2308,2024-12-02,13.0,379.24,77.31,24.0,Devuelto,Medellín,Físico,False,False,False
TRX-14376,PROD-1687,2024-12-21,1.0,1570.2,80.41,25.0,Retrasado,Cali,Online,False,False,False
TRX-14377,PROD-3605,2024-10-16,11.0,267.25,12.99,2.0,Devuelto,Bogotá,Online,False,False,True
TRX-14378,PROD-1363,2025-02-09,5.0,1831.48,71.89,13.0,Retrasado,Barranquilla,App,False,False,False
TRX-14379,PROD-3903,2025-08-04,9.0,1179.28,50.84,7.0,Sin Información,Bucaramanga,App,False,False,True
TRX-14380,PROD-3744,2025-08-28,7.0,64.96,52.36,29.0,Devuelto,Bogotá,WhatsApp,False,False,True
TRX-14381,PROD-3617,2025-10-03,7.0,1926.32,17.72,13.0,En Camino,Cali,App,False,False,True
TRX-14382,PROD-3987,2024-12-09,2.0,622.8,30.15,14.0,En Camino,Medellín,Físico,False,False,True
TRX-14383,PROD-2375,2025-04-24,3.0,905.45,9.28,28.0,En Camino,Bogotá,WhatsApp,False,False,False
TRX-14384,PROD-2829,2024-10-08,4.0,575.69,39.22,18.0,Devuelto,Cali,App,False,False,False
TRX-14385,PROD-1046,2024-10-21,2.0,1459.56,29.26,14.0,Entregado,Bogotá,App,False,False,False
TRX-14386,PROD-2086,2025-11-12,10.0,976.5,41.3,23.0,Perdido,Bogotá,App,False,False,False
TRX-14387,PROD-1858,2026-01-02,9.0,273.42,60.13,27.0,Entregado,Medellín,App,False,False,False
TRX-14388,PROD-2022,2025-10-02,5.0,217.37,74.57,13.0,Perdido,Cali,App,False,False,False
TRX-14389,PROD-3839,2025-07-10,13.0,1453.5,62.51,19.0,Retrasado,Medellín,Online,False,False,True
TRX-14390,PROD-1277,2024-11-04,7.0,481.79,69.45,8.0,En Camino,Medellín,WhatsApp,False,False,False
TRX-14391,PROD-2435,2025-09-09,11.0,284.21,87.24,4.0,En Camino,Bucaramanga,Online,False,False,False
TRX-14392,PROD-2051,2025-10-02,9.0,1003.86,52.36,9.0,Perdido,Cali,WhatsApp,False,False,False
TRX-14393,PROD-1442,2024-11-14,5.0,1607.5,88.01,12.0,En Camino,Sin Ciudad,Físico,False,False,False
TRX-14394,PROD-3950,2025-06-25,6.0,564.78,86.77,20.0,Entregado,Medellín,Físico,False,False,True
TRX-14395,PROD-1005,2025-09-28,4.0,560.1,19.55,2.0,Devuelto,Medellín,Físico,False,False,False
TRX-14396,PROD-1197,2025-05-12,14.0,1669.42,28.85,29.0,En Camino,Medellín,WhatsApp,False,False,False
TRX-14397,PROD-2580,2025-04-22,8.0,304.19,52.72,4.0,Sin Información,Bucaramanga,Online,False,False,False
TRX-14398,PROD-2794,2024-09-30,1.0,1237.29,39.08,21.0,En Camino,Barranquilla,Online,False,False,False
TRX-14399,PROD-4000,2025-01-22,1.0,1910.48,17.51,24.0,Sin Información,Cali,App,False,False,True
TRX-14400,PROD-2718,2026-01-18,7.0,1684.19,32.34,15.0,Retrasado,Bucaramanga,WhatsApp,True,False,False
TRX-14401,PROD-1681,2024-11-03,5.0,133.01,97.67,19.0,Devuelto,Medellín,Físico,False,False,False
TRX-14402,PROD-2695,2025-08-21,10.0,646.62,37.96,9.0,Perdido,Barranquilla,WhatsApp,False,False,False
TRX-14403,PROD-3019,2025-05-13,9.0,293.33,44.8,9.0,Devuelto,Bogotá,App,False,False,False
TRX-14404,PROD-2551,2024-12-01,2.0,1898.99,52.36,11.0,Devuelto,Medellín,Online,False,False,False
TRX-14405,PROD-2438,2025-09-24,11.0,1972.02,5.61,10.0,Perdido,Bogotá,App,False,False,False
TRX-14406,PROD-3236,2024-10-08,3.0,477.64,73.34,3.0,Devuelto,Cali,App,False,False,False
TRX-14407,PROD-2537,2024-11-30,8.0,1342.7,44.29,8.0,Retrasado,Sin Ciudad,App,False,False,False
TRX-14408,PROD-1415,2024-11-14,5.0,1684.85,14.8,22.0,Sin Información,Cali,App,False,False,False
TRX-14409,PROD-2963,2025-03-14,3.0,475.02,97.01,11.0,Entregado,Bogotá,Online,False,False,False
TRX-14410,PROD-3367,2025-12-01,6.0,383.48,78.86,6.0,Devuelto,Cali,Online,False,False,False
TRX-14411,PROD-3666,2026-01-17,6.0,32.31,73.98,18.0,Entregado,Cali,Online,False,False,True
TRX-14412,PROD-3814,2025-06-11,14.0,829.81,96.0,8.0,Retrasado,Bucaramanga,Online,False,False,True
TRX-14413,PROD-1923,2025-10-06,5.0,1799.88,43.71,23.0,Retrasado,Medellín,Físico,False,False,False
TRX-14414,PROD-1666,2025-07-08,5.0,1806.93,73.26,2.0,Devuelto,Bogotá,WhatsApp,False,False,False
TRX-14415,PROD-2848,2025-12-29,6.0,264.21,24.59,20.0,En Camino,Cali,Físico,False,False,False
TRX-14416,PROD-1301,2024-10-07,2.0,416.66,52.36,5.0,Devuelto,Bucaramanga,App,False,False,False
TRX-14417,PROD-1136,2025-06-19,6.0,822.01,71.23,25.0,Entregado,Medellín,App,False,False,False
TRX-14418,PROD-2207,2025-03-08,2.0,1563.44,6.34,10.0,Retrasado,Bogotá,App,False,False,False
TRX-14419,PROD-1082,2024-11-24,3.0,1227.58,17.0,18.0,Entregado,Medellín,App,False,False,False
TRX-14420,PROD-2305,2025-06-10,2.0,1032.56,45.4,12.0,Entregado,Bogotá,Físico,False,False,False
TRX-14421,PROD-2069,2026-02-04,1.0,1187.94,6.15,28.0,Perdido,Sin Ciudad,Online,False,True,False
TRX-14422,PROD-1428,2025-01-21,12.0,201.44,48.89,23.0,Retrasado,Bucaramanga,App,False,False,False
TRX-14423,PROD-1303,2025-09-03,1.0,960.55,54.67,21.0,Retrasado,Sin Ciudad,Físico,False,False,False
TRX-14424,PROD-2400,2025-05-20,9.0,1984.21,64.05,2.0,Entregado,Bogotá,Físico,False,False,False
TRX-14425,PROD-1696,2025-12-31,13.0,186.01,14.54,10.0,Sin Información,Sin Ciudad,App,False,False,False
TRX-14426,PROD-2537,2025-01-07,4.0,1043.3,22.2,12.0,Retrasado,Sin Ciudad,App,False,False,False
TRX-14427,PROD-1659,2026-01-30,5.0,598.34,63.26,19.0,Sin Información,Medellín,Físico,False,False,False
TRX-14428,PROD-3998,2025-03-21,10.0,1084.43,52.36,5.0,Sin Información,Barranquilla,WhatsApp,False,False,True
TRX-14429,PROD-1307,2024-10-08,14.0,1151.9,67.53,10.0,Devuelto,Cali,Físico,False,False,False
TRX-14430,PROD-3240,2025-09-12,7.0,1159.17,7.46,1.0,Perdido,Bogotá,WhatsApp,False,False,False
TRX-14431,PROD-1381,2025-11-18,2.0,1705.9,56.33,7.0,Devuelto,Barranquilla,App,False,False,False
TRX-14432,PROD-2384,2025-07-28,12.0,785.6,79.57,1.0,En Camino,Medellín,Online,False,False,False
TRX-14433,PROD-3433,2025-04-25,11.0,1037.54,11.56,22.0,En Camino,Bucaramanga,Online,False,False,False
TRX-14434,PROD-3513,2024-12-08,10.0,31.75,44.25,28.0,Sin Información,Barranquilla,WhatsApp,False,False,True
TRX-14435,PROD-2977,2025-05-05,9.0,1581.21,36.02,22.0,Entregado,Medellín,App,False,False,False
TRX-14436,PROD-3885,2024-12-24,12.0,526.38,91.8,17.0,Sin Información,Barranquilla,App,False,False,True
TRX-14437,PROD-1126,2025-03-22,4.0,1634.94,22.65,12.0,En Camino,Sin Ciudad,WhatsApp,False,False,False
TRX-14438,PROD-2766,2025-03-15,10.0,538.62,35.24,7.0,Devuelto,Medellín,Online,False,False,False
TRX-14439,PROD-3677,2025-09-11,10.0,31.47,90.35,8.0,En Camino,Sin Ciudad,Físico,False,False,True
TRX-14440,PROD-1675,2025-09-11,13.0,318.11,52.36,3.0,Entregado,Bucaramanga,WhatsApp,False,False,False
TRX-14441,PROD-3487,2025-04-29,13.0,1971.51,36.41,15.0,Retrasado,Cali,App,False,False,False
TRX-14442,PROD-2778,2025-02-12,1.0,646.4,55.48,12.0,Perdido,Sin Ciudad,App,False,False,False
TRX-14443,PROD-1643,2025-08-03,8.0,226.56,8.14,26.0,Entregado,Medellín,Online,False,False,False
TRX-14444,PROD-1219,2025-11-30,4.0,246.33,98.57,17.0,Entregado,Medellín,WhatsApp,False,False,False
TRX-14445,PROD-1414,2025-10-20,7.0,627.58,83.37,2.0,Entregado,Bogotá,WhatsApp,False,False,False
TRX-14446,PROD-2356,2025-07-01,3.0,84.91,65.27,17.0,Devuelto,Medellín,WhatsApp,False,False,False
TRX-14447,PROD-1841,2025-06-08,11.0,1027.86,10.77,25.0,Retrasado,Bucaramanga,App,False,False,False
TRX-14448,PROD-1778,2025-09-13,12.0,435.34,12.11,4.0,Entregado,Bogotá,Físico,False,False,False
TRX-14449,PROD-2676,2024-11-08,9.0,1043.43,56.77,7.0,Retrasado,Sin Ciudad,WhatsApp,False,False,False
TRX-14450,PROD-3855,2024-09-27,13.0,290.12,32.08,15.0,Sin Información,Barranquilla,Físico,False,False,True
TRX-14451,PROD-3269,2024-11-23,5.0,865.42,64.16,21.0,Entregado,Cali,App,False,False,False
TRX-14452,PROD-3957,2026-01-03,5.0,1199.85,52.36,25.0,Devuelto,Sin Ciudad,Físico,False,False,True
TRX-14453,PROD-3989,2024-12-15,3.0,133.38,61.83,16.0,Entregado,Sin Ciudad,Físico,False,False,True
TRX-14454,PROD-3212,2025-02-02,11.0,803.51,84.67,25.0,Sin Información,Bogotá,Físico,False,False,False
TRX-14455,PROD-2086,2025-10-21,9.0,612.02,31.73,6.0,En Camino,Medellín,App,False,False,False
TRX-14456,PROD-3705,2025-08-24,3.0,488.32,59.9,5.0,Devuelto,Medellín,App,False,False,True
TRX-14457,PROD-2153,2024-11-24,2.0,1213.02,78.85,26.0,Entregado,Cali,App,False,False,False
TRX-14458,PROD-2218,2025-06-30,11.0,1181.2,51.62,16.0,Entregado,Bucaramanga,Físico,False,False,False
TRX-14459,PROD-1972,2024-11-05,13.0,1265.09,83.91,1.0,Entregado,Barranquilla,Online,False,False,False
TRX-14460,PROD-1392,2025-02-22,9.0,326.18,17.47,15.0,En Camino,Medellín,Online,False,False,False
TRX-14461,PROD-1203,2025-11-10,12.0,578.56,74.72,20.0,En Camino,Bogotá,Online,False,False,False
TRX-14462,PROD-2609,2025-06-19,12.0,427.26,94.58,5.0,Entregado,Medellín,Físico,False,False,False
TRX-14463,PROD-3341,2025-08-30,9.0,1085.6,36.53,13.0,En Camino,Cali,Online,False,False,False
TRX-14464,PROD-3251,2025-03-12,10.0,927.52,52.36,14.0,Entregado,Sin Ciudad,App,False,False,False
TRX-14465,PROD-3010,2025-02-25,12.0,667.28,39.8,25.0,En Camino,Bogotá,Físico,False,False,False
TRX-14466,PROD-1629,2026-01-13,13.0,1574.17,12.94,2.0,Retrasado,Bogotá,WhatsApp,False,False,False
TRX-14467,PROD-1223,2025-06-24,4.0,197.01,65.94,2.0,Sin Información,Bogotá,Online,False,False,False
TRX-14468,PROD-2477,2025-09-15,4.0,1950.04,57.48,19.0,Entregado,Bogotá,Físico,False,False,False
TRX-14469,PROD-1015,2025-11-22,13.0,241.92,8.83,19.0,Sin Información,Cali,WhatsApp,False,False,False
TRX-14470,PROD-2751,2024-10-12,11.0,1548.41,76.46,12.0,Entregado,Bogotá,Físico,False,False,False
TRX-14471,PROD-1358,2026-01-18,10.0,742.78,83.78,23.0,Perdido,Medellín,WhatsApp,False,False,False
TRX-14472,PROD-2206,2025-04-24,13.0,1731.87,91.18,17.0,Perdido,Barranquilla,App,False,False,False
TRX-14473,PROD-3711,2024-12-10,13.0,157.6,56.84,2.0,Devuelto,Sin Ciudad,Físico,False,False,True
TRX-14474,PROD-3560,2025-02-08,6.0,755.7,48.0,11.0,Retrasado,Bogotá,App,False,False,True
TRX-14475,PROD-3458,2025-12-04,9.0,677.53,88.23,17.0,Retrasado,Medellín,App,False,False,False
TRX-14476,PROD-2967,2024-12-29,8.0,1986.38,52.36,14.0,Devuelto,Medellín,WhatsApp,False,False,False
TRX-14477,PROD-1817,2025-10-04,10.0,1971.24,42.88,9.0,Perdido,Cali,Online,False,False,False
TRX-14478,PROD-1397,2025-02-21,3.0,387.71,67.27,26.0,Devuelto,Medellín,WhatsApp,False,False,False
TRX-14479,PROD-1105,2025-04-08,6.0,1263.59,63.46,25.0,Perdido,Bogotá,Online,False,False,False
TRX-14480,PROD-1847,2025-06-22,13.0,1075.68,40.36,29.0,Entregado,Sin Ciudad,WhatsApp,False,False,False
TRX-14481,PROD-1699,2025-02-25,7.0,317.2,13.25,19.0,Sin Información,Sin Ciudad,Físico,False,False,False
TRX-14482,PROD-3614,2024-11-11,6.0,343.88,7.03,28.0,Devuelto,Bogotá,Online,False,False,True
TRX-14483,PROD-2195,2026-01-14,3.0,1978.61,45.68,19.0,En Camino,Bogotá,Físico,False,False,False
TRX-14484,PROD-1335,2025-05-08,14.0,910.93,50.71,1.0,Sin Información,Barranquilla,WhatsApp,False,False,False
TRX-14485,PROD-2939,2025-12-05,14.0,260.34,83.15,5.0,Perdido,Bogotá,App,False,False,False
TRX-14486,PROD-1473,2025-12-23,14.0,437.43,44.37,19.0,Entregado,Sin Ciudad,WhatsApp,False,False,False
TRX-14487,PROD-2263,2024-10-02,13.0,544.01,31.71,2.0,En Camino,Sin Ciudad,Físico,False,False,False
TRX-14488,PROD-2628,2025-02-18,13.0,1026.73,52.36,29.0,En Camino,Cali,WhatsApp,False,False,False
TRX-14489,PROD-2928,2024-11-19,9.0,677.74,48.9,14.0,Retrasado,Medellín,App,False,False,False
TRX-14490,PROD-3003,2025-03-03,4.0,915.47,27.61,19.0,Perdido,Cali,App,False,False,False
TRX-14491,PROD-3707,2025-09-08,2.0,341.33,13.68,24.0,Entregado,Bucaramanga,WhatsApp,False,False,True
TRX-14492,PROD-2085,2026-01-12,9.0,660.19,15.74,8.0,Perdido,Sin Ciudad,WhatsApp,False,False,False
TRX-14493,PROD-1373,2025-01-07,3.0,149.93,35.32,17.0,Entregado,Barranquilla,Físico,False,False,False
TRX-14494,PROD-3629,2025-11-23,6.0,1780.52,6.2,2.0,Sin Información,Cali,App,False,False,True
TRX-14495,PROD-3228,2025-10-22,5.0,405.52,25.92,17.0,Perdido,Bogotá,Online,False,False,False
TRX-14496,PROD-2587,2025-07-08,14.0,1516.23,79.81,8.0,Sin Información,Barranquilla,Físico,False,False,False
TRX-14497,PROD-1757,2025-03-27,13.0,705.61,27.29,14.0,En Camino,Bucaramanga,Online,False,False,False
TRX-14498,PROD-2519,2024-11-07,2.0,954.05,15.52,17.0,Retrasado,Bucaramanga,App,False,False,False
TRX-14499,PROD-2562,2025-12-11,1.0,589.61,95.16,6.0,Sin Información,Bogotá,App,False,False,False
TRX-14500,PROD-2513,2025-12-12,7.0,1395.92,52.36,26.0,Devuelto,Sin Ciudad,Físico,False,False,False
TRX-14501,PROD-1764,2025-01-29,9.0,1690.65,64.13,29.0,Perdido,Medellín,App,False,False,False
TRX-14502,PROD-2825,2025-11-01,3.0,579.68,10.7,11.0,En Camino,Bogotá,Online,False,False,False
TRX-14503,PROD-1182,2025-08-06,7.0,492.01,10.91,8.0,Devuelto,Bogotá,WhatsApp,False,False,False
TRX-14504,PROD-2078,2025-12-14,9.0,1366.07,63.15,13.0,Sin Información,Sin Ciudad,Físico,False,False,False
TRX-14505,PROD-2801,2024-12-18,9.0,398.35,56.31,8.0,Devuelto,Medellín,WhatsApp,False,False,False
TRX-14506,PROD-2904,2025-05-29,12.0,1283.28,11.5,7.0,Devuelto,Cali,WhatsApp,False,False,False
TRX-14507,PROD-2078,2025-08-17,10.0,197.91,26.31,24.0,Sin Información,Sin Ciudad,Físico,False,False,False
TRX-14508,PROD-1926,2025-12-06,6.0,1244.07,93.26,24.0,En Camino,Bogotá,Online,False,False,False
TRX-14509,PROD-2100,2025-06-06,8.0,1031.68,59.34,26.0,Sin Información,Bucaramanga,App,False,False,False
TRX-14510,PROD-3311,2025-06-26,9.0,236.67,46.83,3.0,Entregado,Barranquilla,App,False,False,False
TRX-14511,PROD-1252,2025-06-27,3.0,1301.72,28.76,2.0,Devuelto,Cali,Físico,False,False,False
TRX-14512,PROD-1619,2025-12-04,6.0,898.65,52.36,12.0,Retrasado,Bogotá,Online,False,False,False
TRX-14513,PROD-3852,2024-09-26,5.0,442.06,17.7,4.0,Entregado,Medellín,Físico,False,False,True
TRX-14514,PROD-3733,2024-11-26,7.0,713.23,43.25,5.0,En Camino,Cali,Físico,False,False,True
TRX-14515,PROD-1396,2025-12-01,7.0,989.28,92.62,16.0,Devuelto,Sin Ciudad,App,False,False,False
TRX-14516,PROD-1351,2025-04-12,9.0,192.19,9.63,2.0,En Camino,Barranquilla,Físico,False,False,False
TRX-14517,PROD-3736,2024-11-24,1.0,1915.64,99.14,27.0,En Camino,Bucaramanga,Online,False,False,True
TRX-14518,PROD-2408,2025-02-12,6.0,1334.47,24.74,24.0,Devuelto,Bogotá,Online,False,False,False
TRX-14519,PROD-3217,2025-05-24,5.0,214.04,43.83,24.0,En Camino,Bogotá,Online,False,False,False
TRX-14520,PROD-2695,2025-07-11,4.0,1647.5,9.28,13.0,Retrasado,Bucaramanga,Online,False,False,False
TRX-14521,PROD-3415,2025-07-04,10.0,651.88,60.55,28.0,Retrasado,Medellín,App,False,False,False
TRX-14522,PROD-1931,2025-03-21,12.0,1197.63,50.94,4.0,Perdido,Medellín,App,False,False,False
TRX-14523,PROD-3267,2025-03-15,11.0,561.51,68.34,28.0,Devuelto,Bogotá,App,False,False,False
TRX-14524,PROD-1249,2025-08-13,14.0,1469.48,52.36,5.0,Devuelto,Cali,App,False,False,False
TRX-14525,PROD-2585,2025-11-09,1.0,1448.79,56.55,27.0,Devuelto,Bogotá,Online,False,False,False
TRX-14526,PROD-3140,2025-01-11,4.0,1108.57,42.83,12.0,Perdido,Bogotá,Online,False,False,False
TRX-14527,PROD-2714,2025-03-16,10.0,489.44,75.09,15.0,Sin Información,Medellín,Físico,False,False,False
TRX-14528,PROD-3193,2026-01-10,11.0,514.87,7.38,5.0,Retrasado,Bogotá,Físico,False,False,False
TRX-14529,PROD-3814,2025-02-22,7.0,771.9,56.4,5.0,Retrasado,Bogotá,App,False,False,True
TRX-14530,PROD-2944,2025-12-30,4.0,298.57,15.82,16.0,Devuelto,Bucaramanga,Físico,False,False,False
TRX-14531,PROD-3345,2025-10-27,1.0,681.93,46.42,25.0,En Camino,Medellín,App,False,False,False
TRX-14532,PROD-1965,2025-09-13,10.0,1371.87,80.16,9.0,Entregado,Bogotá,App,False,False,False
TRX-14533,PROD-2950,2025-04-27,1.0,1663.38,18.53,15.0,Entregado,Medellín,App,False,False,False
TRX-14534,PROD-2224,2025-07-16,1.0,671.84,93.9,27.0,Devuelto,Sin Ciudad,WhatsApp,False,False,False
TRX-14535,PROD-1323,2025-12-15,11.0,474.84,89.41,4.0,Devuelto,Sin Ciudad,Físico,False,False,False
TRX-14536,PROD-2617,2025-12-19,10.0,1666.96,52.36,17.0,Retrasado,Medellín,Físico,False,False,False
TRX-14537,PROD-3925,2026-01-24,5.0,1782.5,44.42,24.0,Retrasado,Medellín,App,False,False,True
TRX-14538,PROD-1142,2025-10-31,7.0,825.94,5.57,27.0,En Camino,Medellín,Online,False,False,False
TRX-14539,PROD-3056,2025-12-19,9.0,63.54,80.03,1.0,Retrasado,Sin Ciudad,WhatsApp,False,False,False
TRX-14540,PROD-3339,2025-11-16,8.0,1392.97,88.69,16.0,Entregado,Barranquilla,Físico,False,False,False
TRX-14541,PROD-3116,2026-01-12,2.0,1570.23,21.6,23.0,Entregado,Bogotá,Online,False,False,False
TRX-14542,PROD-3340,2025-05-20,9.0,45.87,92.04,28.0,Retrasado,Cali,App,False,False,False
TRX-14543,PROD-3775,2025-05-06,4.0,1194.11,91.84,29.0,Entregado,Bogotá,App,False,False,True
TRX-14544,PROD-3540,2025-03-27,12.0,1180.85,49.77,20.0,Sin Información,Cali,Físico,False,False,True
TRX-14545,PROD-1603,2024-11-09,10.0,763.63,80.81,17.0,Entregado,Medellín,Físico,False,False,False
TRX-14546,PROD-1492,2026-01-01,11.0,1502.04,47.27,4.0,Entregado,Cali,WhatsApp,False,False,False
TRX-14547,PROD-2839,2025-10-13,5.0,862.08,58.58,23.0,Entregado,Cali,Físico,False,False,False
TRX-14548,PROD-1708,2025-04-18,12.0,1356.78,52.36,13.0,Perdido,Cali,WhatsApp,False,False,False
TRX-14549,PROD-1684,2025-02-26,11.0,1039.06,35.38,8.0,Devuelto,Sin Ciudad,App,False,False,False
TRX-14550,PROD-1867,2025-05-05,5.0,504.44,20.15,18.0,En Camino,Barranquilla,Online,False,False,False
TRX-14551,PROD-1789,2025-02-13,4.0,1216.94,75.92,13.0,Perdido,Bucaramanga,Online,False,False,False
TRX-14552,PROD-1516,2025-11-15,13.0,1476.45,5.13,9.0,En Camino,Bogotá,WhatsApp,False,False,False
TRX-14553,PROD-1174,2025-01-11,6.0,1948.07,60.06,5.0,Perdido,Barranquilla,WhatsApp,False,False,False
TRX-14554,PROD-2734,2025-08-06,1.0,766.42,87.15,11.0,Perdido,Bogotá,Físico,False,False,False
TRX-14555,PROD-1320,2025-09-20,2.0,138.3,26.02,28.0,En Camino,Bogotá,Físico,False,False,False
TRX-14556,PROD-3798,2025-09-19,4.0,1976.06,36.63,14.0,Devuelto,Sin Ciudad,Físico,False,False,True
TRX-14557,PROD-2783,2025-12-31,4.0,1251.38,60.81,24.0,Retrasado,Medellín,Online,False,False,False
TRX-14558,PROD-1827,2025-02-01,8.0,1893.44,28.45,18.0,Perdido,Bucaramanga,Físico,False,False,False
TRX-14559,PROD-3569,2025-01-13,9.0,216.62,85.51,18.0,Devuelto,Bogotá,Físico,False,False,True
TRX-14560,PROD-1605,2025-08-12,12.0,690.65,52.36,20.0,Retrasado,Medellín,App,False,False,False
TRX-14561,PROD-3437,2025-12-01,4.0,276.53,39.83,16.0,En Camino,Sin Ciudad,WhatsApp,False,False,False
TRX-14562,PROD-2056,2024-12-20,6.0,1672.67,60.25,4.0,Perdido,Medellín,Físico,False,False,False
TRX-14563,PROD-2309,2025-03-02,4.0,1761.88,26.48,19.0,Retrasado,Barranquilla,App,False,False,False
TRX-14564,PROD-3978,2025-08-22,4.0,1007.61,8.93,5.0,Devuelto,Cali,Online,False,False,True
TRX-14565,PROD-1274,2025-11-04,12.0,381.35,21.5,2.0,Retrasado,Bogotá,Físico,False,False,False
TRX-14566,PROD-1356,2024-12-06,11.0,262.97,9.39,17.0,En Camino,Medellín,Online,False,False,False
TRX-14567,PROD-2589,2025-06-30,12.0,1180.45,49.52,28.0,Retrasado,Cali,Online,False,False,False
TRX-14568,PROD-3278,2025-11-08,9.0,1017.69,60.73,4.0,Entregado,Cali,Online,False,False,False
TRX-14569,PROD-2627,2024-09-29,14.0,1392.63,9.24,6.0,Perdido,Cali,Online,False,False,False
TRX-14570,PROD-3261,2025-01-13,4.0,617.36,13.6,22.0,Devuelto,Bucaramanga,WhatsApp,False,False,False
TRX-14571,PROD-2335,2024-10-28,13.0,810.71,51.12,18.0,Sin Información,Medellín,Online,False,False,False
TRX-14572,PROD-2131,2025-06-15,6.0,52.51,52.36,6.0,Devuelto,Cali,App,False,False,False
TRX-14573,PROD-3128,2025-01-13,14.0,1224.18,80.92,20.0,Perdido,Medellín,App,False,False,False
TRX-14574,PROD-2876,2025-07-11,13.0,852.06,64.66,26.0,Perdido,Bogotá,Online,False,False,False
TRX-14575,PROD-1050,2025-05-03,9.0,1840.33,14.95,15.0,Entregado,Bucaramanga,Online,False,False,False
TRX-14576,PROD-3868,2025-04-21,3.0,1287.15,89.32,1.0,Entregado,Medellín,WhatsApp,False,False,True
TRX-14577,PROD-3552,2024-10-10,7.0,803.4,92.16,17.0,Devuelto,Bogotá,Físico,False,False,True
TRX-14578,PROD-3406,2025-05-21,7.0,534.54,35.87,2.0,Sin Información,Sin Ciudad,Online,False,False,False
TRX-14579,PROD-3140,2025-02-03,1.0,1811.52,63.52,4.0,Retrasado,Bucaramanga,App,False,False,False
TRX-14580,PROD-2718,2025-04-30,11.0,42.37,51.77,24.0,Sin Información,Bucaramanga,App,False,False,False
TRX-14581,PROD-1460,2025-10-18,2.0,660.56,94.49,3.0,Perdido,Medellín,WhatsApp,False,False,False
TRX-14582,PROD-2697,2025-01-02,5.0,1887.58,53.33,27.0,Entregado,Bogotá,App,False,False,False
TRX-14583,PROD-1612,2025-02-09,8.0,1311.53,96.2,21.0,Entregado,Medellín,App,False,False,False
TRX-14584,PROD-1607,2025-03-10,6.0,1070.11,52.36,3.0,Entregado,Medellín,Online,False,False,False
TRX-14585,PROD-3320,2026-02-02,14.0,415.03,23.94,24.0,Retrasado,Bogotá,WhatsApp,False,True,False
TRX-14586,PROD-3408,2025-04-01,14.0,1668.42,37.83,14.0,Devuelto,Sin Ciudad,App,False,False,False
TRX-14587,PROD-3386,2026-01-17,13.0,416.36,79.23,20.0,Sin Información,Bogotá,App,False,False,False
TRX-14588,PROD-1410,2024-10-17,13.0,504.02,79.44,27.0,Devuelto,Sin Ciudad,WhatsApp,False,False,False
TRX-14589,PROD-1432,2025-12-31,7.0,391.78,74.56,8.0,Entregado,Medellín,WhatsApp,False,False,False
TRX-14590,PROD-3304,2025-12-03,3.0,324.72,86.66,29.0,Retrasado,Bogotá,App,False,False,False
TRX-14591,PROD-1413,2024-10-25,6.0,1907.09,71.74,8.0,Retrasado,Cali,Físico,False,False,False
TRX-14592,PROD-2171,2025-08-31,9.0,1208.04,65.43,9.0,Devuelto,Bogotá,Online,False,False,False
TRX-14593,PROD-3193,2025-08-17,3.0,1279.3,48.6,18.0,Perdido,Barranquilla,App,False,False,False
TRX-14594,PROD-2408,2024-09-28,14.0,1909.11,49.37,27.0,Entregado,Sin Ciudad,App,False,False,False
TRX-14595,PROD-2683,2025-12-12,13.0,468.84,43.59,26.0,Retrasado,Sin Ciudad,Online,False,False,False
TRX-14596,PROD-2081,2025-04-04,13.0,21.78,52.36,7.0,Perdido,Cali,App,False,False,False
TRX-14597,PROD-2568,2025-05-10,13.0,1201.78,63.92,10.0,En Camino,Bogotá,App,False,False,False
TRX-14598,PROD-3682,2025-02-06,6.0,1020.61,43.63,1.0,Sin Información,Barranquilla,WhatsApp,False,False,True
TRX-14599,PROD-2988,2025-08-11,7.0,960.52,19.01,29.0,Entregado,Sin Ciudad,App,False,False,False
TRX-14600,PROD-3343,2025-10-27,7.0,133.14,15.12,15.0,Sin Información,Bogotá,Físico,True,False,False
TRX-14601,PROD-3494,2026-01-08,5.0,914.33,92.82,4.0,En Camino,Sin Ciudad,WhatsApp,False,False,False
TRX-14602,PROD-2937,2025-04-26,10.0,582.24,7.35,20.0,Devuelto,Medellín,App,False,False,False
TRX-14603,PROD-1153,2026-01-30,13.0,556.38,15.02,4.0,Devuelto,Sin Ciudad,App,False,False,False
TRX-14604,PROD-1705,2025-09-06,8.0,452.54,47.3,23.0,Sin Información,Barranquilla,Online,False,False,False
TRX-14605,PROD-2128,2025-09-21,8.0,671.73,29.98,29.0,Devuelto,Barranquilla,Online,False,False,False
TRX-14606,PROD-2650,2025-03-24,6.0,712.73,43.56,14.0,Sin Información,Medellín,Físico,False,False,False
TRX-14607,PROD-1589,2025-03-09,7.0,624.46,16.16,5.0,Retrasado,Medellín,Online,False,False,False
TRX-14608,PROD-3532,2025-07-01,3.0,1957.72,52.36,5.0,Retrasado,Medellín,Online,False,False,True
TRX-14609,PROD-3493,2024-10-30,13.0,1866.13,17.44,19.0,Perdido,Sin Ciudad,Físico,False,False,False
TRX-14610,PROD-3788,2025-03-04,7.0,1153.28,81.06,26.0,En Camino,Medellín,App,False,False,True
TRX-14611,PROD-3841,2026-01-06,7.0,1962.3,77.12,21.0,Devuelto,Barranquilla,Online,False,False,True
TRX-14612,PROD-2645,2025-12-18,4.0,1982.48,14.9,5.0,Devuelto,Medellín,Online,False,False,False
TRX-14613,PROD-1158,2025-12-09,10.0,718.32,68.44,24.0,Retrasado,Barranquilla,Físico,False,False,False
TRX-14614,PROD-2621,2026-01-25,14.0,895.92,62.88,11.0,Retrasado,Sin Ciudad,Online,False,False,False
TRX-14615,PROD-2357,2025-02-11,13.0,1918.53,72.77,2.0,Retrasado,Bucaramanga,WhatsApp,False,False,False
TRX-14616,PROD-3828,2025-05-28,4.0,1221.17,50.07,15.0,Entregado,Sin Ciudad,Online,False,False,True
TRX-14617,PROD-1973,2025-11-27,14.0,433.73,30.65,14.0,En Camino,Bucaramanga,App,False,False,False
TRX-14618,PROD-1201,2025-01-03,3.0,1381.87,68.05,14.0,En Camino,Bogotá,Físico,False,False,False
TRX-14619,PROD-2946,2025-04-09,10.0,419.43,40.28,8.0,Entregado,Medellín,App,False,False,False
TRX-14620,PROD-2100,2025-04-10,7.0,685.32,52.36,20.0,Devuelto,Bogotá,App,False,False,False
TRX-14621,PROD-2525,2024-11-03,5.0,462.84,25.8,25.0,Sin Información,Bucaramanga,App,False,False,False
TRX-14622,PROD-1082,2025-12-01,3.0,497.51,43.82,8.0,Sin Información,Cali,Físico,False,False,False
TRX-14623,PROD-2383,2025-02-16,6.0,19.26,77.51,5.0,Perdido,Bucaramanga,WhatsApp,False,False,False
TRX-14624,PROD-2241,2024-11-27,12.0,1762.61,50.2,5.0,Perdido,Sin Ciudad,Online,False,False,False
TRX-14625,PROD-2273,2025-11-27,6.0,599.02,33.49,25.0,Devuelto,Bucaramanga,App,False,False,False
TRX-14626,PROD-2148,2025-04-03,6.0,181.89,84.03,29.0,Perdido,Cali,Físico,False,False,False
TRX-14627,PROD-3013,2025-07-17,2.0,183.1,88.76,14.0,Retrasado,Cali,Online,False,False,False
TRX-14628,PROD-3851,2024-10-30,13.0,1116.48,46.16,5.0,En Camino,Bogotá,Físico,False,False,True
TRX-14629,PROD-3805,2025-02-10,11.0,1985.91,40.6,29.0,Sin Información,Barranquilla,App,False,False,True
TRX-14630,PROD-1402,2025-01-06,10.0,298.59,63.21,9.0,Retrasado,Barranquilla,Físico,False,False,False
TRX-14631,PROD-1933,2025-11-24,12.0,208.25,10.51,22.0,Perdido,Medellín,App,False,False,False
TRX-14632,PROD-1550,2025-02-21,7.0,882.22,52.36,27.0,Perdido,Bogotá,Físico,False,False,False
TRX-14633,PROD-2230,2025-09-09,13.0,1131.03,70.68,11.0,En Camino,Medellín,App,False,False,False
TRX-14634,PROD-2814,2025-11-10,7.0,595.82,79.32,17.0,Sin Información,Medellín,Online,False,False,False
TRX-14635,PROD-2314,2025-08-14,10.0,612.02,42.76,27.0,Retrasado,Bogotá,Físico,False,False,False
TRX-14636,PROD-2103,2024-10-30,12.0,854.71,21.59,12.0,En Camino,Medellín,Físico,False,False,False
TRX-14637,PROD-3985,2024-12-28,4.0,635.15,7.74,12.0,Sin Información,Bogotá,Online,False,False,True
TRX-14638,PROD-2707,2025-01-08,11.0,1831.51,65.54,24.0,Perdido,Bogotá,App,False,False,False
TRX-14639,PROD-3477,2025-01-19,6.0,93.49,30.55,16.0,Sin Información,Bogotá,WhatsApp,False,False,False
TRX-14640,PROD-3644,2025-02-20,4.0,476.79,49.07,1.0,En Camino,Bogotá,App,False,False,True
TRX-14641,PROD-1365,2024-12-05,4.0,1619.02,41.7,18.0,En Camino,Bogotá,App,False,False,False
TRX-14642,PROD-1769,2024-11-18,6.0,1669.58,21.61,6.0,Perdido,Bogotá,Online,False,False,False
TRX-14643,PROD-2809,2025-09-23,9.0,231.99,53.3,5.0,En Camino,Bucaramanga,WhatsApp,False,False,False
TRX-14644,PROD-1865,2025-08-23,12.0,1947.79,52.36,18.0,Retrasado,Bogotá,Físico,False,False,False
TRX-14645,PROD-2667,2025-06-01,13.0,1389.78,48.66,13.0,Perdido,Medellín,WhatsApp,False,False,False
TRX-14646,PROD-2984,2025-11-03,7.0,552.46,64.29,6.0,En Camino,Medellín,Físico,False,False,False
TRX-14647,PROD-3115,2025-07-11,2.0,917.52,28.93,7.0,Devuelto,Sin Ciudad,Físico,False,False,False
TRX-14648,PROD-2531,2025-08-01,14.0,601.31,25.39,3.0,Retrasado,Barranquilla,Online,False,False,False
TRX-14649,PROD-1230,2025-06-04,6.0,308.54,82.36,11.0,Retrasado,Bogotá,App,False,False,False
TRX-14650,PROD-3110,2025-06-03,14.0,589.44,71.71,8.0,Retrasado,Sin Ciudad,App,False,False,False
TRX-14651,PROD-1651,2025-10-12,5.0,1164.38,78.36,4.0,Sin Información,Medellín,WhatsApp,False,False,False
TRX-14652,PROD-1268,2025-12-22,6.0,1653.68,16.71,10.0,Entregado,Barranquilla,App,False,False,False
TRX-14653,PROD-2274,2025-06-08,13.0,733.42,26.28,9.0,Perdido,Bogotá,Físico,False,False,False
TRX-14654,PROD-3906,2025-06-19,8.0,702.32,59.68,23.0,Entregado,Sin Ciudad,Online,False,False,True
TRX-14655,PROD-3075,2025-12-31,8.0,941.32,86.43,13.0,En Camino,Sin Ciudad,App,False,False,False
TRX-14656,PROD-2652,2024-10-26,3.0,1292.67,52.36,19.0,Perdido,Cali,App,False,False,False
TRX-14657,PROD-1555,2026-01-30,9.0,1505.72,89.75,15.0,Sin Información,Medellín,Físico,False,False,False
TRX-14658,PROD-3147,2025-08-14,6.0,660.33,84.03,5.0,Retrasado,Cali,WhatsApp,False,False,False
TRX-14659,PROD-3329,2025-08-13,7.0,1176.84,9.12,25.0,Retrasado,Sin Ciudad,App,False,False,False
TRX-14660,PROD-1118,2025-05-18,9.0,784.83,82.98,13.0,Sin Información,Medellín,Físico,False,False,False
TRX-14661,PROD-1711,2025-03-20,14.0,1435.64,90.41,12.0,Retrasado,Bogotá,WhatsApp,False,False,False
TRX-14662,PROD-1789,2026-01-24,13.0,337.7,10.39,9.0,Retrasado,Sin Ciudad,App,False,False,False
TRX-14663,PROD-1822,2025-01-04,7.0,521.28,44.55,24.0,En Camino,Bucaramanga,Físico,False,False,False
TRX-14664,PROD-1236,2024-10-21,10.0,857.86,55.98,8.0,Devuelto,Medellín,Físico,False,False,False
TRX-14665,PROD-2021,2025-05-07,9.0,1779.94,27.11,9.0,Sin Información,Bucaramanga,App,False,False,False
TRX-14666,PROD-1135,2026-01-01,1.0,1150.92,54.09,21.0,Perdido,Medellín,Físico,False,False,False
TRX-14667,PROD-2869,2025-05-12,13.0,1931.14,89.17,13.0,Devuelto,Medellín,App,False,False,False
TRX-14668,PROD-1207,2025-07-23,1.0,215.52,52.36,27.0,Sin Información,Bogotá,App,False,False,False
TRX-14669,PROD-2476,2025-09-07,3.0,925.75,87.36,29.0,Perdido,Bogotá,WhatsApp,False,False,False
TRX-14670,PROD-3886,2025-08-23,13.0,843.97,94.28,9.0,Sin Información,Bogotá,Online,False,False,True
TRX-14671,PROD-1815,2025-01-17,9.0,1204.41,50.99,6.0,Retrasado,Bogotá,App,False,False,False
TRX-14672,PROD-2122,2025-04-17,1.0,1625.81,44.0,29.0,Sin Información,Sin Ciudad,App,False,False,False
TRX-14673,PROD-2508,2025-10-27,1.0,1684.48,68.25,6.0,Entregado,Medellín,WhatsApp,False,False,False
TRX-14674,PROD-2901,2025-03-26,5.0,1343.69,44.59,11.0,En Camino,Medellín,Online,False,False,False
TRX-14675,PROD-3068,2026-01-16,8.0,1286.66,8.98,10.0,Perdido,Medellín,Online,False,False,False
TRX-14676,PROD-2625,2025-02-07,2.0,1898.57,73.39,14.0,Retrasado,Bogotá,Físico,False,False,False
TRX-14677,PROD-3602,2025-10-30,4.0,773.54,31.69,28.0,Entregado,Medellín,Online,False,False,True
TRX-14678,PROD-1507,2026-01-20,6.0,1667.24,9.66,6.0,Retrasado,Medellín,Online,False,False,False
TRX-14679,PROD-3790,2026-02-02,1.0,1843.79,6.96,7.0,En Camino,Bucaramanga,Físico,False,True,True
TRX-14680,PROD-1125,2025-08-11,4.0,988.16,52.36,9.0,Entregado,Bogotá,Online,False,False,False
TRX-14681,PROD-1990,2025-03-05,4.0,1460.91,93.48,3.0,Sin Información,Medellín,WhatsApp,False,False,False
TRX-14682,PROD-2525,2025-10-15,9.0,760.27,28.95,12.0,Perdido,Cali,App,False,False,False
TRX-14683,PROD-3002,2024-12-06,9.0,326.17,47.55,16.0,Sin Información,Barranquilla,WhatsApp,False,False,False
TRX-14684,PROD-3433,2025-05-13,6.0,1177.14,95.3,13.0,Perdido,Medellín,Online,False,False,False
TRX-14685,PROD-2827,2025-11-13,8.0,400.98,49.41,6.0,Sin Información,Medellín,Físico,False,False,False
TRX-14686,PROD-1727,2025-07-03,12.0,920.62,12.47,13.0,Perdido,Medellín,WhatsApp,False,False,False
TRX-14687,PROD-2943,2026-01-15,10.0,1747.03,57.43,26.0,Perdido,Bucaramanga,WhatsApp,False,False,False
TRX-14688,PROD-3403,2025-10-04,4.0,181.18,13.38,5.0,Entregado,Bucaramanga,App,False,False,False
TRX-14689,PROD-3258,2025-06-04,10.0,70.55,14.03,4.0,En Camino,Barranquilla,Físico,False,False,False
TRX-14690,PROD-2432,2025-12-30,8.0,1216.89,85.89,8.0,Entregado,Bucaramanga,WhatsApp,False,False,False
TRX-14691,PROD-2410,2024-10-01,3.0,668.81,32.5,3.0,Perdido,Medellín,Online,False,False,False
TRX-14692,PROD-1669,2025-04-13,2.0,841.7,52.36,2.0,En Camino,Sin Ciudad,App,False,False,False
TRX-14693,PROD-2059,2025-10-17,6.0,817.36,69.47,20.0,Devuelto,Medellín,WhatsApp,False,False,False
TRX-14694,PROD-3821,2025-10-06,5.0,182.37,53.35,19.0,Devuelto,Bogotá,Online,False,False,True
TRX-14695,PROD-1370,2025-07-24,8.0,17.1,26.12,7.0,Sin Información,Bogotá,WhatsApp,False,False,False
TRX-14696,PROD-2167,2024-12-22,1.0,1797.86,54.19,12.0,Entregado,Bucaramanga,WhatsApp,False,False,False
TRX-14697,PROD-1112,2025-10-08,11.0,443.42,11.55,29.0,Perdido,Barranquilla,Físico,False,False,False
TRX-14698,PROD-2583,2025-08-20,12.0,857.9,37.99,4.0,Sin Información,Bogotá,WhatsApp,False,False,False
TRX-14699,PROD-1203,2025-02-19,10.0,1944.13,54.67,10.0,Devuelto,Bogotá,Físico,False,False,False
TRX-14700,PROD-1667,2025-09-17,7.0,1655.26,26.7,28.0,Devuelto,Medellín,Online,False,False,False
TRX-14701,PROD-3343,2025-03-17,3.0,224.78,67.72,9.0,Retrasado,Bogotá,Físico,False,False,False
TRX-14702,PROD-1877,2026-01-20,7.0,1021.95,9.92,29.0,Retrasado,Bogotá,Online,False,False,False
TRX-14703,PROD-1906,2025-11-01,13.0,1462.86,51.06,12.0,Sin Información,Barranquilla,Físico,False,False,False
TRX-14704,PROD-3651,2024-10-25,10.0,1399.8,52.36,11.0,Sin Información,Bogotá,Físico,False,False,True
TRX-14705,PROD-1922,2025-12-31,14.0,1524.08,72.92,21.0,En Camino,Bucaramanga,Físico,False,False,False
TRX-14706,PROD-3775,2025-03-25,12.0,920.33,45.84,19.0,En Camino,Cali,Físico,False,False,True
TRX-14707,PROD-1846,2025-02-26,4.0,360.09,88.09,2.0,Perdido,Bogotá,App,False,False,False
TRX-14708,PROD-2102,2024-11-14,10.0,935.1,65.06,6.0,Devuelto,Medellín,WhatsApp,False,False,False
TRX-14709,PROD-3668,2025-07-15,5.0,1299.3,96.06,6.0,Entregado,Bogotá,App,False,False,True
TRX-14710,PROD-2677,2025-04-12,8.0,1221.1,31.99,1.0,Entregado,Medellín,Online,False,False,False
TRX-14711,PROD-3102,2025-06-23,1.0,150.34,94.18,7.0,Retrasado,Barranquilla,Online,False,False,False
TRX-14712,PROD-1082,2025-03-16,1.0,139.26,62.65,12.0,En Camino,Bogotá,WhatsApp,False,False,False
TRX-14713,PROD-3794,2025-05-24,12.0,1930.86,75.79,21.0,Perdido,Bogotá,Online,False,False,True
TRX-14714,PROD-1036,2025-06-18,7.0,312.09,90.71,23.0,Retrasado,Cali,Online,False,False,False
TRX-14715,PROD-2941,2025-11-07,13.0,595.98,57.36,12.0,Retrasado,Bucaramanga,Físico,False,False,False
TRX-14716,PROD-1541,2025-12-12,12.0,1537.59,52.36,20.0,Perdido,Bogotá,WhatsApp,False,False,False
TRX-14717,PROD-3651,2024-12-05,9.0,825.26,86.91,21.0,Perdido,Barranquilla,Físico,False,False,True
TRX-14718,PROD-1709,2024-12-27,4.0,371.12,56.46,23.0,Sin Información,Bogotá,WhatsApp,False,False,False
TRX-14719,PROD-3462,2025-09-18,8.0,939.79,61.92,6.0,Devuelto,Bucaramanga,Físico,False,False,False
TRX-14720,PROD-1034,2025-03-14,10.0,1142.21,47.28,14.0,Perdido,Barranquilla,WhatsApp,False,False,False
TRX-14721,PROD-1916,2025-10-14,7.0,911.01,18.84,17.0,Perdido,Medellín,Online,False,False,False
TRX-14722,PROD-2033,2025-11-02,14.0,1838.7,57.58,17.0,Retrasado,Cali,App,False,False,False
TRX-14723,PROD-3491,2025-02-24,2.0,576.55,97.86,18.0,Retrasado,Medellín,Online,False,False,False
TRX-14724,PROD-2251,2025-03-24,14.0,1326.05,79.78,13.0,Entregado,Sin Ciudad,WhatsApp,False,False,False
TRX-14725,PROD-3919,2025-08-11,5.0,233.47,76.01,13.0,Sin Información,Sin Ciudad,App,False,False,True
TRX-14726,PROD-3905,2025-07-08,9.0,790.65,66.11,27.0,Entregado,Medellín,App,False,False,True
TRX-14727,PROD-3632,2025-06-07,13.0,1484.58,38.05,11.0,Entregado,Sin Ciudad,Físico,False,False,True
TRX-14728,PROD-2127,2024-12-06,13.0,457.39,52.36,3.0,Perdido,Bogotá,WhatsApp,False,False,False
TRX-14729,PROD-2735,2025-03-15,9.0,1183.64,21.11,17.0,Devuelto,Sin Ciudad,Físico,False,False,False
TRX-14730,PROD-2542,2025-08-18,3.0,315.34,26.33,26.0,Retrasado,Bucaramanga,WhatsApp,False,False,False
TRX-14731,PROD-2428,2025-05-11,11.0,214.38,5.6,2.0,En Camino,Bogotá,Online,False,False,False
TRX-14732,PROD-2880,2025-05-27,12.0,1051.23,68.98,28.0,Devuelto,Bogotá,WhatsApp,False,False,False
TRX-14733,PROD-2032,2025-03-02,3.0,1353.27,82.13,2.0,Sin Información,Bogotá,Online,False,False,False
TRX-14734,PROD-1893,2025-03-27,2.0,235.6,30.55,7.0,En Camino,Cali,App,False,False,False
TRX-14735,PROD-2911,2025-10-18,7.0,1836.37,13.73,27.0,Sin Información,Barranquilla,App,False,False,False
TRX-14736,PROD-2237,2025-02-12,6.0,459.29,36.89,29.0,Perdido,Sin Ciudad,Físico,False,False,False
TRX-14737,PROD-3773,2025-07-01,5.0,248.75,32.74,28.0,Sin Información,Medellín,App,False,False,True
TRX-14738,PROD-3132,2025-10-22,7.0,413.37,47.83,22.0,En Camino,Barranquilla,App,False,False,False
TRX-14739,PROD-3554,2025-01-28,4.0,347.45,30.09,25.0,Sin Información,Barranquilla,Online,False,False,True
TRX-14740,PROD-2626,2025-03-07,5.0,190.44,52.36,10.0,Sin Información,Bogotá,WhatsApp,False,False,False
TRX-14741,PROD-3394,2024-10-19,9.0,1597.7,37.27,14.0,Entregado,Bogotá,Online,False,False,False
TRX-14742,PROD-1419,2025-05-26,11.0,996.12,91.22,21.0,Sin Información,Medellín,App,False,False,False
TRX-14743,PROD-1030,2026-01-22,9.0,783.15,36.81,19.0,Retrasado,Sin Ciudad,WhatsApp,False,False,False
TRX-14744,PROD-3095,2025-02-04,4.0,1901.75,79.62,17.0,Devuelto,Sin Ciudad,App,False,False,False
TRX-14745,PROD-3713,2025-10-12,6.0,748.31,64.45,16.0,Entregado,Bucaramanga,App,False,False,True
TRX-14746,PROD-2532,2025-04-12,2.0,342.28,37.07,17.0,Retrasado,Medellín,Online,False,False,False
TRX-14747,PROD-3299,2024-10-13,3.0,555.35,82.69,18.0,Sin Información,Cali,WhatsApp,False,False,False
TRX-14748,PROD-3651,2024-12-10,9.0,485.54,61.53,29.0,Entregado,Barranquilla,Online,False,False,True
TRX-14749,PROD-3432,2025-02-27,6.0,1002.5,5.82,27.0,Devuelto,Medellín,Físico,False,False,False
TRX-14750,PROD-3494,2024-12-25,8.0,590.1,11.53,11.0,Perdido,Bucaramanga,Físico,False,False,False
TRX-14751,PROD-2157,2024-09-30,11.0,1036.96,76.5,19.0,En Camino,Cali,Físico,False,False,False
TRX-14752,PROD-2222,2026-01-07,5.0,1341.89,52.36,11.0,Perdido,Sin Ciudad,Físico,False,False,False
TRX-14753,PROD-3803,2025-08-27,2.0,1556.82,47.42,10.0,Sin Información,Cali,Online,False,False,True
TRX-14754,PROD-1442,2025-06-08,7.0,1423.21,43.52,14.0,Sin Información,Barranquilla,Físico,False,False,False
TRX-14755,PROD-2973,2024-11-16,6.0,419.13,18.85,14.0,En Camino,Medellín,Online,False,False,False
TRX-14756,PROD-1261,2025-10-26,11.0,240.64,19.95,10.0,En Camino,Barranquilla,WhatsApp,False,False,False
TRX-14757,PROD-2377,2024-10-28,2.0,1089.48,80.79,21.0,Sin Información,Bucaramanga,WhatsApp,False,False,False
TRX-14758,PROD-2132,2024-09-28,6.0,405.83,83.76,23.0,Devuelto,Bogotá,Online,False,False,False
TRX-14759,PROD-3623,2025-10-04,13.0,179.02,58.2,4.0,Devuelto,Bucaramanga,WhatsApp,False,False,True
TRX-14760,PROD-2331,2024-11-03,8.0,1058.92,33.04,10.0,Perdido,Bogotá,Físico,False,False,False
TRX-14761,PROD-2134,2024-11-11,13.0,660.32,93.61,27.0,Retrasado,Medellín,Online,False,False,False
TRX-14762,PROD-2069,2025-01-12,1.0,1514.74,64.28,6.0,Retrasado,Sin Ciudad,App,False,False,False
TRX-14763,PROD-3687,2025-02-15,4.0,635.24,80.68,22.0,Perdido,Bogotá,WhatsApp,False,False,True
TRX-14764,PROD-3912,2025-05-10,1.0,1957.65,52.36,29.0,En Camino,Bogotá,Físico,False,False,True
TRX-14765,PROD-3668,2025-04-21,2.0,1519.46,5.31,11.0,Devuelto,Bogotá,Físico,False,False,True
TRX-14766,PROD-2223,2026-02-01,1.0,124.81,47.78,18.0,Perdido,Medellín,App,False,True,False
TRX-14767,PROD-1771,2025-07-25,6.0,1022.66,87.74,6.0,Retrasado,Medellín,Físico,False,False,False
TRX-14768,PROD-1614,2024-10-22,11.0,1129.61,37.13,21.0,En Camino,Bogotá,Online,False,False,False
TRX-14769,PROD-3118,2025-12-27,6.0,1393.65,74.02,15.0,Retrasado,Cali,WhatsApp,False,False,False
TRX-14770,PROD-1984,2025-07-14,1.0,1000.62,67.48,27.0,En Camino,Barranquilla,Online,False,False,False
TRX-14771,PROD-1232,2025-01-16,4.0,972.05,19.46,6.0,Retrasado,Bogotá,Online,False,False,False
TRX-14772,PROD-3457,2025-10-23,14.0,742.2,78.62,20.0,Sin Información,Medellín,WhatsApp,False,False,False
TRX-14773,PROD-2655,2025-05-06,14.0,550.21,15.69,1.0,Entregado,Bucaramanga,Físico,False,False,False
TRX-14774,PROD-3705,2024-11-20,14.0,1892.94,74.15,9.0,En Camino,Sin Ciudad,App,False,False,True
TRX-14775,PROD-2309,2024-12-07,4.0,642.02,99.14,14.0,En Camino,Barranquilla,App,False,False,False
TRX-14776,PROD-3788,2025-11-24,8.0,136.21,52.36,3.0,En Camino,Bucaramanga,Físico,False,False,True
TRX-14777,PROD-1573,2025-04-26,6.0,342.9,96.01,1.0,Entregado,Barranquilla,Online,False,False,False
TRX-14778,PROD-3954,2025-02-01,2.0,1715.98,81.02,14.0,Entregado,Medellín,WhatsApp,False,False,True
TRX-14779,PROD-1104,2025-11-16,5.0,1177.4,55.78,14.0,Retrasado,Bogotá,WhatsApp,False,False,False
TRX-14780,PROD-3684,2026-02-02,4.0,1559.77,69.11,4.0,Devuelto,Barranquilla,Online,False,True,True
TRX-14781,PROD-3037,2025-07-23,10.0,1619.48,74.17,14.0,Sin Información,Sin Ciudad,Físico,False,False,False
TRX-14782,PROD-2210,2025-10-25,4.0,1648.24,5.8,23.0,Retrasado,Sin Ciudad,Físico,False,False,False
TRX-14783,PROD-2062,2024-12-12,12.0,1105.72,14.72,4.0,En Camino,Bogotá,Online,False,False,False
TRX-14784,PROD-2714,2025-07-24,8.0,362.47,61.72,11.0,En Camino,Bogotá,Físico,False,False,False
TRX-14785,PROD-2657,2024-11-28,5.0,304.98,5.62,20.0,Sin Información,Bogotá,App,False,False,False
TRX-14786,PROD-2590,2025-05-10,3.0,1152.23,91.35,9.0,Retrasado,Medellín,App,False,False,False
TRX-14787,PROD-1144,2026-01-06,10.0,739.36,51.52,11.0,Perdido,Medellín,WhatsApp,False,False,False
TRX-14788,PROD-3388,2025-08-21,12.0,1120.52,52.36,15.0,Devuelto,Medellín,Físico,False,False,False
TRX-14789,PROD-3900,2025-10-20,4.0,1001.97,29.49,6.0,Entregado,Sin Ciudad,Online,False,False,True
TRX-14790,PROD-3343,2025-06-26,1.0,1208.37,42.41,25.0,Devuelto,Barranquilla,App,False,False,False
TRX-14791,PROD-1777,2025-09-18,6.0,73.9,85.82,12.0,Perdido,Sin Ciudad,WhatsApp,False,False,False
TRX-14792,PROD-2405,2024-12-03,11.0,75.34,93.08,28.0,Retrasado,Medellín,Físico,False,False,False
TRX-14793,PROD-3975,2025-04-19,13.0,1445.97,16.04,13.0,Retrasado,Cali,Online,False,False,True
TRX-14794,PROD-3921,2025-06-21,10.0,394.32,78.91,18.0,En Camino,Medellín,Físico,False,False,True
TRX-14795,PROD-1910,2025-02-13,4.0,1307.87,59.93,23.0,Sin Información,Bucaramanga,WhatsApp,False,False,False
TRX-14796,PROD-3811,2025-05-31,6.0,1097.69,60.62,23.0,Retrasado,Medellín,Físico,False,False,True
TRX-14797,PROD-3189,2025-07-03,2.0,1963.77,79.05,14.0,Perdido,Barranquilla,Físico,False,False,False
TRX-14798,PROD-3614,2025-03-20,5.0,1672.46,26.17,24.0,Retrasado,Barranquilla,WhatsApp,False,False,True
TRX-14799,PROD-2948,2025-12-06,11.0,832.14,55.45,26.0,Retrasado,Medellín,Físico,False,False,False
TRX-14800,PROD-3751,2024-12-11,7.0,1236.66,52.36,15.0,Perdido,Cali,Físico,True,False,True
TRX-14801,PROD-2468,2024-11-18,9.0,243.41,35.34,11.0,Entregado,Bucaramanga,Online,False,False,False
TRX-14802,PROD-3077,2025-09-23,8.0,778.91,13.98,25.0,Devuelto,Bogotá,App,False,False,False
TRX-14803,PROD-2229,2025-07-27,3.0,1470.44,14.98,24.0,Retrasado,Bogotá,Online,False,False,False
TRX-14804,PROD-1696,2025-03-15,1.0,1249.12,17.96,2.0,Devuelto,Bogotá,WhatsApp,False,False,False
TRX-14805,PROD-3693,2025-12-28,10.0,974.1,63.42,19.0,Devuelto,Bogotá,App,False,False,True
TRX-14806,PROD-3286,2025-05-18,3.0,361.29,15.05,28.0,En Camino,Sin Ciudad,Físico,False,False,False
TRX-14807,PROD-1741,2026-01-27,8.0,1608.26,59.16,2.0,Entregado,Medellín,Físico,False,False,False
TRX-14808,PROD-2203,2025-03-07,11.0,553.6,60.89,17.0,Devuelto,Medellín,WhatsApp,False,False,False
TRX-14809,PROD-1399,2024-12-15,3.0,1642.75,90.87,29.0,En Camino,Bogotá,Online,False,False,False
TRX-14810,PROD-2928,2026-01-28,5.0,1227.1,64.51,23.0,Perdido,Medellín,Online,False,False,False
TRX-14811,PROD-1524,2024-11-09,2.0,751.74,98.63,8.0,Perdido,Sin Ciudad,App,False,False,False
TRX-14812,PROD-2059,2025-01-27,1.0,90.8,52.36,5.0,Perdido,Bogotá,Físico,False,False,False
TRX-14813,PROD-3970,2025-03-10,11.0,472.51,7.94,26.0,Sin Información,Bogotá,Online,False,False,True
TRX-14814,PROD-3289,2025-09-11,10.0,1779.25,71.89,29.0,Sin Información,Bogotá,Físico,False,False,False
TRX-14815,PROD-1749,2025-10-01,14.0,1637.77,7.52,11.0,Perdido,Medellín,Físico,False,False,False
TRX-14816,PROD-3784,2025-12-09,5.0,1153.96,74.29,25.0,Perdido,Medellín,Físico,False,False,True
TRX-14817,PROD-2374,2025-09-06,5.0,937.98,41.66,20.0,En Camino,Bucaramanga,App,False,False,False
TRX-14818,PROD-3680,2024-11-28,6.0,1297.81,63.07,1.0,Entregado,Bogotá,WhatsApp,False,False,True
TRX-14819,PROD-1365,2025-08-18,2.0,937.83,34.41,20.0,Entregado,Cali,Físico,False,False,False
TRX-14820,PROD-1910,2025-08-28,9.0,1292.17,20.11,16.0,En Camino,Sin Ciudad,WhatsApp,False,False,False
TRX-14821,PROD-2455,2025-04-04,2.0,621.73,73.73,5.0,En Camino,Cali,WhatsApp,False,False,False
TRX-14822,PROD-1914,2025-02-24,2.0,1678.61,90.94,27.0,Sin Información,Medellín,App,False,False,False
TRX-14823,PROD-2257,2025-03-01,12.0,1406.82,22.44,28.0,Retrasado,Bucaramanga,Online,False,False,False
TRX-14824,PROD-2722,2025-03-25,5.0,666.65,52.36,16.0,Devuelto,Cali,WhatsApp,False,False,False
TRX-14825,PROD-2357,2025-06-15,9.0,1663.03,92.47,24.0,Sin Información,Bucaramanga,WhatsApp,False,False,False
TRX-14826,PROD-2522,2025-03-09,4.0,979.81,18.32,5.0,Sin Información,Medellín,WhatsApp,False,False,False
TRX-14827,PROD-2067,2025-02-14,6.0,357.53,74.89,28.0,Perdido,Medellín,Online,False,False,False
TRX-14828,PROD-3398,2025-03-27,2.0,164.65,96.15,10.0,Sin Información,Bucaramanga,Físico,False,False,False
TRX-14829,PROD-2204,2025-10-01,14.0,1402.22,19.0,9.0,Sin Información,Bogotá,Físico,False,False,False
TRX-14830,PROD-2899,2025-09-10,13.0,1731.59,46.33,22.0,Devuelto,Bogotá,App,False,False,False
TRX-14831,PROD-1482,2025-06-11,4.0,1616.81,37.06,24.0,Retrasado,Medellín,Físico,False,False,False
TRX-14832,PROD-2927,2025-11-19,12.0,1314.75,41.91,19.0,Entregado,Bucaramanga,Físico,False,False,False
TRX-14833,PROD-1219,2026-01-30,9.0,291.34,76.55,29.0,Perdido,Sin Ciudad,Físico,False,False,False
TRX-14834,PROD-3598,2025-06-23,2.0,197.15,67.81,3.0,Sin Información,Bogotá,App,False,False,True
TRX-14835,PROD-3390,2025-12-23,1.0,696.61,97.03,9.0,Sin Información,Bucaramanga,App,False,False,False
TRX-14836,PROD-3376,2025-08-16,4.0,1711.27,52.36,22.0,Entregado,Medellín,Físico,False,False,False
TRX-14837,PROD-3542,2025-09-02,4.0,1923.86,22.62,20.0,En Camino,Bucaramanga,Físico,False,False,True
TRX-14838,PROD-1291,2025-05-03,1.0,490.31,56.61,8.0,Devuelto,Bogotá,WhatsApp,False,False,False
TRX-14839,PROD-2934,2024-11-03,4.0,1526.57,47.67,4.0,Entregado,Medellín,Online,False,False,False
TRX-14840,PROD-1796,2024-09-26,3.0,1152.0,92.29,11.0,Retrasado,Bogotá,App,False,False,False
TRX-14841,PROD-3049,2025-06-25,13.0,73.3,6.01,4.0,Entregado,Medellín,Online,False,False,False
TRX-14842,PROD-1490,2025-07-03,2.0,1090.4,98.97,12.0,Perdido,Bucaramanga,Físico,False,False,False
TRX-14843,PROD-3788,2025-11-20,13.0,1613.82,50.57,23.0,Perdido,Barranquilla,Físico,False,False,True
TRX-14844,PROD-2563,2025-04-03,10.0,559.48,64.43,7.0,Devuelto,Bogotá,Físico,False,False,False
TRX-14845,PROD-3170,2025-01-04,4.0,1795.75,39.2,28.0,En Camino,Medellín,Físico,False,False,False
TRX-14846,PROD-2222,2025-05-27,8.0,480.16,85.99,8.0,Sin Información,Bogotá,App,False,False,False
TRX-14847,PROD-2692,2025-07-19,7.0,162.18,58.39,10.0,Perdido,Bogotá,Físico,False,False,False
TRX-14848,PROD-1221,2024-10-15,9.0,328.28,52.36,23.0,Retrasado,Bogotá,Online,False,False,False
TRX-14849,PROD-1617,2025-12-07,8.0,1675.64,67.97,29.0,Devuelto,Medellín,WhatsApp,False,False,False
TRX-14850,PROD-1562,2025-07-22,1.0,840.44,66.65,24.0,Perdido,Cali,WhatsApp,False,False,False
TRX-14851,PROD-1820,2024-10-05,12.0,1595.92,39.58,13.0,Retrasado,Bucaramanga,Online,False,False,False
TRX-14852,PROD-2403,2025-02-13,2.0,1067.15,12.22,24.0,Sin Información,Barranquilla,Online,False,False,False
TRX-14853,PROD-2676,2025-04-28,12.0,966.31,81.73,14.0,Entregado,Sin Ciudad,WhatsApp,False,False,False
TRX-14854,PROD-3332,2025-03-24,2.0,1615.76,32.52,16.0,Sin Información,Cali,App,False,False,False
TRX-14855,PROD-2874,2025-09-08,12.0,852.74,85.65,7.0,Retrasado,Medellín,Online,False,False,False
TRX-14856,PROD-1586,2025-05-22,8.0,1606.05,62.82,16.0,Sin Información,Cali,App,False,False,False
TRX-14857,PROD-2295,2025-04-03,12.0,210.32,38.6,17.0,Devuelto,Bucaramanga,WhatsApp,False,False,False
TRX-14858,PROD-3931,2025-12-31,4.0,1276.26,61.45,20.0,Perdido,Bucaramanga,App,False,False,True
TRX-14859,PROD-1738,2025-06-21,9.0,1408.15,66.32,19.0,En Camino,Cali,WhatsApp,False,False,False
TRX-14860,PROD-1331,2025-10-02,2.0,1799.2,52.36,12.0,En Camino,Bogotá,Físico,False,False,False
TRX-14861,PROD-2997,2025-03-06,14.0,456.4,72.13,9.0,Retrasado,Bogotá,App,False,False,False
TRX-14862,PROD-2362,2025-03-21,4.0,1212.4,83.12,28.0,Retrasado,Barranquilla,App,False,False,False
TRX-14863,PROD-3584,2025-01-17,13.0,872.18,20.18,26.0,Retrasado,Bogotá,App,False,False,True
TRX-14864,PROD-1724,2025-06-15,13.0,771.72,94.69,8.0,Perdido,Bucaramanga,Físico,False,False,False
TRX-14865,PROD-2283,2025-10-05,1.0,222.36,44.03,9.0,En Camino,Sin Ciudad,Físico,False,False,False
TRX-14866,PROD-3598,2024-10-30,3.0,277.12,86.74,5.0,En Camino,Sin Ciudad,Físico,False,False,True
TRX-14867,PROD-1237,2024-11-05,6.0,1675.61,25.95,21.0,Devuelto,Bogotá,Online,False,False,False
TRX-14868,PROD-1019,2025-09-08,9.0,1502.01,7.76,10.0,Devuelto,Bucaramanga,WhatsApp,False,False,False
TRX-14869,PROD-2851,2024-12-05,11.0,770.86,59.47,5.0,Entregado,Medellín,Online,False,False,False
TRX-14870,PROD-2120,2025-12-04,1.0,1658.69,35.84,14.0,Perdido,Bucaramanga,App,False,False,False
TRX-14871,PROD-1857,2025-09-26,5.0,170.72,98.52,18.0,Retrasado,Medellín,WhatsApp,False,False,False
TRX-14872,PROD-1690,2025-05-06,12.0,1253.3,52.36,29.0,Devuelto,Cali,Online,False,False,False
TRX-14873,PROD-3360,2025-07-26,2.0,1737.67,14.92,7.0,Entregado,Barranquilla,Físico,False,False,False
TRX-14874,PROD-1648,2025-07-27,7.0,1679.34,9.49,8.0,Entregado,Sin Ciudad,Online,False,False,False
TRX-14875,PROD-3005,2025-12-20,4.0,751.84,9.28,5.0,En Camino,Sin Ciudad,Físico,False,False,False
TRX-14876,PROD-1360,2025-09-05,5.0,1493.02,25.6,24.0,Perdido,Sin Ciudad,Online,False,False,False
TRX-14877,PROD-1530,2026-01-11,8.0,860.66,60.02,6.0,Perdido,Medellín,Físico,False,False,False
TRX-14878,PROD-3516,2025-08-03,2.0,1681.87,53.03,20.0,Sin Información,Medellín,Online,False,False,True
TRX-14879,PROD-2776,2024-10-05,3.0,1066.22,38.26,23.0,Retrasado,Bogotá,App,False,False,False
TRX-14880,PROD-3594,2025-11-21,11.0,1532.07,13.44,24.0,Perdido,Cali,WhatsApp,False,False,True
TRX-14881,PROD-2758,2024-10-04,5.0,166.36,27.21,9.0,Sin Información,Medellín,Online,False,False,False
TRX-14882,PROD-2652,2024-11-11,10.0,1184.15,22.49,21.0,Retrasado,Medellín,Online,False,False,False
TRX-14883,PROD-2757,2026-01-23,4.0,1105.07,75.84,9.0,Perdido,Bogotá,WhatsApp,False,False,False
TRX-14884,PROD-2955,2025-08-01,5.0,1223.85,52.36,8.0,En Camino,Cali,App,False,False,False
TRX-14885,PROD-2570,2025-11-30,3.0,1394.33,79.09,17.0,Sin Información,Bucaramanga,App,False,False,False
TRX-14886,PROD-1019,2025-05-29,13.0,1837.04,78.82,24.0,Entregado,Barranquilla,Físico,False,False,False
TRX-14887,PROD-1154,2025-01-19,12.0,1573.51,97.06,8.0,Perdido,Medellín,App,False,False,False
TRX-14888,PROD-3186,2024-11-18,9.0,447.08,89.0,29.0,Perdido,Medellín,WhatsApp,False,False,False
TRX-14889,PROD-1816,2025-03-23,8.0,1653.53,52.29,23.0,En Camino,Bogotá,Online,False,False,False
TRX-14890,PROD-3992,2025-12-16,14.0,252.94,44.42,1.0,Devuelto,Sin Ciudad,WhatsApp,False,False,True
TRX-14891,PROD-2528,2025-06-13,6.0,1248.18,92.0,22.0,Retrasado,Cali,Físico,False,False,False
TRX-14892,PROD-1057,2025-01-06,14.0,1766.68,63.07,18.0,Devuelto,Medellín,Online,False,False,False
TRX-14893,PROD-2319,2025-04-01,1.0,211.23,32.97,15.0,Entregado,Bogotá,Físico,False,False,False
TRX-14894,PROD-3175,2025-02-06,4.0,1700.89,58.62,22.0,Devuelto,Sin Ciudad,Físico,False,False,False
TRX-14895,PROD-1780,2025-03-29,7.0,1599.26,99.25,27.0,Entregado,Medellín,App,False,False,False
TRX-14896,PROD-1073,2025-01-20,10.0,1012.51,52.36,16.0,Retrasado,Bogotá,Online,False,False,False
TRX-14897,PROD-3771,2025-05-22,5.0,624.71,85.7,2.0,En Camino,Barranquilla,Físico,False,False,True
TRX-14898,PROD-1016,2025-08-07,4.0,816.82,31.72,13.0,Entregado,Bogotá,Físico,False,False,False
TRX-14899,PROD-3566,2024-12-03,9.0,1937.63,95.53,2.0,Retrasado,Bogotá,Físico,False,False,True
TRX-14900,PROD-2019,2025-05-23,7.0,411.38,98.24,14.0,Sin Información,Cali,WhatsApp,False,False,False
TRX-14901,PROD-1926,2025-01-31,8.0,1163.41,26.96,7.0,En Camino,Bogotá,Físico,False,False,False
TRX-14902,PROD-3840,2025-12-23,3.0,175.65,90.08,11.0,Devuelto,Bogotá,App,False,False,True
TRX-14903,PROD-2410,2025-06-18,14.0,443.61,88.9,15.0,Devuelto,Bucaramanga,App,False,False,False
TRX-14904,PROD-2278,2025-10-20,6.0,1529.0,8.78,26.0,Entregado,Medellín,Online,False,False,False
TRX-14905,PROD-1528,2026-01-14,12.0,612.17,68.62,17.0,Perdido,Bogotá,Físico,False,False,False
TRX-14906,PROD-1420,2026-01-08,14.0,1971.67,34.0,21.0,Sin Información,Cali,Online,False,False,False
TRX-14907,PROD-2571,2024-11-13,14.0,1006.63,69.09,17.0,Perdido,Bogotá,Online,False,False,False
TRX-14908,PROD-3061,2026-01-27,12.0,1037.91,52.36,15.0,Sin Información,Medellín,App,False,False,False
TRX-14909,PROD-3411,2024-11-23,4.0,82.27,91.79,16.0,En Camino,Medellín,Físico,False,False,False
TRX-14910,PROD-2253,2025-01-19,7.0,1913.49,52.38,9.0,Devuelto,Bucaramanga,App,False,False,False
TRX-14911,PROD-1684,2025-09-22,1.0,356.72,44.37,21.0,Retrasado,Sin Ciudad,WhatsApp,False,False,False
TRX-14912,PROD-1267,2025-06-13,1.0,1081.3,92.55,21.0,Sin Información,Bogotá,Físico,False,False,False
TRX-14913,PROD-1187,2025-05-19,14.0,797.39,97.54,20.0,En Camino,Medellín,Físico,False,False,False
TRX-14914,PROD-2221,2025-09-08,12.0,837.01,10.91,19.0,Entregado,Medellín,Online,False,False,False
TRX-14915,PROD-2191,2025-10-08,12.0,1290.17,92.67,24.0,Sin Información,Medellín,Online,False,False,False
TRX-14916,PROD-2867,2025-06-04,6.0,1327.56,12.86,23.0,Entregado,Bogotá,App,False,False,False
TRX-14917,PROD-3981,2025-03-14,10.0,317.03,37.04,9.0,En Camino,Bogotá,WhatsApp,False,False,True
TRX-14918,PROD-3131,2025-07-28,11.0,1004.18,77.44,6.0,Retrasado,Barranquilla,App,False,False,False
TRX-14919,PROD-3442,2025-05-17,13.0,1583.05,78.82,1.0,Devuelto,Bucaramanga,WhatsApp,False,False,False
TRX-14920,PROD-3146,2025-08-07,13.0,892.14,52.36,5.0,Devuelto,Medellín,Físico,False,False,False
TRX-14921,PROD-2383,2024-12-26,14.0,339.95,73.95,5.0,Retrasado,Barranquilla,Online,False,False,False
TRX-14922,PROD-2776,2025-08-25,7.0,633.3,8.72,23.0,Devuelto,Sin Ciudad,Online,False,False,False
TRX-14923,PROD-3813,2026-01-30,13.0,432.64,17.63,26.0,Sin Información,Bogotá,Físico,False,False,True
TRX-14924,PROD-1548,2024-11-18,9.0,260.38,93.94,1.0,Perdido,Bogotá,WhatsApp,False,False,False
TRX-14925,PROD-2403,2025-12-04,7.0,761.39,12.74,1.0,Perdido,Medellín,App,False,False,False
TRX-14926,PROD-3007,2025-10-30,9.0,1086.46,12.46,29.0,Retrasado,Barranquilla,Físico,False,False,False
TRX-14927,PROD-2471,2024-11-28,10.0,154.78,84.39,22.0,Perdido,Bogotá,Online,False,False,False
TRX-14928,PROD-1771,2024-11-07,14.0,1211.61,65.92,6.0,Sin Información,Sin Ciudad,WhatsApp,False,False,False
TRX-14929,PROD-1675,2024-12-25,9.0,1986.12,38.41,9.0,En Camino,Medellín,App,False,False,False
TRX-14930,PROD-2652,2025-02-07,14.0,1928.61,20.74,19.0,Devuelto,Barranquilla,Físico,False,False,False
TRX-14931,PROD-1078,2025-09-26,14.0,1660.06,89.0,28.0,Sin Información,Bogotá,Online,False,False,False
TRX-14932,PROD-1935,2024-12-24,8.0,540.02,52.36,5.0,En Camino,Cali,WhatsApp,False,False,False
TRX-14933,PROD-1918,2025-05-12,7.0,54.59,98.91,21.0,Retrasado,Bucaramanga,App,False,False,False
TRX-14934,PROD-3978,2025-10-29,12.0,1668.75,9.75,17.0,Sin Información,Medellín,Físico,False,False,True
TRX-14935,PROD-1537,2025-10-23,3.0,120.88,57.64,22.0,Sin Información,Cali,App,False,False,False
TRX-14936,PROD-1865,2024-11-10,11.0,419.2,29.82,20.0,Perdido,Medellín,Físico,False,False,False
TRX-14937,PROD-1089,2024-10-15,14.0,1093.46,84.08,12.0,En Camino,Barranquilla,WhatsApp,False,False,False
TRX-14938,PROD-3415,2024-11-23,3.0,364.97,37.88,6.0,En Camino,Medellín,Online,False,False,False
TRX-14939,PROD-3066,2025-06-16,11.0,1669.24,72.89,29.0,Entregado,Medellín,Físico,False,False,False
TRX-14940,PROD-1692,2025-08-17,5.0,1556.55,56.25,13.0,En Camino,Barranquilla,Físico,False,False,False
TRX-14941,PROD-1504,2025-01-18,7.0,1513.98,56.44,24.0,Perdido,Sin Ciudad,WhatsApp,False,False,False
TRX-14942,PROD-2501,2025-12-06,13.0,1634.09,86.51,8.0,Devuelto,Bucaramanga,WhatsApp,False,False,False
TRX-14943,PROD-3912,2024-12-19,12.0,447.21,49.69,29.0,Devuelto,Medellín,Online,False,False,True
TRX-14944,PROD-3664,2024-12-20,10.0,1460.5,52.36,3.0,Devuelto,Medellín,WhatsApp,False,False,True
TRX-14945,PROD-1153,2024-11-16,7.0,717.01,85.33,25.0,Perdido,Bucaramanga,App,False,False,False
TRX-14946,PROD-2536,2025-02-22,1.0,1337.02,39.53,11.0,Devuelto,Bogotá,App,False,False,False
TRX-14947,PROD-3622,2025-05-19,8.0,252.82,21.6,29.0,Sin Información,Cali,Online,False,False,True
TRX-14948,PROD-2047,2025-06-14,1.0,1414.12,48.27,20.0,Sin Información,Bucaramanga,Online,False,False,False
TRX-14949,PROD-3190,2025-06-17,13.0,1944.49,52.34,1.0,Devuelto,Cali,WhatsApp,False,False,False
TRX-14950,PROD-3552,2025-10-22,14.0,96.76,50.45,25.0,Retrasado,Bogotá,App,False,False,True
TRX-14951,PROD-1199,2025-01-13,11.0,196.72,81.79,14.0,Retrasado,Bogotá,WhatsApp,False,False,False
TRX-14952,PROD-3432,2025-03-07,4.0,256.04,58.64,29.0,Entregado,Barranquilla,Online,False,False,False
TRX-14953,PROD-1196,2025-02-25,2.0,866.82,89.4,21.0,Sin Información,Cali,App,False,False,False
TRX-14954,PROD-3711,2024-09-30,5.0,588.65,53.85,29.0,Entregado,Medellín,Online,False,False,True
TRX-14955,PROD-1442,2025-04-12,6.0,1615.77,26.35,24.0,En Camino,Medellín,Online,False,False,False
TRX-14956,PROD-3677,2025-04-27,4.0,952.84,52.36,13.0,En Camino,Bogotá,WhatsApp,False,False,True
TRX-14957,PROD-1080,2025-11-27,14.0,974.23,17.3,15.0,Sin Información,Bogotá,Online,False,False,False
TRX-14958,PROD-1197,2025-07-11,12.0,1436.91,87.49,23.0,Sin Información,Cali,WhatsApp,False,False,False
TRX-14959,PROD-3825,2025-10-08,13.0,730.32,10.34,21.0,En Camino,Bogotá,Online,False,False,True
TRX-14960,PROD-1474,2024-11-11,4.0,712.88,16.17,8.0,Entregado,Cali,Online,False,False,False
TRX-14961,PROD-2707,2025-01-07,7.0,1516.28,11.05,15.0,Devuelto,Bucaramanga,Online,False,False,False
TRX-14962,PROD-2819,2024-10-01,11.0,1562.28,45.25,13.0,En Camino,Medellín,App,False,False,False
TRX-14963,PROD-2557,2025-05-13,4.0,38.65,55.6,1.0,Devuelto,Sin Ciudad,Online,False,False,False
TRX-14964,PROD-1506,2025-03-29,2.0,296.14,6.89,11.0,Devuelto,Bucaramanga,Físico,False,False,False
TRX-14965,PROD-3241,2025-12-22,4.0,434.07,53.98,20.0,Entregado,Cali,App,False,False,False
TRX-14966,PROD-2035,2025-08-11,7.0,709.68,42.41,15.0,Retrasado,Sin Ciudad,Físico,False,False,False
TRX-14967,PROD-2943,2025-07-28,1.0,589.98,78.5,21.0,Sin Información,Bogotá,Online,False,False,False
TRX-14968,PROD-3874,2025-08-26,4.0,1340.35,52.36,4.0,Retrasado,Barranquilla,App,False,False,True
TRX-14969,PROD-1627,2025-01-10,6.0,1657.99,83.85,6.0,Perdido,Bucaramanga,Físico,False,False,False
TRX-14970,PROD-1841,2026-01-18,8.0,392.25,70.07,25.0,Retrasado,Bucaramanga,Online,False,False,False
TRX-14971,PROD-3847,2025-02-14,8.0,1130.33,49.98,12.0,En Camino,Medellín,App,False,False,True
TRX-14972,PROD-3808,2025-05-08,13.0,741.95,25.53,1.0,Entregado,Sin Ciudad,Online,False,False,True
TRX-14973,PROD-3581,2025-07-28,9.0,1016.5,85.48,10.0,Devuelto,Medellín,WhatsApp,False,False,True
TRX-14974,PROD-1038,2025-11-08,5.0,1245.31,37.46,27.0,Entregado,Bogotá,WhatsApp,False,False,False
TRX-14975,PROD-2233,2025-01-14,14.0,1788.26,38.85,18.0,Sin Información,Bucaramanga,Físico,False,False,False
TRX-14976,PROD-2723,2024-11-24,2.0,392.66,92.02,1.0,Perdido,Bucaramanga,App,False,False,False
TRX-14977,PROD-3710,2025-10-26,3.0,183.14,97.68,7.0,Perdido,Bogotá,App,False,False,True
TRX-14978,PROD-1413,2025-06-24,2.0,1258.15,90.32,2.0,Perdido,Bogotá,App,False,False,False
TRX-14979,PROD-3713,2025-01-24,9.0,794.32,99.83,25.0,Devuelto,Cali,App,False,False,True
TRX-14980,PROD-3131,2024-12-17,6.0,334.18,52.36,8.0,Perdido,Medellín,App,False,False,False
TRX-14981,PROD-2105,2024-12-01,14.0,243.0,87.55,26.0,Sin Información,Bucaramanga,Físico,False,False,False
TRX-14982,PROD-3550,2024-11-08,11.0,1122.23,71.91,1.0,Perdido,Medellín,App,False,False,True
TRX-14983,PROD-3480,2025-04-09,12.0,607.94,32.91,19.0,Perdido,Sin Ciudad,WhatsApp,False,False,False
TRX-14984,PROD-3870,2025-09-21,1.0,1994.88,95.53,6.0,Sin Información,Medellín,WhatsApp,False,False,True
TRX-14985,PROD-1561,2025-11-28,3.0,817.74,88.28,11.0,Sin Información,Cali,App,False,False,False
TRX-14986,PROD-2715,2025-04-11,7.0,432.45,27.87,19.0,Devuelto,Medellín,Online,False,False,False
TRX-14987,PROD-1429,2025-06-25,7.0,1261.41,51.47,25.0,Perdido,Medellín,App,False,False,False
TRX-14988,PROD-3095,2024-10-29,5.0,496.07,11.66,28.0,En Camino,Bucaramanga,Físico,False,False,False
TRX-14989,PROD-3944,2025-04-13,3.0,993.23,95.56,10.0,Entregado,Barranquilla,WhatsApp,False,False,True
TRX-14990,PROD-3530,2025-01-30,13.0,970.33,59.41,16.0,Perdido,Medellín,WhatsApp,False,False,True
TRX-14991,PROD-1482,2025-12-14,7.0,912.58,28.29,16.0,Perdido,Bogotá,Físico,False,False,False
TRX-14992,PROD-2157,2026-01-05,5.0,1594.21,52.36,10.0,Entregado,Medellín,Físico,False,False,False
TRX-14993,PROD-1466,2026-01-31,6.0,441.06,32.78,18.0,Perdido,Barranquilla,Online,False,False,False
TRX-14994,PROD-1435,2025-07-11,3.0,1809.57,98.16,22.0,Sin Información,Medellín,WhatsApp,False,False,False
TRX-14995,PROD-3038,2025-10-16,6.0,1584.77,63.48,18.0,Perdido,Bogotá,App,False,False,False
TRX-14996,PROD-1813,2024-11-25,7.0,672.91,44.96,3.0,En Camino,Bogotá,Físico,False,False,False
TRX-14997,PROD-3494,2025-06-12,14.0,369.4,52.49,12.0,Sin Información,Sin Ciudad,App,False,False,False
TRX-14998,PROD-1818,2025-12-20,8.0,566.27,14.36,10.0,Retrasado,Bogotá,Físico,False,False,False
TRX-14999,PROD-2077,2025-01-20,2.0,671.95,12.13,28.0,Devuelto,Medellín,Físico,False,False,False
TRX-15000,PROD-3142,2025-06-27,7.0,1118.3,61.31,15.0,Devuelto,Bogotá,WhatsApp,True,False,False
TRX-15001,PROD-1826,2025-04-12,2.0,102.27,53.64,16.0,Entregado,Bogotá,Físico,False,False,False
TRX-15002,PROD-2466,2024-11-07,14.0,1829.57,39.12,25.0,En Camino,Barranquilla,WhatsApp,False,False,False
TRX-15003,PROD-3881,2025-03-09,6.0,206.36,58.78,9.0,Devuelto,Sin Ciudad,Online,False,False,True
TRX-15004,PROD-2678,2025-12-11,8.0,565.75,52.36,18.0,Entregado,Bucaramanga,WhatsApp,False,False,False
TRX-15005,PROD-2209,2025-01-10,5.0,227.48,11.9,13.0,Entregado,Bogotá,App,False,False,False
TRX-15006,PROD-1656,2024-11-07,14.0,520.78,94.68,24.0,Entregado,Bogotá,App,False,False,False
TRX-15007,PROD-1161,2025-04-22,1.0,1676.97,32.9,14.0,Devuelto,Cali,App,False,False,False
TRX-15008,PROD-3245,2024-10-20,11.0,1234.2,11.82,19.0,Retrasado,Sin Ciudad,App,False,False,False
TRX-15009,PROD-3033,2024-12-18,1.0,462.37,21.1,14.0,Entregado,Barranquilla,WhatsApp,False,False,False
TRX-15010,PROD-1850,2025-07-10,10.0,1744.8,14.07,2.0,Perdido,Sin Ciudad,WhatsApp,False,False,False
TRX-15011,PROD-3818,2025-10-12,9.0,1603.42,21.97,11.0,Retrasado,Medellín,Físico,False,False,True
TRX-15012,PROD-2968,2025-02-26,4.0,1509.76,44.59,26.0,Retrasado,Medellín,WhatsApp,False,False,False
TRX-15013,PROD-2354,2025-06-14,12.0,1696.79,75.11,8.0,Perdido,Medellín,App,False,False,False
TRX-15014,PROD-1960,2025-06-14,10.0,1243.1,30.87,3.0,Devuelto,Barranquilla,WhatsApp,False,False,False
TRX-15015,PROD-1011,2024-10-14,1.0,1007.86,46.41,15.0,Devuelto,Cali,Online,False,False,False
TRX-15016,PROD-1052,2025-06-05,11.0,754.13,52.36,13.0,En Camino,Bogotá,Online,False,False,False
TRX-15017,PROD-3751,2025-04-01,8.0,455.29,93.23,8.0,Devuelto,Medellín,Online,False,False,True
TRX-15018,PROD-1364,2025-12-16,2.0,1119.25,33.1,13.0,En Camino,Barranquilla,App,False,False,False
TRX-15019,PROD-1452,2025-12-30,12.0,1780.09,80.5,16.0,Entregado,Sin Ciudad,Online,False,False,False
TRX-15020,PROD-3351,2025-05-12,2.0,1192.02,19.99,22.0,Devuelto,Sin Ciudad,Físico,False,False,False
TRX-15021,PROD-3740,2025-03-27,1.0,1840.02,21.94,1.0,Devuelto,Cali,Online,False,False,True
TRX-15022,PROD-3023,2025-08-14,1.0,720.27,48.33,2.0,Perdido,Bogotá,App,False,False,False
TRX-15023,PROD-1610,2025-03-24,9.0,1393.32,27.24,13.0,Entregado,Sin Ciudad,Físico,False,False,False
TRX-15024,PROD-1368,2025-10-24,13.0,1300.84,90.79,29.0,Sin Información,Bogotá,Online,False,False,False
TRX-15025,PROD-3095,2026-01-16,1.0,1344.16,9.82,14.0,Sin Información,Medellín,WhatsApp,False,False,False
TRX-15026,PROD-1307,2025-10-30,6.0,1293.63,61.74,2.0,En Camino,Bogotá,WhatsApp,False,False,False
TRX-15027,PROD-3963,2025-12-29,12.0,451.09,62.4,16.0,Entregado,Bogotá,App,False,False,True
TRX-15028,PROD-3963,2025-11-13,7.0,295.75,52.36,14.0,Sin Información,Bucaramanga,App,False,False,True
TRX-15029,PROD-1414,2025-04-12,4.0,1957.47,11.27,7.0,Retrasado,Barranquilla,App,False,False,False
TRX-15030,PROD-2048,2024-11-26,5.0,100.14,74.59,22.0,Perdido,Bogotá,Físico,False,False,False
TRX-15031,PROD-3639,2025-12-10,4.0,940.8,49.55,14.0,Retrasado,Medellín,App,False,False,True
TRX-15032,PROD-1946,2025-10-23,4.0,855.91,73.69,18.0,Sin Información,Sin Ciudad,Online,False,False,False
TRX-15033,PROD-2870,2024-11-04,10.0,726.44,83.56,17.0,En Camino,Bogotá,Online,False,False,False
TRX-15034,PROD-2212,2025-05-01,1.0,1566.15,35.68,5.0,Devuelto,Barranquilla,WhatsApp,False,False,False
TRX-15035,PROD-2081,2024-10-09,6.0,1493.25,51.03,11.0,Devuelto,Bogotá,WhatsApp,False,False,False
TRX-15036,PROD-2901,2025-08-12,14.0,1811.4,29.77,18.0,Devuelto,Bogotá,Online,False,False,False
TRX-15037,PROD-1205,2025-07-04,10.0,797.02,24.14,16.0,En Camino,Cali,WhatsApp,False,False,False
TRX-15038,PROD-1408,2025-03-24,14.0,1132.72,5.06,26.0,Retrasado,Bogotá,App,False,False,False
TRX-15039,PROD-1715,2025-10-18,10.0,1785.69,96.54,10.0,En Camino,Medellín,App,False,False,False
TRX-15040,PROD-1161,2024-11-05,7.0,1987.76,52.36,6.0,En Camino,Medellín,Online,False,False,False
TRX-15041,PROD-2190,2025-12-27,7.0,1938.9,46.89,14.0,Retrasado,Cali,Físico,False,False,False
TRX-15042,PROD-2475,2025-10-16,8.0,1438.51,6.24,2.0,Sin Información,Sin Ciudad,Físico,False,False,False
TRX-15043,PROD-3772,2025-03-29,7.0,295.02,5.85,29.0,Devuelto,Bogotá,Físico,False,False,True
TRX-15044,PROD-2280,2025-10-17,6.0,56.14,32.39,27.0,Perdido,Barranquilla,WhatsApp,False,False,False
TRX-15045,PROD-2744,2026-01-17,12.0,1652.18,6.32,9.0,En Camino,Bucaramanga,Físico,False,False,False
TRX-15046,PROD-1474,2025-06-12,8.0,1683.47,40.58,28.0,En Camino,Medellín,App,False,False,False
TRX-15047,PROD-1389,2025-03-15,3.0,1495.26,10.98,13.0,Retrasado,Medellín,Físico,False,False,False
TRX-15048,PROD-1187,2025-12-07,9.0,567.05,8.73,21.0,Sin Información,Bucaramanga,Online,False,False,False
TRX-15049,PROD-1039,2024-11-15,3.0,1283.24,68.59,23.0,Perdido,Bogotá,WhatsApp,False,False,False
TRX-15050,PROD-1566,2025-04-30,4.0,639.33,91.15,20.0,En Camino,Bogotá,App,False,False,False
TRX-15051,PROD-3717,2024-11-07,13.0,906.79,43.89,12.0,Entregado,Bogotá,App,False,False,True
TRX-15052,PROD-3650,2025-10-21,10.0,771.05,52.36,2.0,Perdido,Cali,Online,False,False,True
TRX-15053,PROD-1698,2025-06-09,14.0,1828.14,84.49,3.0,En Camino,Sin Ciudad,WhatsApp,False,False,False
TRX-15054,PROD-2346,2025-04-05,6.0,475.97,7.78,13.0,Perdido,Medellín,Online,False,False,False
TRX-15055,PROD-2464,2025-11-05,12.0,1159.45,78.88,21.0,Sin Información,Medellín,Físico,False,False,False
TRX-15056,PROD-2792,2026-01-06,14.0,728.35,10.97,1.0,Entregado,Barranquilla,WhatsApp,False,False,False
TRX-15057,PROD-3546,2025-09-04,12.0,1329.51,84.65,28.0,Entregado,Sin Ciudad,WhatsApp,False,False,True
TRX-15058,PROD-2098,2025-12-28,8.0,1133.48,88.82,20.0,Perdido,Medellín,App,False,False,False
TRX-15059,PROD-1380,2024-11-22,3.0,1848.72,79.67,29.0,Devuelto,Medellín,Físico,False,False,False
TRX-15060,PROD-2526,2025-03-07,13.0,212.21,82.97,4.0,Perdido,Bogotá,Físico,False,False,False
TRX-15061,PROD-2403,2025-03-01,10.0,449.08,58.34,18.0,Retrasado,Barranquilla,App,False,False,False
TRX-15062,PROD-1749,2025-02-20,6.0,1535.03,30.16,25.0,Devuelto,Sin Ciudad,Online,False,False,False
TRX-15063,PROD-1466,2025-01-11,5.0,743.89,66.11,13.0,Sin Información,Sin Ciudad,App,False,False,False
TRX-15064,PROD-2641,2026-01-23,5.0,339.91,52.36,6.0,Entregado,Bogotá,Online,False,False,False
TRX-15065,PROD-2639,2024-10-29,5.0,1011.61,46.76,25.0,Devuelto,Medellín,Online,False,False,False
TRX-15066,PROD-2869,2024-09-25,9.0,1307.76,5.51,6.0,Entregado,Barranquilla,WhatsApp,False,False,False
TRX-15067,PROD-2113,2026-01-18,13.0,99.21,50.3,15.0,Entregado,Bogotá,Físico,False,False,False
TRX-15068,PROD-2579,2024-10-05,7.0,590.33,66.86,18.0,Entregado,Bogotá,Físico,False,False,False
TRX-15069,PROD-3825,2025-03-03,12.0,1620.75,6.32,17.0,Retrasado,Barranquilla,Físico,False,False,True
TRX-15070,PROD-2958,2025-09-01,9.0,1045.29,64.03,14.0,Retrasado,Medellín,App,False,False,False
TRX-15071,PROD-2727,2025-12-15,9.0,80.4,66.99,4.0,En Camino,Sin Ciudad,App,False,False,False
TRX-15072,PROD-3657,2025-08-20,13.0,571.08,20.02,29.0,Sin Información,Bucaramanga,Online,False,False,True
TRX-15073,PROD-1683,2025-06-13,14.0,1281.89,45.95,1.0,Retrasado,Medellín,Online,False,False,False
TRX-15074,PROD-1463,2024-12-14,6.0,406.73,96.61,8.0,Sin Información,Medellín,App,False,False,False
TRX-15075,PROD-1542,2025-06-14,14.0,1656.51,89.0,11.0,Entregado,Bogotá,WhatsApp,False,False,False
TRX-15076,PROD-3851,2025-11-08,6.0,1356.39,52.36,13.0,Sin Información,Bogotá,App,False,False,True
TRX-15077,PROD-3975,2025-08-22,4.0,948.04,44.03,17.0,Perdido,Bucaramanga,Online,False,False,True
TRX-15078,PROD-1240,2025-10-07,8.0,1832.09,38.24,21.0,Sin Información,Bogotá,WhatsApp,False,False,False
TRX-15079,PROD-1652,2025-04-29,14.0,789.68,16.79,14.0,Devuelto,Sin Ciudad,Online,False,False,False
TRX-15080,PROD-1424,2025-02-15,2.0,477.8,8.34,25.0,Perdido,Medellín,App,False,False,False
TRX-15081,PROD-2704,2025-07-17,5.0,1326.19,33.26,17.0,Entregado,Medellín,Físico,False,False,False
TRX-15082,PROD-3419,2025-07-16,1.0,1150.86,94.33,20.0,Perdido,Barranquilla,WhatsApp,False,False,False
TRX-15083,PROD-2977,2025-12-20,10.0,677.14,96.07,24.0,Devuelto,Bogotá,App,False,False,False
TRX-15084,PROD-3330,2025-03-02,14.0,693.89,82.19,24.0,En Camino,Bogotá,WhatsApp,False,False,False
TRX-15085,PROD-3778,2025-05-09,2.0,802.44,38.33,1.0,En Camino,Bogotá,Físico,False,False,True
TRX-15086,PROD-2794,2025-05-14,1.0,589.37,18.64,8.0,Sin Información,Barranquilla,Físico,False,False,False
TRX-15087,PROD-1742,2024-12-20,6.0,1423.38,61.58,27.0,Sin Información,Bogotá,App,False,False,False
TRX-15088,PROD-3503,2025-08-21,2.0,1306.2,52.36,28.0,Retrasado,Medellín,Online,False,False,True
TRX-15089,PROD-2555,2025-07-29,12.0,887.15,66.42,19.0,Perdido,Cali,WhatsApp,False,False,False
TRX-15090,PROD-2468,2025-04-25,4.0,801.73,45.33,11.0,Retrasado,Medellín,WhatsApp,False,False,False
TRX-15091,PROD-3504,2025-11-16,13.0,736.45,70.71,23.0,Retrasado,Medellín,Físico,False,False,True
TRX-15092,PROD-1118,2024-12-28,5.0,574.1,75.93,10.0,Perdido,Cali,App,False,False,False
TRX-15093,PROD-3803,2025-04-23,7.0,180.54,79.39,27.0,Perdido,Barranquilla,Físico,False,False,True
TRX-15094,PROD-3978,2025-09-11,10.0,543.73,52.72,1.0,Devuelto,Sin Ciudad,Físico,False,False,True
TRX-15095,PROD-1535,2025-07-31,1.0,649.19,80.21,5.0,Perdido,Sin Ciudad,Online,False,False,False
TRX-15096,PROD-2978,2024-12-31,12.0,1099.89,7.42,16.0,Perdido,Medellín,Físico,False,False,False
TRX-15097,PROD-2999,2025-02-14,11.0,1549.84,69.64,20.0,Sin Información,Sin Ciudad,App,False,False,False
TRX-15098,PROD-1462,2024-10-02,5.0,797.45,27.39,20.0,Retrasado,Bucaramanga,Físico,False,False,False
TRX-15099,PROD-2684,2026-01-06,4.0,1890.07,30.7,28.0,En Camino,Bogotá,App,False,False,False
TRX-15100,PROD-2805,2024-11-05,7.0,1656.43,52.36,5.0,Entregado,Bucaramanga,Físico,False,False,False
TRX-15101,PROD-1188,2025-05-31,7.0,1969.76,13.67,16.0,En Camino,Barranquilla,Online,False,False,False
TRX-15102,PROD-1259,2025-10-13,14.0,1753.64,23.28,3.0,Perdido,Medellín,Online,False,False,False
TRX-15103,PROD-2071,2025-05-07,10.0,1237.28,99.24,23.0,Entregado,Medellín,Físico,False,False,False
TRX-15104,PROD-3682,2025-10-25,7.0,1200.97,44.46,2.0,Perdido,Sin Ciudad,Online,False,False,True
TRX-15105,PROD-2287,2025-05-29,8.0,267.76,93.14,17.0,Sin Información,Sin Ciudad,WhatsApp,False,False,False
TRX-15106,PROD-1050,2026-01-30,4.0,1447.57,20.48,22.0,Devuelto,Barranquilla,WhatsApp,False,False,False
TRX-15107,PROD-3885,2026-01-28,4.0,1204.41,24.39,28.0,Perdido,Bogotá,Físico,False,False,True
TRX-15108,PROD-3776,2025-03-10,10.0,1018.79,57.99,1.0,Entregado,Medellín,Físico,False,False,True
TRX-15109,PROD-3149,2025-01-30,5.0,1389.64,38.21,16.0,Sin Información,Cali,Online,False,False,False
TRX-15110,PROD-3361,2024-10-11,5.0,893.66,66.17,27.0,Devuelto,Barranquilla,Online,False,False,False
TRX-15111,PROD-3964,2025-08-24,11.0,1052.48,45.09,23.0,Sin Información,Bucaramanga,Físico,False,False,True
TRX-15112,PROD-3314,2025-05-15,3.0,802.72,52.36,24.0,Entregado,Medellín,App,False,False,False
TRX-15113,PROD-1917,2026-01-27,5.0,1437.57,82.1,2.0,Devuelto,Medellín,App,False,False,False
TRX-15114,PROD-3743,2025-09-02,5.0,1754.46,46.0,20.0,Retrasado,Sin Ciudad,WhatsApp,False,False,True
TRX-15115,PROD-2385,2024-09-23,8.0,1683.28,59.37,7.0,Entregado,Bogotá,Online,False,False,False
TRX-15116,PROD-3126,2025-01-30,7.0,1574.19,35.5,11.0,Retrasado,Bucaramanga,Online,False,False,False
TRX-15117,PROD-3142,2026-01-31,8.0,37.44,71.88,6.0,Sin Información,Medellín,WhatsApp,False,False,False
TRX-15118,PROD-3819,2024-10-19,13.0,1824.64,67.2,2.0,Retrasado,Bucaramanga,App,False,False,True
TRX-15119,PROD-3869,2024-09-24,5.0,557.0,42.72,14.0,Perdido,Cali,App,False,False,True
TRX-15120,PROD-3532,2025-05-30,12.0,1777.07,31.22,4.0,En Camino,Bucaramanga,WhatsApp,False,False,True
TRX-15121,PROD-1390,2025-05-02,11.0,401.97,63.34,19.0,Devuelto,Medellín,Físico,False,False,False
TRX-15122,PROD-2772,2025-12-01,2.0,884.9,94.6,25.0,Entregado,Medellín,Online,False,False,False
TRX-15123,PROD-3710,2025-02-07,8.0,1501.3,17.6,22.0,Sin Información,Bucaramanga,Físico,False,False,True
TRX-15124,PROD-3976,2025-06-24,9.0,1284.16,52.36,29.0,Retrasado,Bucaramanga,Físico,False,False,True
TRX-15125,PROD-2018,2026-01-25,2.0,837.68,80.92,28.0,Sin Información,Sin Ciudad,App,False,False,False
TRX-15126,PROD-2973,2025-12-30,14.0,1360.46,56.58,2.0,Perdido,Medellín,Físico,False,False,False
TRX-15127,PROD-2416,2025-02-10,1.0,1102.41,54.93,2.0,Entregado,Bucaramanga,Online,False,False,False
TRX-15128,PROD-3718,2025-11-28,12.0,558.72,96.36,13.0,Sin Información,Medellín,Online,False,False,True
TRX-15129,PROD-3770,2025-06-05,6.0,1296.2,62.56,13.0,Perdido,Bogotá,Online,False,False,True
TRX-15130,PROD-3627,2025-09-27,3.0,416.45,83.9,3.0,Entregado,Cali,WhatsApp,False,False,True
TRX-15131,PROD-2576,2025-07-31,1.0,1391.04,53.88,21.0,Perdido,Bucaramanga,Físico,False,False,False
TRX-15132,PROD-1608,2025-12-22,13.0,16.19,28.74,28.0,Perdido,Cali,Físico,False,False,False
TRX-15133,PROD-3286,2025-12-06,6.0,1102.06,70.98,6.0,En Camino,Medellín,Online,False,False,False
TRX-15134,PROD-3510,2025-11-30,12.0,808.12,92.7,21.0,Retrasado,Barranquilla,WhatsApp,False,False,True
TRX-15135,PROD-1223,2024-12-26,8.0,613.18,84.92,28.0,Devuelto,Bogotá,WhatsApp,False,False,False
TRX-15136,PROD-1047,2025-03-14,9.0,1036.26,52.36,17.0,Devuelto,Sin Ciudad,App,False,False,False
TRX-15137,PROD-3635,2026-01-08,13.0,1294.17,23.84,29.0,Entregado,Bucaramanga,App,False,False,True
TRX-15138,PROD-1642,2025-12-09,6.0,1930.97,35.1,1.0,Entregado,Cali,Online,False,False,False
TRX-15139,PROD-3070,2025-11-19,12.0,1667.8,54.1,7.0,Sin Información,Bucaramanga,Físico,False,False,False
TRX-15140,PROD-2922,2025-11-01,6.0,1437.13,59.3,26.0,Sin Información,Bogotá,Físico,False,False,False
TRX-15141,PROD-3030,2025-12-05,1.0,963.14,23.41,7.0,En Camino,Sin Ciudad,Físico,False,False,False
TRX-15142,PROD-1677,2024-11-18,5.0,790.37,26.85,13.0,Entregado,Bogotá,WhatsApp,False,False,False
TRX-15143,PROD-1306,2026-02-02,3.0,74.73,77.09,26.0,Devuelto,Sin Ciudad,Físico,False,True,False
TRX-15144,PROD-3013,2025-01-02,7.0,724.6,74.38,22.0,Retrasado,Medellín,WhatsApp,False,False,False
TRX-15145,PROD-2313,2025-03-10,12.0,1698.27,84.72,9.0,En Camino,Bogotá,Online,False,False,False
TRX-15146,PROD-1986,2026-01-12,9.0,774.21,93.63,18.0,Entregado,Medellín,Físico,False,False,False
TRX-15147,PROD-2355,2024-12-01,13.0,928.55,34.28,1.0,En Camino,Cali,WhatsApp,False,False,False
TRX-15148,PROD-2139,2025-08-26,11.0,550.95,52.36,11.0,En Camino,Cali,Online,False,False,False
TRX-15149,PROD-1206,2024-11-10,6.0,555.52,86.66,22.0,En Camino,Medellín,Online,False,False,False
TRX-15150,PROD-3076,2025-11-24,5.0,133.12,68.27,22.0,Entregado,Medellín,WhatsApp,False,False,False
TRX-15151,PROD-1912,2025-11-15,7.0,1231.47,95.99,25.0,Perdido,Bogotá,WhatsApp,False,False,False
TRX-15152,PROD-3254,2025-09-04,11.0,901.66,30.85,11.0,Entregado,Bucaramanga,Físico,False,False,False
TRX-15153,PROD-3635,2024-09-27,9.0,1215.86,30.62,10.0,Entregado,Bogotá,App,False,False,True
TRX-15154,PROD-2550,2025-12-21,5.0,1098.3,71.91,17.0,Sin Información,Bucaramanga,Físico,False,False,False
TRX-15155,PROD-2651,2025-04-12,5.0,1599.7,93.2,27.0,Entregado,Bucaramanga,App,False,False,False
TRX-15156,PROD-1962,2025-04-12,10.0,1504.51,83.33,17.0,Entregado,Medellín,WhatsApp,False,False,False
TRX-15157,PROD-1322,2025-03-20,4.0,1545.19,74.07,12.0,Entregado,Medellín,App,False,False,False
TRX-15158,PROD-2880,2024-11-18,5.0,1003.49,41.79,28.0,En Camino,Barranquilla,WhatsApp,False,False,False
TRX-15159,PROD-2819,2025-03-27,7.0,714.22,73.19,10.0,En Camino,Medellín,Online,False,False,False
TRX-15160,PROD-3347,2024-12-23,3.0,1867.54,52.36,12.0,Entregado,Medellín,App,False,False,False
TRX-15161,PROD-2835,2025-07-11,4.0,118.0,81.1,6.0,Sin Información,Medellín,App,False,False,False
TRX-15162,PROD-1360,2025-10-21,9.0,313.72,76.56,21.0,Retrasado,Bogotá,Online,False,False,False
TRX-15163,PROD-3041,2025-11-30,12.0,845.0,69.3,27.0,Sin Información,Bucaramanga,Físico,False,False,False
TRX-15164,PROD-2831,2026-01-18,2.0,1231.78,9.48,6.0,Retrasado,Bucaramanga,App,False,False,False
TRX-15165,PROD-2294,2025-05-07,8.0,26.32,67.67,6.0,Perdido,Bucaramanga,WhatsApp,False,False,False
TRX-15166,PROD-1486,2025-11-17,9.0,1441.45,50.44,29.0,Retrasado,Bucaramanga,Físico,False,False,False
TRX-15167,PROD-3037,2025-01-12,5.0,1121.87,96.35,20.0,Devuelto,Bogotá,Online,False,False,False
TRX-15168,PROD-3676,2025-02-17,7.0,974.56,62.68,26.0,Devuelto,Bogotá,App,False,False,True
TRX-15169,PROD-1072,2025-06-18,6.0,852.76,62.78,8.0,Retrasado,Bogotá,Online,False,False,False
TRX-15170,PROD-1420,2025-04-13,1.0,1043.78,99.44,5.0,Entregado,Medellín,Online,False,False,False
TRX-15171,PROD-2652,2025-10-05,8.0,331.95,13.89,6.0,Retrasado,Bogotá,WhatsApp,False,False,False
TRX-15172,PROD-2688,2025-09-22,9.0,226.34,52.36,2.0,Devuelto,Cali,Online,False,False,False
TRX-15173,PROD-1146,2025-10-30,10.0,586.38,31.25,17.0,Retrasado,Bogotá,App,False,False,False
TRX-15174,PROD-3282,2025-09-05,11.0,1421.91,67.33,8.0,En Camino,Cali,Online,False,False,False
TRX-15175,PROD-3249,2025-09-15,1.0,1180.69,34.95,22.0,Perdido,Bucaramanga,Físico,False,False,False
TRX-15176,PROD-1000,2024-11-17,8.0,965.44,37.88,29.0,En Camino,Bogotá,Online,False,False,False
TRX-15177,PROD-1372,2025-07-20,3.0,1147.33,89.8,9.0,Sin Información,Bogotá,App,False,False,False
TRX-15178,PROD-3474,2025-08-04,12.0,1122.92,60.04,21.0,En Camino,Bogotá,App,False,False,False
TRX-15179,PROD-3535,2025-12-18,6.0,621.01,14.77,8.0,Perdido,Cali,App,False,False,True
TRX-15180,PROD-3611,2025-03-26,10.0,203.94,34.53,23.0,Entregado,Barranquilla,Físico,False,False,True
TRX-15181,PROD-2247,2024-11-15,8.0,1794.6,12.23,11.0,Perdido,Medellín,App,False,False,False
TRX-15182,PROD-3082,2024-10-29,5.0,1203.82,57.83,10.0,Entregado,Bogotá,Físico,False,False,False
TRX-15183,PROD-3303,2025-04-21,8.0,1398.52,21.46,17.0,Devuelto,Bogotá,Online,False,False,False
TRX-15184,PROD-1847,2025-07-12,7.0,933.35,52.36,23.0,Retrasado,Bogotá,Físico,False,False,False
TRX-15185,PROD-3681,2025-06-19,7.0,1515.4,86.43,20.0,Devuelto,Cali,Online,False,False,True
TRX-15186,PROD-3750,2025-09-08,7.0,1173.15,59.84,13.0,Devuelto,Medellín,Online,False,False,True
TRX-15187,PROD-2868,2025-04-30,9.0,117.06,10.64,22.0,Devuelto,Bogotá,Online,False,False,False
TRX-15188,PROD-2396,2025-05-08,6.0,1781.29,33.58,9.0,Retrasado,Sin Ciudad,App,False,False,False
TRX-15189,PROD-2488,2025-11-24,6.0,618.02,63.55,15.0,Entregado,Bogotá,Físico,False,False,False
TRX-15190,PROD-1222,2025-09-15,11.0,284.4,36.87,13.0,Perdido,Barranquilla,WhatsApp,False,False,False
TRX-15191,PROD-1913,2025-04-21,9.0,185.2,53.75,13.0,Entregado,Sin Ciudad,App,False,False,False
TRX-15192,PROD-2861,2025-07-17,6.0,1443.68,91.39,13.0,Entregado,Cali,App,False,False,False
TRX-15193,PROD-2359,2024-09-23,7.0,1410.9,38.25,25.0,En Camino,Sin Ciudad,Físico,False,False,False
TRX-15194,PROD-3294,2024-10-15,7.0,1403.32,36.91,25.0,Retrasado,Medellín,WhatsApp,False,False,False
TRX-15195,PROD-3538,2025-12-14,2.0,1832.35,82.88,21.0,Entregado,Bogotá,Online,False,False,True
TRX-15196,PROD-3457,2025-07-03,13.0,704.4,52.36,4.0,Entregado,Sin Ciudad,WhatsApp,False,False,False
TRX-15197,PROD-2937,2026-01-31,12.0,1126.65,35.28,22.0,Devuelto,Bucaramanga,Físico,False,False,False
TRX-15198,PROD-3935,2025-10-15,8.0,1242.8,12.41,10.0,Sin Información,Medellín,App,False,False,True
TRX-15199,PROD-3691,2025-11-21,12.0,1959.17,22.19,15.0,En Camino,Bucaramanga,WhatsApp,False,False,True
TRX-15200,PROD-2488,2025-03-29,7.0,631.57,95.14,15.0,Perdido,Cali,Físico,True,False,False
TRX-15201,PROD-3932,2024-10-10,11.0,1913.1,93.66,21.0,Sin Información,Bogotá,Online,False,False,True
TRX-15202,PROD-2853,2025-12-13,6.0,305.98,26.36,28.0,En Camino,Medellín,App,False,False,False
TRX-15203,PROD-1467,2025-12-11,4.0,1530.36,57.58,10.0,Devuelto,Barranquilla,Físico,False,False,False
TRX-15204,PROD-1399,2024-11-10,11.0,1269.44,18.05,21.0,Devuelto,Medellín,Online,False,False,False
TRX-15205,PROD-3698,2024-11-08,13.0,1635.62,69.09,8.0,Devuelto,Cali,App,False,False,True
TRX-15206,PROD-1908,2025-01-15,7.0,67.08,22.6,10.0,Retrasado,Sin Ciudad,WhatsApp,False,False,False
TRX-15207,PROD-1008,2024-10-31,8.0,165.48,9.73,21.0,Sin Información,Cali,App,False,False,False
TRX-15208,PROD-2398,2025-04-27,1.0,148.69,52.36,17.0,Devuelto,Bogotá,Online,False,False,False
TRX-15209,PROD-2454,2025-04-20,10.0,1189.99,83.37,5.0,Entregado,Sin Ciudad,Físico,False,False,False
TRX-15210,PROD-3595,2025-06-11,13.0,1209.84,35.91,13.0,Retrasado,Medellín,Online,False,False,True
TRX-15211,PROD-2195,2025-04-21,13.0,1813.15,15.31,21.0,Devuelto,Sin Ciudad,App,False,False,False
TRX-15212,PROD-3243,2024-11-14,4.0,940.53,84.22,21.0,Retrasado,Medellín,Online,False,False,False
TRX-15213,PROD-3138,2025-12-26,4.0,145.42,77.43,28.0,Entregado,Bogotá,App,False,False,False
TRX-15214,PROD-2531,2025-06-30,10.0,426.96,69.96,19.0,Devuelto,Bucaramanga,Online,False,False,False
TRX-15215,PROD-3875,2025-09-12,9.0,26.07,91.57,12.0,Sin Información,Bogotá,Físico,False,False,True
TRX-15216,PROD-1435,2025-08-09,13.0,1555.66,51.48,12.0,Devuelto,Bogotá,Online,False,False,False
TRX-15217,PROD-1187,2025-02-02,6.0,1633.04,17.17,25.0,Entregado,Barranquilla,App,False,False,False
TRX-15218,PROD-1672,2025-12-15,4.0,1995.9,10.83,21.0,Devuelto,Medellín,WhatsApp,False,False,False
TRX-15219,PROD-3016,2025-06-13,13.0,830.27,35.25,28.0,Entregado,Bogotá,Físico,False,False,False
TRX-15220,PROD-1575,2025-07-14,1.0,48.4,52.36,2.0,Devuelto,Cali,WhatsApp,False,False,False
TRX-15221,PROD-3936,2025-01-11,8.0,477.11,13.25,21.0,Devuelto,Cali,App,False,False,True
TRX-15222,PROD-3955,2024-11-04,11.0,1179.66,55.87,9.0,En Camino,Barranquilla,Físico,False,False,True
TRX-15223,PROD-2676,2025-08-26,9.0,1924.27,6.38,24.0,Retrasado,Barranquilla,App,False,False,False
TRX-15224,PROD-1438,2025-05-18,5.0,216.12,47.16,22.0,Perdido,Medellín,WhatsApp,False,False,False
TRX-15225,PROD-2041,2025-10-06,5.0,251.93,21.95,25.0,En Camino,Bogotá,WhatsApp,False,False,False
TRX-15226,PROD-3502,2025-12-23,10.0,1406.5,39.99,23.0,En Camino,Cali,App,False,False,True
TRX-15227,PROD-1802,2025-10-16,8.0,1337.74,69.13,2.0,Retrasado,Medellín,App,False,False,False
TRX-15228,PROD-1768,2025-05-27,8.0,508.51,38.34,1.0,En Camino,Medellín,Físico,False,False,False
TRX-15229,PROD-1494,2024-09-26,5.0,1628.16,37.43,14.0,Entregado,Cali,App,False,False,False
TRX-15230,PROD-2609,2025-09-21,4.0,266.27,99.12,13.0,En Camino,Bogotá,WhatsApp,False,False,False
TRX-15231,PROD-1883,2025-09-06,6.0,1852.23,73.29,3.0,Perdido,Bucaramanga,Online,False,False,False
TRX-15232,PROD-2872,2025-10-12,10.0,410.05,52.36,27.0,Entregado,Barranquilla,WhatsApp,False,False,False
TRX-15233,PROD-1780,2025-09-07,5.0,171.89,53.82,20.0,Sin Información,Bogotá,App,False,False,False
TRX-15234,PROD-3935,2025-07-31,8.0,685.65,60.04,25.0,Retrasado,Bogotá,WhatsApp,False,False,True
TRX-15235,PROD-2384,2025-03-14,9.0,383.8,63.92,5.0,Retrasado,Bogotá,App,False,False,False
TRX-15236,PROD-1441,2025-04-03,13.0,1058.61,7.33,2.0,Retrasado,Medellín,Físico,False,False,False
TRX-15237,PROD-2697,2024-09-25,1.0,1376.82,12.63,26.0,Entregado,Bogotá,App,False,False,False
TRX-15238,PROD-1190,2025-06-27,9.0,986.93,66.67,21.0,Retrasado,Bucaramanga,App,False,False,False
TRX-15239,PROD-3593,2025-12-22,13.0,1324.61,39.62,29.0,Retrasado,Bucaramanga,App,False,False,True
TRX-15240,PROD-3753,2024-11-17,9.0,736.19,10.27,18.0,Perdido,Cali,App,False,False,True
TRX-15241,PROD-3411,2025-06-23,6.0,65.57,33.26,9.0,Devuelto,Bucaramanga,App,False,False,False
TRX-15242,PROD-1504,2025-11-05,11.0,1948.39,17.38,22.0,Sin Información,Bogotá,WhatsApp,False,False,False
TRX-15243,PROD-2845,2025-03-17,10.0,1640.63,92.05,28.0,Devuelto,Barranquilla,WhatsApp,False,False,False
TRX-15244,PROD-2873,2025-01-16,5.0,156.1,52.36,28.0,Devuelto,Medellín,Online,False,False,False
TRX-15245,PROD-3697,2024-12-15,7.0,903.86,24.28,12.0,Retrasado,Bogotá,Online,False,False,True
TRX-15246,PROD-3413,2025-02-28,11.0,1273.69,18.65,5.0,Entregado,Medellín,Físico,False,False,False
TRX-15247,PROD-3065,2025-07-05,8.0,389.28,64.49,18.0,Retrasado,Bogotá,Físico,False,False,False
TRX-15248,PROD-1551,2024-12-11,9.0,1160.2,54.58,23.0,Devuelto,Barranquilla,Online,False,False,False
TRX-15249,PROD-3043,2024-11-27,9.0,1071.96,59.71,23.0,Perdido,Bucaramanga,WhatsApp,False,False,False
TRX-15250,PROD-1017,2025-04-19,10.0,424.45,46.42,2.0,Retrasado,Medellín,Físico,False,False,False
TRX-15251,PROD-3172,2024-10-02,11.0,291.01,49.38,10.0,Retrasado,Sin Ciudad,Online,False,False,False
TRX-15252,PROD-1198,2025-04-09,3.0,1520.33,78.99,22.0,Retrasado,Sin Ciudad,WhatsApp,False,False,False
TRX-15253,PROD-3266,2024-11-20,13.0,651.95,25.89,10.0,Entregado,Medellín,Online,False,False,False
TRX-15254,PROD-2772,2025-05-14,8.0,495.64,42.67,26.0,Perdido,Bogotá,Físico,False,False,False
TRX-15255,PROD-3396,2025-07-26,1.0,1478.38,95.99,3.0,Perdido,Bucaramanga,Físico,False,False,False
TRX-15256,PROD-2978,2025-05-24,7.0,1474.78,52.36,24.0,Perdido,Barranquilla,App,False,False,False
TRX-15257,PROD-3082,2025-10-06,12.0,560.04,23.05,14.0,Perdido,Medellín,Online,False,False,False
TRX-15258,PROD-1725,2025-10-20,5.0,1746.41,32.91,5.0,Devuelto,Bucaramanga,Online,False,False,False
TRX-15259,PROD-3833,2024-11-15,13.0,1379.62,23.2,24.0,Retrasado,Sin Ciudad,Online,False,False,True
TRX-15260,PROD-3369,2025-12-12,13.0,698.07,6.95,23.0,Sin Información,Bogotá,Físico,False,False,False
TRX-15261,PROD-1711,2025-08-25,2.0,860.7,30.63,13.0,Perdido,Medellín,WhatsApp,False,False,False
TRX-15262,PROD-3992,2025-10-20,2.0,1456.15,9.41,27.0,En Camino,Cali,Online,False,False,True
TRX-15263,PROD-1525,2024-10-01,8.0,431.05,19.7,24.0,En Camino,Bogotá,WhatsApp,False,False,False
TRX-15264,PROD-1424,2025-01-01,5.0,942.83,39.45,28.0,Sin Información,Medellín,Online,False,False,False
TRX-15265,PROD-2586,2025-11-04,14.0,1310.58,6.97,17.0,Devuelto,Bucaramanga,Físico,False,False,False
TRX-15266,PROD-3693,2025-07-14,12.0,1083.6,76.53,6.0,En Camino,Medellín,WhatsApp,False,False,True
TRX-15267,PROD-3459,2025-04-13,11.0,1220.57,80.58,29.0,En Camino,Bogotá,Online,False,False,False
TRX-15268,PROD-3482,2025-10-19,3.0,1096.96,52.36,29.0,En Camino,Sin Ciudad,WhatsApp,False,False,False
TRX-15269,PROD-2318,2025-02-22,1.0,406.46,44.08,27.0,Devuelto,Bucaramanga,Online,False,False,False
TRX-15270,PROD-3064,2025-01-10,11.0,826.31,98.54,13.0,Retrasado,Cali,App,False,False,False
TRX-15271,PROD-2575,2025-08-10,7.0,1068.65,69.5,29.0,Devuelto,Cali,App,False,False,False
TRX-15272,PROD-2714,2025-06-15,11.0,1562.32,75.65,12.0,Entregado,Medellín,App,False,False,False
TRX-15273,PROD-3494,2025-09-30,12.0,1311.27,23.27,3.0,Entregado,Bucaramanga,Online,False,False,False
TRX-15274,PROD-3836,2025-02-21,3.0,858.92,84.56,16.0,En Camino,Sin Ciudad,WhatsApp,False,False,True
TRX-15275,PROD-2016,2026-01-31,7.0,1949.06,94.78,5.0,En Camino,Medellín,App,False,False,False
TRX-15276,PROD-2120,2025-12-30,12.0,224.51,27.45,2.0,Retrasado,Barranquilla,Físico,False,False,False
TRX-15277,PROD-2629,2024-12-14,2.0,421.54,70.21,11.0,Sin Información,Bucaramanga,WhatsApp,False,False,False
TRX-15278,PROD-2404,2025-12-09,4.0,689.21,75.96,4.0,En Camino,Medellín,App,False,False,False
TRX-15279,PROD-2204,2025-11-11,2.0,464.86,33.99,22.0,Entregado,Medellín,Físico,False,False,False
TRX-15280,PROD-2854,2025-10-22,4.0,1254.63,52.36,1.0,En Camino,Medellín,Físico,False,False,False
TRX-15281,PROD-1546,2025-02-03,5.0,88.71,50.13,13.0,Retrasado,Bucaramanga,Físico,False,False,False
TRX-15282,PROD-1565,2025-08-14,14.0,363.1,14.27,18.0,Entregado,Bogotá,Online,False,False,False
TRX-15283,PROD-2690,2025-03-01,8.0,593.76,21.44,16.0,En Camino,Bucaramanga,Físico,False,False,False
TRX-15284,PROD-3467,2024-10-31,2.0,1369.86,10.85,2.0,Retrasado,Bogotá,WhatsApp,False,False,False
TRX-15285,PROD-3867,2025-03-17,10.0,1752.97,58.22,9.0,Retrasado,Medellín,WhatsApp,False,False,True
TRX-15286,PROD-3098,2024-10-05,3.0,1599.0,64.4,27.0,Entregado,Bucaramanga,Online,False,False,False
TRX-15287,PROD-2224,2025-08-03,10.0,372.34,92.03,12.0,Entregado,Cali,Físico,False,False,False
TRX-15288,PROD-3873,2024-11-28,12.0,1135.16,56.51,5.0,Sin Información,Cali,WhatsApp,False,False,True
TRX-15289,PROD-3243,2025-12-06,13.0,69.75,29.76,5.0,Entregado,Bogotá,Online,False,False,False
TRX-15290,PROD-2285,2025-05-28,5.0,627.97,10.65,22.0,Retrasado,Bucaramanga,Físico,False,False,False
TRX-15291,PROD-3915,2024-11-02,11.0,1613.91,89.07,13.0,Entregado,Medellín,WhatsApp,False,False,True
TRX-15292,PROD-3267,2025-03-25,12.0,918.76,52.36,16.0,Entregado,Bogotá,Físico,False,False,False
TRX-15293,PROD-3591,2024-10-27,12.0,308.38,50.49,26.0,Retrasado,Medellín,Online,False,False,True
TRX-15294,PROD-1890,2025-11-18,9.0,882.72,75.05,19.0,Sin Información,Medellín,App,False,False,False
TRX-15295,PROD-1822,2025-08-25,10.0,404.09,6.39,9.0,Retrasado,Medellín,WhatsApp,False,False,False
TRX-15296,PROD-1858,2025-12-17,11.0,792.45,51.37,16.0,Entregado,Medellín,Físico,False,False,False
TRX-15297,PROD-3556,2025-07-09,5.0,980.79,35.94,19.0,Entregado,Medellín,Físico,False,False,True
TRX-15298,PROD-3926,2024-12-07,14.0,705.62,7.88,4.0,Entregado,Cali,App,False,False,True
TRX-15299,PROD-2190,2026-01-07,9.0,1874.57,78.69,28.0,Sin Información,Barranquilla,Físico,False,False,False
TRX-15300,PROD-3812,2024-12-01,7.0,1129.44,53.73,15.0,Retrasado,Bogotá,Online,False,False,True
TRX-15301,PROD-2414,2025-05-14,4.0,1687.36,36.65,9.0,Perdido,Bucaramanga,Online,False,False,False
TRX-15302,PROD-3754,2024-10-03,10.0,1523.85,81.55,16.0,Devuelto,Bogotá,Físico,False,False,True
TRX-15303,PROD-1543,2025-09-25,5.0,1325.72,47.46,26.0,En Camino,Bogotá,Físico,False,False,False
TRX-15304,PROD-3909,2025-07-02,9.0,998.81,52.36,24.0,Devuelto,Medellín,WhatsApp,False,False,True
TRX-15305,PROD-3662,2025-07-23,4.0,14.33,5.33,6.0,Sin Información,Bucaramanga,Online,False,False,True
TRX-15306,PROD-1728,2024-10-16,5.0,1230.8,94.72,8.0,Retrasado,Bucaramanga,WhatsApp,False,False,False
TRX-15307,PROD-3063,2025-06-23,5.0,718.36,29.29,1.0,Perdido,Medellín,App,False,False,False
TRX-15308,PROD-3222,2024-10-19,4.0,244.35,83.9,14.0,Sin Información,Bogotá,WhatsApp,False,False,False
TRX-15309,PROD-3843,2024-11-15,4.0,894.81,82.56,4.0,Retrasado,Bogotá,Físico,False,False,True
TRX-15310,PROD-3608,2024-11-16,11.0,1473.75,20.43,10.0,Entregado,Medellín,WhatsApp,False,False,True
TRX-15311,PROD-2320,2025-10-03,5.0,1923.74,50.03,27.0,Sin Información,Bogotá,WhatsApp,False,False,False
TRX-15312,PROD-3909,2025-05-13,12.0,754.47,8.82,16.0,En Camino,Medellín,WhatsApp,False,False,True
TRX-15313,PROD-1472,2025-06-26,6.0,1090.02,38.68,4.0,Devuelto,Cali,Online,False,False,False
TRX-15314,PROD-2442,2025-12-09,7.0,1703.98,74.44,2.0,Retrasado,Bogotá,WhatsApp,False,False,False
TRX-15315,PROD-3303,2025-09-28,6.0,674.66,27.52,2.0,Perdido,Bogotá,App,False,False,False
TRX-15316,PROD-2967,2025-11-14,1.0,293.09,52.36,13.0,Entregado,Bogotá,WhatsApp,False,False,False
TRX-15317,PROD-3387,2025-01-20,2.0,570.94,16.13,11.0,Perdido,Cali,WhatsApp,False,False,False
TRX-15318,PROD-3337,2025-05-05,7.0,1799.25,53.18,10.0,En Camino,Cali,WhatsApp,False,False,False
TRX-15319,PROD-3732,2024-11-19,14.0,327.19,56.01,25.0,Perdido,Bucaramanga,Físico,False,False,True
TRX-15320,PROD-3908,2025-06-04,3.0,665.15,69.2,6.0,Perdido,Medellín,Físico,False,False,True
TRX-15321,PROD-2709,2025-03-17,12.0,934.63,77.12,7.0,Entregado,Medellín,App,False,False,False
TRX-15322,PROD-3761,2024-11-15,10.0,1695.76,71.1,27.0,Perdido,Bogotá,Físico,False,False,True
TRX-15323,PROD-3186,2025-02-15,11.0,1876.05,85.31,27.0,Entregado,Cali,Físico,False,False,False
TRX-15324,PROD-2171,2025-06-08,13.0,857.36,26.18,15.0,En Camino,Medellín,Online,False,False,False
TRX-15325,PROD-2730,2025-02-21,2.0,1864.59,59.13,20.0,Retrasado,Barranquilla,App,False,False,False
TRX-15326,PROD-1052,2025-10-12,6.0,331.3,39.21,19.0,Entregado,Cali,Físico,False,False,False
TRX-15327,PROD-3141,2025-06-11,11.0,322.14,96.4,3.0,Sin Información,Barranquilla,Online,False,False,False
TRX-15328,PROD-1436,2024-10-11,4.0,1899.01,52.36,21.0,Sin Información,Bogotá,Físico,False,False,False
TRX-15329,PROD-1103,2025-08-30,12.0,1024.26,46.83,27.0,Retrasado,Bogotá,Online,False,False,False
TRX-15330,PROD-2560,2025-09-28,11.0,379.96,96.17,14.0,Devuelto,Bogotá,Físico,False,False,False
TRX-15331,PROD-1595,2025-03-12,5.0,981.1,78.06,22.0,Perdido,Bogotá,Físico,False,False,False
TRX-15332,PROD-1217,2025-10-06,6.0,1568.59,73.25,2.0,Retrasado,Bogotá,Físico,False,False,False
TRX-15333,PROD-3745,2025-10-19,3.0,1655.57,51.7,23.0,Perdido,Medellín,Físico,False,False,True
TRX-15334,PROD-1231,2025-04-07,1.0,1729.3,47.12,16.0,Entregado,Medellín,WhatsApp,False,False,False
TRX-15335,PROD-1818,2025-12-02,3.0,1143.45,55.02,23.0,Perdido,Medellín,Físico,False,False,False
TRX-15336,PROD-2093,2024-12-04,3.0,1735.22,32.9,17.0,En Camino,Sin Ciudad,App,False,False,False
TRX-15337,PROD-1659,2025-07-22,6.0,1024.96,90.93,15.0,Sin Información,Medellín,WhatsApp,False,False,False
TRX-15338,PROD-2173,2024-12-16,4.0,1218.05,80.46,29.0,Retrasado,Bucaramanga,App,False,False,False
TRX-15339,PROD-3799,2025-07-03,7.0,1519.85,81.13,13.0,Perdido,Medellín,WhatsApp,False,False,True
TRX-15340,PROD-2026,2025-07-21,13.0,856.62,52.36,29.0,Retrasado,Medellín,WhatsApp,False,False,False
TRX-15341,PROD-1599,2025-02-01,11.0,156.43,46.15,29.0,Retrasado,Sin Ciudad,App,False,False,False
TRX-15342,PROD-1254,2025-01-20,2.0,706.83,11.75,12.0,En Camino,Bogotá,Online,False,False,False
TRX-15343,PROD-3828,2025-04-26,12.0,1251.65,69.89,7.0,Entregado,Sin Ciudad,App,False,False,True
TRX-15344,PROD-2208,2025-02-05,4.0,392.74,40.57,29.0,Perdido,Bucaramanga,Físico,False,False,False
TRX-15345,PROD-1835,2025-01-16,8.0,305.29,87.69,20.0,Devuelto,Bogotá,Físico,False,False,False
TRX-15346,PROD-3216,2024-11-22,11.0,593.23,79.13,20.0,Retrasado,Cali,App,False,False,False
TRX-15347,PROD-1132,2024-10-09,6.0,73.9,18.81,3.0,Entregado,Medellín,Online,False,False,False
TRX-15348,PROD-2469,2024-10-26,10.0,1489.41,62.16,9.0,Devuelto,Sin Ciudad,WhatsApp,False,False,False
TRX-15349,PROD-2853,2024-10-12,3.0,524.84,70.76,3.0,Retrasado,Bogotá,WhatsApp,False,False,False
TRX-15350,PROD-1419,2025-04-18,10.0,257.23,58.97,16.0,Devuelto,Sin Ciudad,Físico,False,False,False
TRX-15351,PROD-3523,2025-12-24,12.0,1401.27,53.83,20.0,Perdido,Bogotá,Online,False,False,True
TRX-15352,PROD-3766,2025-03-03,2.0,1687.43,52.36,3.0,Perdido,Medellín,WhatsApp,False,False,True
TRX-15353,PROD-3301,2025-07-18,3.0,49.55,26.65,8.0,Sin Información,Cali,WhatsApp,False,False,False
TRX-15354,PROD-1918,2024-10-02,1.0,474.86,27.41,8.0,Retrasado,Sin Ciudad,Físico,False,False,False
TRX-15355,PROD-3650,2024-12-25,1.0,1891.01,77.96,26.0,Retrasado,Medellín,Online,False,False,True
TRX-15356,PROD-3298,2025-11-10,2.0,776.66,6.78,24.0,Sin Información,Medellín,WhatsApp,False,False,False
TRX-15357,PROD-2592,2025-09-28,14.0,1877.8,79.0,15.0,Perdido,Medellín,Online,False,False,False
TRX-15358,PROD-1973,2025-11-05,3.0,555.68,55.05,5.0,Entregado,Medellín,Online,False,False,False
TRX-15359,PROD-3092,2025-10-10,13.0,443.95,93.94,13.0,Devuelto,Medellín,Físico,False,False,False
TRX-15360,PROD-3851,2025-12-07,9.0,436.08,99.75,15.0,Retrasado,Bucaramanga,WhatsApp,False,False,True
TRX-15361,PROD-2178,2025-09-23,8.0,179.61,68.03,7.0,Retrasado,Medellín,Físico,False,False,False
TRX-15362,PROD-3838,2025-12-13,12.0,1793.9,44.16,12.0,En Camino,Barranquilla,App,False,False,True
TRX-15363,PROD-3721,2025-01-07,11.0,1959.87,50.13,3.0,Devuelto,Medellín,WhatsApp,False,False,True
TRX-15364,PROD-1192,2025-01-05,11.0,1909.47,52.36,8.0,Sin Información,Cali,Online,False,False,False
TRX-15365,PROD-2562,2024-12-02,9.0,1705.54,24.4,10.0,Perdido,Medellín,Online,False,False,False
TRX-15366,PROD-2587,2025-11-27,7.0,1695.31,14.43,2.0,Sin Información,Bogotá,WhatsApp,False,False,False
TRX-15367,PROD-2706,2024-12-15,7.0,1325.56,59.98,8.0,Retrasado,Cali,Físico,False,False,False
TRX-15368,PROD-3806,2025-04-19,5.0,1654.17,81.52,22.0,Retrasado,Cali,Online,False,False,True
TRX-15369,PROD-2280,2025-06-08,7.0,424.6,29.87,18.0,Perdido,Barranquilla,WhatsApp,False,False,False
TRX-15370,PROD-3261,2025-05-19,4.0,781.95,44.87,12.0,Devuelto,Medellín,Online,False,False,False
TRX-15371,PROD-1220,2025-07-21,5.0,1285.26,57.7,22.0,Entregado,Cali,Físico,False,False,False
TRX-15372,PROD-1053,2025-05-12,12.0,1750.79,91.25,27.0,Perdido,Bogotá,WhatsApp,False,False,False
TRX-15373,PROD-2029,2025-11-16,1.0,1324.33,18.17,26.0,Entregado,Medellín,Físico,False,False,False
TRX-15374,PROD-1831,2025-07-01,11.0,1679.65,27.5,18.0,Retrasado,Medellín,Físico,False,False,False
TRX-15375,PROD-3541,2025-10-21,4.0,953.16,92.26,19.0,Entregado,Barranquilla,WhatsApp,False,False,True
TRX-15376,PROD-2814,2025-11-14,3.0,1437.43,52.36,27.0,Entregado,Bucaramanga,Físico,False,False,False
TRX-15377,PROD-1923,2025-04-16,2.0,1960.16,8.76,5.0,Perdido,Bucaramanga,Físico,False,False,False
TRX-15378,PROD-3595,2025-06-13,2.0,315.44,67.33,16.0,Sin Información,Bucaramanga,Físico,False,False,True
TRX-15379,PROD-3886,2025-07-30,8.0,1854.57,65.75,17.0,Retrasado,Bucaramanga,Online,False,False,True
TRX-15380,PROD-3906,2025-09-04,1.0,1049.5,41.41,9.0,Devuelto,Bogotá,Físico,False,False,True
TRX-15381,PROD-3652,2025-10-21,8.0,1290.0,49.48,10.0,En Camino,Cali,App,False,False,True
TRX-15382,PROD-2506,2025-03-26,9.0,1756.96,86.22,19.0,Entregado,Bogotá,Online,False,False,False
TRX-15383,PROD-3410,2025-01-14,6.0,825.21,20.67,29.0,Retrasado,Sin Ciudad,App,False,False,False
TRX-15384,PROD-3238,2024-12-10,1.0,843.2,27.0,12.0,En Camino,Bogotá,Físico,False,False,False
TRX-15385,PROD-3471,2025-09-14,10.0,1059.09,53.67,1.0,Devuelto,Medellín,Físico,False,False,False
TRX-15386,PROD-1804,2025-08-30,12.0,48.01,43.93,22.0,En Camino,Medellín,Online,False,False,False
TRX-15387,PROD-3969,2025-07-20,7.0,998.37,59.57,17.0,Devuelto,Bucaramanga,Físico,False,False,True
TRX-15388,PROD-1792,2024-11-11,5.0,589.26,52.36,3.0,Sin Información,Medellín,Online,False,False,False
TRX-15389,PROD-2204,2025-08-08,9.0,1856.63,92.48,7.0,En Camino,Barranquilla,WhatsApp,False,False,False
TRX-15390,PROD-2838,2024-12-26,7.0,184.59,92.12,20.0,Devuelto,Cali,Online,False,False,False
TRX-15391,PROD-1726,2025-06-07,5.0,924.05,26.85,9.0,Sin Información,Barranquilla,Físico,False,False,False
TRX-15392,PROD-3796,2025-11-25,13.0,1895.46,33.7,23.0,Entregado,Sin Ciudad,Online,False,False,True
TRX-15393,PROD-1305,2025-09-08,2.0,1803.06,20.4,5.0,En Camino,Cali,Online,False,False,False
TRX-15394,PROD-1765,2024-11-23,14.0,1405.68,93.14,9.0,Devuelto,Barranquilla,Online,False,False,False
TRX-15395,PROD-1711,2025-02-11,4.0,1182.83,42.8,19.0,Retrasado,Bogotá,Físico,False,False,False
TRX-15396,PROD-3104,2025-08-18,2.0,568.65,47.72,11.0,Perdido,Barranquilla,Online,False,False,False
TRX-15397,PROD-1488,2025-05-02,9.0,740.24,81.25,14.0,Sin Información,Medellín,App,False,False,False
TRX-15398,PROD-2545,2025-09-13,2.0,189.37,53.73,14.0,En Camino,Cali,WhatsApp,False,False,False
TRX-15399,PROD-1166,2025-01-11,2.0,1574.36,16.38,8.0,Sin Información,Medellín,WhatsApp,False,False,False
TRX-15400,PROD-2755,2025-01-04,7.0,654.5,52.36,15.0,En Camino,Sin Ciudad,WhatsApp,True,False,False
TRX-15401,PROD-2143,2024-10-07,2.0,1338.89,46.6,24.0,En Camino,Sin Ciudad,Online,False,False,False
TRX-15402,PROD-3279,2025-06-19,1.0,721.61,64.9,20.0,En Camino,Bogotá,Online,False,False,False
TRX-15403,PROD-2082,2025-02-28,9.0,934.02,73.32,1.0,Perdido,Sin Ciudad,WhatsApp,False,False,False
TRX-15404,PROD-1532,2025-02-26,8.0,1114.45,66.31,4.0,En Camino,Barranquilla,WhatsApp,False,False,False
TRX-15405,PROD-1659,2024-10-19,2.0,1605.69,16.32,16.0,Sin Información,Bogotá,Físico,False,False,False
TRX-15406,PROD-3392,2024-12-16,2.0,430.2,33.91,25.0,Entregado,Cali,Online,False,False,False
TRX-15407,PROD-2044,2024-10-01,5.0,803.54,74.69,26.0,Entregado,Sin Ciudad,Físico,False,False,False
TRX-15408,PROD-1023,2025-06-25,12.0,268.86,88.62,1.0,Retrasado,Cali,Online,False,False,False
TRX-15409,PROD-2353,2025-05-07,13.0,160.76,9.48,19.0,Perdido,Barranquilla,WhatsApp,False,False,False
TRX-15410,PROD-2910,2025-03-27,14.0,1213.3,9.01,24.0,Sin Información,Sin Ciudad,App,False,False,False
TRX-15411,PROD-3906,2024-12-10,12.0,386.29,66.12,3.0,Retrasado,Sin Ciudad,Físico,False,False,True
TRX-15412,PROD-1634,2025-04-26,14.0,129.0,52.36,2.0,Entregado,Medellín,App,False,False,False
TRX-15413,PROD-1163,2025-11-29,4.0,1795.22,57.06,17.0,En Camino,Bogotá,Online,False,False,False
TRX-15414,PROD-1629,2024-11-18,2.0,1073.29,19.76,25.0,En Camino,Bucaramanga,App,False,False,False
TRX-15415,PROD-2321,2025-02-13,8.0,277.91,57.09,11.0,Devuelto,Medellín,WhatsApp,False,False,False
TRX-15416,PROD-3444,2025-09-13,8.0,116.32,97.58,26.0,Perdido,Bogotá,Online,False,False,False
TRX-15417,PROD-1208,2025-08-19,13.0,248.52,64.94,3.0,Devuelto,Sin Ciudad,WhatsApp,False,False,False
TRX-15418,PROD-3561,2025-10-19,4.0,947.96,47.67,7.0,Perdido,Bucaramanga,Online,False,False,True
TRX-15419,PROD-3521,2024-11-28,14.0,1340.25,83.62,10.0,Perdido,Barranquilla,Online,False,False,True
TRX-15420,PROD-3711,2025-06-24,4.0,1286.15,25.22,3.0,En Camino,Barranquilla,Online,False,False,True
TRX-15421,PROD-2233,2026-01-29,9.0,297.4,44.36,29.0,En Camino,Sin Ciudad,WhatsApp,False,False,False
TRX-15422,PROD-3009,2025-01-05,4.0,1270.64,55.14,8.0,Retrasado,Sin Ciudad,Online,False,False,False
TRX-15423,PROD-3345,2025-12-17,10.0,815.68,52.93,25.0,Entregado,Sin Ciudad,Online,False,False,False
TRX-15424,PROD-3253,2025-11-16,11.0,934.84,52.36,28.0,Entregado,Medellín,Físico,False,False,False
TRX-15425,PROD-2466,2026-01-08,9.0,1604.85,92.49,24.0,En Camino,Bogotá,WhatsApp,False,False,False
TRX-15426,PROD-1298,2025-03-29,3.0,671.67,32.8,5.0,Entregado,Cali,Online,False,False,False
TRX-15427,PROD-3898,2025-03-05,2.0,302.53,10.37,27.0,Perdido,Bogotá,Online,False,False,True
TRX-15428,PROD-2301,2025-06-16,11.0,1748.17,92.06,10.0,Entregado,Medellín,Online,False,False,False
TRX-15429,PROD-3152,2024-11-12,8.0,432.14,25.62,12.0,Sin Información,Medellín,App,False,False,False
TRX-15430,PROD-1900,2025-01-26,12.0,595.12,41.01,18.0,Retrasado,Medellín,App,False,False,False
TRX-15431,PROD-1753,2024-12-11,3.0,1416.11,55.43,6.0,Entregado,Medellín,Físico,False,False,False
TRX-15432,PROD-3132,2025-03-24,13.0,1370.27,97.71,8.0,Entregado,Medellín,App,False,False,False
TRX-15433,PROD-1279,2025-07-29,2.0,1602.8,55.85,18.0,Retrasado,Sin Ciudad,Físico,False,False,False
TRX-15434,PROD-3069,2024-10-09,13.0,375.89,47.54,6.0,Retrasado,Sin Ciudad,Online,False,False,False
TRX-15435,PROD-1652,2025-12-12,11.0,711.04,60.45,23.0,En Camino,Barranquilla,WhatsApp,False,False,False
TRX-15436,PROD-2703,2025-03-11,8.0,260.51,52.36,9.0,Retrasado,Medellín,Online,False,False,False
TRX-15437,PROD-3224,2025-06-29,8.0,1086.67,97.23,16.0,Sin Información,Bogotá,WhatsApp,False,False,False
TRX-15438,PROD-3199,2025-10-28,5.0,592.22,82.7,11.0,En Camino,Medellín,Físico,False,False,False
TRX-15439,PROD-2652,2025-07-23,9.0,1380.98,21.05,25.0,Perdido,Medellín,WhatsApp,False,False,False
TRX-15440,PROD-1376,2025-08-28,11.0,10.69,81.31,2.0,Devuelto,Sin Ciudad,Físico,False,False,False
TRX-15441,PROD-2431,2025-04-24,6.0,128.77,84.9,17.0,Entregado,Medellín,Físico,False,False,False
TRX-15442,PROD-1906,2025-04-08,5.0,870.79,70.62,13.0,Retrasado,Medellín,WhatsApp,False,False,False
TRX-15443,PROD-1873,2024-09-29,12.0,1916.79,67.44,7.0,Entregado,Bogotá,Online,False,False,False
TRX-15444,PROD-3717,2025-10-25,3.0,1782.79,46.88,22.0,Perdido,Bogotá,App,False,False,True
TRX-15445,PROD-2359,2024-10-03,7.0,1988.08,65.96,10.0,Devuelto,Cali,Online,False,False,False
TRX-15446,PROD-2356,2024-10-04,14.0,839.49,75.07,26.0,Retrasado,Barranquilla,Físico,False,False,False
TRX-15447,PROD-2477,2025-01-10,9.0,102.67,16.67,13.0,En Camino,Sin Ciudad,Online,False,False,False
TRX-15448,PROD-2202,2025-02-02,4.0,618.85,52.36,10.0,En Camino,Sin Ciudad,Online,False,False,False
TRX-15449,PROD-1894,2025-10-16,11.0,1354.78,29.45,28.0,Retrasado,Sin Ciudad,Online,False,False,False
TRX-15450,PROD-3532,2025-01-28,7.0,278.98,23.44,4.0,Retrasado,Medellín,App,False,False,True
TRX-15451,PROD-3172,2025-02-17,12.0,606.94,84.92,27.0,Perdido,Bogotá,WhatsApp,False,False,False
TRX-15452,PROD-2945,2024-11-15,3.0,121.77,69.6,11.0,Devuelto,Bogotá,App,False,False,False
TRX-15453,PROD-3299,2025-07-30,11.0,955.18,47.82,9.0,Retrasado,Sin Ciudad,Online,False,False,False
TRX-15454,PROD-3659,2025-12-08,2.0,425.75,83.48,16.0,En Camino,Barranquilla,WhatsApp,False,False,True
TRX-15455,PROD-1036,2024-12-10,13.0,191.58,73.09,17.0,Devuelto,Medellín,Online,False,False,False
TRX-15456,PROD-1469,2025-09-03,11.0,828.32,91.79,23.0,Retrasado,Medellín,Físico,False,False,False
TRX-15457,PROD-3739,2024-12-28,1.0,708.94,12.3,5.0,Devuelto,Medellín,Online,False,False,True
TRX-15458,PROD-2417,2025-05-29,6.0,1079.66,53.37,5.0,Perdido,Bogotá,WhatsApp,False,False,False
TRX-15459,PROD-2825,2025-01-27,5.0,1500.59,72.14,6.0,Sin Información,Bogotá,App,False,False,False
TRX-15460,PROD-1984,2024-10-22,2.0,234.01,52.36,2.0,Retrasado,Bogotá,App,False,False,False
TRX-15461,PROD-3630,2024-10-16,13.0,1584.34,24.71,27.0,Retrasado,Cali,Online,False,False,True
TRX-15462,PROD-3513,2026-01-06,13.0,62.32,36.08,14.0,Devuelto,Medellín,App,False,False,True
TRX-15463,PROD-3544,2025-04-11,3.0,891.77,44.8,11.0,Retrasado,Sin Ciudad,WhatsApp,False,False,True
TRX-15464,PROD-1998,2025-01-31,9.0,1178.99,80.46,19.0,Devuelto,Bogotá,App,False,False,False
TRX-15465,PROD-1163,2025-01-22,3.0,1914.43,51.89,11.0,Sin Información,Bucaramanga,App,False,False,False
TRX-15466,PROD-3795,2025-09-13,7.0,1152.11,51.82,25.0,Devuelto,Sin Ciudad,Online,False,False,True
TRX-15467,PROD-2314,2025-11-28,1.0,325.91,45.93,20.0,Retrasado,Bogotá,WhatsApp,False,False,False
TRX-15468,PROD-2562,2025-08-15,7.0,1039.91,26.72,6.0,En Camino,Sin Ciudad,WhatsApp,False,False,False
TRX-15469,PROD-1464,2025-02-19,9.0,797.61,92.69,13.0,Perdido,Medellín,Físico,False,False,False
TRX-15470,PROD-2580,2024-10-06,12.0,963.92,35.19,29.0,Devuelto,Medellín,App,False,False,False
TRX-15471,PROD-2050,2025-07-23,11.0,402.22,58.91,19.0,En Camino,Bogotá,WhatsApp,False,False,False
TRX-15472,PROD-3212,2024-10-21,8.0,1006.65,52.36,3.0,Devuelto,Medellín,Físico,False,False,False
TRX-15473,PROD-3965,2024-11-11,7.0,308.58,19.13,25.0,En Camino,Sin Ciudad,Online,False,False,True
TRX-15474,PROD-2158,2025-12-30,10.0,1490.65,46.25,16.0,Retrasado,Medellín,Físico,False,False,False
TRX-15475,PROD-1101,2025-05-20,14.0,1191.87,90.86,9.0,Perdido,Bucaramanga,Físico,False,False,False
TRX-15476,PROD-3117,2026-01-17,8.0,166.27,99.57,29.0,En Camino,Barranquilla,WhatsApp,False,False,False
TRX-15477,PROD-2535,2025-10-21,13.0,1780.33,39.37,3.0,Entregado,Cali,Físico,False,False,False
TRX-15478,PROD-3106,2025-12-21,4.0,1236.6,19.63,19.0,Devuelto,Barranquilla,Online,False,False,False
TRX-15479,PROD-3083,2026-01-08,2.0,639.05,34.87,15.0,En Camino,Cali,WhatsApp,False,False,False
TRX-15480,PROD-2825,2025-07-02,14.0,100.83,36.09,22.0,Perdido,Barranquilla,WhatsApp,False,False,False
TRX-15481,PROD-2993,2025-08-23,14.0,1268.13,66.23,13.0,Perdido,Barranquilla,WhatsApp,False,False,False
TRX-15482,PROD-1179,2025-09-09,11.0,753.15,52.13,17.0,Perdido,Bogotá,WhatsApp,False,False,False
TRX-15483,PROD-2214,2025-02-25,9.0,1816.16,78.0,21.0,Sin Información,Bogotá,Online,False,False,False
TRX-15484,PROD-3668,2025-02-06,3.0,79.41,52.36,25.0,En Camino,Bogotá,Online,False,False,True
TRX-15485,PROD-1788,2025-08-15,14.0,87.81,71.62,25.0,En Camino,Bogotá,Online,False,False,False
TRX-15486,PROD-2312,2025-08-24,11.0,1899.11,28.87,8.0,Retrasado,Sin Ciudad,App,False,False,False
TRX-15487,PROD-3104,2025-02-23,4.0,1930.1,79.5,22.0,Entregado,Barranquilla,Online,False,False,False
TRX-15488,PROD-1337,2026-01-18,7.0,65.21,85.51,14.0,Sin Información,Bogotá,Físico,False,False,False
TRX-15489,PROD-1393,2024-12-12,2.0,1434.91,61.85,9.0,En Camino,Sin Ciudad,WhatsApp,False,False,False
TRX-15490,PROD-1685,2024-12-18,14.0,450.77,93.13,3.0,Sin Información,Medellín,Físico,False,False,False
TRX-15491,PROD-3203,2025-06-13,8.0,1405.77,79.38,29.0,Retrasado,Bogotá,Online,False,False,False
TRX-15492,PROD-3184,2025-06-07,12.0,1738.78,61.56,9.0,Devuelto,Cali,App,False,False,False
TRX-15493,PROD-1030,2026-01-14,10.0,210.65,91.09,24.0,Entregado,Sin Ciudad,App,False,False,False
TRX-15494,PROD-3567,2025-03-26,8.0,485.15,62.03,12.0,Sin Información,Bogotá,WhatsApp,False,False,True
TRX-15495,PROD-1268,2025-03-21,12.0,57.91,54.51,15.0,Perdido,Sin Ciudad,Online,False,False,False
TRX-15496,PROD-1863,2025-03-27,5.0,97.22,52.36,17.0,Entregado,Sin Ciudad,App,False,False,False
TRX-15497,PROD-3745,2025-01-23,9.0,68.94,38.84,9.0,Devuelto,Cali,Físico,False,False,True
TRX-15498,PROD-3578,2025-10-04,8.0,1603.36,88.87,24.0,En Camino,Cali,App,False,False,True
TRX-15499,PROD-1873,2024-12-27,1.0,603.6,16.66,8.0,En Camino,Medellín,WhatsApp,False,False,False
TRX-15500,PROD-3807,2024-12-24,7.0,991.49,49.98,6.0,Sin Información,Sin Ciudad,App,False,False,True
TRX-15501,PROD-2737,2024-09-25,9.0,1577.81,56.05,9.0,Retrasado,Bucaramanga,Online,False,False,False
TRX-15502,PROD-1425,2025-10-19,13.0,994.94,57.7,15.0,En Camino,Barranquilla,Físico,False,False,False
TRX-15503,PROD-1842,2025-12-09,14.0,864.1,66.93,24.0,En Camino,Bucaramanga,WhatsApp,False,False,False
TRX-15504,PROD-3202,2024-09-24,14.0,33.03,53.05,18.0,Entregado,Barranquilla,WhatsApp,False,False,False
TRX-15505,PROD-3878,2026-01-14,5.0,1140.4,29.4,22.0,Devuelto,Cali,App,False,False,True
TRX-15506,PROD-2782,2025-12-12,9.0,258.24,86.41,28.0,Perdido,Bogotá,WhatsApp,False,False,False
TRX-15507,PROD-3648,2025-09-28,9.0,1531.65,67.46,11.0,Perdido,Bucaramanga,App,False,False,True
TRX-15508,PROD-1295,2025-07-24,10.0,522.9,52.36,24.0,Retrasado,Medellín,Físico,False,False,False
TRX-15509,PROD-3810,2025-09-14,10.0,1351.63,86.53,14.0,Devuelto,Bucaramanga,App,False,False,True
TRX-15510,PROD-1629,2025-02-17,3.0,1295.98,31.22,13.0,Entregado,Medellín,WhatsApp,False,False,False
TRX-15511,PROD-1097,2025-07-04,8.0,1237.18,65.52,13.0,Perdido,Bucaramanga,Físico,False,False,False
TRX-15512,PROD-2880,2025-02-14,7.0,541.23,72.85,22.0,Retrasado,Medellín,App,False,False,False
TRX-15513,PROD-3936,2025-08-18,7.0,541.51,41.42,13.0,En Camino,Medellín,WhatsApp,False,False,True
TRX-15514,PROD-2358,2025-09-18,12.0,1727.47,82.16,27.0,En Camino,Bogotá,WhatsApp,False,False,False
TRX-15515,PROD-1155,2025-11-02,10.0,35.49,5.24,25.0,Sin Información,Medellín,Online,False,False,False
TRX-15516,PROD-1358,2025-06-11,2.0,371.23,61.52,16.0,Entregado,Barranquilla,App,False,False,False
TRX-15517,PROD-1300,2024-11-23,2.0,1224.24,63.29,12.0,Perdido,Cali,App,False,False,False
TRX-15518,PROD-1222,2026-01-26,2.0,1635.92,55.72,21.0,Sin Información,Bucaramanga,App,False,False,False
TRX-15519,PROD-1729,2025-05-06,13.0,723.11,64.85,24.0,Sin Información,Bucaramanga,Físico,False,False,False
TRX-15520,PROD-2031,2024-10-23,11.0,1310.35,52.36,26.0,Sin Información,Cali,Físico,False,False,False
TRX-15521,PROD-3285,2025-03-31,2.0,1118.74,20.89,18.0,En Camino,Sin Ciudad,Online,False,False,False
TRX-15522,PROD-1288,2025-10-02,14.0,138.43,70.05,12.0,Retrasado,Sin Ciudad,Online,False,False,False
TRX-15523,PROD-3355,2025-06-17,4.0,1247.28,36.9,5.0,Retrasado,Medellín,Online,False,False,False
TRX-15524,PROD-1932,2024-10-04,7.0,1629.67,47.95,17.0,Perdido,Bogotá,WhatsApp,False,False,False
TRX-15525,PROD-2059,2025-04-01,2.0,1984.97,36.65,21.0,Sin Información,Medellín,WhatsApp,False,False,False
TRX-15526,PROD-2669,2025-10-27,5.0,68.98,50.02,23.0,Entregado,Bucaramanga,Online,False,False,False
TRX-15527,PROD-2589,2024-10-17,14.0,1323.52,64.05,1.0,Retrasado,Bucaramanga,WhatsApp,False,False,False
TRX-15528,PROD-2847,2025-11-02,7.0,834.95,84.64,13.0,Devuelto,Bogotá,Online,False,False,False
TRX-15529,PROD-3581,2024-12-22,9.0,29.48,50.93,10.0,Retrasado,Cali,Físico,False,False,True
TRX-15530,PROD-2656,2024-12-19,8.0,1232.58,35.71,3.0,Entregado,Sin Ciudad,WhatsApp,False,False,False
TRX-15531,PROD-2773,2025-08-20,9.0,253.63,51.35,6.0,Sin Información,Cali,WhatsApp,False,False,False
TRX-15532,PROD-2295,2025-06-23,7.0,763.35,52.36,16.0,Retrasado,Bogotá,Online,False,False,False
TRX-15533,PROD-1069,2025-07-20,3.0,530.12,70.44,28.0,Sin Información,Bogotá,App,False,False,False
TRX-15534,PROD-2595,2025-01-11,1.0,728.72,37.94,1.0,En Camino,Medellín,Online,False,False,False
TRX-15535,PROD-3757,2024-12-11,10.0,990.46,44.36,19.0,Entregado,Barranquilla,WhatsApp,False,False,True
TRX-15536,PROD-1484,2025-08-12,7.0,724.83,58.47,8.0,En Camino,Bogotá,WhatsApp,False,False,False
TRX-15537,PROD-3190,2025-02-09,13.0,1109.94,32.93,9.0,En Camino,Medellín,Online,False,False,False
TRX-15538,PROD-1024,2025-11-29,11.0,484.91,24.86,23.0,Perdido,Bogotá,Online,False,False,False
TRX-15539,PROD-3627,2025-11-13,6.0,1274.37,18.34,20.0,Sin Información,Medellín,Online,False,False,True
TRX-15540,PROD-3950,2025-04-24,2.0,1708.99,38.5,23.0,Sin Información,Sin Ciudad,WhatsApp,False,False,True
TRX-15541,PROD-3532,2025-12-13,1.0,455.89,9.59,7.0,Sin Información,Bogotá,WhatsApp,False,False,True
TRX-15542,PROD-1259,2024-10-10,12.0,1020.68,60.43,11.0,Sin Información,Medellín,WhatsApp,False,False,False
TRX-15543,PROD-3398,2024-11-15,10.0,1300.89,21.71,23.0,Entregado,Sin Ciudad,Físico,False,False,False
TRX-15544,PROD-1186,2025-09-25,4.0,1133.61,52.36,8.0,En Camino,Cali,Online,False,False,False
TRX-15545,PROD-3870,2024-12-28,14.0,737.64,40.85,11.0,Perdido,Barranquilla,Físico,False,False,True
TRX-15546,PROD-1297,2025-07-02,4.0,1287.98,30.58,14.0,Perdido,Bucaramanga,Online,False,False,False
TRX-15547,PROD-2465,2025-05-14,6.0,66.21,64.89,14.0,En Camino,Cali,Físico,False,False,False
TRX-15548,PROD-3059,2026-01-02,11.0,746.11,85.78,4.0,En Camino,Cali,Online,False,False,False
TRX-15549,PROD-1434,2025-05-20,5.0,1069.9,65.16,20.0,Devuelto,Medellín,App,False,False,False
TRX-15550,PROD-2187,2025-08-22,9.0,51.02,56.54,9.0,Entregado,Cali,Físico,False,False,False
TRX-15551,PROD-3809,2025-11-05,8.0,1020.22,68.56,8.0,Perdido,Bogotá,WhatsApp,False,False,True
TRX-15552,PROD-2234,2025-11-14,9.0,1311.97,7.85,15.0,Entregado,Cali,WhatsApp,False,False,False
TRX-15553,PROD-3484,2025-09-01,10.0,1520.82,16.67,27.0,Sin Información,Barranquilla,Físico,False,False,False
TRX-15554,PROD-1354,2026-01-21,7.0,235.61,14.02,20.0,Perdido,Bogotá,Online,False,False,False
TRX-15555,PROD-2153,2025-12-10,9.0,1981.22,14.33,6.0,Retrasado,Barranquilla,Físico,False,False,False
TRX-15556,PROD-2792,2024-11-15,3.0,1216.27,52.36,25.0,Retrasado,Medellín,WhatsApp,False,False,False
TRX-15557,PROD-2562,2024-12-18,9.0,732.76,29.75,16.0,Perdido,Bogotá,WhatsApp,False,False,False
TRX-15558,PROD-2618,2025-06-10,2.0,505.69,55.54,16.0,Devuelto,Medellín,WhatsApp,False,False,False
TRX-15559,PROD-3706,2025-05-16,9.0,1150.06,15.89,29.0,Retrasado,Bogotá,Físico,False,False,True
TRX-15560,PROD-1126,2025-01-23,13.0,1764.61,93.84,14.0,Sin Información,Bogotá,Físico,False,False,False
TRX-15561,PROD-2941,2025-11-16,6.0,1045.93,86.15,28.0,Sin Información,Barranquilla,App,False,False,False
TRX-15562,PROD-1640,2024-11-15,4.0,1326.33,97.31,15.0,Entregado,Medellín,Online,False,False,False
TRX-15563,PROD-3185,2025-04-26,12.0,721.82,9.04,22.0,En Camino,Sin Ciudad,App,False,False,False
TRX-15564,PROD-1900,2025-11-16,14.0,782.42,85.88,27.0,Entregado,Medellín,WhatsApp,False,False,False
TRX-15565,PROD-1558,2025-04-07,12.0,579.49,81.35,21.0,Sin Información,Bogotá,App,False,False,False
TRX-15566,PROD-2601,2024-10-31,13.0,1414.22,90.7,12.0,Entregado,Medellín,WhatsApp,False,False,False
TRX-15567,PROD-3235,2025-12-20,11.0,724.78,55.15,23.0,Sin Información,Bucaramanga,Online,False,False,False
TRX-15568,PROD-2208,2025-09-22,2.0,389.53,52.36,18.0,Entregado,Medellín,App,False,False,False
TRX-15569,PROD-3597,2025-05-08,13.0,745.11,79.85,24.0,Sin Información,Barranquilla,WhatsApp,False,False,True
TRX-15570,PROD-1590,2025-05-17,10.0,1709.12,9.87,11.0,Perdido,Bogotá,App,False,False,False
TRX-15571,PROD-2220,2025-02-01,3.0,1479.12,12.21,7.0,Perdido,Medellín,Físico,False,False,False
TRX-15572,PROD-3774,2025-08-18,5.0,675.94,16.26,6.0,Entregado,Medellín,Físico,False,False,True
TRX-15573,PROD-3987,2026-02-04,9.0,1814.55,91.9,3.0,En Camino,Bogotá,Online,False,True,True
TRX-15574,PROD-3653,2025-08-09,7.0,158.92,10.81,9.0,Devuelto,Sin Ciudad,Online,False,False,True
TRX-15575,PROD-2528,2026-01-04,11.0,109.01,14.51,15.0,Sin Información,Bucaramanga,App,False,False,False
TRX-15576,PROD-1045,2025-03-09,12.0,263.67,93.39,2.0,Devuelto,Sin Ciudad,Online,False,False,False
TRX-15577,PROD-3267,2026-01-22,13.0,241.74,15.2,4.0,Retrasado,Bogotá,Online,False,False,False
TRX-15578,PROD-3273,2024-10-29,11.0,184.79,87.63,2.0,Retrasado,Sin Ciudad,Físico,False,False,False
TRX-15579,PROD-1579,2024-11-28,3.0,1326.07,79.98,6.0,En Camino,Sin Ciudad,App,False,False,False
TRX-15580,PROD-1504,2025-01-11,13.0,1205.68,52.36,12.0,Entregado,Bogotá,Físico,False,False,False
TRX-15581,PROD-1171,2025-11-11,4.0,1298.73,8.83,7.0,Sin Información,Bogotá,Físico,False,False,False
TRX-15582,PROD-1020,2025-04-29,14.0,1379.85,7.08,9.0,Perdido,Sin Ciudad,Físico,False,False,False
TRX-15583,PROD-3345,2025-04-19,12.0,1516.19,55.77,6.0,Retrasado,Bogotá,App,False,False,False
TRX-15584,PROD-3443,2025-10-08,11.0,422.28,99.73,22.0,Entregado,Medellín,App,False,False,False
TRX-15585,PROD-2614,2024-12-18,2.0,1248.38,88.49,5.0,Devuelto,Cali,App,False,False,False
TRX-15586,PROD-3200,2025-12-27,14.0,1164.3,34.45,26.0,En Camino,Cali,Físico,False,False,False
TRX-15587,PROD-3242,2025-07-22,8.0,1887.88,41.7,27.0,Perdido,Cali,Online,False,False,False
TRX-15588,PROD-1348,2025-11-07,6.0,472.41,41.85,28.0,Perdido,Cali,App,False,False,False
TRX-15589,PROD-2248,2025-03-20,3.0,126.86,74.75,26.0,Retrasado,Sin Ciudad,Online,False,False,False
TRX-15590,PROD-1860,2025-10-31,13.0,1310.46,37.41,4.0,Entregado,Barranquilla,Físico,False,False,False
TRX-15591,PROD-3973,2026-01-29,5.0,1482.94,19.04,10.0,Perdido,Bucaramanga,WhatsApp,False,False,True
TRX-15592,PROD-2408,2024-10-05,5.0,573.56,52.36,27.0,Devuelto,Bogotá,App,False,False,False
TRX-15593,PROD-1867,2025-12-13,12.0,1145.99,75.98,20.0,Devuelto,Bogotá,Online,False,False,False
TRX-15594,PROD-2690,2025-07-19,1.0,128.48,48.51,4.0,En Camino,Sin Ciudad,App,False,False,False
TRX-15595,PROD-3645,2025-11-04,13.0,1920.49,12.29,5.0,En Camino,Bogotá,Físico,False,False,True
TRX-15596,PROD-3099,2025-01-25,5.0,228.75,80.05,17.0,Devuelto,Medellín,App,False,False,False
TRX-15597,PROD-1583,2025-10-02,6.0,144.47,60.6,18.0,Devuelto,Bucaramanga,Físico,False,False,False
TRX-15598,PROD-1659,2025-05-13,10.0,97.78,51.49,3.0,Entregado,Bogotá,WhatsApp,False,False,False
TRX-15599,PROD-1753,2025-05-31,10.0,860.27,68.97,23.0,Perdido,Medellín,Físico,False,False,False
TRX-15600,PROD-1904,2025-10-14,7.0,203.35,53.01,15.0,Entregado,Cali,WhatsApp,True,False,False
TRX-15601,PROD-3526,2025-01-26,11.0,1491.85,66.6,13.0,En Camino,Barranquilla,WhatsApp,False,False,True
TRX-15602,PROD-2035,2025-05-15,11.0,1798.76,87.41,29.0,En Camino,Bogotá,WhatsApp,False,False,False
TRX-15603,PROD-1795,2025-02-07,11.0,527.84,63.28,1.0,En Camino,Bogotá,Online,False,False,False
TRX-15604,PROD-1469,2025-12-15,13.0,1261.26,52.36,19.0,Perdido,Medellín,Físico,False,False,False
TRX-15605,PROD-1742,2024-11-10,2.0,94.25,67.66,23.0,Retrasado,Barranquilla,WhatsApp,False,False,False
TRX-15606,PROD-3748,2025-10-07,3.0,779.26,63.32,22.0,En Camino,Barranquilla,Físico,False,False,True
TRX-15607,PROD-3323,2025-03-27,10.0,592.95,55.46,2.0,En Camino,Sin Ciudad,App,False,False,False
TRX-15608,PROD-1222,2025-04-15,5.0,464.95,21.34,4.0,Entregado,Barranquilla,Físico,False,False,False
TRX-15609,PROD-3248,2024-12-09,14.0,1293.0,36.89,16.0,Entregado,Sin Ciudad,Físico,False,False,False
TRX-15610,PROD-2889,2026-01-16,13.0,269.15,70.85,16.0,Retrasado,Bucaramanga,Físico,False,False,False
TRX-15611,PROD-3640,2025-10-13,3.0,1722.81,45.42,17.0,Sin Información,Sin Ciudad,Físico,False,False,True
TRX-15612,PROD-3251,2025-04-04,5.0,1333.02,43.58,28.0,Retrasado,Sin Ciudad,Online,False,False,False
TRX-15613,PROD-1299,2025-01-03,5.0,1424.36,77.13,21.0,Retrasado,Cali,WhatsApp,False,False,False
TRX-15614,PROD-2190,2025-01-05,8.0,1871.34,5.53,12.0,Retrasado,Medellín,WhatsApp,False,False,False
TRX-15615,PROD-3751,2025-10-03,10.0,1885.32,69.5,2.0,Entregado,Bucaramanga,WhatsApp,False,False,True
TRX-15616,PROD-1275,2025-07-06,9.0,1107.79,52.36,24.0,En Camino,Sin Ciudad,App,False,False,False
TRX-15617,PROD-2026,2025-08-12,8.0,995.81,51.48,10.0,Entregado,Medellín,App,False,False,False
TRX-15618,PROD-1402,2026-01-17,12.0,677.41,40.79,6.0,Devuelto,Cali,Físico,False,False,False
TRX-15619,PROD-1808,2025-04-21,3.0,1433.99,37.35,12.0,Devuelto,Bogotá,Online,False,False,False
TRX-15620,PROD-3972,2025-05-30,1.0,1081.04,21.42,12.0,Sin Información,Bogotá,Online,False,False,True
TRX-15621,PROD-3378,2025-07-12,14.0,1866.42,36.75,17.0,En Camino,Sin Ciudad,Físico,False,False,False
TRX-15622,PROD-2995,2025-04-11,3.0,484.87,42.18,18.0,Retrasado,Sin Ciudad,Físico,False,False,False
TRX-15623,PROD-2355,2024-10-16,1.0,627.4,46.56,4.0,En Camino,Medellín,WhatsApp,False,False,False
TRX-15624,PROD-2462,2025-12-27,13.0,639.02,68.87,3.0,Devuelto,Sin Ciudad,App,False,False,False
TRX-15625,PROD-1525,2025-07-19,11.0,1613.94,48.09,25.0,Sin Información,Bucaramanga,App,False,False,False
TRX-15626,PROD-3749,2026-01-13,9.0,207.09,80.65,17.0,En Camino,Medellín,App,False,False,True
TRX-15627,PROD-3684,2024-12-14,12.0,916.74,65.78,23.0,Retrasado,Cali,App,False,False,True
TRX-15628,PROD-1960,2025-07-16,13.0,860.89,52.36,9.0,Sin Información,Medellín,Físico,False,False,False
TRX-15629,PROD-1409,2025-12-24,3.0,155.55,23.01,25.0,Sin Información,Medellín,Físico,False,False,False
TRX-15630,PROD-2167,2025-03-20,14.0,827.49,31.33,22.0,Entregado,Bucaramanga,App,False,False,False
TRX-15631,PROD-3537,2025-07-17,8.0,1031.62,12.53,12.0,Retrasado,Bogotá,WhatsApp,False,False,True
TRX-15632,PROD-1285,2025-09-21,6.0,139.56,94.84,29.0,Entregado,Medellín,WhatsApp,False,False,False
TRX-15633,PROD-1792,2025-04-16,3.0,1024.63,89.22,7.0,Devuelto,Bucaramanga,WhatsApp,False,False,False
TRX-15634,PROD-2301,2024-11-01,9.0,1918.88,13.06,16.0,Perdido,Medellín,App,False,False,False
TRX-15635,PROD-2990,2025-07-23,8.0,1958.04,59.54,8.0,En Camino,Bogotá,WhatsApp,False,False,False
TRX-15636,PROD-2845,2025-01-13,3.0,1068.04,96.24,3.0,Perdido,Bogotá,Físico,False,False,False
TRX-15637,PROD-2344,2025-08-28,7.0,1035.04,75.98,21.0,Retrasado,Bogotá,App,False,False,False
TRX-15638,PROD-3524,2024-09-26,5.0,578.16,51.72,13.0,Entregado,Cali,WhatsApp,False,False,True
TRX-15639,PROD-3700,2026-01-21,2.0,1994.26,27.9,20.0,Retrasado,Medellín,Físico,False,False,True
TRX-15640,PROD-2252,2025-01-08,14.0,555.72,52.36,9.0,Retrasado,Sin Ciudad,App,False,False,False
TRX-15641,PROD-3840,2025-08-04,8.0,911.27,31.51,9.0,Devuelto,Medellín,Físico,False,False,True
TRX-15642,PROD-3392,2025-01-14,1.0,15.84,74.94,4.0,Retrasado,Cali,WhatsApp,False,False,False
TRX-15643,PROD-1624,2025-03-08,4.0,704.97,79.15,28.0,En Camino,Cali,Online,False,False,False
TRX-15644,PROD-3316,2025-06-10,11.0,152.17,55.23,14.0,Devuelto,Medellín,WhatsApp,False,False,False
TRX-15645,PROD-3321,2025-01-06,13.0,1490.21,16.49,18.0,Perdido,Bogotá,Físico,False,False,False
TRX-15646,PROD-2492,2025-05-04,11.0,1126.42,93.72,1.0,Retrasado,Bogotá,Online,False,False,False
TRX-15647,PROD-2295,2025-06-11,12.0,1148.62,85.25,19.0,Perdido,Bogotá,Online,False,False,False
TRX-15648,PROD-2754,2025-05-31,13.0,580.16,18.35,2.0,En Camino,Bogotá,App,False,False,False
TRX-15649,PROD-1690,2024-10-06,4.0,1631.64,10.39,5.0,En Camino,Medellín,Online,False,False,False
TRX-15650,PROD-1019,2025-04-08,13.0,16.51,55.91,22.0,En Camino,Medellín,App,False,False,False
TRX-15651,PROD-2282,2025-01-26,10.0,673.87,31.99,14.0,Perdido,Medellín,Online,False,False,False
TRX-15652,PROD-2008,2025-04-16,14.0,1322.4,52.36,9.0,Perdido,Medellín,Online,False,False,False
TRX-15653,PROD-1907,2025-02-09,5.0,1816.77,31.91,20.0,Entregado,Bogotá,App,False,False,False
TRX-15654,PROD-3917,2024-11-23,4.0,476.89,13.29,20.0,Devuelto,Cali,Físico,False,False,True
TRX-15655,PROD-3624,2025-07-02,1.0,1086.79,95.57,15.0,Sin Información,Medellín,App,False,False,True
TRX-15656,PROD-2786,2024-11-15,14.0,1080.6,83.87,20.0,Retrasado,Bucaramanga,Online,False,False,False
TRX-15657,PROD-2133,2025-09-03,7.0,1749.61,15.81,1.0,Devuelto,Cali,WhatsApp,False,False,False
TRX-15658,PROD-2472,2024-10-04,10.0,110.53,88.28,19.0,En Camino,Medellín,App,False,False,False
TRX-15659,PROD-1550,2025-02-05,11.0,854.71,69.88,4.0,Retrasado,Sin Ciudad,App,False,False,False
TRX-15660,PROD-3783,2025-08-18,2.0,373.11,35.92,14.0,Entregado,Cali,Online,False,False,True
TRX-15661,PROD-2358,2025-02-13,10.0,52.85,87.77,1.0,Devuelto,Bogotá,Online,False,False,False
TRX-15662,PROD-2965,2025-12-02,3.0,302.59,61.81,5.0,En Camino,Barranquilla,WhatsApp,False,False,False
TRX-15663,PROD-2895,2025-07-01,5.0,1953.18,85.62,10.0,Retrasado,Medellín,Online,False,False,False
TRX-15664,PROD-2824,2025-02-05,8.0,437.55,52.36,9.0,Retrasado,Bogotá,App,False,False,False
TRX-15665,PROD-2469,2026-01-24,10.0,1870.71,49.58,17.0,En Camino,Bucaramanga,App,False,False,False
TRX-15666,PROD-2251,2025-07-20,8.0,418.46,52.56,14.0,Perdido,Medellín,App,False,False,False
TRX-15667,PROD-2994,2025-05-01,14.0,1863.28,32.65,28.0,Devuelto,Bogotá,Físico,False,False,False
TRX-15668,PROD-3259,2025-08-28,2.0,1312.7,41.83,7.0,Retrasado,Cali,App,False,False,False
TRX-15669,PROD-1445,2025-04-19,9.0,235.3,58.94,18.0,Perdido,Medellín,Físico,False,False,False
TRX-15670,PROD-1719,2025-10-30,6.0,1168.01,94.97,10.0,Entregado,Medellín,Online,False,False,False
TRX-15671,PROD-3644,2025-10-28,9.0,643.84,62.01,28.0,Retrasado,Cali,Físico,False,False,True
TRX-15672,PROD-3484,2025-09-16,14.0,772.47,19.0,27.0,Retrasado,Bucaramanga,App,False,False,False
TRX-15673,PROD-1335,2025-10-07,4.0,885.94,5.66,25.0,Entregado,Cali,Online,False,False,False
TRX-15674,PROD-2149,2025-12-15,3.0,851.19,85.84,4.0,Entregado,Bogotá,Físico,False,False,False
TRX-15675,PROD-1573,2025-01-23,14.0,1331.58,39.61,14.0,Sin Información,Medellín,Online,False,False,False
TRX-15676,PROD-3206,2025-01-16,14.0,1539.05,52.36,3.0,Sin Información,Bogotá,Online,False,False,False
TRX-15677,PROD-1804,2025-02-26,5.0,665.06,34.92,28.0,Retrasado,Medellín,Físico,False,False,False
TRX-15678,PROD-2078,2025-06-19,5.0,1849.48,81.07,29.0,En Camino,Cali,Online,False,False,False
TRX-15679,PROD-3566,2024-10-09,4.0,1877.55,94.81,27.0,Entregado,Bogotá,Online,False,False,True
TRX-15680,PROD-1313,2025-06-18,13.0,90.97,76.06,23.0,Perdido,Bucaramanga,App,False,False,False
TRX-15681,PROD-3979,2025-09-06,7.0,39.67,21.52,22.0,Entregado,Bucaramanga,WhatsApp,False,False,True
TRX-15682,PROD-1308,2026-01-17,8.0,855.88,42.18,11.0,Retrasado,Cali,WhatsApp,False,False,False
TRX-15683,PROD-1076,2025-04-29,5.0,1185.38,77.14,10.0,Retrasado,Bogotá,Online,False,False,False
TRX-15684,PROD-3077,2025-08-07,9.0,563.03,91.16,8.0,Devuelto,Sin Ciudad,Físico,False,False,False
TRX-15685,PROD-3587,2025-05-18,7.0,526.23,99.87,9.0,Perdido,Cali,WhatsApp,False,False,True
TRX-15686,PROD-1127,2024-10-25,13.0,1359.88,53.6,28.0,Devuelto,Sin Ciudad,Físico,False,False,False
TRX-15687,PROD-3383,2025-07-04,13.0,1207.39,83.14,23.0,Entregado,Bogotá,WhatsApp,False,False,False
TRX-15688,PROD-3371,2024-10-29,7.0,342.62,52.36,6.0,Devuelto,Sin Ciudad,App,False,False,False
TRX-15689,PROD-2659,2025-01-03,8.0,1770.16,9.43,14.0,Retrasado,Bucaramanga,App,False,False,False
TRX-15690,PROD-3416,2025-04-21,12.0,1363.15,32.15,28.0,En Camino,Sin Ciudad,Físico,False,False,False
TRX-15691,PROD-1871,2025-11-26,4.0,731.53,40.29,24.0,Entregado,Bogotá,Físico,False,False,False
TRX-15692,PROD-1150,2025-06-29,10.0,1370.41,97.67,9.0,Retrasado,Barranquilla,App,False,False,False
TRX-15693,PROD-3259,2025-02-11,13.0,234.18,5.32,14.0,Entregado,Barranquilla,Físico,False,False,False
TRX-15694,PROD-2067,2025-05-19,13.0,941.83,34.26,8.0,Devuelto,Bucaramanga,Online,False,False,False
TRX-15695,PROD-3226,2025-05-09,6.0,346.28,93.39,6.0,Devuelto,Medellín,App,False,False,False
TRX-15696,PROD-3210,2025-02-02,5.0,92.45,34.13,24.0,Sin Información,Bogotá,App,False,False,False
TRX-15697,PROD-2933,2025-01-25,1.0,683.27,26.38,25.0,Entregado,Sin Ciudad,App,False,False,False
TRX-15698,PROD-3678,2024-11-14,14.0,309.96,74.36,6.0,Sin Información,Cali,App,False,False,True
TRX-15699,PROD-1608,2024-12-19,13.0,1270.7,75.81,22.0,Entregado,Medellín,Online,False,False,False
TRX-15700,PROD-2498,2024-12-29,7.0,1351.4,52.36,2.0,Devuelto,Medellín,App,False,False,False
TRX-15701,PROD-2607,2025-09-27,9.0,305.9,49.86,25.0,Entregado,Bogotá,App,False,False,False
TRX-15702,PROD-1914,2024-12-26,2.0,58.98,94.96,24.0,Sin Información,Bucaramanga,Físico,False,False,False
TRX-15703,PROD-3415,2025-11-10,6.0,1587.69,24.26,5.0,Devuelto,Bucaramanga,App,False,False,False
TRX-15704,PROD-2191,2025-03-29,8.0,14.09,91.77,26.0,Sin Información,Medellín,WhatsApp,False,False,False
TRX-15705,PROD-1548,2025-10-03,3.0,694.39,76.77,3.0,Entregado,Medellín,Físico,False,False,False
TRX-15706,PROD-2903,2025-06-05,5.0,994.22,39.98,25.0,En Camino,Medellín,Físico,False,False,False
TRX-15707,PROD-3052,2024-12-04,14.0,1639.1,81.66,11.0,Entregado,Bogotá,WhatsApp,False,False,False
TRX-15708,PROD-3090,2026-01-10,7.0,1678.73,17.65,26.0,Entregado,Cali,Físico,False,False,False
TRX-15709,PROD-1370,2025-11-08,4.0,1452.63,17.44,29.0,Retrasado,Cali,Online,False,False,False
TRX-15710,PROD-2625,2025-09-19,14.0,501.92,93.34,7.0,En Camino,Barranquilla,App,False,False,False
TRX-15711,PROD-2490,2025-07-01,12.0,1443.17,14.0,29.0,Devuelto,Medellín,App,False,False,False
TRX-15712,PROD-3056,2024-10-10,5.0,500.61,52.36,9.0,Devuelto,Medellín,Físico,False,False,False
TRX-15713,PROD-1043,2025-03-05,1.0,437.07,5.39,13.0,Perdido,Cali,App,False,False,False
TRX-15714,PROD-3714,2025-10-19,4.0,1098.78,41.96,16.0,En Camino,Medellín,Físico,False,False,True
TRX-15715,PROD-1978,2025-02-15,14.0,1360.92,14.87,23.0,En Camino,Sin Ciudad,App,False,False,False
TRX-15716,PROD-3515,2026-01-03,14.0,115.57,86.99,12.0,Entregado,Cali,Físico,False,False,True
TRX-15717,PROD-3802,2025-08-02,7.0,129.44,92.66,8.0,Retrasado,Bogotá,Físico,False,False,True
TRX-15718,PROD-1679,2025-06-02,12.0,1570.5,50.83,14.0,Devuelto,Barranquilla,Físico,False,False,False
TRX-15719,PROD-3105,2025-03-01,10.0,1720.4,45.42,26.0,Devuelto,Medellín,Online,False,False,False
TRX-15720,PROD-1574,2025-09-06,7.0,1212.84,56.21,14.0,Retrasado,Medellín,Físico,False,False,False
TRX-15721,PROD-2827,2024-11-10,10.0,863.37,26.49,5.0,Sin Información,Bogotá,Online,False,False,False
TRX-15722,PROD-1652,2025-03-17,10.0,1692.18,33.31,26.0,Retrasado,Medellín,Online,False,False,False
TRX-15723,PROD-1733,2026-01-01,4.0,1460.35,14.59,10.0,Sin Información,Bogotá,WhatsApp,False,False,False
TRX-15724,PROD-3319,2025-08-15,12.0,1163.39,52.36,22.0,Sin Información,Bucaramanga,Físico,False,False,False
TRX-15725,PROD-3317,2024-11-26,6.0,646.32,47.41,28.0,En Camino,Bogotá,Online,False,False,False
TRX-15726,PROD-3700,2026-01-11,13.0,404.01,63.11,24.0,Sin Información,Medellín,WhatsApp,False,False,True
TRX-15727,PROD-1598,2025-07-08,5.0,843.16,93.37,14.0,Retrasado,Medellín,App,False,False,False
TRX-15728,PROD-3998,2024-11-11,1.0,580.78,75.21,23.0,Retrasado,Barranquilla,Online,False,False,True
TRX-15729,PROD-2980,2024-09-26,8.0,685.12,73.69,17.0,Entregado,Sin Ciudad,Online,False,False,False
TRX-15730,PROD-2469,2025-01-19,12.0,1036.11,34.26,26.0,En Camino,Bogotá,Online,False,False,False
TRX-15731,PROD-1165,2025-08-28,7.0,346.5,89.39,4.0,Sin Información,Barranquilla,WhatsApp,False,False,False
TRX-15732,PROD-1896,2025-09-30,5.0,1614.29,94.96,29.0,Perdido,Medellín,WhatsApp,False,False,False
TRX-15733,PROD-2997,2026-02-04,13.0,299.6,93.56,24.0,Perdido,Medellín,Online,False,True,False
TRX-15734,PROD-1949,2025-03-05,10.0,967.18,8.69,15.0,Devuelto,Barranquilla,Físico,False,False,False
TRX-15735,PROD-1257,2025-05-03,10.0,1494.48,62.41,11.0,Retrasado,Bogotá,WhatsApp,False,False,False
TRX-15736,PROD-2082,2025-09-15,7.0,975.19,52.36,9.0,Entregado,Medellín,WhatsApp,False,False,False
TRX-15737,PROD-2513,2025-02-25,10.0,728.43,66.11,15.0,Retrasado,Medellín,App,False,False,False
TRX-15738,PROD-1958,2025-10-14,3.0,955.03,33.03,22.0,Devuelto,Bogotá,App,False,False,False
TRX-15739,PROD-1175,2025-06-11,8.0,1698.85,99.28,27.0,Retrasado,Medellín,Online,False,False,False
TRX-15740,PROD-3738,2025-03-14,5.0,1980.96,32.66,20.0,Perdido,Bucaramanga,App,False,False,True
TRX-15741,PROD-1846,2024-10-15,2.0,1265.98,25.58,2.0,En Camino,Bogotá,Físico,False,False,False
TRX-15742,PROD-3121,2025-10-18,2.0,1588.95,50.99,28.0,Retrasado,Bogotá,Online,False,False,False
TRX-15743,PROD-2479,2025-10-03,4.0,38.83,35.7,25.0,Sin Información,Medellín,Online,False,False,False
TRX-15744,PROD-2589,2024-11-22,7.0,1761.93,92.78,1.0,Perdido,Cali,WhatsApp,False,False,False
TRX-15745,PROD-2923,2025-09-13,14.0,1908.56,46.81,21.0,Perdido,Medellín,Online,False,False,False
TRX-15746,PROD-2862,2025-08-09,10.0,1154.59,43.96,24.0,Devuelto,Cali,App,False,False,False
TRX-15747,PROD-1190,2025-02-03,4.0,1510.07,64.46,20.0,En Camino,Cali,Online,False,False,False
TRX-15748,PROD-1163,2024-10-16,9.0,1030.36,52.36,17.0,Devuelto,Cali,Online,False,False,False
TRX-15749,PROD-3656,2025-07-12,2.0,579.55,12.71,4.0,Entregado,Barranquilla,App,False,False,True
TRX-15750,PROD-2327,2024-11-06,6.0,1705.97,76.89,5.0,Sin Información,Bogotá,WhatsApp,False,False,False
TRX-15751,PROD-1422,2025-03-20,4.0,1197.71,78.0,5.0,En Camino,Bogotá,Físico,False,False,False
TRX-15752,PROD-3882,2025-09-13,6.0,1162.97,50.03,28.0,Entregado,Cali,App,False,False,True
TRX-15753,PROD-3135,2026-01-07,10.0,1321.67,95.79,14.0,En Camino,Barranquilla,Físico,False,False,False
TRX-15754,PROD-3595,2025-09-15,9.0,1713.45,60.04,1.0,Perdido,Barranquilla,Físico,False,False,True
TRX-15755,PROD-2120,2025-11-25,10.0,1466.49,71.05,2.0,Entregado,Bogotá,Físico,False,False,False
TRX-15756,PROD-2078,2024-11-24,12.0,430.14,92.81,22.0,En Camino,Medellín,Online,False,False,False
TRX-15757,PROD-3370,2024-10-21,9.0,938.98,68.3,10.0,En Camino,Bogotá,Físico,False,False,False
TRX-15758,PROD-3229,2025-09-14,9.0,1960.79,46.02,5.0,Entregado,Medellín,WhatsApp,False,False,False
TRX-15759,PROD-3335,2025-09-22,9.0,1113.58,7.35,9.0,En Camino,Bucaramanga,WhatsApp,False,False,False
TRX-15760,PROD-1712,2024-12-27,3.0,1877.11,52.36,13.0,Devuelto,Bogotá,WhatsApp,False,False,False
TRX-15761,PROD-2542,2025-11-05,12.0,1628.61,74.19,23.0,Devuelto,Barranquilla,Online,False,False,False
TRX-15762,PROD-3677,2025-06-15,11.0,1335.39,96.66,29.0,Entregado,Sin Ciudad,App,False,False,True
TRX-15763,PROD-2550,2025-07-10,14.0,705.24,49.67,21.0,Perdido,Bogotá,WhatsApp,False,False,False
TRX-15764,PROD-2496,2024-11-16,9.0,615.6,37.28,13.0,Retrasado,Medellín,Físico,False,False,False
TRX-15765,PROD-3407,2025-02-22,3.0,1290.41,54.33,28.0,Entregado,Bogotá,Online,False,False,False
TRX-15766,PROD-3676,2025-04-29,10.0,870.8,74.2,28.0,Sin Información,Bogotá,Online,False,False,True
TRX-15767,PROD-1318,2025-03-14,3.0,1599.52,5.07,9.0,Entregado,Barranquilla,WhatsApp,False,False,False
TRX-15768,PROD-3116,2024-12-27,5.0,1523.31,89.29,14.0,Entregado,Sin Ciudad,Físico,False,False,False
TRX-15769,PROD-2030,2025-01-23,6.0,631.14,89.2,17.0,Sin Información,Bogotá,Físico,False,False,False
TRX-15770,PROD-2541,2024-10-04,9.0,1408.43,56.42,3.0,Sin Información,Barranquilla,WhatsApp,False,False,False
TRX-15771,PROD-1912,2024-09-26,1.0,994.15,16.63,18.0,Sin Información,Cali,Físico,False,False,False
TRX-15772,PROD-3115,2025-09-19,8.0,653.35,52.36,12.0,Entregado,Barranquilla,Online,False,False,False
TRX-15773,PROD-2662,2025-09-03,14.0,831.8,68.82,23.0,Devuelto,Medellín,Online,False,False,False
TRX-15774,PROD-2445,2024-11-28,14.0,1791.75,18.1,9.0,Entregado,Barranquilla,WhatsApp,False,False,False
TRX-15775,PROD-2413,2025-02-14,4.0,725.44,53.22,16.0,Perdido,Bogotá,Físico,False,False,False
TRX-15776,PROD-2994,2025-12-23,10.0,581.92,13.89,13.0,Retrasado,Medellín,App,False,False,False
TRX-15777,PROD-2974,2026-01-12,7.0,710.1,60.96,28.0,Retrasado,Medellín,WhatsApp,False,False,False
TRX-15778,PROD-3474,2024-11-26,6.0,437.09,35.22,18.0,Perdido,Medellín,Online,False,False,False
TRX-15779,PROD-1027,2024-12-13,6.0,1093.82,83.94,12.0,Entregado,Bucaramanga,WhatsApp,False,False,False
TRX-15780,PROD-3055,2025-01-05,7.0,303.4,80.99,22.0,Retrasado,Barranquilla,WhatsApp,False,False,False
TRX-15781,PROD-1569,2025-03-22,4.0,1636.71,99.86,2.0,Devuelto,Medellín,Online,False,False,False
TRX-15782,PROD-2801,2025-08-28,6.0,458.9,29.46,19.0,Retrasado,Sin Ciudad,App,False,False,False
TRX-15783,PROD-1678,2025-12-07,3.0,1200.13,10.87,1.0,Sin Información,Medellín,WhatsApp,False,False,False
TRX-15784,PROD-1942,2025-01-05,5.0,258.8,52.36,6.0,Perdido,Bogotá,App,False,False,False
TRX-15785,PROD-1315,2025-05-06,13.0,1957.12,47.09,18.0,Retrasado,Medellín,App,False,False,False
TRX-15786,PROD-3107,2025-09-28,13.0,914.61,12.92,3.0,Perdido,Medellín,Online,False,False,False
TRX-15787,PROD-3635,2024-10-20,14.0,1646.12,21.96,22.0,Entregado,Medellín,WhatsApp,False,False,True
TRX-15788,PROD-2150,2026-01-31,13.0,1539.61,61.74,6.0,Retrasado,Medellín,WhatsApp,False,False,False
TRX-15789,PROD-1866,2026-01-18,2.0,1430.25,61.25,4.0,Perdido,Medellín,App,False,False,False
TRX-15790,PROD-1615,2024-10-08,3.0,1656.46,9.12,17.0,Devuelto,Bogotá,WhatsApp,False,False,False
TRX-15791,PROD-1765,2025-06-26,13.0,209.92,47.08,23.0,Devuelto,Cali,App,False,False,False
TRX-15792,PROD-1644,2025-08-21,9.0,1360.21,55.37,18.0,En Camino,Bogotá,Online,False,False,False
TRX-15793,PROD-2483,2026-01-18,6.0,539.0,30.46,22.0,Retrasado,Sin Ciudad,Online,False,False,False
TRX-15794,PROD-3465,2025-07-17,3.0,1573.88,87.84,7.0,Entregado,Sin Ciudad,Online,False,False,False
TRX-15795,PROD-3938,2024-11-15,2.0,1914.17,20.3,2.0,Sin Información,Bucaramanga,App,False,False,True
TRX-15796,PROD-1484,2025-07-07,5.0,1803.96,52.36,15.0,En Camino,Bogotá,WhatsApp,False,False,False
TRX-15797,PROD-3707,2025-01-14,10.0,238.75,29.12,22.0,Retrasado,Medellín,WhatsApp,False,False,True
TRX-15798,PROD-1943,2024-10-30,14.0,745.41,19.91,17.0,Devuelto,Bogotá,Físico,False,False,False
TRX-15799,PROD-2698,2025-12-20,5.0,735.0,16.07,6.0,Entregado,Cali,Físico,False,False,False
TRX-15800,PROD-2352,2025-09-27,7.0,253.37,88.5,15.0,Devuelto,Cali,Online,True,False,False
TRX-15801,PROD-3950,2025-05-10,1.0,205.27,31.4,8.0,Retrasado,Cali,WhatsApp,False,False,True
TRX-15802,PROD-1464,2025-03-07,3.0,775.93,73.64,8.0,Sin Información,Bogotá,App,False,False,False
TRX-15803,PROD-2972,2025-03-23,7.0,1984.22,45.66,7.0,Entregado,Bogotá,App,False,False,False
TRX-15804,PROD-3765,2025-12-10,9.0,1142.2,65.41,4.0,Entregado,Bogotá,App,False,False,True
TRX-15805,PROD-2961,2025-04-15,5.0,1247.35,93.18,20.0,En Camino,Bucaramanga,WhatsApp,False,False,False
TRX-15806,PROD-2962,2025-09-23,4.0,947.33,85.24,5.0,Entregado,Barranquilla,WhatsApp,False,False,False
TRX-15807,PROD-1863,2025-05-25,3.0,1328.04,11.55,8.0,Retrasado,Sin Ciudad,Online,False,False,False
TRX-15808,PROD-3419,2025-09-16,10.0,1913.76,52.36,14.0,Sin Información,Sin Ciudad,Físico,False,False,False
TRX-15809,PROD-1660,2025-08-21,13.0,1181.51,85.29,20.0,Sin Información,Barranquilla,WhatsApp,False,False,False
TRX-15810,PROD-3651,2025-11-27,9.0,139.43,47.92,25.0,Perdido,Medellín,App,False,False,True
TRX-15811,PROD-2683,2025-10-23,14.0,990.85,38.26,3.0,Perdido,Bucaramanga,WhatsApp,False,False,False
TRX-15812,PROD-1091,2025-07-28,7.0,1985.58,68.88,25.0,Entregado,Bucaramanga,Físico,False,False,False
TRX-15813,PROD-1998,2025-11-13,12.0,780.93,95.27,18.0,Perdido,Medellín,Físico,False,False,False
TRX-15814,PROD-1176,2025-11-08,7.0,1191.82,13.94,22.0,Sin Información,Bogotá,App,False,False,False
TRX-15815,PROD-1523,2025-01-21,14.0,222.21,77.97,15.0,Retrasado,Cali,Online,False,False,False
TRX-15816,PROD-3349,2025-06-08,13.0,290.95,24.33,21.0,En Camino,Medellín,Físico,False,False,False
TRX-15817,PROD-3426,2025-04-20,8.0,1750.62,41.11,5.0,Devuelto,Bogotá,Físico,False,False,False
TRX-15818,PROD-1659,2025-11-06,10.0,607.69,88.01,15.0,Devuelto,Sin Ciudad,Físico,False,False,False
TRX-15819,PROD-1551,2025-07-29,1.0,617.85,56.85,27.0,Retrasado,Bogotá,Físico,False,False,False
TRX-15820,PROD-3578,2025-07-15,11.0,780.55,52.36,6.0,En Camino,Bucaramanga,Físico,False,False,True
TRX-15821,PROD-3099,2025-04-04,4.0,1933.29,11.41,10.0,Retrasado,Sin Ciudad,WhatsApp,False,False,False
TRX-15822,PROD-1160,2024-11-29,13.0,177.94,53.26,23.0,Entregado,Sin Ciudad,App,False,False,False
TRX-15823,PROD-3344,2025-01-14,13.0,1639.34,80.02,20.0,En Camino,Sin Ciudad,WhatsApp,False,False,False
TRX-15824,PROD-1601,2025-04-30,5.0,689.7,55.24,15.0,Sin Información,Bogotá,Online,False,False,False
TRX-15825,PROD-1229,2025-04-30,5.0,1700.44,20.85,20.0,Perdido,Bucaramanga,Físico,False,False,False
TRX-15826,PROD-1681,2026-01-08,1.0,1983.59,47.28,28.0,Entregado,Bogotá,Online,False,False,False
TRX-15827,PROD-2057,2025-04-28,3.0,703.85,92.81,9.0,Perdido,Sin Ciudad,Online,False,False,False
TRX-15828,PROD-1737,2025-05-17,2.0,267.42,67.53,4.0,Entregado,Sin Ciudad,App,False,False,False
TRX-15829,PROD-3116,2025-11-27,12.0,297.31,74.34,8.0,Entregado,Barranquilla,WhatsApp,False,False,False
TRX-15830,PROD-2660,2025-10-13,7.0,1519.89,79.66,26.0,Entregado,Sin Ciudad,Online,False,False,False
TRX-15831,PROD-3454,2025-07-17,13.0,298.39,13.62,13.0,Entregado,Sin Ciudad,Online,False,False,False
TRX-15832,PROD-3308,2025-11-14,14.0,528.24,52.36,17.0,En Camino,Cali,Online,False,False,False
TRX-15833,PROD-3611,2024-12-25,5.0,416.75,60.25,4.0,En Camino,Sin Ciudad,Online,False,False,True
TRX-15834,PROD-1076,2025-06-02,3.0,717.8,40.71,2.0,Entregado,Sin Ciudad,Físico,False,False,False
TRX-15835,PROD-3947,2025-11-01,11.0,157.99,18.22,27.0,Retrasado,Bogotá,App,False,False,True
TRX-15836,PROD-3981,2026-01-27,8.0,1714.92,24.26,26.0,Entregado,Bogotá,App,False,False,True
TRX-15837,PROD-3710,2025-09-14,1.0,1721.69,79.21,5.0,Entregado,Medellín,App,False,False,True
TRX-15838,PROD-2161,2025-11-24,1.0,831.74,20.34,2.0,Retrasado,Bogotá,Online,False,False,False
TRX-15839,PROD-1351,2025-04-25,14.0,1228.05,34.68,16.0,Retrasado,Sin Ciudad,Online,False,False,False
TRX-15840,PROD-1887,2026-01-16,6.0,1287.48,32.06,23.0,Entregado,Medellín,Físico,False,False,False
TRX-15841,PROD-2839,2025-10-07,1.0,1501.02,9.62,26.0,Devuelto,Cali,Online,False,False,False
TRX-15842,PROD-3484,2025-06-07,4.0,1046.17,48.91,23.0,Devuelto,Sin Ciudad,WhatsApp,False,False,False
TRX-15843,PROD-2930,2025-09-04,6.0,1025.57,77.76,15.0,Retrasado,Bogotá,WhatsApp,False,False,False
TRX-15844,PROD-2972,2025-05-20,1.0,1266.29,52.36,25.0,Entregado,Bucaramanga,Online,False,False,False
TRX-15845,PROD-1698,2025-08-03,13.0,1409.07,7.1,29.0,Sin Información,Bogotá,WhatsApp,False,False,False
TRX-15846,PROD-1898,2025-04-24,9.0,699.91,15.69,4.0,Perdido,Barranquilla,WhatsApp,False,False,False
TRX-15847,PROD-2682,2024-12-29,4.0,667.44,73.42,15.0,Perdido,Sin Ciudad,App,False,False,False
TRX-15848,PROD-3461,2024-10-08,9.0,546.74,61.39,5.0,Entregado,Sin Ciudad,Online,False,False,False
TRX-15849,PROD-1584,2025-10-31,9.0,1102.2,72.95,3.0,Entregado,Bogotá,App,False,False,False
TRX-15850,PROD-3386,2025-02-23,13.0,726.71,26.86,14.0,Entregado,Barranquilla,WhatsApp,False,False,False
TRX-15851,PROD-1744,2024-10-08,6.0,1085.22,81.36,7.0,Perdido,Bogotá,App,False,False,False
TRX-15852,PROD-3552,2025-04-08,13.0,817.91,50.59,15.0,Perdido,Medellín,WhatsApp,False,False,True
TRX-15853,PROD-3701,2026-01-28,7.0,1675.1,62.98,5.0,Retrasado,Bogotá,App,False,False,True
TRX-15854,PROD-3092,2025-01-08,13.0,155.53,13.75,9.0,En Camino,Bucaramanga,Online,False,False,False
TRX-15855,PROD-2083,2024-10-15,1.0,1148.7,24.48,28.0,Retrasado,Sin Ciudad,WhatsApp,False,False,False
TRX-15856,PROD-1686,2024-11-03,5.0,1155.49,52.36,13.0,Retrasado,Bucaramanga,Online,False,False,False
TRX-15857,PROD-3966,2024-10-29,3.0,773.6,78.47,7.0,Devuelto,Bogotá,Físico,False,False,True
TRX-15858,PROD-3808,2025-08-16,10.0,847.83,26.27,4.0,Sin Información,Bogotá,WhatsApp,False,False,True
TRX-15859,PROD-2403,2025-10-17,10.0,1602.26,13.79,7.0,Retrasado,Bogotá,App,False,False,False
TRX-15860,PROD-2857,2025-03-06,13.0,568.54,61.73,1.0,Retrasado,Bogotá,Físico,False,False,False
TRX-15861,PROD-3443,2025-01-16,6.0,1744.09,57.05,15.0,Retrasado,Bogotá,Online,False,False,False
TRX-15862,PROD-3419,2025-02-19,4.0,1793.72,62.75,15.0,Retrasado,Bucaramanga,Online,False,False,False
TRX-15863,PROD-1281,2024-09-28,13.0,1304.73,63.74,18.0,En Camino,Medellín,Online,False,False,False
TRX-15864,PROD-1941,2024-10-24,14.0,1547.99,52.52,15.0,Devuelto,Barranquilla,Físico,False,False,False
TRX-15865,PROD-2549,2025-02-14,13.0,1229.77,51.91,3.0,Perdido,Bucaramanga,WhatsApp,False,False,False
TRX-15866,PROD-2578,2025-07-13,9.0,1055.27,92.8,5.0,Sin Información,Bucaramanga,WhatsApp,False,False,False
TRX-15867,PROD-1541,2025-10-28,7.0,1933.69,55.72,28.0,Entregado,Bogotá,Online,False,False,False
TRX-15868,PROD-1444,2025-07-12,14.0,572.48,52.36,5.0,Perdido,Barranquilla,Online,False,False,False
TRX-15869,PROD-1067,2025-11-03,4.0,316.76,63.64,16.0,Devuelto,Bucaramanga,Online,False,False,False
TRX-15870,PROD-1828,2025-03-18,13.0,582.1,30.36,23.0,Retrasado,Sin Ciudad,Físico,False,False,False
TRX-15871,PROD-3141,2025-12-11,11.0,1233.1,87.75,25.0,Perdido,Bogotá,Físico,False,False,False
TRX-15872,PROD-3065,2025-03-18,6.0,378.52,7.31,10.0,Retrasado,Bucaramanga,Online,False,False,False
TRX-15873,PROD-3803,2024-11-22,2.0,1818.54,57.94,25.0,Sin Información,Bogotá,App,False,False,True
TRX-15874,PROD-2719,2024-12-08,14.0,827.94,41.47,22.0,En Camino,Bogotá,WhatsApp,False,False,False
TRX-15875,PROD-1612,2025-11-12,3.0,1701.43,62.37,23.0,En Camino,Cali,Físico,False,False,False
TRX-15876,PROD-3480,2025-10-10,11.0,505.98,39.22,28.0,Sin Información,Bogotá,WhatsApp,False,False,False
TRX-15877,PROD-1394,2024-12-17,7.0,633.21,73.18,13.0,Sin Información,Bogotá,Físico,False,False,False
TRX-15878,PROD-1726,2025-04-01,11.0,127.85,6.93,15.0,Devuelto,Cali,App,False,False,False
TRX-15879,PROD-2949,2024-09-29,12.0,522.96,43.56,8.0,Sin Información,Bucaramanga,Físico,False,False,False
TRX-15880,PROD-3518,2025-11-02,4.0,985.72,52.36,20.0,Perdido,Medellín,WhatsApp,False,False,True
TRX-15881,PROD-3456,2024-12-16,14.0,1892.81,83.97,7.0,En Camino,Bogotá,App,False,False,False
TRX-15882,PROD-1159,2025-06-11,12.0,783.92,28.77,14.0,Sin Información,Medellín,App,False,False,False
TRX-15883,PROD-3176,2025-12-11,10.0,1283.09,10.01,6.0,Devuelto,Cali,App,False,False,False
TRX-15884,PROD-3061,2025-10-25,7.0,861.14,52.17,8.0,Devuelto,Medellín,App,False,False,False
TRX-15885,PROD-1481,2025-10-27,9.0,103.12,97.77,15.0,Devuelto,Medellín,WhatsApp,False,False,False
TRX-15886,PROD-1381,2025-06-08,14.0,1012.03,11.1,17.0,Perdido,Cali,App,False,False,False
TRX-15887,PROD-2975,2025-10-20,13.0,141.17,11.66,5.0,Sin Información,Medellín,WhatsApp,False,False,False
TRX-15888,PROD-3700,2024-11-08,5.0,1768.56,61.54,12.0,Perdido,Bucaramanga,Físico,False,False,True
TRX-15889,PROD-1533,2025-08-29,14.0,1508.54,28.76,13.0,Devuelto,Medellín,WhatsApp,False,False,False
TRX-15890,PROD-3471,2026-02-02,1.0,763.52,43.97,3.0,Entregado,Medellín,Online,False,True,False
TRX-15891,PROD-3208,2024-12-25,5.0,1284.04,83.9,25.0,Sin Información,Bogotá,App,False,False,False
TRX-15892,PROD-1004,2026-01-13,6.0,232.94,52.36,25.0,Sin Información,Medellín,WhatsApp,False,False,False
TRX-15893,PROD-3779,2025-11-22,14.0,1408.08,23.89,19.0,Perdido,Bucaramanga,Físico,False,False,True
TRX-15894,PROD-3659,2025-11-22,11.0,1647.24,73.33,26.0,Perdido,Sin Ciudad,Online,False,False,True
TRX-15895,PROD-2767,2025-05-04,2.0,1645.27,52.93,28.0,Entregado,Bogotá,Online,False,False,False
TRX-15896,PROD-3138,2025-06-28,8.0,575.71,90.97,15.0,Perdido,Bucaramanga,Físico,False,False,False
TRX-15897,PROD-2723,2024-09-25,13.0,534.85,97.43,18.0,Perdido,Medellín,Online,False,False,False
TRX-15898,PROD-2517,2025-01-29,2.0,1047.58,51.07,21.0,Sin Información,Cali,Online,False,False,False
TRX-15899,PROD-1177,2025-08-11,14.0,1935.87,60.54,20.0,En Camino,Cali,WhatsApp,False,False,False
TRX-15900,PROD-3857,2025-05-29,7.0,1841.84,75.86,7.0,Entregado,Bogotá,App,False,False,True
TRX-15901,PROD-3170,2025-05-09,9.0,725.68,35.27,28.0,En Camino,Bogotá,WhatsApp,False,False,False
TRX-15902,PROD-2757,2025-08-15,14.0,1561.86,26.54,14.0,Sin Información,Bucaramanga,App,False,False,False
TRX-15903,PROD-1939,2025-01-31,13.0,1843.42,96.65,24.0,Entregado,Medellín,WhatsApp,False,False,False
TRX-15904,PROD-2974,2025-05-08,2.0,529.24,52.36,20.0,Entregado,Bogotá,Físico,False,False,False
TRX-15905,PROD-2561,2025-03-18,3.0,1662.29,46.1,19.0,Entregado,Medellín,App,False,False,False
TRX-15906,PROD-2435,2025-08-11,8.0,543.11,5.15,25.0,Perdido,Barranquilla,Online,False,False,False
TRX-15907,PROD-3412,2025-07-30,11.0,693.13,84.58,24.0,Devuelto,Sin Ciudad,Online,False,False,False
TRX-15908,PROD-3853,2025-10-15,6.0,405.65,61.97,11.0,Retrasado,Sin Ciudad,WhatsApp,False,False,True
TRX-15909,PROD-3359,2024-10-23,1.0,1019.09,21.01,27.0,Devuelto,Bogotá,App,False,False,False
TRX-15910,PROD-1400,2024-11-27,4.0,1688.19,7.86,7.0,Perdido,Medellín,Físico,False,False,False
TRX-15911,PROD-2742,2025-04-16,5.0,1060.82,32.69,11.0,Perdido,Barranquilla,Físico,False,False,False
TRX-15912,PROD-1548,2025-01-01,14.0,255.65,93.15,8.0,Retrasado,Cali,App,False,False,False
TRX-15913,PROD-2042,2025-08-08,11.0,511.03,93.68,24.0,Perdido,Medellín,Físico,False,False,False
TRX-15914,PROD-2954,2024-10-23,3.0,1130.1,34.55,10.0,Entregado,Cali,WhatsApp,False,False,False
TRX-15915,PROD-1952,2025-09-30,1.0,1170.54,84.41,24.0,En Camino,Sin Ciudad,Físico,False,False,False
TRX-15916,PROD-1343,2025-04-01,3.0,1158.04,52.36,11.0,En Camino,Medellín,Online,False,False,False
TRX-15917,PROD-2160,2024-11-27,13.0,163.24,46.98,1.0,Entregado,Sin Ciudad,App,False,False,False
TRX-15918,PROD-3450,2025-11-11,9.0,1509.85,67.16,20.0,Devuelto,Bucaramanga,App,False,False,False
TRX-15919,PROD-3227,2025-07-22,2.0,1819.76,36.77,10.0,En Camino,Medellín,Online,False,False,False
TRX-15920,PROD-2673,2025-05-15,1.0,1025.93,54.02,7.0,Entregado,Bucaramanga,Online,False,False,False
TRX-15921,PROD-2055,2025-06-27,7.0,1440.47,32.91,22.0,Devuelto,Sin Ciudad,App,False,False,False
TRX-15922,PROD-1774,2025-04-12,13.0,1828.89,10.81,3.0,Sin Información,Barranquilla,App,False,False,False
TRX-15923,PROD-1022,2026-02-04,7.0,1288.82,18.24,19.0,En Camino,Bucaramanga,Online,False,True,False
TRX-15924,PROD-3904,2025-09-07,5.0,1351.91,32.61,28.0,Entregado,Bogotá,Físico,False,False,True
TRX-15925,PROD-1029,2025-05-05,2.0,1445.59,97.74,4.0,En Camino,Bogotá,WhatsApp,False,False,False
TRX-15926,PROD-3367,2024-12-14,14.0,528.4,96.74,26.0,En Camino,Medellín,Online,False,False,False
TRX-15927,PROD-3140,2024-11-07,1.0,1169.53,83.63,6.0,En Camino,Bogotá,WhatsApp,False,False,False
TRX-15928,PROD-1482,2024-12-20,13.0,1685.93,52.36,1.0,Retrasado,Cali,Físico,False,False,False
TRX-15929,PROD-3128,2025-03-27,5.0,599.36,27.09,26.0,Devuelto,Bogotá,App,False,False,False
TRX-15930,PROD-1029,2025-10-02,10.0,1795.37,46.95,4.0,En Camino,Medellín,App,False,False,False
TRX-15931,PROD-2536,2025-03-30,4.0,1244.56,46.78,25.0,Entregado,Sin Ciudad,App,False,False,False
TRX-15932,PROD-3681,2025-05-26,9.0,852.12,41.76,7.0,Retrasado,Bogotá,App,False,False,True
TRX-15933,PROD-1841,2024-11-07,5.0,1250.13,9.26,11.0,Perdido,Bucaramanga,App,False,False,False
TRX-15934,PROD-3817,2025-06-06,11.0,809.7,55.78,6.0,Perdido,Bucaramanga,Online,False,False,True
TRX-15935,PROD-2293,2025-09-09,10.0,1677.69,11.92,27.0,Devuelto,Sin Ciudad,App,False,False,False
TRX-15936,PROD-2674,2025-11-05,12.0,969.81,81.18,5.0,Entregado,Bucaramanga,WhatsApp,False,False,False
TRX-15937,PROD-2483,2024-11-22,12.0,1803.41,70.67,12.0,Retrasado,Bogotá,App,False,False,False
TRX-15938,PROD-1436,2025-01-05,2.0,1024.52,38.51,29.0,Entregado,Medellín,WhatsApp,False,False,False
TRX-15939,PROD-1633,2025-08-25,4.0,1324.13,66.48,2.0,Retrasado,Barranquilla,WhatsApp,False,False,False
TRX-15940,PROD-2745,2024-10-06,13.0,1995.51,52.36,18.0,Sin Información,Sin Ciudad,App,False,False,False
TRX-15941,PROD-3668,2025-07-20,12.0,302.46,27.14,22.0,Sin Información,Barranquilla,App,False,False,True
TRX-15942,PROD-3397,2024-12-08,9.0,1476.09,30.2,9.0,Sin Información,Cali,Físico,False,False,False
TRX-15943,PROD-2038,2025-05-10,8.0,286.36,34.84,14.0,Retrasado,Bucaramanga,App,False,False,False
TRX-15944,PROD-2070,2025-03-08,3.0,1679.34,80.72,12.0,Perdido,Bucaramanga,WhatsApp,False,False,False
TRX-15945,PROD-3195,2024-11-27,8.0,1196.94,25.02,9.0,Sin Información,Cali,Físico,False,False,False
TRX-15946,PROD-2734,2024-10-24,13.0,1876.94,58.46,1.0,Devuelto,Bucaramanga,WhatsApp,False,False,False
TRX-15947,PROD-3312,2024-12-27,2.0,1733.25,24.04,7.0,Devuelto,Sin Ciudad,Físico,False,False,False
TRX-15948,PROD-2497,2024-11-19,3.0,159.0,32.08,7.0,Entregado,Medellín,WhatsApp,False,False,False
TRX-15949,PROD-3506,2025-01-04,14.0,283.23,27.37,10.0,Retrasado,Medellín,App,False,False,True
TRX-15950,PROD-2128,2025-07-31,5.0,1206.33,66.28,2.0,Sin Información,Cali,Físico,False,False,False
TRX-15951,PROD-3787,2025-02-03,11.0,1041.45,55.04,28.0,Retrasado,Bogotá,WhatsApp,False,False,True
TRX-15952,PROD-2627,2025-04-27,12.0,345.44,52.36,26.0,En Camino,Bucaramanga,App,False,False,False
TRX-15953,PROD-1834,2024-11-28,14.0,267.42,73.52,4.0,Devuelto,Cali,Físico,False,False,False
TRX-15954,PROD-2692,2026-01-01,10.0,1132.34,25.89,29.0,Retrasado,Medellín,Online,False,False,False
TRX-15955,PROD-3261,2025-03-19,10.0,107.35,5.87,8.0,Entregado,Medellín,App,False,False,False
TRX-15956,PROD-3283,2025-10-01,8.0,1748.73,69.65,22.0,Sin Información,Medellín,WhatsApp,False,False,False
TRX-15957,PROD-2976,2025-05-27,1.0,1616.1,15.91,27.0,Perdido,Bogotá,App,False,False,False
TRX-15958,PROD-1732,2025-07-13,4.0,1572.89,28.4,14.0,Sin Información,Bucaramanga,WhatsApp,False,False,False
TRX-15959,PROD-2516,2025-05-15,1.0,41.83,34.04,13.0,Perdido,Bogotá,WhatsApp,False,False,False
TRX-15960,PROD-3290,2025-01-31,1.0,104.81,75.95,16.0,Devuelto,Bogotá,WhatsApp,False,False,False
TRX-15961,PROD-3272,2025-01-12,12.0,1104.18,64.46,7.0,Sin Información,Medellín,WhatsApp,False,False,False
TRX-15962,PROD-2981,2025-10-16,5.0,1988.91,22.51,10.0,Devuelto,Medellín,Físico,False,False,False
TRX-15963,PROD-2039,2025-11-04,6.0,691.21,61.8,11.0,En Camino,Medellín,Online,False,False,False
TRX-15964,PROD-2256,2024-11-15,1.0,695.31,52.36,11.0,Devuelto,Medellín,App,False,False,False
TRX-15965,PROD-3366,2025-07-09,11.0,277.21,72.27,6.0,Retrasado,Medellín,WhatsApp,False,False,False
TRX-15966,PROD-2410,2025-05-19,6.0,1351.93,41.95,25.0,Retrasado,Bogotá,Físico,False,False,False
TRX-15967,PROD-3889,2025-05-20,5.0,1296.89,28.37,27.0,Retrasado,Bucaramanga,Físico,False,False,True
TRX-15968,PROD-2630,2025-07-14,4.0,211.63,69.5,12.0,Retrasado,Cali,WhatsApp,False,False,False
TRX-15969,PROD-1565,2025-01-12,10.0,940.15,63.03,10.0,En Camino,Bogotá,App,False,False,False
TRX-15970,PROD-3700,2024-12-19,5.0,1337.48,12.4,26.0,Devuelto,Bucaramanga,WhatsApp,False,False,True
TRX-15971,PROD-1487,2025-05-08,8.0,992.1,68.33,9.0,Devuelto,Medellín,Físico,False,False,False
TRX-15972,PROD-1941,2026-01-11,9.0,1351.98,51.41,22.0,Devuelto,Bogotá,App,False,False,False
TRX-15973,PROD-2829,2025-07-23,11.0,1634.38,76.57,6.0,En Camino,Barranquilla,Online,False,False,False
TRX-15974,PROD-3864,2025-07-24,14.0,1374.77,23.12,9.0,En Camino,Barranquilla,Online,False,False,True
TRX-15975,PROD-1662,2025-07-09,12.0,1236.07,29.53,26.0,Retrasado,Medellín,Online,False,False,False
TRX-15976,PROD-1410,2025-04-18,2.0,1708.64,52.36,25.0,Sin Información,Bucaramanga,Online,False,False,False
TRX-15977,PROD-1878,2025-09-13,6.0,1802.17,56.61,3.0,En Camino,Bucaramanga,WhatsApp,False,False,False
TRX-15978,PROD-3082,2025-10-18,3.0,783.88,50.76,7.0,En Camino,Sin Ciudad,Físico,False,False,False
TRX-15979,PROD-2640,2025-06-23,2.0,354.77,41.7,3.0,Entregado,Bogotá,Físico,False,False,False
TRX-15980,PROD-2386,2024-12-01,12.0,1637.54,75.87,20.0,Retrasado,Barranquilla,Físico,False,False,False
TRX-15981,PROD-3255,2025-09-27,14.0,435.37,58.65,25.0,Retrasado,Bogotá,App,False,False,False
TRX-15982,PROD-3515,2025-04-30,13.0,1858.61,72.48,26.0,Entregado,Sin Ciudad,Online,False,False,True
TRX-15983,PROD-3855,2025-05-11,1.0,55.53,19.56,8.0,Devuelto,Sin Ciudad,App,False,False,True
TRX-15984,PROD-3803,2025-07-09,4.0,1843.33,74.25,22.0,Sin Información,Bucaramanga,Online,False,False,True
TRX-15985,PROD-3895,2025-07-26,8.0,1182.47,48.85,22.0,Entregado,Bogotá,App,False,False,True
TRX-15986,PROD-1213,2025-09-18,3.0,1551.74,8.21,8.0,Entregado,Bogotá,Físico,False,False,False
TRX-15987,PROD-1658,2025-09-06,5.0,803.0,27.28,13.0,Sin Información,Barranquilla,Físico,False,False,False
TRX-15988,PROD-2593,2025-06-04,14.0,1983.52,52.36,2.0,Sin Información,Medellín,Físico,False,False,False
TRX-15989,PROD-3604,2025-12-18,10.0,462.83,7.45,14.0,Entregado,Bogotá,App,False,False,True
TRX-15990,PROD-1021,2025-02-11,5.0,536.04,48.4,5.0,En Camino,Medellín,WhatsApp,False,False,False
TRX-15991,PROD-1373,2024-11-30,5.0,112.35,35.96,13.0,Entregado,Barranquilla,Físico,False,False,False
TRX-15992,PROD-1595,2024-12-20,11.0,1881.54,98.81,23.0,Perdido,Bogotá,Físico,False,False,False
TRX-15993,PROD-2931,2025-09-16,9.0,917.5,87.51,28.0,Entregado,Cali,Online,False,False,False
TRX-15994,PROD-3458,2025-02-05,8.0,1352.96,83.44,13.0,Devuelto,Barranquilla,App,False,False,False
TRX-15995,PROD-2783,2025-02-12,8.0,1378.01,52.61,19.0,Devuelto,Barranquilla,App,False,False,False
TRX-15996,PROD-1361,2025-08-27,13.0,1750.26,81.67,24.0,Sin Información,Cali,Físico,False,False,False
TRX-15997,PROD-1262,2025-03-28,13.0,1333.2,30.35,3.0,Devuelto,Barranquilla,WhatsApp,False,False,False
TRX-15998,PROD-2077,2024-10-03,1.0,1128.42,58.26,14.0,Entregado,Cali,App,False,False,False
TRX-15999,PROD-1908,2025-02-17,1.0,1423.53,42.33,4.0,Retrasado,Cali,WhatsApp,False,False,False
TRX-16000,PROD-2518,2025-12-05,7.0,1504.43,52.36,15.0,Devuelto,Barranquilla,WhatsApp,True,False,False
TRX-16001,PROD-1327,2025-07-11,2.0,380.0,21.28,26.0,Entregado,Cali,Físico,False,False,False
TRX-16002,PROD-3494,2025-08-26,14.0,228.24,11.9,10.0,Devuelto,Cali,WhatsApp,False,False,False
TRX-16003,PROD-1154,2025-10-25,8.0,158.95,58.03,6.0,En Camino,Sin Ciudad,App,False,False,False
TRX-16004,PROD-3967,2025-12-08,10.0,754.37,14.28,6.0,En Camino,Barranquilla,WhatsApp,False,False,True
TRX-16005,PROD-2574,2024-10-30,1.0,1001.02,73.21,2.0,Entregado,Cali,Online,False,False,False
TRX-16006,PROD-2641,2025-09-02,4.0,1235.14,92.54,2.0,Devuelto,Medellín,App,False,False,False
TRX-16007,PROD-3514,2025-04-18,9.0,1916.49,20.4,19.0,Devuelto,Barranquilla,Físico,False,False,True
TRX-16008,PROD-3687,2025-04-20,2.0,668.27,49.74,3.0,Perdido,Barranquilla,App,False,False,True
TRX-16009,PROD-3134,2024-09-23,3.0,1524.14,75.18,20.0,Sin Información,Medellín,App,False,False,False
TRX-16010,PROD-2173,2025-09-17,11.0,1067.4,32.25,4.0,Sin Información,Sin Ciudad,WhatsApp,False,False,False
TRX-16011,PROD-3914,2024-11-26,6.0,447.98,92.47,4.0,Devuelto,Bucaramanga,Online,False,False,True
TRX-16012,PROD-3447,2024-09-23,13.0,1234.46,52.36,26.0,Retrasado,Medellín,WhatsApp,False,False,False
TRX-16013,PROD-1235,2025-05-23,11.0,1934.68,89.4,26.0,En Camino,Sin Ciudad,WhatsApp,False,False,False
TRX-16014,PROD-1717,2026-01-04,10.0,257.37,14.86,11.0,Devuelto,Sin Ciudad,WhatsApp,False,False,False
TRX-16015,PROD-3622,2025-10-08,3.0,1019.49,7.6,3.0,Retrasado,Bogotá,WhatsApp,False,False,True
TRX-16016,PROD-3024,2025-08-04,4.0,112.7,97.76,17.0,Sin Información,Sin Ciudad,WhatsApp,False,False,False
TRX-16017,PROD-2798,2024-10-17,9.0,649.22,95.87,9.0,Entregado,Cali,App,False,False,False
TRX-16018,PROD-1043,2025-09-04,9.0,1245.0,45.12,14.0,En Camino,Bogotá,Online,False,False,False
TRX-16019,PROD-1826,2025-10-21,10.0,1683.7,9.8,2.0,Entregado,Medellín,Online,False,False,False
TRX-16020,PROD-3690,2024-11-11,5.0,1463.35,63.79,14.0,Sin Información,Cali,Online,False,False,True
TRX-16021,PROD-3122,2025-10-23,7.0,931.08,32.87,3.0,Sin Información,Medellín,Físico,False,False,False
TRX-16022,PROD-2171,2025-09-05,9.0,1819.35,93.99,2.0,Devuelto,Bogotá,Online,False,False,False
TRX-16023,PROD-1797,2025-05-21,8.0,612.4,80.49,22.0,Entregado,Sin Ciudad,App,False,False,False
TRX-16024,PROD-1137,2024-10-24,11.0,1510.43,52.36,22.0,Sin Información,Bogotá,WhatsApp,False,False,False
TRX-16025,PROD-3455,2024-10-25,7.0,953.28,66.71,29.0,En Camino,Sin Ciudad,WhatsApp,False,False,False
TRX-16026,PROD-3091,2025-04-10,12.0,1798.29,32.03,1.0,Entregado,Bogotá,App,False,False,False
TRX-16027,PROD-3112,2025-05-14,8.0,1596.89,71.62,4.0,Entregado,Bogotá,WhatsApp,False,False,False
TRX-16028,PROD-3860,2024-10-18,5.0,1803.92,32.47,10.0,Entregado,Cali,WhatsApp,False,False,True
TRX-16029,PROD-1948,2024-11-03,5.0,436.35,8.57,15.0,Retrasado,Sin Ciudad,Online,False,False,False
TRX-16030,PROD-3519,2025-11-30,5.0,1339.62,53.3,21.0,Retrasado,Medellín,Online,False,False,True
TRX-16031,PROD-1694,2024-11-22,1.0,1479.54,51.43,12.0,Devuelto,Cali,Online,False,False,False
TRX-16032,PROD-3760,2024-11-02,6.0,1487.4,77.49,6.0,Entregado,Medellín,Físico,False,False,True
TRX-16033,PROD-1147,2025-12-07,5.0,1012.96,87.24,21.0,Retrasado,Medellín,Online,False,False,False
TRX-16034,PROD-2473,2025-01-30,8.0,32.39,38.67,3.0,En Camino,Medellín,Online,False,False,False
TRX-16035,PROD-1979,2025-09-12,8.0,530.25,47.7,3.0,En Camino,Medellín,Online,False,False,False
TRX-16036,PROD-3682,2025-09-11,2.0,653.37,52.36,19.0,Sin Información,Medellín,Online,False,False,True
TRX-16037,PROD-1001,2025-04-08,11.0,1705.55,49.69,22.0,Entregado,Bogotá,Online,False,False,False
TRX-16038,PROD-1644,2025-07-06,6.0,1683.36,35.8,20.0,Devuelto,Bogotá,App,False,False,False
TRX-16039,PROD-1355,2025-02-20,12.0,218.31,75.62,4.0,Sin Información,Barranquilla,App,False,False,False
TRX-16040,PROD-2130,2025-04-14,11.0,1900.17,54.6,19.0,Retrasado,Cali,App,False,False,False
TRX-16041,PROD-2636,2025-03-23,10.0,373.09,91.83,14.0,Sin Información,Bogotá,WhatsApp,False,False,False
TRX-16042,PROD-2446,2025-09-28,10.0,834.58,66.78,4.0,Retrasado,Sin Ciudad,WhatsApp,False,False,False
TRX-16043,PROD-3742,2025-11-08,6.0,438.16,25.13,8.0,Retrasado,Sin Ciudad,Físico,False,False,True
TRX-16044,PROD-2618,2025-04-17,3.0,1722.06,20.66,19.0,Sin Información,Cali,WhatsApp,False,False,False
TRX-16045,PROD-2660,2025-02-16,1.0,1501.31,40.38,26.0,Devuelto,Barranquilla,Físico,False,False,False
TRX-16046,PROD-3400,2025-04-14,7.0,713.52,37.96,19.0,Perdido,Barranquilla,App,False,False,False
TRX-16047,PROD-1820,2026-02-02,10.0,1366.94,43.68,22.0,Retrasado,Cali,Online,False,True,False
TRX-16048,PROD-3120,2024-11-09,5.0,376.89,52.36,1.0,Entregado,Medellín,Online,False,False,False
TRX-16049,PROD-1062,2025-06-07,12.0,770.77,22.44,26.0,Retrasado,Cali,Físico,False,False,False
TRX-16050,PROD-3882,2025-02-08,12.0,760.44,97.93,22.0,Retrasado,Medellín,Físico,False,False,True
TRX-16051,PROD-1281,2025-03-13,10.0,483.49,18.84,15.0,Perdido,Barranquilla,Online,False,False,False
TRX-16052,PROD-1369,2025-01-01,5.0,1753.86,67.0,11.0,Sin Información,Cali,Físico,False,False,False
TRX-16053,PROD-3251,2025-03-28,11.0,1360.9,6.24,9.0,Entregado,Bogotá,Online,False,False,False
TRX-16054,PROD-2165,2025-10-11,8.0,567.08,43.66,3.0,Entregado,Bogotá,App,False,False,False
TRX-16055,PROD-3974,2025-08-03,12.0,491.82,34.37,18.0,Entregado,Sin Ciudad,Físico,False,False,True
TRX-16056,PROD-3290,2025-10-03,5.0,45.73,41.29,19.0,Retrasado,Medellín,App,False,False,False
TRX-16057,PROD-3387,2025-07-13,5.0,699.7,52.32,16.0,Retrasado,Bogotá,Físico,False,False,False
TRX-16058,PROD-2425,2025-11-05,1.0,1058.27,62.04,16.0,En Camino,Medellín,App,False,False,False
TRX-16059,PROD-2423,2025-09-20,2.0,562.64,60.43,28.0,Perdido,Cali,App,False,False,False
TRX-16060,PROD-2132,2024-10-13,5.0,1403.91,52.36,3.0,Sin Información,Bogotá,WhatsApp,False,False,False
TRX-16061,PROD-1926,2025-07-17,7.0,829.38,64.92,18.0,Entregado,Medellín,WhatsApp,False,False,False
TRX-16062,PROD-3483,2025-11-16,3.0,639.47,85.23,13.0,Entregado,Barranquilla,Físico,False,False,False
TRX-16063,PROD-1796,2025-10-20,12.0,1878.72,89.24,27.0,En Camino,Bucaramanga,Físico,False,False,False
TRX-16064,PROD-2862,2025-10-23,1.0,532.97,75.04,20.0,Retrasado,Bogotá,App,False,False,False
TRX-16065,PROD-2654,2024-10-02,11.0,802.53,12.5,8.0,En Camino,Barranquilla,App,False,False,False
TRX-16066,PROD-3354,2025-03-28,12.0,770.76,96.32,7.0,En Camino,Bogotá,Online,False,False,False
TRX-16067,PROD-1019,2026-01-29,2.0,489.98,95.0,26.0,Retrasado,Cali,WhatsApp,False,False,False
TRX-16068,PROD-2069,2025-02-02,3.0,442.78,72.61,25.0,Devuelto,Bucaramanga,App,False,False,False
TRX-16069,PROD-1716,2024-10-25,12.0,611.74,54.16,24.0,Sin Información,Bucaramanga,Físico,False,False,False
TRX-16070,PROD-2667,2024-11-30,9.0,1729.83,28.81,29.0,Perdido,Cali,Online,False,False,False
TRX-16071,PROD-3073,2024-12-11,8.0,1536.49,76.85,23.0,Devuelto,Cali,WhatsApp,False,False,False
TRX-16072,PROD-1436,2025-04-01,4.0,1365.19,52.36,22.0,Devuelto,Medellín,Online,False,False,False
TRX-16073,PROD-3288,2025-01-01,8.0,919.63,88.4,19.0,Perdido,Sin Ciudad,App,False,False,False
TRX-16074,PROD-1296,2026-01-20,13.0,1020.43,68.19,26.0,Devuelto,Barranquilla,Online,False,False,False
TRX-16075,PROD-3060,2025-07-04,9.0,541.61,64.76,20.0,Retrasado,Medellín,Físico,False,False,False
TRX-16076,PROD-2205,2025-10-29,3.0,157.89,23.34,24.0,Devuelto,Barranquilla,Físico,False,False,False
TRX-16077,PROD-2392,2025-05-01,6.0,668.77,38.99,12.0,Devuelto,Medellín,App,False,False,False
TRX-16078,PROD-1479,2025-10-17,8.0,996.21,73.7,18.0,Sin Información,Barranquilla,Online,False,False,False
TRX-16079,PROD-3102,2024-11-14,10.0,124.05,6.61,15.0,Devuelto,Bogotá,App,False,False,False
TRX-16080,PROD-2055,2026-01-01,7.0,185.58,65.92,12.0,Retrasado,Bucaramanga,WhatsApp,False,False,False
TRX-16081,PROD-3203,2025-03-01,9.0,533.42,77.83,6.0,En Camino,Bogotá,App,False,False,False
TRX-16082,PROD-3354,2025-10-07,7.0,740.49,36.8,29.0,Entregado,Bucaramanga,App,False,False,False
TRX-16083,PROD-2024,2024-11-03,1.0,792.7,12.24,17.0,Perdido,Medellín,WhatsApp,False,False,False
TRX-16084,PROD-3843,2024-11-08,9.0,244.59,52.36,23.0,Perdido,Barranquilla,Online,False,False,True
TRX-16085,PROD-2813,2025-02-28,12.0,459.38,82.82,4.0,Retrasado,Sin Ciudad,Físico,False,False,False
TRX-16086,PROD-2544,2025-12-12,5.0,530.68,18.47,12.0,Entregado,Barranquilla,Físico,False,False,False
TRX-16087,PROD-3306,2025-03-25,6.0,144.59,40.23,17.0,Devuelto,Bogotá,Online,False,False,False
TRX-16088,PROD-2980,2025-05-26,2.0,658.94,72.19,21.0,Sin Información,Medellín,App,False,False,False
TRX-16089,PROD-1996,2024-10-03,2.0,153.72,82.61,5.0,Perdido,Bogotá,Físico,False,False,False
TRX-16090,PROD-2391,2025-02-23,13.0,1409.88,86.93,29.0,Devuelto,Bogotá,App,False,False,False
TRX-16091,PROD-2879,2025-04-30,4.0,778.24,55.39,6.0,Sin Información,Bogotá,WhatsApp,False,False,False
TRX-16092,PROD-3791,2025-02-24,4.0,660.24,50.21,15.0,Retrasado,Bucaramanga,Físico,False,False,True
TRX-16093,PROD-2887,2025-08-27,5.0,261.78,85.59,28.0,Sin Información,Sin Ciudad,App,False,False,False
TRX-16094,PROD-3403,2025-12-07,7.0,460.74,58.49,8.0,Retrasado,Medellín,App,False,False,False
TRX-16095,PROD-1112,2025-09-22,13.0,473.08,59.97,20.0,Sin Información,Medellín,App,False,False,False
TRX-16096,PROD-2974,2025-07-02,11.0,1970.56,52.36,16.0,Retrasado,Medellín,Físico,False,False,False
TRX-16097,PROD-1476,2025-03-28,12.0,1672.35,46.23,13.0,En Camino,Sin Ciudad,App,False,False,False
TRX-16098,PROD-2056,2024-11-23,1.0,40.37,40.42,28.0,Retrasado,Bucaramanga,Físico,False,False,False
TRX-16099,PROD-1276,2025-02-17,10.0,1237.5,50.65,23.0,Devuelto,Cali,Físico,False,False,False
TRX-16100,PROD-2567,2025-10-14,7.0,519.26,39.66,27.0,En Camino,Barranquilla,Físico,False,False,False
TRX-16101,PROD-3595,2025-02-13,4.0,217.71,37.64,15.0,Devuelto,Bogotá,Físico,False,False,True
TRX-16102,PROD-1902,2025-01-03,13.0,1414.14,99.4,20.0,Sin Información,Sin Ciudad,Online,False,False,False
TRX-16103,PROD-3772,2025-07-19,9.0,271.9,36.94,13.0,Retrasado,Bucaramanga,WhatsApp,False,False,True
TRX-16104,PROD-3872,2024-12-24,8.0,893.04,29.36,15.0,En Camino,Medellín,WhatsApp,False,False,True
TRX-16105,PROD-1941,2025-12-29,3.0,1268.01,38.62,2.0,Sin Información,Bucaramanga,Físico,False,False,False
TRX-16106,PROD-2293,2025-07-05,6.0,1113.44,61.12,24.0,Entregado,Bogotá,App,False,False,False
TRX-16107,PROD-2689,2025-11-20,11.0,1955.48,91.54,21.0,Retrasado,Bucaramanga,Físico,False,False,False
TRX-16108,PROD-2446,2025-01-19,9.0,1573.63,52.36,26.0,En Camino,Medellín,App,False,False,False
TRX-16109,PROD-3115,2026-02-01,8.0,1550.64,79.85,20.0,Sin Información,Cali,Online,False,True,False
TRX-16110,PROD-3194,2025-12-15,7.0,717.63,85.01,28.0,En Camino,Medellín,WhatsApp,False,False,False
TRX-16111,PROD-1039,2024-10-21,7.0,26.71,86.61,18.0,En Camino,Sin Ciudad,Físico,False,False,False
TRX-16112,PROD-3870,2024-10-22,1.0,1471.48,92.45,7.0,Perdido,Bogotá,Online,False,False,True
TRX-16113,PROD-2078,2025-09-17,5.0,1999.47,27.33,21.0,En Camino,Medellín,Físico,False,False,False
TRX-16114,PROD-2016,2025-09-23,7.0,817.7,48.54,9.0,Entregado,Bogotá,Físico,False,False,False
TRX-16115,PROD-2176,2025-07-07,14.0,1971.18,41.59,7.0,Retrasado,Sin Ciudad,Online,False,False,False
TRX-16116,PROD-1380,2025-02-07,13.0,292.0,41.28,9.0,Retrasado,Medellín,App,False,False,False
TRX-16117,PROD-2634,2026-01-10,2.0,600.06,66.97,29.0,Retrasado,Medellín,App,False,False,False
TRX-16118,PROD-3759,2024-11-12,6.0,349.75,43.17,12.0,En Camino,Bucaramanga,App,False,False,True
TRX-16119,PROD-2400,2025-10-19,14.0,955.6,63.55,10.0,Retrasado,Sin Ciudad,Físico,False,False,False
TRX-16120,PROD-1311,2025-12-01,2.0,1595.99,52.36,10.0,Entregado,Bogotá,App,False,False,False
TRX-16121,PROD-3271,2025-07-11,3.0,687.92,41.32,13.0,Perdido,Bogotá,App,False,False,False
TRX-16122,PROD-1731,2025-05-14,1.0,1813.4,34.56,5.0,Entregado,Barranquilla,Físico,False,False,False
TRX-16123,PROD-2951,2024-11-16,3.0,1094.21,38.54,27.0,Perdido,Barranquilla,Online,False,False,False
TRX-16124,PROD-2285,2025-11-15,7.0,936.19,81.36,22.0,Retrasado,Barranquilla,WhatsApp,False,False,False
TRX-16125,PROD-2448,2025-07-11,5.0,1576.2,62.1,8.0,Sin Información,Sin Ciudad,App,False,False,False
TRX-16126,PROD-1895,2025-05-20,4.0,211.87,97.53,10.0,Devuelto,Bucaramanga,Online,False,False,False
TRX-16127,PROD-3349,2025-07-31,13.0,1549.77,84.1,6.0,Perdido,Bogotá,Físico,False,False,False
TRX-16128,PROD-2102,2024-10-28,12.0,493.47,51.15,11.0,Entregado,Bucaramanga,Físico,False,False,False
TRX-16129,PROD-1748,2024-12-20,8.0,568.82,28.03,4.0,Entregado,Sin Ciudad,App,False,False,False
TRX-16130,PROD-3798,2025-04-22,8.0,1202.91,69.02,2.0,Sin Información,Cali,App,False,False,True
TRX-16131,PROD-1778,2025-12-11,1.0,1804.85,74.03,6.0,Devuelto,Medellín,Online,False,False,False
TRX-16132,PROD-3043,2025-08-06,9.0,1161.03,52.36,13.0,Perdido,Bogotá,App,False,False,False
TRX-16133,PROD-1817,2026-02-04,14.0,1301.41,49.1,29.0,Perdido,Medellín,Online,False,True,False
TRX-16134,PROD-1961,2025-09-22,9.0,1555.42,26.84,12.0,Entregado,Barranquilla,Físico,False,False,False
TRX-16135,PROD-1991,2025-05-25,2.0,526.06,57.94,14.0,Perdido,Bogotá,Online,False,False,False
TRX-16136,PROD-2087,2025-12-31,2.0,1656.2,29.11,25.0,Devuelto,Cali,Físico,False,False,False
TRX-16137,PROD-1846,2024-12-18,8.0,841.74,94.3,8.0,Perdido,Barranquilla,App,False,False,False
TRX-16138,PROD-1938,2025-11-05,12.0,359.55,64.74,3.0,Perdido,Bogotá,WhatsApp,False,False,False
TRX-16139,PROD-1830,2025-05-20,11.0,706.73,32.73,5.0,Devuelto,Bogotá,Online,False,False,False
TRX-16140,PROD-2022,2025-08-08,6.0,499.8,25.49,22.0,Retrasado,Medellín,WhatsApp,False,False,False
TRX-16141,PROD-3533,2025-03-29,3.0,465.14,73.09,7.0,Perdido,Medellín,Online,False,False,True
TRX-16142,PROD-2458,2024-11-18,12.0,572.3,72.24,18.0,Sin Información,Cali,Online,False,False,False
TRX-16143,PROD-1638,2025-01-13,2.0,370.05,61.73,6.0,Entregado,Bogotá,WhatsApp,False,False,False
TRX-16144,PROD-1436,2025-05-03,5.0,1338.73,52.36,18.0,En Camino,Cali,WhatsApp,False,False,False
TRX-16145,PROD-1491,2024-12-01,8.0,1164.18,63.36,8.0,Entregado,Cali,App,False,False,False
TRX-16146,PROD-1321,2025-05-07,6.0,1300.4,62.37,7.0,Sin Información,Cali,WhatsApp,False,False,False
TRX-16147,PROD-3768,2025-06-05,12.0,694.01,39.21,2.0,Entregado,Bucaramanga,WhatsApp,False,False,True
TRX-16148,PROD-3717,2025-03-21,3.0,1541.77,94.05,4.0,Retrasado,Medellín,App,False,False,True
TRX-16149,PROD-3017,2025-03-25,12.0,267.92,50.53,23.0,Retrasado,Bucaramanga,WhatsApp,False,False,False
TRX-16150,PROD-3514,2025-04-01,12.0,1146.56,6.93,9.0,Entregado,Medellín,WhatsApp,False,False,True
TRX-16151,PROD-1027,2025-12-18,9.0,558.15,38.09,16.0,Perdido,Sin Ciudad,App,False,False,False
TRX-16152,PROD-3217,2025-05-12,8.0,1059.94,17.38,19.0,Entregado,Bucaramanga,WhatsApp,False,False,False
TRX-16153,PROD-1173,2025-06-25,10.0,654.04,39.52,10.0,Sin Información,Medellín,Online,False,False,False
TRX-16154,PROD-2975,2025-05-13,6.0,1583.12,62.78,26.0,Perdido,Cali,Online,False,False,False
TRX-16155,PROD-2520,2024-11-15,1.0,1783.63,7.15,8.0,Devuelto,Bogotá,WhatsApp,False,False,False
TRX-16156,PROD-3542,2025-06-06,2.0,1487.74,52.36,29.0,Devuelto,Cali,WhatsApp,False,False,True
TRX-16157,PROD-2291,2026-01-28,4.0,359.41,87.67,16.0,Retrasado,Bogotá,WhatsApp,False,False,False
TRX-16158,PROD-3016,2024-12-21,2.0,556.99,62.98,25.0,En Camino,Cali,Físico,False,False,False
TRX-16159,PROD-3353,2025-05-06,3.0,1839.52,33.06,29.0,En Camino,Bogotá,WhatsApp,False,False,False
TRX-16160,PROD-2125,2025-05-27,14.0,880.07,34.56,8.0,Sin Información,Bucaramanga,Online,False,False,False
TRX-16161,PROD-3010,2025-10-21,8.0,1882.95,49.24,20.0,Retrasado,Bogotá,WhatsApp,False,False,False
TRX-16162,PROD-1749,2025-02-20,9.0,790.98,28.57,4.0,Devuelto,Medellín,Físico,False,False,False
TRX-16163,PROD-3093,2025-12-01,6.0,1904.03,5.41,27.0,Retrasado,Barranquilla,App,False,False,False
TRX-16164,PROD-2147,2025-01-13,4.0,1852.22,7.52,23.0,Devuelto,Bogotá,Físico,False,False,False
TRX-16165,PROD-2629,2025-11-04,11.0,1324.45,38.99,20.0,Perdido,Medellín,Físico,False,False,False
TRX-16166,PROD-1909,2025-06-18,2.0,27.57,16.8,27.0,Sin Información,Bogotá,Online,False,False,False
TRX-16167,PROD-3362,2025-02-26,7.0,806.67,7.12,13.0,Devuelto,Sin Ciudad,WhatsApp,False,False,False
TRX-16168,PROD-1525,2025-12-08,10.0,1823.36,52.36,26.0,Devuelto,Medellín,Online,False,False,False
TRX-16169,PROD-1221,2025-09-23,11.0,1771.37,86.63,10.0,Devuelto,Bucaramanga,Físico,False,False,False
TRX-16170,PROD-3153,2025-09-04,7.0,382.9,31.04,23.0,En Camino,Sin Ciudad,Físico,False,False,False
TRX-16171,PROD-2733,2025-09-08,10.0,804.37,52.8,25.0,Devuelto,Bogotá,WhatsApp,False,False,False
TRX-16172,PROD-2959,2025-07-18,9.0,1672.66,22.04,28.0,Entregado,Sin Ciudad,App,False,False,False
TRX-16173,PROD-3214,2025-10-21,5.0,1159.98,9.44,9.0,Perdido,Barranquilla,Online,False,False,False
TRX-16174,PROD-1133,2025-02-28,10.0,1696.13,75.76,25.0,En Camino,Bogotá,App,False,False,False
TRX-16175,PROD-3058,2026-01-22,4.0,1654.87,16.87,26.0,Entregado,Bogotá,Físico,False,False,False
TRX-16176,PROD-2422,2025-08-18,10.0,1815.89,7.44,12.0,En Camino,Barranquilla,App,False,False,False
TRX-16177,PROD-2612,2026-01-07,6.0,243.27,60.79,26.0,En Camino,Bogotá,Online,False,False,False
TRX-16178,PROD-3811,2025-05-05,12.0,298.98,6.28,15.0,Entregado,Bogotá,Físico,False,False,True
TRX-16179,PROD-1715,2024-10-06,2.0,174.79,46.45,22.0,Retrasado,Medellín,Físico,False,False,False
TRX-16180,PROD-2872,2025-09-12,2.0,1871.18,52.36,1.0,Sin Información,Barranquilla,App,False,False,False
TRX-16181,PROD-1493,2025-01-09,12.0,955.57,32.44,12.0,Sin Información,Bogotá,WhatsApp,False,False,False
TRX-16182,PROD-3860,2025-11-14,9.0,138.01,35.34,24.0,Sin Información,Medellín,WhatsApp,False,False,True
TRX-16183,PROD-3122,2025-10-28,7.0,649.84,5.37,14.0,Retrasado,Bogotá,Online,False,False,False
TRX-16184,PROD-2884,2025-11-01,7.0,709.31,96.61,22.0,Devuelto,Bogotá,WhatsApp,False,False,False
TRX-16185,PROD-2292,2024-12-27,13.0,1621.02,54.11,23.0,Entregado,Sin Ciudad,Físico,False,False,False
TRX-16186,PROD-3823,2025-04-05,5.0,1473.6,59.39,2.0,Devuelto,Bogotá,Físico,False,False,True
TRX-16187,PROD-1034,2024-11-19,7.0,1381.88,68.28,3.0,Sin Información,Bogotá,App,False,False,False
TRX-16188,PROD-1048,2025-12-29,9.0,53.51,80.76,6.0,Retrasado,Cali,Físico,False,False,False
TRX-16189,PROD-3761,2025-10-19,10.0,1822.28,62.75,19.0,Entregado,Medellín,Físico,False,False,True
TRX-16190,PROD-1863,2025-09-09,5.0,438.95,77.41,21.0,Entregado,Bogotá,Online,False,False,False
TRX-16191,PROD-2554,2025-07-13,9.0,1261.83,47.63,13.0,Entregado,Bogotá,WhatsApp,False,False,False
TRX-16192,PROD-3379,2025-02-23,1.0,133.02,52.36,20.0,Devuelto,Bogotá,WhatsApp,False,False,False
TRX-16193,PROD-1412,2024-11-25,13.0,172.24,40.27,21.0,En Camino,Cali,WhatsApp,False,False,False
TRX-16194,PROD-2332,2025-02-27,12.0,29.06,83.2,8.0,En Camino,Bogotá,Online,False,False,False
TRX-16195,PROD-2481,2025-06-14,3.0,1136.2,87.2,4.0,Sin Información,Bucaramanga,WhatsApp,False,False,False
TRX-16196,PROD-3509,2025-01-21,7.0,1262.47,18.09,25.0,En Camino,Sin Ciudad,App,False,False,True
TRX-16197,PROD-2063,2025-07-07,4.0,110.42,56.55,19.0,Entregado,Cali,WhatsApp,False,False,False
TRX-16198,PROD-1766,2024-10-03,2.0,588.06,69.95,28.0,Retrasado,Bogotá,Físico,False,False,False
TRX-16199,PROD-3246,2025-04-24,12.0,1704.39,12.94,7.0,Devuelto,Medellín,Online,False,False,False
TRX-16200,PROD-2076,2025-03-03,7.0,211.6,93.31,15.0,Devuelto,Cali,App,True,False,False
TRX-16201,PROD-1971,2025-01-05,14.0,440.93,54.41,7.0,Retrasado,Bogotá,Online,False,False,False
TRX-16202,PROD-2103,2025-10-29,3.0,854.54,66.32,1.0,En Camino,Bogotá,App,False,False,False
TRX-16203,PROD-2930,2025-02-16,7.0,1686.13,21.93,19.0,Sin Información,Medellín,App,False,False,False
TRX-16204,PROD-3511,2025-03-23,8.0,517.15,52.36,26.0,Perdido,Bogotá,Físico,False,False,True
TRX-16205,PROD-2405,2025-08-26,11.0,1994.3,30.12,17.0,Retrasado,Medellín,WhatsApp,False,False,False
TRX-16206,PROD-2498,2024-10-29,9.0,716.97,16.5,8.0,En Camino,Cali,WhatsApp,False,False,False
TRX-16207,PROD-1753,2024-12-13,6.0,779.03,30.08,26.0,Entregado,Barranquilla,App,False,False,False
TRX-16208,PROD-3042,2024-10-04,10.0,252.99,51.78,21.0,Retrasado,Medellín,App,False,False,False
TRX-16209,PROD-2736,2024-09-26,9.0,1363.59,84.19,15.0,En Camino,Medellín,WhatsApp,False,False,False
TRX-16210,PROD-1862,2026-01-30,4.0,494.5,55.7,20.0,Devuelto,Bogotá,Online,False,False,False
TRX-16211,PROD-2716,2024-11-04,12.0,1261.45,28.22,19.0,Perdido,Medellín,App,False,False,False
TRX-16212,PROD-3870,2025-11-07,5.0,454.08,9.24,7.0,Perdido,Medellín,App,False,False,True
TRX-16213,PROD-2524,2024-11-12,1.0,781.87,64.09,24.0,Perdido,Bogotá,Online,False,False,False
TRX-16214,PROD-2495,2025-06-10,14.0,1714.78,44.92,24.0,En Camino,Barranquilla,Online,False,False,False
TRX-16215,PROD-2640,2025-02-03,9.0,1480.42,98.51,13.0,En Camino,Medellín,WhatsApp,False,False,False
TRX-16216,PROD-2145,2025-12-27,9.0,317.64,52.36,1.0,Entregado,Bogotá,WhatsApp,False,False,False
TRX-16217,PROD-2846,2024-12-18,9.0,1219.34,79.08,7.0,Perdido,Bogotá,Online,False,False,False
TRX-16218,PROD-1736,2025-09-19,3.0,1260.99,81.79,5.0,Devuelto,Medellín,Online,False,False,False
TRX-16219,PROD-3340,2024-11-17,13.0,190.23,6.16,18.0,Sin Información,Sin Ciudad,Físico,False,False,False
TRX-16220,PROD-1537,2025-04-27,10.0,936.95,78.89,8.0,Perdido,Bucaramanga,Físico,False,False,False
TRX-16221,PROD-3358,2025-09-23,10.0,528.73,23.49,15.0,Retrasado,Barranquilla,WhatsApp,False,False,False
TRX-16222,PROD-3809,2024-11-29,10.0,939.59,60.65,18.0,Retrasado,Medellín,App,False,False,True
TRX-16223,PROD-1936,2026-02-04,8.0,1556.37,47.51,6.0,Devuelto,Bucaramanga,Online,False,True,False
TRX-16224,PROD-1409,2025-09-09,3.0,324.94,59.3,28.0,En Camino,Medellín,WhatsApp,False,False,False
TRX-16225,PROD-3952,2024-11-05,13.0,255.38,17.68,5.0,Sin Información,Barranquilla,Físico,False,False,True
TRX-16226,PROD-2105,2025-02-12,6.0,545.94,48.4,22.0,Perdido,Sin Ciudad,App,False,False,False
TRX-16227,PROD-1965,2025-09-03,5.0,1905.03,8.51,11.0,Sin Información,Bogotá,Físico,False,False,False
TRX-16228,PROD-3274,2024-11-03,8.0,1498.17,52.36,26.0,Retrasado,Sin Ciudad,Físico,False,False,False
TRX-16229,PROD-2770,2025-02-08,3.0,48.72,8.89,8.0,Devuelto,Bogotá,Físico,False,False,False
TRX-16230,PROD-2560,2024-12-04,14.0,808.0,67.49,9.0,Entregado,Bucaramanga,App,False,False,False
TRX-16231,PROD-1803,2025-06-16,1.0,522.22,95.41,13.0,Retrasado,Barranquilla,Físico,False,False,False
TRX-16232,PROD-1597,2025-04-04,12.0,1279.91,78.85,3.0,Retrasado,Bogotá,WhatsApp,False,False,False
TRX-16233,PROD-1612,2026-01-28,9.0,923.99,49.57,3.0,Perdido,Bogotá,App,False,False,False
TRX-16234,PROD-2937,2025-02-24,10.0,1929.35,10.31,7.0,En Camino,Barranquilla,Online,False,False,False
TRX-16235,PROD-1039,2025-05-26,9.0,445.77,9.28,3.0,Retrasado,Bogotá,Online,False,False,False
TRX-16236,PROD-1723,2025-08-02,3.0,1179.83,20.0,11.0,Retrasado,Medellín,Online,False,False,False
TRX-16237,PROD-2726,2025-04-28,2.0,1403.42,97.7,14.0,Perdido,Medellín,Online,False,False,False
TRX-16238,PROD-3046,2025-12-22,4.0,1652.87,42.87,26.0,En Camino,Bogotá,Físico,False,False,False
TRX-16239,PROD-1550,2025-10-11,14.0,819.87,85.12,28.0,Sin Información,Sin Ciudad,Físico,False,False,False
TRX-16240,PROD-3583,2025-06-02,8.0,1376.97,52.36,21.0,Entregado,Sin Ciudad,Online,False,False,True
TRX-16241,PROD-3117,2025-06-26,6.0,613.37,71.99,10.0,Sin Información,Bucaramanga,App,False,False,False
TRX-16242,PROD-3187,2025-06-26,10.0,876.6,62.52,20.0,Entregado,Medellín,Físico,False,False,False
TRX-16243,PROD-3951,2024-12-03,1.0,1792.3,95.04,27.0,Entregado,Sin Ciudad,Físico,False,False,True
TRX-16244,PROD-2293,2025-01-29,8.0,1900.32,26.89,9.0,Entregado,Bogotá,App,False,False,False
TRX-16245,PROD-2993,2025-09-15,5.0,1440.45,48.21,27.0,En Camino,Cali,App,False,False,False
TRX-16246,PROD-2228,2025-03-27,13.0,754.96,87.15,12.0,Entregado,Medellín,WhatsApp,False,False,False
TRX-16247,PROD-2027,2024-10-05,6.0,1641.92,57.42,8.0,Perdido,Bogotá,App,False,False,False
TRX-16248,PROD-3302,2025-08-17,5.0,61.48,28.41,12.0,Perdido,Medellín,Online,False,False,False
TRX-16249,PROD-3325,2025-04-30,10.0,214.46,24.85,9.0,Perdido,Barranquilla,Online,False,False,False
TRX-16250,PROD-1195,2024-09-28,5.0,1326.13,76.52,22.0,Entregado,Sin Ciudad,App,False,False,False
TRX-16251,PROD-2631,2025-05-19,3.0,589.58,6.21,18.0,Perdido,Bucaramanga,WhatsApp,False,False,False
TRX-16252,PROD-1405,2026-01-06,14.0,1903.26,52.36,24.0,Perdido,Cali,WhatsApp,False,False,False
TRX-16253,PROD-3828,2025-01-12,4.0,877.76,91.85,17.0,Devuelto,Medellín,Online,False,False,True
TRX-16254,PROD-1669,2025-05-08,5.0,864.44,6.75,11.0,Entregado,Sin Ciudad,Online,False,False,False
TRX-16255,PROD-1245,2025-12-08,11.0,1359.38,64.94,21.0,Perdido,Barranquilla,App,False,False,False
TRX-16256,PROD-1882,2024-10-09,11.0,1537.46,62.45,2.0,Sin Información,Bucaramanga,Físico,False,False,False
TRX-16257,PROD-2041,2024-12-04,2.0,956.36,59.95,29.0,En Camino,Bucaramanga,WhatsApp,False,False,False
TRX-16258,PROD-2951,2024-10-04,6.0,435.86,50.06,23.0,Perdido,Cali,Online,False,False,False
TRX-16259,PROD-3579,2024-12-17,2.0,1548.88,85.98,21.0,Devuelto,Barranquilla,App,False,False,True
TRX-16260,PROD-1394,2026-02-03,4.0,647.5,67.64,26.0,En Camino,Cali,App,False,True,False
TRX-16261,PROD-2842,2025-03-21,12.0,358.47,79.28,19.0,En Camino,Bogotá,App,False,False,False
TRX-16262,PROD-2370,2025-01-22,1.0,1266.96,15.97,14.0,Sin Información,Bogotá,WhatsApp,False,False,False
TRX-16263,PROD-2064,2025-04-14,4.0,190.0,9.74,23.0,Sin Información,Medellín,Físico,False,False,False
TRX-16264,PROD-2478,2024-12-01,14.0,1942.99,52.36,28.0,Sin Información,Bogotá,App,False,False,False
TRX-16265,PROD-2475,2025-01-08,7.0,1268.47,7.71,3.0,Retrasado,Medellín,App,False,False,False
TRX-16266,PROD-3295,2025-04-11,14.0,1971.93,18.98,6.0,Devuelto,Sin Ciudad,Físico,False,False,False
TRX-16267,PROD-3283,2024-11-13,8.0,684.4,68.37,4.0,Devuelto,Bogotá,App,False,False,False
TRX-16268,PROD-2055,2024-10-29,2.0,1942.7,51.93,12.0,Perdido,Barranquilla,Online,False,False,False
TRX-16269,PROD-2409,2025-01-17,3.0,299.67,76.46,26.0,Devuelto,Cali,WhatsApp,False,False,False
TRX-16270,PROD-1081,2025-06-08,1.0,90.98,23.21,2.0,En Camino,Sin Ciudad,Físico,False,False,False
TRX-16271,PROD-2686,2026-01-17,7.0,75.64,39.86,25.0,En Camino,Medellín,Físico,False,False,False
TRX-16272,PROD-1496,2025-06-13,4.0,935.09,89.41,6.0,Perdido,Sin Ciudad,WhatsApp,False,False,False
TRX-16273,PROD-2438,2025-10-21,11.0,175.18,93.89,5.0,En Camino,Bogotá,App,False,False,False
TRX-16274,PROD-3783,2025-07-22,10.0,1029.21,92.56,29.0,Perdido,Bucaramanga,WhatsApp,False,False,True
TRX-16275,PROD-3480,2025-11-21,8.0,661.73,82.74,5.0,Sin Información,Medellín,Online,False,False,False
TRX-16276,PROD-1814,2024-11-25,5.0,677.9,52.36,8.0,Retrasado,Bogotá,Físico,False,False,False
TRX-16277,PROD-3362,2024-11-03,9.0,1274.86,70.38,5.0,Devuelto,Medellín,App,False,False,False
TRX-16278,PROD-3358,2024-11-04,6.0,334.57,91.8,24.0,Devuelto,Medellín,App,False,False,False
TRX-16279,PROD-3661,2025-01-25,11.0,1535.44,72.85,8.0,Devuelto,Medellín,WhatsApp,False,False,True
TRX-16280,PROD-3658,2025-10-20,10.0,1168.24,95.62,1.0,Retrasado,Bogotá,Físico,False,False,True
TRX-16281,PROD-3205,2025-06-19,2.0,1830.74,7.35,20.0,Devuelto,Sin Ciudad,WhatsApp,False,False,False
TRX-16282,PROD-1714,2026-01-20,1.0,736.03,92.56,9.0,Sin Información,Cali,Físico,False,False,False
TRX-16283,PROD-2165,2025-09-04,1.0,1965.6,57.8,14.0,Retrasado,Medellín,WhatsApp,False,False,False
TRX-16284,PROD-2454,2025-05-13,12.0,1155.9,15.62,2.0,Retrasado,Cali,App,False,False,False
TRX-16285,PROD-2331,2026-01-15,12.0,1947.07,25.42,11.0,Perdido,Sin Ciudad,WhatsApp,False,False,False
TRX-16286,PROD-3757,2025-02-01,14.0,63.85,85.96,4.0,Sin Información,Medellín,Físico,False,False,True
TRX-16287,PROD-3090,2024-09-24,14.0,1458.67,53.08,4.0,Entregado,Bogotá,Online,False,False,False
TRX-16288,PROD-2996,2025-01-15,9.0,1635.08,52.36,17.0,Entregado,Bucaramanga,WhatsApp,False,False,False
TRX-16289,PROD-2830,2026-01-16,1.0,115.81,98.37,26.0,Perdido,Medellín,Online,False,False,False
TRX-16290,PROD-1321,2026-01-04,3.0,1162.15,16.17,26.0,Perdido,Bogotá,App,False,False,False
TRX-16291,PROD-2560,2024-09-23,12.0,1605.87,44.19,16.0,Perdido,Sin Ciudad,WhatsApp,False,False,False
TRX-16292,PROD-3513,2026-01-27,2.0,1126.47,36.53,7.0,Devuelto,Medellín,Online,False,False,True
TRX-16293,PROD-2173,2025-08-19,12.0,136.99,54.03,12.0,En Camino,Cali,WhatsApp,False,False,False
TRX-16294,PROD-2899,2024-11-26,4.0,1389.96,65.18,17.0,Perdido,Cali,WhatsApp,False,False,False
TRX-16295,PROD-3587,2025-11-26,1.0,130.59,67.85,5.0,Retrasado,Bogotá,App,False,False,True
TRX-16296,PROD-1593,2025-12-09,1.0,1636.76,5.12,8.0,Entregado,Sin Ciudad,Físico,False,False,False
TRX-16297,PROD-1686,2025-12-25,4.0,95.64,13.45,20.0,Devuelto,Medellín,Físico,False,False,False
TRX-16298,PROD-3623,2025-01-25,13.0,283.42,8.33,5.0,Sin Información,Medellín,WhatsApp,False,False,True
TRX-16299,PROD-2381,2025-06-05,13.0,557.46,87.14,11.0,En Camino,Barranquilla,App,False,False,False
TRX-16300,PROD-2727,2025-10-18,7.0,1270.4,52.36,26.0,Entregado,Sin Ciudad,WhatsApp,False,False,False
TRX-16301,PROD-3585,2025-08-10,14.0,1952.95,34.76,28.0,Entregado,Bogotá,App,False,False,True
TRX-16302,PROD-3508,2025-02-12,4.0,244.47,39.87,19.0,Entregado,Cali,Físico,False,False,True
TRX-16303,PROD-3341,2025-08-16,7.0,293.99,47.79,21.0,Retrasado,Bogotá,App,False,False,False
TRX-16304,PROD-2657,2025-05-26,8.0,744.05,85.68,28.0,Retrasado,Sin Ciudad,WhatsApp,False,False,False
TRX-16305,PROD-1292,2025-01-16,13.0,1674.08,6.35,19.0,Retrasado,Medellín,Online,False,False,False
TRX-16306,PROD-1324,2025-10-04,8.0,939.79,16.27,4.0,En Camino,Medellín,Online,False,False,False
TRX-16307,PROD-1663,2025-07-22,8.0,650.01,70.09,11.0,Entregado,Medellín,WhatsApp,False,False,False
TRX-16308,PROD-2407,2024-12-21,14.0,1126.8,96.57,19.0,Perdido,Cali,Online,False,False,False
TRX-16309,PROD-1934,2025-07-15,14.0,528.44,66.06,5.0,En Camino,Bogotá,WhatsApp,False,False,False
TRX-16310,PROD-2284,2024-11-03,12.0,808.31,29.81,2.0,Retrasado,Cali,WhatsApp,False,False,False
TRX-16311,PROD-2297,2025-12-01,14.0,671.88,54.39,25.0,Retrasado,Barranquilla,Físico,False,False,False
TRX-16312,PROD-3674,2024-10-27,9.0,1610.24,52.36,19.0,Retrasado,Bucaramanga,Físico,False,False,True
TRX-16313,PROD-2193,2026-02-04,1.0,1849.27,97.62,26.0,Sin Información,Barranquilla,Físico,False,True,False
TRX-16314,PROD-3909,2026-01-29,9.0,1521.55,55.17,17.0,Devuelto,Bogotá,WhatsApp,False,False,True
TRX-16315,PROD-2095,2026-01-24,10.0,883.78,40.48,21.0,Sin Información,Medellín,App,False,False,False
TRX-16316,PROD-3479,2024-11-02,8.0,1013.63,41.43,20.0,Entregado,Bucaramanga,WhatsApp,False,False,False
TRX-16317,PROD-3640,2025-08-29,1.0,258.9,96.87,18.0,Perdido,Medellín,Físico,False,False,True
TRX-16318,PROD-2619,2025-01-24,7.0,1496.26,73.3,15.0,Entregado,Bucaramanga,Físico,False,False,False
TRX-16319,PROD-2111,2024-11-18,9.0,1196.99,70.28,16.0,En Camino,Sin Ciudad,Online,False,False,False
TRX-16320,PROD-2822,2025-07-13,4.0,1805.86,27.05,28.0,Devuelto,Bucaramanga,Físico,False,False,False
TRX-16321,PROD-2487,2025-12-22,13.0,409.22,58.15,12.0,En Camino,Bogotá,App,False,False,False
TRX-16322,PROD-3404,2025-05-15,13.0,1521.85,38.89,8.0,Retrasado,Bogotá,WhatsApp,False,False,False
TRX-16323,PROD-3133,2024-12-27,9.0,1372.5,27.82,25.0,Retrasado,Sin Ciudad,App,False,False,False
TRX-16324,PROD-2844,2025-10-19,1.0,539.03,52.36,6.0,Perdido,Medellín,WhatsApp,False,False,False
TRX-16325,PROD-2695,2026-01-27,9.0,1338.08,90.08,24.0,Entregado,Medellín,Online,False,False,False
TRX-16326,PROD-1685,2025-12-24,6.0,1849.5,41.4,18.0,En Camino,Barranquilla,Online,False,False,False
TRX-16327,PROD-1753,2025-08-07,4.0,1837.69,31.86,11.0,Sin Información,Bogotá,App,False,False,False
TRX-16328,PROD-1094,2025-08-31,12.0,1442.06,93.51,6.0,Retrasado,Bogotá,Online,False,False,False
TRX-16329,PROD-1512,2025-02-01,12.0,105.67,23.75,17.0,Perdido,Bucaramanga,WhatsApp,False,False,False
TRX-16330,PROD-3980,2025-03-17,5.0,1745.81,75.82,10.0,Perdido,Barranquilla,Online,False,False,True
TRX-16331,PROD-1961,2024-11-13,7.0,1318.98,67.01,19.0,En Camino,Sin Ciudad,WhatsApp,False,False,False
TRX-16332,PROD-3711,2024-10-30,10.0,627.76,92.45,15.0,Entregado,Bogotá,WhatsApp,False,False,True
TRX-16333,PROD-2030,2026-01-13,13.0,382.63,84.04,16.0,Devuelto,Bogotá,App,False,False,False
TRX-16334,PROD-3870,2026-01-24,4.0,241.25,72.0,23.0,Perdido,Sin Ciudad,WhatsApp,False,False,True
TRX-16335,PROD-1327,2025-08-31,8.0,109.97,34.88,28.0,En Camino,Bogotá,Online,False,False,False
TRX-16336,PROD-1862,2024-09-27,3.0,1510.67,52.36,29.0,Retrasado,Barranquilla,App,False,False,False
TRX-16337,PROD-1683,2025-04-23,2.0,479.33,52.08,29.0,Devuelto,Bucaramanga,WhatsApp,False,False,False
TRX-16338,PROD-2626,2025-01-20,1.0,58.26,94.73,17.0,Devuelto,Medellín,WhatsApp,False,False,False
TRX-16339,PROD-1421,2025-08-14,14.0,800.57,7.2,22.0,Entregado,Medellín,WhatsApp,False,False,False
TRX-16340,PROD-1391,2025-09-26,13.0,970.39,80.46,7.0,En Camino,Barranquilla,App,False,False,False
TRX-16341,PROD-1261,2025-04-19,6.0,346.77,28.92,19.0,Entregado,Medellín,WhatsApp,False,False,False
TRX-16342,PROD-2938,2025-04-27,2.0,97.66,22.58,27.0,Perdido,Barranquilla,App,False,False,False
TRX-16343,PROD-3246,2024-10-16,8.0,386.36,27.06,8.0,Perdido,Barranquilla,Online,False,False,False
TRX-16344,PROD-1220,2025-08-30,11.0,1361.41,10.68,8.0,Sin Información,Bucaramanga,App,False,False,False
TRX-16345,PROD-1107,2025-04-15,10.0,173.66,99.24,5.0,En Camino,Bucaramanga,Físico,False,False,False
TRX-16346,PROD-2626,2025-10-28,13.0,1114.52,87.64,11.0,Retrasado,Bogotá,Físico,False,False,False
TRX-16347,PROD-3146,2025-12-28,4.0,301.36,54.5,2.0,Sin Información,Medellín,WhatsApp,False,False,False
TRX-16348,PROD-1340,2025-05-06,9.0,399.42,52.36,18.0,Sin Información,Barranquilla,WhatsApp,False,False,False
TRX-16349,PROD-1425,2025-04-28,4.0,792.22,72.93,21.0,Perdido,Bogotá,Físico,False,False,False
TRX-16350,PROD-2075,2025-04-21,4.0,210.64,57.88,4.0,Perdido,Medellín,Online,False,False,False
TRX-16351,PROD-3531,2024-10-18,13.0,354.67,82.1,12.0,Retrasado,Medellín,App,False,False,True
TRX-16352,PROD-1636,2025-06-01,12.0,704.42,85.25,4.0,Sin Información,Cali,Físico,False,False,False
TRX-16353,PROD-1345,2024-09-25,8.0,666.04,27.12,5.0,Devuelto,Barranquilla,App,False,False,False
TRX-16354,PROD-3682,2024-09-24,12.0,1501.05,48.68,17.0,En Camino,Barranquilla,Online,False,False,True
TRX-16355,PROD-2596,2024-12-23,13.0,158.82,65.31,23.0,Devuelto,Sin Ciudad,Online,False,False,False
TRX-16356,PROD-2267,2024-09-24,8.0,1722.3,97.95,19.0,Entregado,Bucaramanga,Físico,False,False,False
TRX-16357,PROD-1939,2025-02-19,5.0,1634.3,69.86,10.0,Retrasado,Sin Ciudad,WhatsApp,False,False,False
TRX-16358,PROD-2013,2024-12-02,3.0,1534.32,90.28,14.0,En Camino,Bucaramanga,Online,False,False,False
TRX-16359,PROD-2163,2024-09-26,12.0,625.65,85.38,15.0,Retrasado,Cali,Online,False,False,False
TRX-16360,PROD-2815,2026-02-01,2.0,1647.53,52.36,26.0,Retrasado,Sin Ciudad,App,False,True,False
TRX-16361,PROD-3566,2024-10-30,9.0,373.78,60.3,14.0,Devuelto,Medellín,App,False,False,True
TRX-16362,PROD-1517,2025-09-16,14.0,257.57,89.9,16.0,Devuelto,Bucaramanga,Físico,False,False,False
TRX-16363,PROD-1537,2026-01-03,9.0,99.46,40.86,8.0,Entregado,Bucaramanga,Físico,False,False,False
TRX-16364,PROD-3157,2024-12-01,5.0,1879.23,41.03,9.0,En Camino,Medellín,App,False,False,False
TRX-16365,PROD-1698,2025-04-11,14.0,622.94,79.19,8.0,Retrasado,Bogotá,Online,False,False,False
TRX-16366,PROD-1117,2025-07-27,13.0,1836.06,17.78,11.0,Sin Información,Bogotá,WhatsApp,False,False,False
TRX-16367,PROD-1143,2025-06-01,8.0,552.5,34.05,12.0,Entregado,Medellín,WhatsApp,False,False,False
TRX-16368,PROD-3717,2025-07-06,7.0,1816.06,62.81,14.0,Retrasado,Bogotá,Físico,False,False,True
TRX-16369,PROD-2461,2025-11-06,3.0,1808.82,44.91,18.0,Entregado,Bogotá,App,False,False,False
TRX-16370,PROD-2332,2025-07-11,12.0,1848.12,94.37,23.0,Retrasado,Barranquilla,Online,False,False,False
TRX-16371,PROD-2950,2025-02-23,5.0,997.35,96.06,12.0,Devuelto,Bogotá,WhatsApp,False,False,False
TRX-16372,PROD-2913,2025-11-08,13.0,1733.23,52.36,4.0,Perdido,Medellín,WhatsApp,False,False,False
TRX-16373,PROD-3214,2025-02-02,9.0,1902.02,52.75,13.0,Entregado,Cali,WhatsApp,False,False,False
TRX-16374,PROD-2115,2025-09-28,4.0,655.99,56.21,21.0,Entregado,Bogotá,Online,False,False,False
TRX-16375,PROD-3246,2024-12-05,3.0,843.56,73.84,27.0,Perdido,Bogotá,Online,False,False,False
TRX-16376,PROD-2822,2025-06-23,7.0,1441.29,48.44,16.0,Devuelto,Bogotá,Físico,False,False,False
TRX-16377,PROD-1553,2025-06-20,8.0,607.72,23.06,10.0,Entregado,Bucaramanga,Físico,False,False,False
TRX-16378,PROD-3857,2025-03-26,5.0,1510.08,75.96,21.0,Devuelto,Cali,App,False,False,True
TRX-16379,PROD-3208,2025-09-10,13.0,157.05,75.09,11.0,Sin Información,Cali,App,False,False,False
TRX-16380,PROD-1725,2024-09-27,8.0,1051.76,28.27,25.0,Retrasado,Sin Ciudad,App,False,False,False
TRX-16381,PROD-3420,2025-07-12,5.0,253.4,84.13,12.0,Sin Información,Barranquilla,App,False,False,False
TRX-16382,PROD-3447,2025-09-17,9.0,593.71,63.3,18.0,Retrasado,Barranquilla,App,False,False,False
TRX-16383,PROD-2870,2024-12-17,7.0,524.66,27.45,2.0,Perdido,Bucaramanga,Físico,False,False,False
TRX-16384,PROD-3584,2025-04-24,5.0,1679.47,52.36,19.0,En Camino,Bogotá,Online,False,False,True
TRX-16385,PROD-3604,2025-11-02,13.0,395.1,66.94,5.0,Devuelto,Bogotá,WhatsApp,False,False,True
TRX-16386,PROD-3310,2025-12-02,9.0,1618.81,27.19,28.0,En Camino,Sin Ciudad,Online,False,False,False
TRX-16387,PROD-2781,2024-10-07,5.0,1589.98,30.2,20.0,En Camino,Medellín,Físico,False,False,False
TRX-16388,PROD-3144,2025-06-22,8.0,1002.78,85.56,10.0,Devuelto,Bogotá,WhatsApp,False,False,False
TRX-16389,PROD-3620,2024-11-12,12.0,475.35,93.3,26.0,En Camino,Cali,WhatsApp,False,False,True
TRX-16390,PROD-3619,2025-06-02,4.0,461.52,29.4,16.0,Entregado,Bogotá,Online,False,False,True
TRX-16391,PROD-3186,2024-11-06,9.0,935.2,93.16,12.0,Retrasado,Bogotá,WhatsApp,False,False,False
TRX-16392,PROD-2268,2025-04-01,12.0,27.53,27.69,9.0,Sin Información,Bucaramanga,Físico,False,False,False
TRX-16393,PROD-2422,2025-01-22,6.0,1067.39,16.14,3.0,Perdido,Barranquilla,WhatsApp,False,False,False
TRX-16394,PROD-2972,2025-11-08,6.0,1906.03,10.53,1.0,Devuelto,Barranquilla,Online,False,False,False
TRX-16395,PROD-3210,2025-03-28,14.0,317.87,28.0,5.0,Perdido,Medellín,Online,False,False,False
TRX-16396,PROD-1930,2025-04-24,3.0,1150.96,52.36,8.0,Sin Información,Cali,App,False,False,False
TRX-16397,PROD-1366,2025-02-18,13.0,1923.94,41.6,17.0,Retrasado,Cali,Físico,False,False,False
TRX-16398,PROD-2809,2025-03-11,3.0,1722.44,93.12,1.0,Perdido,Bucaramanga,WhatsApp,False,False,False
TRX-16399,PROD-2261,2025-04-19,4.0,1702.26,28.01,13.0,Devuelto,Medellín,WhatsApp,False,False,False
TRX-16400,PROD-2498,2025-12-19,7.0,1645.48,39.72,15.0,Perdido,Bogotá,WhatsApp,True,False,False
TRX-16401,PROD-2688,2024-12-13,1.0,624.96,74.74,6.0,En Camino,Bucaramanga,Online,False,False,False
TRX-16402,PROD-2064,2025-10-28,6.0,1782.33,33.7,15.0,En Camino,Cali,Físico,False,False,False
TRX-16403,PROD-1637,2025-04-06,1.0,1883.27,70.01,7.0,Retrasado,Bucaramanga,WhatsApp,False,False,False
TRX-16404,PROD-2243,2025-05-26,11.0,996.63,46.05,24.0,En Camino,Sin Ciudad,Físico,False,False,False
TRX-16405,PROD-1043,2025-10-18,4.0,715.6,23.66,8.0,Perdido,Bogotá,WhatsApp,False,False,False
TRX-16406,PROD-1000,2025-09-02,13.0,834.32,74.74,3.0,Entregado,Bucaramanga,App,False,False,False
TRX-16407,PROD-3143,2025-09-14,7.0,675.07,7.57,15.0,Perdido,Bucaramanga,App,False,False,False
TRX-16408,PROD-1558,2024-11-01,12.0,432.71,52.36,4.0,Entregado,Bucaramanga,App,False,False,False
TRX-16409,PROD-2408,2025-03-09,6.0,1240.71,32.77,9.0,Perdido,Cali,Online,False,False,False
TRX-16410,PROD-2174,2024-11-04,8.0,1129.57,38.84,11.0,Entregado,Medellín,WhatsApp,False,False,False
TRX-16411,PROD-2921,2025-08-17,4.0,930.54,48.53,21.0,Entregado,Medellín,Online,False,False,False
TRX-16412,PROD-3191,2025-04-21,9.0,200.73,69.59,14.0,Devuelto,Barranquilla,Online,False,False,False
TRX-16413,PROD-1034,2025-03-20,10.0,1595.82,48.64,27.0,Devuelto,Medellín,Online,False,False,False
TRX-16414,PROD-3817,2025-12-23,8.0,358.12,61.46,9.0,Sin Información,Barranquilla,App,False,False,True
TRX-16415,PROD-3014,2024-10-15,14.0,237.98,61.6,12.0,Perdido,Bogotá,Físico,False,False,False
TRX-16416,PROD-2954,2024-12-26,5.0,1249.91,40.46,5.0,En Camino,Sin Ciudad,Físico,False,False,False
TRX-16417,PROD-2227,2025-03-01,14.0,803.3,93.73,21.0,Devuelto,Medellín,Físico,False,False,False
TRX-16418,PROD-1037,2025-05-24,6.0,129.02,95.81,25.0,Entregado,Bucaramanga,WhatsApp,False,False,False
TRX-16419,PROD-2763,2025-11-11,5.0,717.58,60.28,6.0,Perdido,Bogotá,Online,False,False,False
TRX-16420,PROD-2199,2024-10-09,6.0,1545.84,52.36,19.0,En Camino,Bogotá,Online,False,False,False
TRX-16421,PROD-3445,2025-01-12,1.0,1234.35,11.81,28.0,Perdido,Sin Ciudad,WhatsApp,False,False,False
TRX-16422,PROD-1947,2025-01-03,4.0,731.94,51.66,5.0,Entregado,Sin Ciudad,Online,False,False,False
TRX-16423,PROD-1029,2025-08-02,9.0,391.69,22.52,1.0,Devuelto,Medellín,Físico,False,False,False
TRX-16424,PROD-3245,2024-12-17,4.0,1267.27,50.91,25.0,Devuelto,Bogotá,Online,False,False,False
TRX-16425,PROD-2530,2024-10-27,2.0,1776.24,22.91,10.0,Retrasado,Barranquilla,WhatsApp,False,False,False
TRX-16426,PROD-1772,2024-10-22,6.0,1296.08,71.87,14.0,Retrasado,Bucaramanga,WhatsApp,False,False,False
TRX-16427,PROD-2686,2025-04-02,2.0,1627.68,12.64,26.0,Sin Información,Sin Ciudad,Físico,False,False,False
TRX-16428,PROD-3296,2025-12-03,3.0,1047.84,95.56,27.0,Sin Información,Bogotá,Online,False,False,False
TRX-16429,PROD-2790,2025-03-20,7.0,1438.76,23.56,23.0,Sin Información,Bogotá,WhatsApp,False,False,False
TRX-16430,PROD-2616,2025-01-04,4.0,1793.49,67.76,17.0,Perdido,Bogotá,WhatsApp,False,False,False
TRX-16431,PROD-2023,2025-03-06,1.0,1548.63,92.11,27.0,Perdido,Medellín,WhatsApp,False,False,False
TRX-16432,PROD-1668,2026-01-09,9.0,1820.61,52.36,11.0,En Camino,Cali,Físico,False,False,False
TRX-16433,PROD-3928,2025-01-22,6.0,867.97,28.55,4.0,Sin Información,Bogotá,Online,False,False,True
TRX-16434,PROD-3645,2025-02-03,9.0,1809.4,93.76,18.0,Devuelto,Bogotá,App,False,False,True
TRX-16435,PROD-2596,2025-07-09,3.0,1246.92,41.92,19.0,Sin Información,Cali,Online,False,False,False
TRX-16436,PROD-2549,2025-07-31,5.0,1741.4,96.25,4.0,Devuelto,Sin Ciudad,Físico,False,False,False
TRX-16437,PROD-1903,2025-05-04,9.0,88.36,97.28,12.0,Sin Información,Medellín,Físico,False,False,False
TRX-16438,PROD-2077,2024-10-17,6.0,1319.13,22.87,14.0,Retrasado,Cali,WhatsApp,False,False,False
TRX-16439,PROD-1324,2025-09-28,2.0,1697.47,83.95,18.0,Entregado,Sin Ciudad,WhatsApp,False,False,False
TRX-16440,PROD-2729,2024-10-05,1.0,356.66,23.37,26.0,Entregado,Medellín,Físico,False,False,False
TRX-16441,PROD-3561,2025-08-07,9.0,1326.96,26.51,1.0,Sin Información,Bucaramanga,App,False,False,True
TRX-16442,PROD-1981,2025-05-10,1.0,1651.66,12.99,27.0,Retrasado,Bogotá,App,False,False,False
TRX-16443,PROD-3116,2025-01-02,14.0,583.02,19.87,20.0,Perdido,Bogotá,Físico,False,False,False
TRX-16444,PROD-3511,2025-12-16,5.0,816.44,52.36,25.0,Sin Información,Bucaramanga,WhatsApp,False,False,True
TRX-16445,PROD-3842,2025-10-05,1.0,1143.34,65.06,11.0,Sin Información,Medellín,Físico,False,False,True
TRX-16446,PROD-3804,2025-10-03,5.0,1043.14,47.68,27.0,Devuelto,Medellín,WhatsApp,False,False,True
TRX-16447,PROD-2113,2025-10-16,5.0,87.99,80.14,25.0,Devuelto,Bucaramanga,WhatsApp,False,False,False
TRX-16448,PROD-2166,2025-04-13,7.0,206.36,36.54,28.0,Sin Información,Medellín,Físico,False,False,False
TRX-16449,PROD-3656,2025-06-16,7.0,209.93,97.02,25.0,Devuelto,Bucaramanga,Online,False,False,True
TRX-16450,PROD-3178,2026-01-07,11.0,531.91,9.74,19.0,Entregado,Bucaramanga,Físico,False,False,False
TRX-16451,PROD-2101,2025-12-28,10.0,499.27,10.98,1.0,Perdido,Bogotá,Online,False,False,False
TRX-16452,PROD-2691,2025-09-22,1.0,1487.02,71.63,1.0,Sin Información,Bogotá,App,False,False,False
TRX-16453,PROD-1770,2025-05-02,9.0,1149.76,89.32,3.0,Entregado,Medellín,WhatsApp,False,False,False
TRX-16454,PROD-1280,2025-01-04,1.0,1530.31,80.57,26.0,Perdido,Medellín,App,False,False,False
TRX-16455,PROD-1747,2025-01-11,5.0,149.09,51.53,14.0,Retrasado,Barranquilla,WhatsApp,False,False,False
TRX-16456,PROD-1559,2025-11-24,7.0,975.58,52.36,8.0,Perdido,Sin Ciudad,WhatsApp,False,False,False
TRX-16457,PROD-2186,2026-01-18,12.0,654.31,30.62,15.0,Entregado,Bucaramanga,Físico,False,False,False
TRX-16458,PROD-1452,2026-01-04,8.0,1701.38,6.28,4.0,Devuelto,Cali,WhatsApp,False,False,False
TRX-16459,PROD-3608,2024-11-30,2.0,1418.5,53.4,11.0,Entregado,Cali,App,False,False,True
TRX-16460,PROD-2865,2025-09-15,14.0,1739.82,50.19,8.0,Retrasado,Bogotá,WhatsApp,False,False,False
TRX-16461,PROD-3530,2025-06-07,1.0,102.39,37.7,7.0,Devuelto,Medellín,Online,False,False,True
TRX-16462,PROD-2854,2025-03-09,4.0,1444.44,59.92,24.0,Entregado,Bogotá,Online,False,False,False
TRX-16463,PROD-2114,2025-07-12,12.0,1084.62,74.24,2.0,Devuelto,Cali,Físico,False,False,False
TRX-16464,PROD-3869,2025-10-01,4.0,1651.75,71.58,8.0,Retrasado,Medellín,Físico,False,False,True
TRX-16465,PROD-3550,2024-11-10,10.0,1019.25,30.01,25.0,Perdido,Sin Ciudad,WhatsApp,False,False,True
TRX-16466,PROD-3015,2025-05-30,12.0,1085.02,60.6,26.0,Perdido,Bucaramanga,App,False,False,False
TRX-16467,PROD-1769,2026-01-17,6.0,113.02,19.13,27.0,En Camino,Barranquilla,Físico,False,False,False
TRX-16468,PROD-2313,2025-08-19,1.0,1340.36,52.36,22.0,Devuelto,Medellín,Físico,False,False,False
TRX-16469,PROD-1079,2025-11-16,14.0,553.55,16.55,19.0,Sin Información,Bogotá,Físico,False,False,False
TRX-16470,PROD-1623,2024-12-06,1.0,49.19,79.66,23.0,Retrasado,Bogotá,Online,False,False,False
TRX-16471,PROD-1203,2025-04-11,3.0,142.21,70.91,9.0,Entregado,Barranquilla,App,False,False,False
TRX-16472,PROD-3191,2025-12-20,5.0,1915.0,77.95,16.0,Sin Información,Medellín,Físico,False,False,False
TRX-16473,PROD-1090,2024-10-26,12.0,698.69,19.48,8.0,Entregado,Medellín,WhatsApp,False,False,False
TRX-16474,PROD-1761,2025-08-02,6.0,1737.47,91.89,8.0,En Camino,Sin Ciudad,Físico,False,False,False
TRX-16475,PROD-1418,2025-01-11,5.0,1919.76,17.65,11.0,Entregado,Bogotá,Físico,False,False,False
TRX-16476,PROD-2155,2025-11-17,13.0,1887.1,87.65,7.0,Retrasado,Bogotá,Online,False,False,False
TRX-16477,PROD-2102,2025-09-09,13.0,1764.63,38.48,21.0,Retrasado,Barranquilla,Online,False,False,False
TRX-16478,PROD-1512,2025-08-04,13.0,1790.74,15.02,2.0,Perdido,Cali,Físico,False,False,False
TRX-16479,PROD-3929,2025-10-23,5.0,585.13,32.24,21.0,Devuelto,Bogotá,App,False,False,True
TRX-16480,PROD-2795,2025-05-17,9.0,311.43,52.36,5.0,Devuelto,Cali,Online,False,False,False
TRX-16481,PROD-3978,2024-10-24,2.0,1282.13,22.24,18.0,Entregado,Bucaramanga,Físico,False,False,True
TRX-16482,PROD-1033,2025-04-19,12.0,981.33,51.61,11.0,Devuelto,Bogotá,App,False,False,False
TRX-16483,PROD-1953,2025-02-01,12.0,206.51,95.23,26.0,En Camino,Medellín,Físico,False,False,False
TRX-16484,PROD-1369,2025-01-06,1.0,1358.31,36.15,17.0,Devuelto,Bogotá,App,False,False,False
TRX-16485,PROD-1617,2024-10-25,6.0,1130.09,63.15,21.0,Sin Información,Medellín,WhatsApp,False,False,False
TRX-16486,PROD-1060,2024-11-04,9.0,1727.5,89.71,6.0,Entregado,Medellín,Online,False,False,False
TRX-16487,PROD-3021,2025-09-25,7.0,1222.28,64.86,13.0,Devuelto,Bogotá,WhatsApp,False,False,False
TRX-16488,PROD-1889,2025-01-07,8.0,1152.15,39.41,7.0,Sin Información,Medellín,App,False,False,False
TRX-16489,PROD-2400,2025-06-14,5.0,887.1,99.13,11.0,Retrasado,Medellín,Online,False,False,False
TRX-16490,PROD-2721,2025-05-06,10.0,930.95,22.8,18.0,Retrasado,Bogotá,Online,False,False,False
TRX-16491,PROD-2276,2026-01-22,4.0,1909.22,54.71,6.0,Perdido,Barranquilla,WhatsApp,False,False,False
TRX-16492,PROD-3041,2025-03-20,6.0,285.51,52.36,12.0,Perdido,Bogotá,App,False,False,False
TRX-16493,PROD-2521,2025-05-02,3.0,897.98,80.69,24.0,Perdido,Bucaramanga,Online,False,False,False
TRX-16494,PROD-2899,2025-09-27,1.0,1315.1,5.06,22.0,Perdido,Medellín,App,False,False,False
TRX-16495,PROD-3854,2025-01-25,11.0,871.69,71.69,3.0,Devuelto,Bogotá,App,False,False,True
TRX-16496,PROD-1129,2025-06-25,4.0,573.6,30.32,19.0,Sin Información,Sin Ciudad,Online,False,False,False
TRX-16497,PROD-2352,2025-03-08,9.0,581.84,21.12,11.0,Entregado,Bogotá,Online,False,False,False
TRX-16498,PROD-1328,2025-02-20,4.0,474.98,31.05,23.0,Devuelto,Barranquilla,Online,False,False,False
TRX-16499,PROD-1598,2024-11-02,1.0,694.37,96.85,2.0,Entregado,Barranquilla,WhatsApp,False,False,False
TRX-16500,PROD-1229,2025-07-19,7.0,1744.63,89.73,3.0,Entregado,Bogotá,Online,False,False,False
TRX-16501,PROD-2091,2025-10-08,14.0,1015.4,25.31,23.0,Entregado,Bogotá,Online,False,False,False
TRX-16502,PROD-2607,2024-10-27,4.0,488.08,16.12,25.0,Entregado,Barranquilla,Físico,False,False,False
TRX-16503,PROD-1292,2025-11-03,7.0,775.21,39.59,17.0,Retrasado,Bogotá,Físico,False,False,False
TRX-16504,PROD-3224,2025-08-02,3.0,220.6,52.36,5.0,Sin Información,Cali,WhatsApp,False,False,False
TRX-16505,PROD-2925,2025-07-23,10.0,1809.03,61.27,29.0,Entregado,Bogotá,WhatsApp,False,False,False
TRX-16506,PROD-1743,2025-05-11,6.0,822.31,87.38,2.0,Devuelto,Cali,Físico,False,False,False
TRX-16507,PROD-1787,2025-04-25,14.0,1960.98,96.78,12.0,Entregado,Cali,WhatsApp,False,False,False
TRX-16508,PROD-2024,2025-08-02,1.0,701.6,76.36,5.0,Retrasado,Bogotá,Físico,False,False,False
TRX-16509,PROD-2562,2025-01-01,11.0,1674.35,61.91,29.0,Devuelto,Medellín,Físico,False,False,False
TRX-16510,PROD-1051,2024-11-18,4.0,520.21,18.52,13.0,Sin Información,Bogotá,App,False,False,False
TRX-16511,PROD-1499,2025-04-25,3.0,161.54,12.03,22.0,En Camino,Bucaramanga,WhatsApp,False,False,False
TRX-16512,PROD-3927,2025-11-19,14.0,73.15,61.62,24.0,Devuelto,Sin Ciudad,Online,False,False,True
TRX-16513,PROD-2019,2025-02-25,1.0,1216.28,56.21,7.0,Retrasado,Barranquilla,Físico,False,False,False
TRX-16514,PROD-2576,2024-11-25,3.0,630.03,85.38,21.0,Sin Información,Cali,App,False,False,False
TRX-16515,PROD-2814,2024-11-23,4.0,892.6,35.65,11.0,Retrasado,Bogotá,App,False,False,False
TRX-16516,PROD-2012,2025-08-27,5.0,1639.11,52.36,5.0,Perdido,Bogotá,Físico,False,False,False
TRX-16517,PROD-1137,2025-09-26,6.0,503.74,8.77,18.0,En Camino,Bogotá,WhatsApp,False,False,False
TRX-16518,PROD-1815,2025-09-25,2.0,624.22,45.25,6.0,Entregado,Barranquilla,Físico,False,False,False
TRX-16519,PROD-2887,2024-11-23,2.0,1692.22,97.07,3.0,Retrasado,Bogotá,WhatsApp,False,False,False
TRX-16520,PROD-1384,2024-12-25,6.0,990.6,80.58,6.0,Perdido,Cali,Físico,False,False,False
TRX-16521,PROD-3134,2026-01-04,5.0,1657.05,8.21,16.0,Perdido,Bogotá,Físico,False,False,False
TRX-16522,PROD-3727,2026-01-07,1.0,755.21,88.09,3.0,Sin Información,Barranquilla,App,False,False,True
TRX-16523,PROD-1853,2025-08-29,3.0,802.76,49.81,18.0,Entregado,Medellín,Online,False,False,False
TRX-16524,PROD-2936,2024-10-18,11.0,342.61,39.65,24.0,Sin Información,Sin Ciudad,Online,False,False,False
TRX-16525,PROD-2593,2025-12-01,5.0,1833.53,37.94,4.0,Devuelto,Cali,App,False,False,False
TRX-16526,PROD-3791,2025-01-21,13.0,1794.6,61.54,5.0,En Camino,Sin Ciudad,WhatsApp,False,False,True
TRX-16527,PROD-2278,2024-11-11,12.0,1968.59,55.41,9.0,Entregado,Bucaramanga,Físico,False,False,False
TRX-16528,PROD-2323,2025-09-28,12.0,810.87,52.36,4.0,Sin Información,Bogotá,WhatsApp,False,False,False
TRX-16529,PROD-1649,2025-06-01,2.0,1639.04,67.38,29.0,Entregado,Bucaramanga,Online,False,False,False
TRX-16530,PROD-3577,2024-10-28,1.0,835.76,59.5,1.0,Devuelto,Medellín,WhatsApp,False,False,True
TRX-16531,PROD-3982,2025-11-06,9.0,914.05,18.67,27.0,Devuelto,Medellín,Físico,False,False,True
TRX-16532,PROD-1172,2025-07-08,5.0,1661.7,29.44,22.0,Retrasado,Barranquilla,Online,False,False,False
TRX-16533,PROD-3251,2025-10-06,2.0,362.96,84.9,27.0,Devuelto,Cali,WhatsApp,False,False,False
TRX-16534,PROD-3133,2024-12-31,10.0,448.42,68.01,11.0,Devuelto,Medellín,WhatsApp,False,False,False
TRX-16535,PROD-1500,2025-08-12,4.0,636.31,47.6,5.0,En Camino,Cali,WhatsApp,False,False,False
TRX-16536,PROD-2037,2025-08-17,3.0,1578.48,22.35,10.0,Sin Información,Cali,Online,False,False,False
TRX-16537,PROD-2971,2025-02-05,7.0,751.58,5.73,3.0,Sin Información,Bogotá,Online,False,False,False
TRX-16538,PROD-3615,2025-04-04,1.0,722.75,34.63,15.0,En Camino,Bucaramanga,WhatsApp,False,False,True
TRX-16539,PROD-2223,2025-05-01,10.0,1997.64,10.21,27.0,En Camino,Barranquilla,App,False,False,False
TRX-16540,PROD-1813,2025-06-28,12.0,773.77,52.36,27.0,Entregado,Bucaramanga,Físico,False,False,False
TRX-16541,PROD-2476,2025-08-14,12.0,503.06,50.82,14.0,En Camino,Bogotá,Online,False,False,False
TRX-16542,PROD-1213,2024-11-16,4.0,1250.2,83.07,5.0,En Camino,Medellín,Online,False,False,False
TRX-16543,PROD-3730,2025-11-23,7.0,1605.74,32.11,8.0,Perdido,Bogotá,Online,False,False,True
TRX-16544,PROD-1892,2026-01-19,11.0,148.52,85.54,17.0,En Camino,Medellín,Físico,False,False,False
TRX-16545,PROD-1462,2025-01-10,10.0,1241.6,71.93,20.0,Entregado,Sin Ciudad,Online,False,False,False
TRX-16546,PROD-1966,2025-02-18,13.0,81.11,16.9,19.0,Sin Información,Medellín,App,False,False,False
TRX-16547,PROD-3592,2025-11-02,5.0,1057.4,66.23,4.0,Perdido,Bucaramanga,Online,False,False,True
TRX-16548,PROD-2778,2025-06-14,4.0,521.41,19.41,2.0,Entregado,Barranquilla,Online,False,False,False
TRX-16549,PROD-2329,2025-03-03,4.0,620.22,67.21,2.0,Entregado,Bucaramanga,App,False,False,False
TRX-16550,PROD-1061,2025-03-28,11.0,939.52,18.56,2.0,Perdido,Sin Ciudad,Físico,False,False,False
TRX-16551,PROD-1685,2025-11-06,12.0,1854.94,42.29,3.0,Perdido,Sin Ciudad,Físico,False,False,False
TRX-16552,PROD-2130,2025-01-29,14.0,1424.23,52.36,28.0,Perdido,Bogotá,Online,False,False,False
TRX-16553,PROD-3394,2026-01-19,2.0,1874.32,58.83,9.0,Perdido,Sin Ciudad,Físico,False,False,False
TRX-16554,PROD-1490,2025-01-08,8.0,1323.34,9.79,5.0,Entregado,Bogotá,App,False,False,False
TRX-16555,PROD-2621,2025-10-16,12.0,24.14,19.56,20.0,Perdido,Bogotá,Físico,False,False,False
TRX-16556,PROD-1995,2025-11-21,4.0,538.51,35.44,29.0,Devuelto,Bogotá,Online,False,False,False
TRX-16557,PROD-1036,2025-12-13,2.0,1812.49,48.92,15.0,Sin Información,Medellín,App,False,False,False
TRX-16558,PROD-1172,2025-11-02,9.0,1290.46,86.56,4.0,En Camino,Sin Ciudad,Online,False,False,False
TRX-16559,PROD-3380,2024-11-29,14.0,1963.48,22.79,3.0,En Camino,Cali,App,False,False,False
TRX-16560,PROD-3829,2025-11-28,14.0,320.37,38.01,9.0,Sin Información,Medellín,App,False,False,True
TRX-16561,PROD-2946,2024-11-27,13.0,600.53,50.2,27.0,Devuelto,Bogotá,Online,False,False,False
TRX-16562,PROD-3819,2025-02-13,12.0,731.11,33.1,10.0,Sin Información,Medellín,Online,False,False,True
TRX-16563,PROD-3442,2025-12-30,10.0,659.85,64.45,17.0,Entregado,Bucaramanga,Físico,False,False,False
TRX-16564,PROD-1634,2024-11-14,13.0,511.46,52.36,22.0,Entregado,Bogotá,WhatsApp,False,False,False
TRX-16565,PROD-2521,2025-01-28,7.0,892.5,29.38,20.0,En Camino,Bogotá,Físico,False,False,False
TRX-16566,PROD-1366,2026-01-05,3.0,1288.17,78.37,8.0,Retrasado,Bucaramanga,Online,False,False,False
TRX-16567,PROD-2018,2026-01-26,7.0,629.4,52.99,23.0,Sin Información,Bucaramanga,Online,False,False,False
TRX-16568,PROD-1645,2025-08-09,1.0,168.6,13.2,19.0,Devuelto,Barranquilla,Físico,False,False,False
TRX-16569,PROD-3047,2025-04-17,12.0,1419.98,64.56,5.0,Devuelto,Medellín,WhatsApp,False,False,False
TRX-16570,PROD-1374,2025-08-08,1.0,923.44,59.08,27.0,En Camino,Medellín,WhatsApp,False,False,False
TRX-16571,PROD-3809,2025-04-26,4.0,1117.4,37.17,11.0,Perdido,Sin Ciudad,Online,False,False,True
TRX-16572,PROD-3533,2024-11-29,4.0,916.25,6.06,4.0,Sin Información,Bogotá,WhatsApp,False,False,True
TRX-16573,PROD-2386,2025-12-13,4.0,1781.81,24.07,4.0,Retrasado,Sin Ciudad,App,False,False,False
TRX-16574,PROD-3560,2024-11-23,9.0,1121.9,43.54,26.0,Entregado,Sin Ciudad,Físico,False,False,True
TRX-16575,PROD-1245,2025-04-20,6.0,1847.32,23.99,15.0,Entregado,Bogotá,WhatsApp,False,False,False
TRX-16576,PROD-1244,2025-08-25,3.0,1026.04,52.36,8.0,Entregado,Bogotá,WhatsApp,False,False,False
TRX-16577,PROD-2456,2025-08-15,6.0,592.25,59.86,25.0,Entregado,Sin Ciudad,Físico,False,False,False
TRX-16578,PROD-3640,2025-09-27,2.0,717.33,72.67,27.0,Devuelto,Bogotá,App,False,False,True
TRX-16579,PROD-1630,2025-11-25,2.0,1049.04,86.32,13.0,Devuelto,Medellín,WhatsApp,False,False,False
TRX-16580,PROD-3872,2024-11-13,7.0,1064.68,66.46,20.0,Perdido,Bucaramanga,App,False,False,True
TRX-16581,PROD-3196,2025-01-16,14.0,1377.8,70.46,12.0,Devuelto,Bucaramanga,Online,False,False,False
TRX-16582,PROD-1439,2025-10-08,3.0,456.74,62.8,2.0,Perdido,Bogotá,Online,False,False,False
TRX-16583,PROD-1515,2025-12-24,7.0,1321.1,98.62,1.0,Perdido,Bucaramanga,App,False,False,False
TRX-16584,PROD-2998,2025-10-10,3.0,1559.39,29.8,14.0,Entregado,Bogotá,App,False,False,False
TRX-16585,PROD-1953,2024-11-26,12.0,1356.42,30.29,26.0,Entregado,Medellín,Físico,False,False,False
TRX-16586,PROD-2297,2025-01-30,12.0,968.84,17.0,20.0,Devuelto,Cali,Físico,False,False,False
TRX-16587,PROD-3287,2025-03-18,2.0,1983.44,51.14,8.0,Devuelto,Bucaramanga,Físico,False,False,False
TRX-16588,PROD-3640,2025-06-27,4.0,815.58,52.36,16.0,Perdido,Medellín,WhatsApp,False,False,True
TRX-16589,PROD-2422,2026-01-15,4.0,222.12,14.14,5.0,En Camino,Medellín,Online,False,False,False
TRX-16590,PROD-2796,2025-11-09,3.0,1644.79,30.66,2.0,Entregado,Medellín,Físico,False,False,False
TRX-16591,PROD-1790,2025-03-04,9.0,432.28,50.85,15.0,Retrasado,Barranquilla,WhatsApp,False,False,False
TRX-16592,PROD-1087,2025-12-31,6.0,1429.44,95.97,27.0,En Camino,Medellín,WhatsApp,False,False,False
TRX-16593,PROD-3823,2025-08-20,5.0,366.16,96.56,4.0,Entregado,Medellín,App,False,False,True
TRX-16594,PROD-2547,2025-02-21,13.0,43.59,75.66,4.0,Entregado,Medellín,Físico,False,False,False
TRX-16595,PROD-2467,2025-09-07,12.0,328.0,41.98,10.0,Devuelto,Sin Ciudad,App,False,False,False
TRX-16596,PROD-3967,2025-05-16,12.0,760.21,87.19,21.0,Retrasado,Bogotá,App,False,False,True
TRX-16597,PROD-1551,2025-02-27,6.0,222.17,88.17,18.0,Sin Información,Medellín,WhatsApp,False,False,False
TRX-16598,PROD-2026,2026-01-03,13.0,403.38,91.47,7.0,Retrasado,Sin Ciudad,Online,False,False,False
TRX-16599,PROD-1161,2025-11-22,11.0,1531.61,65.8,5.0,Entregado,Medellín,WhatsApp,False,False,False
TRX-16600,PROD-2987,2025-08-15,7.0,1542.07,52.36,15.0,Sin Información,Barranquilla,WhatsApp,True,False,False
TRX-16601,PROD-3894,2025-01-06,8.0,1636.8,24.17,4.0,Sin Información,Bogotá,WhatsApp,False,False,True
TRX-16602,PROD-2792,2025-07-25,5.0,1683.9,13.65,24.0,Perdido,Sin Ciudad,Online,False,False,False
TRX-16603,PROD-3289,2025-06-04,13.0,846.67,91.9,15.0,Retrasado,Bucaramanga,Físico,False,False,False
TRX-16604,PROD-2207,2025-09-15,13.0,1736.42,10.28,18.0,En Camino,Medellín,WhatsApp,False,False,False
TRX-16605,PROD-3223,2025-12-21,4.0,1056.61,33.11,17.0,Perdido,Bucaramanga,WhatsApp,False,False,False
TRX-16606,PROD-3855,2025-12-10,7.0,946.49,51.26,6.0,Devuelto,Bogotá,Físico,False,False,True
TRX-16607,PROD-3007,2025-01-13,12.0,1439.89,7.09,26.0,Entregado,Barranquilla,Físico,False,False,False
TRX-16608,PROD-1777,2024-10-22,14.0,435.5,91.16,26.0,Entregado,Medellín,WhatsApp,False,False,False
TRX-16609,PROD-3321,2024-10-04,5.0,1581.1,32.28,24.0,En Camino,Barranquilla,Online,False,False,False
TRX-16610,PROD-1764,2025-03-18,4.0,864.64,7.71,23.0,En Camino,Bogotá,App,False,False,False
TRX-16611,PROD-3226,2026-01-14,14.0,263.32,99.39,25.0,Sin Información,Bucaramanga,App,False,False,False
TRX-16612,PROD-2424,2025-08-26,5.0,247.43,52.36,1.0,Devuelto,Bucaramanga,WhatsApp,False,False,False
TRX-16613,PROD-2325,2024-11-07,11.0,338.16,34.58,3.0,Devuelto,Bogotá,Online,False,False,False
TRX-16614,PROD-3999,2025-03-12,4.0,1782.24,88.29,9.0,Sin Información,Barranquilla,Físico,False,False,True
TRX-16615,PROD-2918,2025-01-30,8.0,1981.97,48.08,5.0,Sin Información,Bogotá,Online,False,False,False
TRX-16616,PROD-2127,2025-05-25,8.0,720.38,68.0,6.0,Retrasado,Bucaramanga,App,False,False,False
TRX-16617,PROD-3452,2025-09-10,1.0,591.37,27.9,27.0,Perdido,Bogotá,Online,False,False,False
TRX-16618,PROD-3271,2025-04-13,14.0,445.35,52.77,13.0,Entregado,Cali,WhatsApp,False,False,False
TRX-16619,PROD-1656,2025-05-06,12.0,1649.39,29.48,23.0,Retrasado,Medellín,Online,False,False,False
TRX-16620,PROD-1282,2024-12-11,3.0,426.32,95.35,3.0,Devuelto,Bogotá,App,False,False,False
TRX-16621,PROD-3175,2025-07-29,11.0,1848.94,10.79,23.0,En Camino,Bogotá,WhatsApp,False,False,False
TRX-16622,PROD-1634,2024-10-27,4.0,1338.03,31.09,3.0,Retrasado,Cali,WhatsApp,False,False,False
TRX-16623,PROD-2840,2024-11-13,2.0,1795.28,89.85,22.0,En Camino,Bucaramanga,Online,False,False,False
TRX-16624,PROD-2211,2025-03-02,14.0,1112.48,52.36,24.0,Sin Información,Medellín,WhatsApp,False,False,False
TRX-16625,PROD-2078,2026-01-04,13.0,1384.45,50.6,23.0,Perdido,Barranquilla,Online,False,False,False
TRX-16626,PROD-3218,2024-12-15,5.0,1242.72,62.01,5.0,En Camino,Bogotá,Online,False,False,False
TRX-16627,PROD-2503,2025-08-16,11.0,1664.08,66.91,12.0,Entregado,Cali,Físico,False,False,False
TRX-16628,PROD-2859,2025-12-01,8.0,1673.36,11.74,22.0,Perdido,Cali,App,False,False,False
TRX-16629,PROD-1002,2024-10-18,12.0,1183.69,6.69,20.0,En Camino,Medellín,Físico,False,False,False
TRX-16630,PROD-3613,2025-05-05,2.0,1268.69,94.09,18.0,Retrasado,Bucaramanga,App,False,False,True
TRX-16631,PROD-3072,2025-12-12,14.0,1844.53,30.79,7.0,Entregado,Medellín,App,False,False,False
TRX-16632,PROD-2552,2025-08-05,9.0,1860.43,41.13,20.0,Entregado,Bogotá,WhatsApp,False,False,False
TRX-16633,PROD-1759,2025-02-23,13.0,1331.86,69.8,22.0,Devuelto,Bucaramanga,App,False,False,False
TRX-16634,PROD-1076,2025-07-12,7.0,25.43,27.45,26.0,Devuelto,Cali,Online,False,False,False
TRX-16635,PROD-3538,2025-11-10,6.0,217.78,74.64,12.0,Retrasado,Cali,Físico,False,False,True
TRX-16636,PROD-2491,2024-12-26,8.0,1717.31,52.36,2.0,Sin Información,Bogotá,WhatsApp,False,False,False
TRX-16637,PROD-3540,2025-05-05,14.0,178.58,48.53,16.0,Devuelto,Barranquilla,WhatsApp,False,False,True
TRX-16638,PROD-1978,2025-06-16,2.0,434.9,86.38,2.0,En Camino,Bogotá,App,False,False,False
TRX-16639,PROD-2313,2025-12-03,14.0,468.79,31.46,22.0,Sin Información,Bogotá,Físico,False,False,False
TRX-16640,PROD-3953,2024-11-02,5.0,1204.47,24.36,8.0,Devuelto,Bogotá,Físico,False,False,True
TRX-16641,PROD-1259,2025-02-02,4.0,1157.5,84.01,1.0,Entregado,Cali,Físico,False,False,False
TRX-16642,PROD-3696,2024-11-27,8.0,585.94,36.0,14.0,Retrasado,Medellín,WhatsApp,False,False,True
TRX-16643,PROD-3207,2025-10-24,13.0,423.15,44.13,10.0,En Camino,Cali,Físico,False,False,False
TRX-16644,PROD-2587,2025-12-13,1.0,1531.42,80.4,23.0,Entregado,Medellín,Online,False,False,False
TRX-16645,PROD-1777,2025-04-20,12.0,1871.56,65.38,22.0,Entregado,Medellín,Online,False,False,False
TRX-16646,PROD-3146,2026-01-09,3.0,115.08,46.96,21.0,Perdido,Medellín,App,False,False,False
TRX-16647,PROD-3798,2025-02-22,10.0,275.03,28.74,13.0,Devuelto,Medellín,App,False,False,True
TRX-16648,PROD-3037,2025-03-13,8.0,1287.91,52.36,10.0,Sin Información,Bogotá,Online,False,False,False
TRX-16649,PROD-3258,2025-10-25,5.0,1610.84,77.6,13.0,En Camino,Medellín,App,False,False,False
TRX-16650,PROD-1631,2025-08-13,4.0,1584.47,22.14,28.0,Retrasado,Bucaramanga,WhatsApp,False,False,False
TRX-16651,PROD-3511,2024-11-20,6.0,1442.17,93.19,13.0,Retrasado,Bucaramanga,Online,False,False,True
TRX-16652,PROD-2159,2025-03-25,12.0,1775.98,19.28,24.0,Retrasado,Bogotá,WhatsApp,False,False,False
TRX-16653,PROD-2321,2026-01-25,5.0,442.52,81.47,1.0,Perdido,Cali,Físico,False,False,False
TRX-16654,PROD-2678,2025-03-21,3.0,223.51,45.3,5.0,En Camino,Cali,WhatsApp,False,False,False
TRX-16655,PROD-3625,2025-08-10,13.0,1234.57,22.67,28.0,Entregado,Medellín,Físico,False,False,True
TRX-16656,PROD-2319,2025-08-12,11.0,1646.33,43.23,16.0,Sin Información,Bucaramanga,Online,False,False,False
TRX-16657,PROD-1452,2024-10-04,14.0,1168.27,26.05,6.0,Perdido,Bogotá,App,False,False,False
TRX-16658,PROD-1394,2025-12-25,5.0,1926.37,17.92,4.0,Sin Información,Cali,App,False,False,False
TRX-16659,PROD-3143,2024-11-29,4.0,1593.17,27.72,10.0,Sin Información,Bucaramanga,Online,False,False,False
TRX-16660,PROD-3698,2025-11-23,1.0,1404.58,52.36,11.0,Devuelto,Bogotá,WhatsApp,False,False,True
TRX-16661,PROD-1273,2025-08-17,1.0,129.91,87.4,28.0,Entregado,Medellín,Online,False,False,False
TRX-16662,PROD-1179,2025-04-12,14.0,224.41,15.06,26.0,Retrasado,Medellín,Físico,False,False,False
TRX-16663,PROD-1531,2026-01-10,7.0,1571.83,97.39,2.0,Devuelto,Bogotá,App,False,False,False
TRX-16664,PROD-1731,2024-09-28,4.0,404.49,5.47,29.0,En Camino,Bucaramanga,Físico,False,False,False
TRX-16665,PROD-1128,2024-10-07,1.0,67.38,67.53,24.0,En Camino,Cali,Online,False,False,False
TRX-16666,PROD-1827,2024-11-03,6.0,1822.41,86.37,21.0,Sin Información,Bogotá,App,False,False,False
TRX-16667,PROD-1438,2024-10-23,11.0,1782.7,93.73,26.0,Perdido,Bogotá,Físico,False,False,False
TRX-16668,PROD-2988,2026-01-05,12.0,444.78,18.68,22.0,En Camino,Sin Ciudad,App,False,False,False
TRX-16669,PROD-1784,2025-03-22,11.0,1562.61,71.33,9.0,Retrasado,Sin Ciudad,App,False,False,False
TRX-16670,PROD-1404,2025-06-11,12.0,105.48,15.2,14.0,Perdido,Medellín,Online,False,False,False
TRX-16671,PROD-1130,2025-07-08,11.0,577.27,38.5,2.0,Perdido,Barranquilla,Físico,False,False,False
TRX-16672,PROD-3338,2025-11-09,11.0,1251.1,52.36,5.0,Retrasado,Medellín,Online,False,False,False
TRX-16673,PROD-3628,2024-10-13,1.0,1528.73,74.53,12.0,En Camino,Bogotá,WhatsApp,False,False,True
TRX-16674,PROD-2591,2025-10-07,8.0,30.69,37.87,1.0,Devuelto,Medellín,Físico,False,False,False
TRX-16675,PROD-3694,2025-03-23,12.0,659.16,34.77,19.0,Perdido,Sin Ciudad,Online,False,False,True
TRX-16676,PROD-3006,2025-03-25,13.0,436.55,16.03,22.0,Devuelto,Sin Ciudad,Online,False,False,False
TRX-16677,PROD-3153,2025-05-24,9.0,1997.57,11.31,24.0,Devuelto,Medellín,WhatsApp,False,False,False
TRX-16678,PROD-3555,2025-09-07,11.0,1345.25,15.95,12.0,Devuelto,Medellín,Online,False,False,True
TRX-16679,PROD-3872,2025-02-18,3.0,817.29,88.17,21.0,Sin Información,Bucaramanga,WhatsApp,False,False,True
TRX-16680,PROD-3417,2025-06-05,7.0,160.55,6.06,12.0,Devuelto,Bucaramanga,Físico,False,False,False
TRX-16681,PROD-2048,2024-12-31,13.0,1201.35,70.82,20.0,Retrasado,Cali,WhatsApp,False,False,False
TRX-16682,PROD-1201,2024-11-16,5.0,1286.99,78.02,5.0,Entregado,Cali,WhatsApp,False,False,False
TRX-16683,PROD-2500,2025-03-27,3.0,1634.65,58.95,20.0,En Camino,Medellín,Online,False,False,False
TRX-16684,PROD-1904,2025-08-08,5.0,584.27,52.36,2.0,Entregado,Medellín,App,False,False,False
TRX-16685,PROD-3481,2024-12-17,10.0,1963.04,74.42,14.0,Sin Información,Medellín,Online,False,False,False
TRX-16686,PROD-3940,2025-03-15,7.0,884.54,66.97,17.0,Entregado,Bogotá,App,False,False,True
TRX-16687,PROD-1290,2026-01-03,7.0,598.93,48.28,24.0,Perdido,Medellín,Físico,False,False,False
TRX-16688,PROD-1053,2024-10-14,9.0,703.41,41.36,15.0,Entregado,Bogotá,App,False,False,False
TRX-16689,PROD-1854,2025-05-24,8.0,1043.98,94.43,29.0,Entregado,Medellín,WhatsApp,False,False,False
TRX-16690,PROD-3685,2024-11-21,4.0,1874.04,97.33,17.0,Retrasado,Bucaramanga,App,False,False,True
TRX-16691,PROD-3012,2025-01-04,5.0,1472.97,66.87,2.0,Devuelto,Sin Ciudad,App,False,False,False
TRX-16692,PROD-1327,2025-02-08,5.0,1158.45,23.74,21.0,Entregado,Bucaramanga,WhatsApp,False,False,False
TRX-16693,PROD-2917,2025-07-22,10.0,333.99,47.55,8.0,Entregado,Barranquilla,App,False,False,False
TRX-16694,PROD-3617,2025-02-28,12.0,307.21,52.17,10.0,Sin Información,Sin Ciudad,App,False,False,True
TRX-16695,PROD-1248,2026-02-03,2.0,1009.37,77.01,3.0,Perdido,Barranquilla,Físico,False,True,False
TRX-16696,PROD-2478,2025-05-12,12.0,1460.13,52.36,11.0,En Camino,Barranquilla,Físico,False,False,False
TRX-16697,PROD-3285,2024-12-08,7.0,1504.51,68.44,27.0,Perdido,Cali,Físico,False,False,False
TRX-16698,PROD-2703,2024-10-10,7.0,459.57,53.91,9.0,En Camino,Bucaramanga,WhatsApp,False,False,False
TRX-16699,PROD-2511,2024-10-14,9.0,209.2,69.63,15.0,En Camino,Medellín,Físico,False,False,False
TRX-16700,PROD-3901,2025-03-25,7.0,775.08,7.29,22.0,En Camino,Medellín,Físico,False,False,True
TRX-16701,PROD-1238,2025-02-14,13.0,1837.16,78.78,11.0,Retrasado,Barranquilla,WhatsApp,False,False,False
TRX-16702,PROD-3526,2024-10-30,9.0,1095.28,25.11,3.0,Retrasado,Cali,WhatsApp,False,False,True
TRX-16703,PROD-2088,2025-06-30,4.0,647.0,67.36,26.0,Devuelto,Cali,WhatsApp,False,False,False
TRX-16704,PROD-3166,2025-07-07,5.0,654.04,15.83,7.0,En Camino,Barranquilla,WhatsApp,False,False,False
TRX-16705,PROD-1166,2025-02-12,7.0,272.85,15.87,28.0,Retrasado,Sin Ciudad,Físico,False,False,False
TRX-16706,PROD-1288,2024-10-05,10.0,951.72,8.39,23.0,Retrasado,Medellín,Online,False,False,False
TRX-16707,PROD-2244,2025-03-27,7.0,1584.81,91.47,7.0,Sin Información,Cali,App,False,False,False
TRX-16708,PROD-1319,2026-01-09,11.0,1937.43,52.36,4.0,Sin Información,Medellín,Físico,False,False,False
TRX-16709,PROD-1884,2025-11-30,10.0,1008.17,62.43,6.0,Sin Información,Medellín,Online,False,False,False
TRX-16710,PROD-3127,2025-06-16,11.0,342.76,39.39,19.0,Entregado,Bogotá,Físico,False,False,False
TRX-16711,PROD-1397,2025-06-18,8.0,1369.07,79.84,14.0,En Camino,Medellín,Físico,False,False,False
TRX-16712,PROD-1414,2024-12-28,8.0,1516.01,64.48,4.0,Perdido,Barranquilla,WhatsApp,False,False,False
TRX-16713,PROD-3970,2025-11-30,2.0,152.68,63.91,19.0,Sin Información,Medellín,Online,False,False,True
TRX-16714,PROD-1946,2025-09-14,12.0,1701.78,51.27,19.0,Entregado,Bogotá,Físico,False,False,False
TRX-16715,PROD-3177,2025-07-13,9.0,1660.35,5.75,17.0,Retrasado,Bucaramanga,App,False,False,False
TRX-16716,PROD-2578,2024-09-23,11.0,950.36,29.55,21.0,Retrasado,Medellín,WhatsApp,False,False,False
TRX-16717,PROD-1776,2025-07-14,4.0,1125.24,15.36,28.0,Retrasado,Bogotá,App,False,False,False
TRX-16718,PROD-1791,2024-10-19,1.0,1429.68,67.93,19.0,Retrasado,Bogotá,Online,False,False,False
TRX-16719,PROD-3155,2024-10-28,1.0,1356.73,28.62,12.0,Perdido,Bucaramanga,Físico,False,False,False
TRX-16720,PROD-3690,2025-03-01,5.0,42.91,52.36,17.0,Devuelto,Cali,App,False,False,True
TRX-16721,PROD-2018,2025-11-21,7.0,253.65,47.77,15.0,Devuelto,Sin Ciudad,Online,False,False,False
TRX-16722,PROD-3334,2025-10-26,5.0,333.56,38.58,9.0,En Camino,Medellín,WhatsApp,False,False,False
TRX-16723,PROD-3561,2024-10-23,13.0,1513.8,18.6,27.0,Sin Información,Medellín,App,False,False,True
TRX-16724,PROD-1732,2025-01-27,3.0,885.77,96.05,28.0,Retrasado,Cali,Online,False,False,False
TRX-16725,PROD-3287,2025-06-11,11.0,1095.55,93.67,20.0,En Camino,Medellín,Online,False,False,False
TRX-16726,PROD-3286,2025-09-02,7.0,1547.65,13.04,28.0,Perdido,Sin Ciudad,App,False,False,False
TRX-16727,PROD-2700,2026-02-01,1.0,688.55,83.6,25.0,En Camino,Barranquilla,Físico,False,True,False
TRX-16728,PROD-1432,2025-12-02,11.0,1500.29,51.4,16.0,Devuelto,Bogotá,Online,False,False,False
TRX-16729,PROD-3615,2025-04-20,1.0,890.18,78.5,18.0,Devuelto,Bogotá,App,False,False,True
TRX-16730,PROD-3361,2025-02-19,12.0,760.59,19.36,18.0,Sin Información,Bucaramanga,WhatsApp,False,False,False
TRX-16731,PROD-2466,2024-10-23,2.0,672.74,17.57,4.0,Devuelto,Bucaramanga,App,False,False,False
TRX-16732,PROD-3762,2024-12-31,1.0,1930.24,52.36,4.0,En Camino,Bogotá,App,False,False,True
TRX-16733,PROD-2878,2025-08-17,9.0,1546.23,89.62,21.0,Retrasado,Barranquilla,Online,False,False,False
TRX-16734,PROD-3877,2025-07-21,4.0,50.19,90.29,27.0,Entregado,Medellín,WhatsApp,False,False,True
TRX-16735,PROD-3724,2025-12-17,7.0,1915.26,49.26,1.0,Devuelto,Cali,Físico,False,False,True
TRX-16736,PROD-2749,2025-09-10,5.0,1553.12,87.66,5.0,En Camino,Cali,App,False,False,False
TRX-16737,PROD-1426,2025-04-29,14.0,306.86,68.41,12.0,Entregado,Bogotá,WhatsApp,False,False,False
TRX-16738,PROD-1683,2025-06-02,7.0,161.91,22.58,14.0,Devuelto,Medellín,WhatsApp,False,False,False
TRX-16739,PROD-1738,2025-03-12,13.0,623.31,36.25,10.0,Devuelto,Medellín,App,False,False,False
TRX-16740,PROD-3252,2025-06-06,13.0,1252.12,17.93,18.0,Perdido,Bucaramanga,Online,False,False,False
TRX-16741,PROD-2644,2025-11-24,7.0,1236.93,78.53,21.0,Devuelto,Bogotá,Físico,False,False,False
TRX-16742,PROD-3067,2024-11-18,1.0,558.94,98.6,10.0,Entregado,Bogotá,Online,False,False,False
TRX-16743,PROD-2382,2024-10-01,1.0,896.89,56.91,26.0,Entregado,Bucaramanga,Físico,False,False,False
TRX-16744,PROD-3693,2024-09-27,11.0,431.66,52.36,16.0,Retrasado,Sin Ciudad,WhatsApp,False,False,True
TRX-16745,PROD-1647,2025-08-23,3.0,110.65,67.31,6.0,Entregado,Bogotá,WhatsApp,False,False,False
TRX-16746,PROD-3186,2025-01-14,10.0,1038.77,75.88,3.0,En Camino,Bucaramanga,Online,False,False,False
TRX-16747,PROD-3457,2025-06-14,2.0,700.51,26.3,20.0,En Camino,Sin Ciudad,Físico,False,False,False
TRX-16748,PROD-2814,2025-03-14,14.0,1090.34,36.92,15.0,Sin Información,Barranquilla,App,False,False,False
TRX-16749,PROD-2443,2025-04-30,7.0,1893.55,44.17,5.0,Sin Información,Medellín,Online,False,False,False
TRX-16750,PROD-2290,2025-04-15,3.0,295.31,61.49,6.0,Sin Información,Bucaramanga,Físico,False,False,False
TRX-16751,PROD-3253,2024-10-16,7.0,13.9,85.8,25.0,Devuelto,Barranquilla,App,False,False,False
TRX-16752,PROD-2329,2026-01-28,9.0,162.99,29.15,25.0,Retrasado,Bucaramanga,App,False,False,False
TRX-16753,PROD-2522,2025-12-24,12.0,930.79,49.73,22.0,Devuelto,Barranquilla,Físico,False,False,False
TRX-16754,PROD-2688,2025-03-11,11.0,1416.79,76.4,12.0,Retrasado,Barranquilla,WhatsApp,False,False,False
TRX-16755,PROD-3593,2025-11-02,1.0,1165.72,13.3,1.0,Perdido,Barranquilla,Online,False,False,True
TRX-16756,PROD-2763,2025-01-03,3.0,994.84,52.36,22.0,Retrasado,Bogotá,App,False,False,False
TRX-16757,PROD-3973,2024-11-21,13.0,714.39,53.72,10.0,Perdido,Medellín,WhatsApp,False,False,True
TRX-16758,PROD-2324,2024-12-17,11.0,626.85,18.72,3.0,Sin Información,Bogotá,Físico,False,False,False
TRX-16759,PROD-3492,2025-06-04,6.0,758.81,56.22,21.0,Perdido,Bucaramanga,Online,False,False,False
TRX-16760,PROD-1985,2025-03-06,13.0,1227.15,77.94,5.0,Devuelto,Medellín,App,False,False,False
TRX-16761,PROD-3306,2025-09-29,9.0,343.83,27.51,26.0,En Camino,Bogotá,WhatsApp,False,False,False
TRX-16762,PROD-3234,2025-03-08,5.0,1545.01,85.7,15.0,Retrasado,Bucaramanga,Físico,False,False,False
TRX-16763,PROD-1876,2024-12-15,3.0,1154.75,36.81,4.0,Devuelto,Bucaramanga,WhatsApp,False,False,False
TRX-16764,PROD-2536,2025-12-24,8.0,545.62,23.12,19.0,Perdido,Barranquilla,App,False,False,False
TRX-16765,PROD-3253,2025-04-12,13.0,1007.29,49.21,17.0,Perdido,Bogotá,Online,False,False,False
TRX-16766,PROD-2040,2024-12-21,14.0,1925.93,88.23,23.0,Entregado,Bogotá,Online,False,False,False
TRX-16767,PROD-2474,2024-12-20,12.0,50.78,11.55,29.0,Entregado,Bucaramanga,App,False,False,False
TRX-16768,PROD-2853,2025-12-03,5.0,407.05,52.36,8.0,Retrasado,Bogotá,Online,False,False,False
TRX-16769,PROD-2832,2025-01-20,6.0,902.28,36.12,5.0,En Camino,Medellín,Online,False,False,False
TRX-16770,PROD-2626,2025-02-25,13.0,1280.5,67.05,24.0,Entregado,Bogotá,WhatsApp,False,False,False
TRX-16771,PROD-1000,2025-12-27,2.0,432.33,38.97,4.0,Sin Información,Bogotá,Físico,False,False,False
TRX-16772,PROD-3974,2025-10-26,4.0,1863.49,11.73,24.0,Sin Información,Bogotá,App,False,False,True
TRX-16773,PROD-1141,2025-03-29,1.0,1288.72,36.54,19.0,Perdido,Barranquilla,App,False,False,False
TRX-16774,PROD-2165,2025-03-29,14.0,1756.09,82.99,24.0,Devuelto,Sin Ciudad,WhatsApp,False,False,False
TRX-16775,PROD-3440,2025-06-11,13.0,665.34,96.96,22.0,En Camino,Bogotá,WhatsApp,False,False,False
TRX-16776,PROD-1066,2024-11-13,4.0,1659.62,8.78,9.0,Retrasado,Bucaramanga,Físico,False,False,False
TRX-16777,PROD-3120,2025-02-09,1.0,762.66,59.08,13.0,Devuelto,Sin Ciudad,Online,False,False,False
TRX-16778,PROD-1553,2024-10-11,4.0,512.98,15.0,21.0,Retrasado,Bogotá,App,False,False,False
TRX-16779,PROD-2236,2026-01-15,14.0,1824.19,69.64,17.0,Devuelto,Medellín,App,False,False,False
TRX-16780,PROD-1026,2024-12-06,2.0,193.51,52.36,8.0,Devuelto,Bogotá,Físico,False,False,False
TRX-16781,PROD-2230,2025-05-10,6.0,1886.35,5.75,27.0,En Camino,Sin Ciudad,WhatsApp,False,False,False
TRX-16782,PROD-1908,2026-01-16,6.0,922.45,6.4,19.0,Retrasado,Medellín,WhatsApp,False,False,False
TRX-16783,PROD-1879,2025-01-30,8.0,1985.32,78.8,11.0,Entregado,Bogotá,Online,False,False,False
TRX-16784,PROD-2289,2024-11-16,9.0,1083.79,12.07,21.0,Devuelto,Sin Ciudad,Físico,False,False,False
TRX-16785,PROD-1088,2025-06-20,8.0,1517.4,33.99,14.0,Sin Información,Bogotá,App,False,False,False
TRX-16786,PROD-3825,2025-12-14,1.0,24.07,96.01,18.0,Devuelto,Bucaramanga,Online,False,False,True
TRX-16787,PROD-2130,2024-12-31,13.0,998.37,98.6,23.0,Sin Información,Medellín,Online,False,False,False
TRX-16788,PROD-3267,2024-11-30,3.0,1477.53,20.33,5.0,Entregado,Cali,Físico,False,False,False
TRX-16789,PROD-3094,2025-10-26,6.0,1567.83,58.29,28.0,En Camino,Cali,Online,False,False,False
TRX-16790,PROD-3278,2025-07-18,1.0,324.52,58.12,23.0,En Camino,Bogotá,App,False,False,False
TRX-16791,PROD-3337,2025-12-24,8.0,843.75,47.98,12.0,En Camino,Sin Ciudad,App,False,False,False
TRX-16792,PROD-3341,2024-10-09,14.0,843.95,52.36,16.0,Perdido,Bogotá,App,False,False,False
TRX-16793,PROD-1633,2025-09-11,6.0,216.25,92.85,16.0,Perdido,Sin Ciudad,WhatsApp,False,False,False
TRX-16794,PROD-1386,2025-01-16,1.0,891.66,76.63,14.0,En Camino,Bucaramanga,Online,False,False,False
TRX-16795,PROD-1154,2025-02-21,10.0,1616.11,77.63,7.0,En Camino,Bogotá,Online,False,False,False
TRX-16796,PROD-2885,2025-08-18,2.0,607.36,30.61,21.0,Entregado,Sin Ciudad,App,False,False,False
TRX-16797,PROD-2456,2025-01-16,6.0,870.82,46.26,21.0,Perdido,Sin Ciudad,WhatsApp,False,False,False
TRX-16798,PROD-1639,2024-10-22,10.0,1922.31,51.31,9.0,Sin Información,Barranquilla,Físico,False,False,False
TRX-16799,PROD-1566,2025-08-11,14.0,73.1,33.4,3.0,Retrasado,Bucaramanga,App,False,False,False
TRX-16800,PROD-2085,2024-11-12,7.0,1187.13,14.01,15.0,En Camino,Medellín,Físico,True,False,False
TRX-16801,PROD-2503,2024-11-21,8.0,1489.44,17.0,14.0,En Camino,Barranquilla,App,False,False,False
TRX-16802,PROD-3384,2025-05-09,5.0,1524.16,22.16,24.0,En Camino,Barranquilla,Físico,False,False,False
TRX-16803,PROD-2023,2025-06-08,1.0,1434.72,24.35,1.0,Devuelto,Bucaramanga,WhatsApp,False,False,False
TRX-16804,PROD-1954,2025-09-17,14.0,1455.64,52.36,14.0,Perdido,Bogotá,Físico,False,False,False
TRX-16805,PROD-2049,2024-09-27,10.0,127.44,28.01,20.0,Retrasado,Cali,Online,False,False,False
TRX-16806,PROD-2230,2024-10-20,2.0,1072.93,29.27,28.0,Devuelto,Bogotá,Físico,False,False,False
TRX-16807,PROD-1376,2025-06-03,4.0,1568.11,48.29,18.0,Devuelto,Cali,WhatsApp,False,False,False
TRX-16808,PROD-3336,2025-09-21,4.0,197.19,53.41,3.0,Retrasado,Medellín,Online,False,False,False
TRX-16809,PROD-2637,2025-12-28,7.0,33.98,34.34,27.0,Retrasado,Cali,App,False,False,False
TRX-16810,PROD-3330,2025-05-11,2.0,1630.98,91.19,6.0,Retrasado,Bucaramanga,Físico,False,False,False
TRX-16811,PROD-1890,2025-10-22,7.0,1427.47,57.55,4.0,Retrasado,Cali,WhatsApp,False,False,False
TRX-16812,PROD-1316,2025-12-22,7.0,830.29,79.81,1.0,Sin Información,Medellín,WhatsApp,False,False,False
TRX-16813,PROD-3963,2025-09-14,7.0,1881.39,92.8,21.0,Retrasado,Medellín,Físico,False,False,True
TRX-16814,PROD-2329,2025-04-10,13.0,1535.53,20.5,3.0,Sin Información,Medellín,WhatsApp,False,False,False
TRX-16815,PROD-2976,2025-08-20,3.0,1936.04,45.65,29.0,En Camino,Cali,App,False,False,False
TRX-16816,PROD-1708,2025-06-20,6.0,1859.34,52.36,28.0,Sin Información,Bogotá,WhatsApp,False,False,False
TRX-16817,PROD-2999,2025-08-27,12.0,967.77,46.15,18.0,Sin Información,Cali,App,False,False,False
TRX-16818,PROD-3824,2025-07-23,6.0,1511.87,38.67,20.0,Retrasado,Bucaramanga,Físico,False,False,True
TRX-16819,PROD-3878,2025-10-10,4.0,1341.69,5.85,29.0,Retrasado,Sin Ciudad,WhatsApp,False,False,True
TRX-16820,PROD-3360,2024-11-07,1.0,1624.78,82.52,20.0,Perdido,Bucaramanga,Físico,False,False,False
TRX-16821,PROD-1390,2024-10-20,9.0,1577.5,15.6,3.0,En Camino,Barranquilla,Online,False,False,False
TRX-16822,PROD-3438,2024-09-29,2.0,314.93,99.57,21.0,Devuelto,Bogotá,Online,False,False,False
TRX-16823,PROD-3630,2025-05-12,9.0,475.13,78.43,21.0,En Camino,Bogotá,Físico,False,False,True
TRX-16824,PROD-2230,2025-04-09,8.0,538.81,60.1,16.0,Entregado,Cali,Físico,False,False,False
TRX-16825,PROD-1153,2024-12-25,1.0,1638.81,19.69,24.0,Retrasado,Cali,App,False,False,False
TRX-16826,PROD-3993,2024-12-13,11.0,1623.38,53.96,26.0,Devuelto,Sin Ciudad,App,False,False,True
TRX-16827,PROD-3360,2024-12-19,7.0,995.72,29.81,7.0,Entregado,Bucaramanga,Online,False,False,False
TRX-16828,PROD-2562,2025-10-17,13.0,1165.86,52.36,27.0,Sin Información,Sin Ciudad,WhatsApp,False,False,False
TRX-16829,PROD-1321,2025-03-27,10.0,1655.58,28.97,9.0,Devuelto,Barranquilla,Online,False,False,False
TRX-16830,PROD-1229,2025-05-23,3.0,632.06,83.81,23.0,En Camino,Medellín,WhatsApp,False,False,False
TRX-16831,PROD-2369,2024-11-29,10.0,109.86,41.16,2.0,Sin Información,Cali,App,False,False,False
TRX-16832,PROD-2425,2025-07-30,13.0,970.37,47.82,3.0,Entregado,Bogotá,App,False,False,False
TRX-16833,PROD-2778,2025-12-17,10.0,1828.3,85.08,22.0,Sin Información,Medellín,App,False,False,False
TRX-16834,PROD-2706,2025-11-29,14.0,1583.03,13.34,1.0,Sin Información,Cali,WhatsApp,False,False,False
TRX-16835,PROD-1493,2025-10-01,14.0,739.57,61.49,24.0,Sin Información,Sin Ciudad,App,False,False,False
TRX-16836,PROD-1928,2025-12-01,14.0,138.9,59.93,23.0,Retrasado,Bogotá,WhatsApp,False,False,False
TRX-16837,PROD-3673,2025-03-28,9.0,1277.47,45.4,6.0,Retrasado,Barranquilla,WhatsApp,False,False,True
TRX-16838,PROD-3467,2025-05-19,5.0,1670.64,83.83,21.0,Entregado,Bogotá,WhatsApp,False,False,False
TRX-16839,PROD-1046,2025-10-17,11.0,1333.25,94.57,15.0,En Camino,Sin Ciudad,WhatsApp,False,False,False
TRX-16840,PROD-3596,2025-04-28,3.0,855.9,52.36,26.0,Entregado,Medellín,App,False,False,True
TRX-16841,PROD-3589,2025-01-08,8.0,255.47,49.21,5.0,En Camino,Medellín,App,False,False,True
TRX-16842,PROD-2566,2025-07-26,12.0,1822.44,48.33,13.0,Devuelto,Barranquilla,Online,False,False,False
TRX-16843,PROD-1221,2024-10-30,3.0,559.16,52.7,8.0,En Camino,Bogotá,App,False,False,False
TRX-16844,PROD-2248,2025-10-22,7.0,456.33,73.7,24.0,Entregado,Cali,WhatsApp,False,False,False
TRX-16845,PROD-3147,2025-12-02,14.0,1633.79,68.47,13.0,Entregado,Barranquilla,Físico,False,False,False
TRX-16846,PROD-1168,2025-09-06,7.0,1962.63,26.17,19.0,Devuelto,Bucaramanga,WhatsApp,False,False,False
TRX-16847,PROD-2307,2025-06-25,7.0,1323.72,11.07,9.0,Sin Información,Bogotá,Físico,False,False,False
TRX-16848,PROD-3211,2024-10-02,14.0,1253.37,95.18,3.0,Entregado,Barranquilla,WhatsApp,False,False,False
TRX-16849,PROD-3313,2024-10-18,12.0,645.67,29.8,29.0,Perdido,Barranquilla,Físico,False,False,False
TRX-16850,PROD-1612,2024-11-09,1.0,50.62,65.67,26.0,Sin Información,Sin Ciudad,Físico,False,False,False
TRX-16851,PROD-2338,2025-09-04,11.0,391.68,83.7,14.0,Entregado,Medellín,Online,False,False,False
TRX-16852,PROD-3057,2025-09-27,5.0,1173.02,52.36,24.0,Perdido,Medellín,Físico,False,False,False
TRX-16853,PROD-3858,2024-10-06,12.0,311.12,33.53,7.0,Entregado,Medellín,Online,False,False,True
TRX-16854,PROD-1904,2024-12-31,11.0,1768.83,65.37,13.0,Entregado,Cali,WhatsApp,False,False,False
TRX-16855,PROD-1627,2025-03-28,1.0,384.41,15.25,9.0,Devuelto,Bucaramanga,WhatsApp,False,False,False
TRX-16856,PROD-1206,2024-10-04,7.0,1048.99,97.14,11.0,Sin Información,Bucaramanga,Físico,False,False,False
TRX-16857,PROD-3759,2025-09-29,13.0,1028.91,10.53,9.0,Perdido,Barranquilla,WhatsApp,False,False,True
TRX-16858,PROD-3996,2025-10-06,13.0,1211.85,46.63,11.0,Devuelto,Barranquilla,App,False,False,True
TRX-16859,PROD-2609,2025-06-28,8.0,661.59,56.0,14.0,Perdido,Bogotá,App,False,False,False
TRX-16860,PROD-2825,2025-08-29,7.0,1748.33,80.1,15.0,Perdido,Medellín,App,False,False,False
TRX-16861,PROD-3437,2025-08-16,1.0,894.16,16.51,17.0,Retrasado,Barranquilla,WhatsApp,False,False,False
TRX-16862,PROD-3356,2025-03-08,3.0,1403.31,46.88,1.0,Perdido,Bogotá,App,False,False,False
TRX-16863,PROD-3067,2025-01-22,10.0,1275.46,33.47,3.0,Devuelto,Cali,Online,False,False,False
TRX-16864,PROD-1368,2025-10-20,3.0,243.14,52.36,23.0,Devuelto,Cali,WhatsApp,False,False,False
TRX-16865,PROD-1909,2026-01-07,7.0,1249.05,34.64,3.0,En Camino,Medellín,App,False,False,False
TRX-16866,PROD-2769,2024-12-26,4.0,1105.9,78.98,3.0,Sin Información,Medellín,WhatsApp,False,False,False
TRX-16867,PROD-2186,2024-10-17,12.0,1798.22,5.52,4.0,Sin Información,Barranquilla,App,False,False,False
TRX-16868,PROD-2615,2024-10-09,3.0,1762.94,76.16,24.0,Sin Información,Barranquilla,Online,False,False,False
TRX-16869,PROD-1606,2025-11-22,6.0,310.4,81.99,17.0,Entregado,Bogotá,Físico,False,False,False
TRX-16870,PROD-1541,2024-10-21,12.0,172.55,90.63,20.0,Retrasado,Barranquilla,Online,False,False,False
TRX-16871,PROD-2376,2025-12-10,10.0,596.24,64.55,4.0,Entregado,Sin Ciudad,Físico,False,False,False
TRX-16872,PROD-1338,2025-08-11,6.0,1973.36,36.68,13.0,Devuelto,Barranquilla,App,False,False,False
TRX-16873,PROD-2949,2025-08-29,10.0,52.93,45.59,24.0,Retrasado,Sin Ciudad,Online,False,False,False
TRX-16874,PROD-3340,2025-08-01,5.0,1349.06,97.12,7.0,Perdido,Cali,Físico,False,False,False
TRX-16875,PROD-1201,2024-12-03,12.0,1220.94,88.71,4.0,Sin Información,Bogotá,Online,False,False,False
TRX-16876,PROD-3245,2025-06-19,6.0,1296.69,52.36,28.0,Devuelto,Barranquilla,WhatsApp,False,False,False
TRX-16877,PROD-2635,2025-05-30,3.0,444.39,49.03,8.0,Devuelto,Medellín,Físico,False,False,False
TRX-16878,PROD-2075,2025-07-14,14.0,461.17,94.59,11.0,Devuelto,Sin Ciudad,App,False,False,False
TRX-16879,PROD-1348,2025-02-13,13.0,866.98,83.18,19.0,Devuelto,Bogotá,WhatsApp,False,False,False
TRX-16880,PROD-2632,2025-06-23,10.0,200.76,90.6,26.0,Retrasado,Bogotá,App,False,False,False
TRX-16881,PROD-3055,2025-05-03,5.0,158.48,69.88,7.0,Entregado,Bucaramanga,App,False,False,False
TRX-16882,PROD-2779,2024-12-06,9.0,185.84,86.48,9.0,Entregado,Bucaramanga,WhatsApp,False,False,False
TRX-16883,PROD-3858,2025-01-02,4.0,1150.23,89.72,22.0,Sin Información,Medellín,Físico,False,False,True
TRX-16884,PROD-1534,2024-10-12,11.0,801.51,13.74,4.0,Perdido,Bogotá,WhatsApp,False,False,False
TRX-16885,PROD-1552,2025-01-17,2.0,594.3,96.7,4.0,Devuelto,Medellín,App,False,False,False
TRX-16886,PROD-2969,2025-03-15,5.0,638.48,36.69,1.0,Sin Información,Bogotá,Online,False,False,False
TRX-16887,PROD-3290,2025-09-30,3.0,422.49,46.79,6.0,Devuelto,Medellín,Físico,False,False,False
TRX-16888,PROD-1811,2025-03-14,12.0,828.9,52.36,3.0,Sin Información,Medellín,Online,False,False,False
TRX-16889,PROD-2998,2024-09-26,3.0,414.09,80.23,3.0,Entregado,Cali,Físico,False,False,False
TRX-16890,PROD-2619,2025-08-28,4.0,1399.11,68.17,1.0,Sin Información,Sin Ciudad,Físico,False,False,False
TRX-16891,PROD-3671,2026-01-14,12.0,256.63,89.84,7.0,Perdido,Bucaramanga,Online,False,False,True
TRX-16892,PROD-3340,2025-02-17,4.0,1897.0,43.05,9.0,Sin Información,Medellín,App,False,False,False
TRX-16893,PROD-1803,2025-10-22,5.0,188.74,40.46,3.0,En Camino,Bogotá,WhatsApp,False,False,False
TRX-16894,PROD-3298,2025-01-14,7.0,1887.49,8.01,23.0,Retrasado,Medellín,Online,False,False,False
TRX-16895,PROD-3523,2025-08-09,4.0,1668.26,48.96,25.0,Sin Información,Sin Ciudad,App,False,False,True
TRX-16896,PROD-3147,2026-01-27,11.0,1364.62,73.79,15.0,Sin Información,Cali,Online,False,False,False
TRX-16897,PROD-2008,2025-10-29,7.0,1825.48,33.61,3.0,Entregado,Medellín,WhatsApp,False,False,False
TRX-16898,PROD-1992,2025-03-08,9.0,287.05,48.96,25.0,Retrasado,Bogotá,WhatsApp,False,False,False
TRX-16899,PROD-1293,2025-07-19,3.0,360.87,25.84,11.0,Entregado,Bogotá,Físico,False,False,False
TRX-16900,PROD-2090,2026-01-16,7.0,511.78,52.36,18.0,Perdido,Sin Ciudad,Online,False,False,False
TRX-16901,PROD-2761,2025-01-18,5.0,497.17,78.41,3.0,Devuelto,Cali,Online,False,False,False
TRX-16902,PROD-2324,2024-12-31,4.0,628.59,10.75,27.0,En Camino,Bucaramanga,Físico,False,False,False
TRX-16903,PROD-3804,2025-06-23,9.0,1155.51,72.01,20.0,Retrasado,Cali,App,False,False,True
TRX-16904,PROD-3359,2025-03-16,5.0,66.06,41.0,7.0,En Camino,Bucaramanga,App,False,False,False
TRX-16905,PROD-1366,2025-02-28,10.0,770.72,8.95,27.0,Devuelto,Bogotá,Físico,False,False,False
TRX-16906,PROD-1460,2025-10-11,2.0,500.31,86.08,9.0,Entregado,Bogotá,App,False,False,False
TRX-16907,PROD-3751,2025-05-07,10.0,1217.19,51.33,29.0,Perdido,Bucaramanga,App,False,False,True
TRX-16908,PROD-2694,2025-11-19,1.0,1970.49,61.94,17.0,Devuelto,Medellín,App,False,False,False
TRX-16909,PROD-2734,2024-10-30,7.0,1040.13,74.54,28.0,En Camino,Sin Ciudad,Físico,False,False,False
TRX-16910,PROD-2496,2025-12-29,11.0,857.11,67.23,9.0,En Camino,Sin Ciudad,WhatsApp,False,False,False
TRX-16911,PROD-2426,2025-11-27,1.0,742.8,74.43,10.0,En Camino,Barranquilla,Físico,False,False,False
TRX-16912,PROD-1780,2025-04-08,8.0,1572.05,52.36,13.0,Entregado,Barranquilla,Online,False,False,False
TRX-16913,PROD-2313,2025-02-05,9.0,153.24,77.42,5.0,Sin Información,Medellín,Online,False,False,False
TRX-16914,PROD-2411,2025-01-04,7.0,1919.94,60.97,14.0,En Camino,Barranquilla,Online,False,False,False
TRX-16915,PROD-3432,2026-01-05,9.0,841.66,39.74,4.0,Entregado,Medellín,App,False,False,False
TRX-16916,PROD-3684,2025-04-03,10.0,634.26,28.1,14.0,En Camino,Bogotá,Online,False,False,True
TRX-16917,PROD-1099,2025-05-30,6.0,1948.4,90.78,29.0,Retrasado,Bucaramanga,App,False,False,False
TRX-16918,PROD-2248,2024-10-05,7.0,1872.4,97.14,11.0,Sin Información,Medellín,App,False,False,False
TRX-16919,PROD-1693,2024-11-16,3.0,1287.45,38.98,28.0,Retrasado,Sin Ciudad,App,False,False,False
TRX-16920,PROD-2432,2025-09-01,14.0,46.83,15.67,22.0,Sin Información,Bucaramanga,Online,False,False,False
TRX-16921,PROD-3524,2024-12-16,14.0,1499.58,26.14,10.0,Devuelto,Bucaramanga,Online,False,False,True
TRX-16922,PROD-2811,2025-01-09,9.0,677.76,68.71,5.0,Devuelto,Medellín,Online,False,False,False
TRX-16923,PROD-3552,2024-11-04,3.0,782.68,21.43,21.0,Sin Información,Cali,App,False,False,True
TRX-16924,PROD-1597,2025-10-15,6.0,325.9,52.36,12.0,Perdido,Medellín,App,False,False,False
TRX-16925,PROD-2804,2024-12-02,4.0,1051.68,79.11,21.0,En Camino,Sin Ciudad,WhatsApp,False,False,False
TRX-16926,PROD-1183,2025-12-10,9.0,1491.66,92.69,15.0,En Camino,Medellín,WhatsApp,False,False,False
TRX-16927,PROD-1956,2025-06-17,1.0,553.29,96.55,24.0,Entregado,Bogotá,Físico,False,False,False
TRX-16928,PROD-1817,2024-11-20,9.0,1878.08,5.89,13.0,Sin Información,Medellín,Físico,False,False,False
TRX-16929,PROD-3807,2025-12-27,12.0,397.53,96.02,26.0,Devuelto,Bogotá,App,False,False,True
TRX-16930,PROD-2531,2025-12-04,4.0,141.86,75.32,8.0,Sin Información,Cali,Físico,False,False,False
TRX-16931,PROD-1638,2024-11-05,10.0,1292.28,12.98,26.0,Retrasado,Sin Ciudad,WhatsApp,False,False,False
TRX-16932,PROD-3983,2025-06-21,5.0,1700.14,44.45,4.0,Entregado,Bogotá,WhatsApp,False,False,True
TRX-16933,PROD-1351,2025-10-17,11.0,1906.73,71.5,13.0,Retrasado,Bogotá,App,False,False,False
TRX-16934,PROD-1460,2024-10-06,13.0,1536.67,95.89,15.0,Entregado,Cali,Físico,False,False,False
TRX-16935,PROD-1223,2025-09-28,1.0,407.3,20.59,9.0,Devuelto,Sin Ciudad,App,False,False,False
TRX-16936,PROD-1995,2025-01-12,14.0,1955.55,52.36,24.0,En Camino,Sin Ciudad,Físico,False,False,False
TRX-16937,PROD-3543,2025-10-06,1.0,1839.68,17.13,28.0,Sin Información,Bogotá,App,False,False,True
TRX-16938,PROD-1604,2025-08-02,6.0,334.7,49.87,6.0,En Camino,Medellín,WhatsApp,False,False,False
TRX-16939,PROD-2178,2025-11-11,10.0,1121.98,96.97,18.0,Devuelto,Bogotá,Online,False,False,False
TRX-16940,PROD-1056,2025-05-08,13.0,1115.48,97.28,9.0,Sin Información,Cali,Físico,False,False,False
TRX-16941,PROD-2406,2026-01-20,1.0,890.64,26.65,22.0,Retrasado,Bogotá,App,False,False,False
TRX-16942,PROD-3841,2025-03-10,13.0,1968.72,35.34,24.0,Perdido,Barranquilla,WhatsApp,False,False,True
TRX-16943,PROD-1455,2025-10-03,2.0,128.65,91.26,6.0,Perdido,Cali,WhatsApp,False,False,False
TRX-16944,PROD-2249,2025-07-10,13.0,1258.15,74.81,21.0,Devuelto,Cali,WhatsApp,False,False,False
TRX-16945,PROD-2843,2025-05-26,14.0,418.55,97.37,7.0,Entregado,Bucaramanga,Online,False,False,False
TRX-16946,PROD-2929,2025-06-15,3.0,1059.39,89.85,12.0,En Camino,Sin Ciudad,App,False,False,False
TRX-16947,PROD-1093,2025-08-25,7.0,1561.68,25.43,4.0,Retrasado,Sin Ciudad,Online,False,False,False
TRX-16948,PROD-2359,2025-05-23,2.0,500.99,52.36,26.0,Perdido,Medellín,App,False,False,False
TRX-16949,PROD-1856,2026-01-25,5.0,792.79,77.17,11.0,En Camino,Cali,WhatsApp,False,False,False
TRX-16950,PROD-3203,2025-02-27,9.0,1902.03,9.61,3.0,Devuelto,Sin Ciudad,App,False,False,False
TRX-16951,PROD-1867,2025-07-19,12.0,1525.35,82.69,27.0,En Camino,Bucaramanga,WhatsApp,False,False,False
TRX-16952,PROD-1834,2025-12-05,12.0,1149.72,62.15,28.0,Sin Información,Cali,App,False,False,False
TRX-16953,PROD-3238,2025-08-15,10.0,451.77,95.83,7.0,Perdido,Sin Ciudad,Físico,False,False,False
TRX-16954,PROD-3143,2024-10-10,8.0,856.36,96.2,2.0,Retrasado,Barranquilla,Online,False,False,False
TRX-16955,PROD-2059,2024-12-14,12.0,1550.38,9.83,10.0,Entregado,Cali,Online,False,False,False
TRX-16956,PROD-3247,2025-08-23,8.0,1642.88,20.25,3.0,Entregado,Cali,Online,False,False,False
TRX-16957,PROD-2978,2025-05-11,11.0,496.77,51.0,17.0,Sin Información,Bucaramanga,Físico,False,False,False
TRX-16958,PROD-3551,2026-01-27,2.0,1327.5,88.55,11.0,Sin Información,Cali,Físico,False,False,True
TRX-16959,PROD-3989,2025-08-30,1.0,199.06,82.37,28.0,En Camino,Bucaramanga,WhatsApp,False,False,True
TRX-16960,PROD-1578,2025-06-02,9.0,56.19,52.36,1.0,Entregado,Bogotá,WhatsApp,False,False,False
TRX-16961,PROD-3847,2025-03-08,10.0,1101.86,96.62,2.0,Perdido,Sin Ciudad,Online,False,False,True
TRX-16962,PROD-3862,2024-11-03,12.0,456.52,63.72,13.0,Retrasado,Medellín,Físico,False,False,True
TRX-16963,PROD-3737,2025-05-29,4.0,167.03,29.37,14.0,Entregado,Bucaramanga,Físico,False,False,True
TRX-16964,PROD-1075,2025-05-28,9.0,1462.36,7.39,17.0,Entregado,Medellín,Online,False,False,False
TRX-16965,PROD-2542,2025-12-04,11.0,1000.97,26.18,2.0,Devuelto,Sin Ciudad,App,False,False,False
TRX-16966,PROD-3387,2025-10-07,14.0,1594.59,69.15,17.0,Entregado,Bogotá,WhatsApp,False,False,False
TRX-16967,PROD-3717,2025-07-05,12.0,1331.25,93.0,19.0,Entregado,Medellín,WhatsApp,False,False,True
TRX-16968,PROD-3157,2024-10-12,11.0,1462.31,35.49,25.0,Perdido,Medellín,App,False,False,False
TRX-16969,PROD-1178,2025-10-09,7.0,621.65,88.19,9.0,Entregado,Cali,Online,False,False,False
TRX-16970,PROD-2046,2025-09-09,12.0,533.92,42.52,24.0,Devuelto,Sin Ciudad,Físico,False,False,False
TRX-16971,PROD-1697,2025-10-08,6.0,1205.74,34.29,25.0,Devuelto,Medellín,WhatsApp,False,False,False
TRX-16972,PROD-1246,2024-11-03,10.0,408.16,52.36,12.0,Sin Información,Bogotá,Físico,False,False,False
TRX-16973,PROD-2163,2025-09-02,13.0,1632.67,53.34,16.0,Devuelto,Medellín,Online,False,False,False
TRX-16974,PROD-1822,2024-12-18,9.0,1050.61,47.02,4.0,Entregado,Bogotá,Online,False,False,False
TRX-16975,PROD-3852,2025-06-10,10.0,461.71,91.81,24.0,Sin Información,Bucaramanga,WhatsApp,False,False,True
TRX-16976,PROD-3531,2025-07-25,4.0,1254.08,49.48,11.0,En Camino,Barranquilla,Online,False,False,True
TRX-16977,PROD-2111,2025-07-16,14.0,1890.62,31.35,21.0,En Camino,Cali,Online,False,False,False
TRX-16978,PROD-1217,2025-09-07,1.0,173.37,85.04,20.0,Perdido,Bogotá,Físico,False,False,False
TRX-16979,PROD-2904,2025-05-20,5.0,227.6,99.88,29.0,En Camino,Medellín,App,False,False,False
TRX-16980,PROD-3681,2025-03-08,13.0,1689.24,66.58,4.0,Perdido,Bogotá,Online,False,False,True
TRX-16981,PROD-1034,2025-08-01,6.0,228.09,28.79,2.0,Perdido,Sin Ciudad,WhatsApp,False,False,False
TRX-16982,PROD-1272,2025-04-29,6.0,88.36,27.69,10.0,Sin Información,Bogotá,WhatsApp,False,False,False
TRX-16983,PROD-2591,2025-12-07,12.0,702.38,10.48,9.0,Devuelto,Sin Ciudad,Físico,False,False,False
TRX-16984,PROD-3704,2026-01-25,1.0,938.74,52.36,29.0,Retrasado,Barranquilla,Online,False,False,True
TRX-16985,PROD-2111,2025-11-17,7.0,1143.19,12.34,25.0,Perdido,Bucaramanga,App,False,False,False
TRX-16986,PROD-3715,2025-10-18,8.0,1019.53,91.92,17.0,Entregado,Medellín,Online,False,False,True
TRX-16987,PROD-3703,2025-02-02,12.0,1827.24,14.17,12.0,Devuelto,Cali,WhatsApp,False,False,True
TRX-16988,PROD-2475,2025-04-17,5.0,1539.65,51.01,4.0,Entregado,Medellín,Físico,False,False,False
TRX-16989,PROD-1441,2024-11-12,2.0,1967.78,71.32,9.0,Entregado,Medellín,Online,False,False,False
TRX-16990,PROD-1078,2025-01-06,2.0,958.15,85.78,14.0,En Camino,Cali,App,False,False,False
TRX-16991,PROD-2198,2025-10-19,11.0,177.82,21.27,4.0,Entregado,Bogotá,Físico,False,False,False
TRX-16992,PROD-3659,2025-03-25,5.0,1911.51,46.59,2.0,Sin Información,Sin Ciudad,Físico,False,False,True
TRX-16993,PROD-2583,2025-04-11,7.0,18.19,28.89,18.0,Perdido,Barranquilla,WhatsApp,False,False,False
TRX-16994,PROD-1946,2024-10-03,7.0,1554.43,29.3,13.0,Entregado,Bucaramanga,WhatsApp,False,False,False
TRX-16995,PROD-2559,2025-06-03,13.0,72.25,33.86,10.0,Entregado,Sin Ciudad,App,False,False,False
TRX-16996,PROD-3082,2025-02-19,4.0,1524.82,52.36,14.0,En Camino,Cali,WhatsApp,False,False,False
TRX-16997,PROD-3906,2025-09-11,11.0,1876.5,60.78,9.0,Entregado,Bogotá,Online,False,False,True
TRX-16998,PROD-1407,2025-09-12,14.0,784.63,6.57,11.0,Perdido,Medellín,Online,False,False,False
TRX-16999,PROD-2292,2025-12-27,3.0,489.52,43.83,20.0,Perdido,Bucaramanga,Físico,False,False,False
TRX-17000,PROD-2985,2025-10-22,7.0,460.3,22.75,15.0,Entregado,Cali,App,True,False,False
TRX-17001,PROD-3445,2025-12-10,9.0,988.52,96.88,1.0,Perdido,Bogotá,WhatsApp,False,False,False
TRX-17002,PROD-3177,2024-12-27,12.0,350.07,60.36,12.0,Sin Información,Bogotá,Físico,False,False,False
TRX-17003,PROD-1360,2025-01-06,14.0,1349.12,87.47,29.0,Sin Información,Bucaramanga,Físico,False,False,False
TRX-17004,PROD-1763,2025-02-12,14.0,743.02,23.59,17.0,Perdido,Medellín,App,False,False,False
TRX-17005,PROD-1814,2025-03-07,7.0,652.99,81.95,17.0,En Camino,Sin Ciudad,WhatsApp,False,False,False
TRX-17006,PROD-3050,2024-09-23,2.0,927.96,44.4,8.0,Devuelto,Bogotá,App,False,False,False
TRX-17007,PROD-2875,2024-11-07,1.0,1089.75,21.88,17.0,Sin Información,Barranquilla,App,False,False,False
TRX-17008,PROD-3296,2025-05-22,11.0,292.44,52.36,21.0,Devuelto,Barranquilla,WhatsApp,False,False,False
TRX-17009,PROD-3918,2025-09-01,2.0,1418.45,77.32,25.0,Retrasado,Medellín,Online,False,False,True
TRX-17010,PROD-1088,2025-11-23,13.0,1767.06,77.39,20.0,Devuelto,Bogotá,Físico,False,False,False
TRX-17011,PROD-1162,2026-01-23,12.0,563.19,99.61,27.0,Sin Información,Bogotá,Físico,False,False,False
TRX-17012,PROD-2013,2025-06-27,3.0,368.98,79.19,25.0,Sin Información,Medellín,Online,False,False,False
TRX-17013,PROD-3168,2024-09-25,5.0,1523.41,18.8,21.0,Entregado,Medellín,App,False,False,False
TRX-17014,PROD-2248,2025-02-11,14.0,375.25,35.64,13.0,Perdido,Sin Ciudad,Online,False,False,False
TRX-17015,PROD-2366,2025-10-13,3.0,92.1,47.91,25.0,Devuelto,Sin Ciudad,Físico,False,False,False
TRX-17016,PROD-3006,2024-11-22,10.0,1242.29,17.03,13.0,En Camino,Barranquilla,WhatsApp,False,False,False
TRX-17017,PROD-2611,2025-11-12,9.0,487.11,79.86,15.0,Retrasado,Barranquilla,WhatsApp,False,False,False
TRX-17018,PROD-1643,2026-01-31,10.0,351.9,55.04,18.0,Entregado,Cali,Online,False,False,False
TRX-17019,PROD-1075,2025-07-13,4.0,1963.39,94.72,13.0,Devuelto,Bogotá,Físico,False,False,False
TRX-17020,PROD-2420,2025-05-05,7.0,590.81,52.36,8.0,Perdido,Medellín,Online,False,False,False
TRX-17021,PROD-3802,2025-07-21,4.0,1807.85,60.98,7.0,En Camino,Medellín,Online,False,False,True
TRX-17022,PROD-2441,2025-03-11,3.0,364.66,54.68,23.0,Sin Información,Bogotá,Físico,False,False,False
TRX-17023,PROD-2455,2025-02-03,10.0,1639.76,11.79,19.0,Devuelto,Sin Ciudad,WhatsApp,False,False,False
TRX-17024,PROD-3560,2024-11-02,1.0,1009.02,19.19,10.0,Perdido,Sin Ciudad,Físico,False,False,True
TRX-17025,PROD-2238,2025-05-11,14.0,166.4,85.7,12.0,Devuelto,Barranquilla,Online,False,False,False
TRX-17026,PROD-1967,2025-11-05,12.0,1469.87,99.11,2.0,Entregado,Bogotá,Online,False,False,False
TRX-17027,PROD-3053,2025-05-06,9.0,1785.23,44.44,27.0,Retrasado,Bucaramanga,WhatsApp,False,False,False
TRX-17028,PROD-2129,2025-02-08,13.0,334.4,81.96,14.0,Perdido,Medellín,Online,False,False,False
TRX-17029,PROD-1253,2025-01-10,11.0,1453.92,64.62,10.0,Retrasado,Medellín,Online,False,False,False
TRX-17030,PROD-3563,2026-01-20,1.0,895.65,96.11,17.0,Retrasado,Bogotá,WhatsApp,False,False,True
TRX-17031,PROD-2055,2025-07-16,11.0,1510.2,27.62,13.0,Sin Información,Bogotá,Físico,False,False,False
TRX-17032,PROD-2585,2025-12-21,13.0,1430.72,52.36,1.0,En Camino,Sin Ciudad,App,False,False,False
TRX-17033,PROD-1120,2024-11-18,1.0,62.93,56.76,23.0,Perdido,Medellín,Físico,False,False,False
TRX-17034,PROD-3273,2025-11-26,1.0,365.65,43.84,25.0,En Camino,Cali,App,False,False,False
TRX-17035,PROD-2147,2025-01-23,14.0,947.34,56.46,15.0,Sin Información,Bogotá,Físico,False,False,False
TRX-17036,PROD-1923,2025-05-20,5.0,1867.85,30.54,1.0,Retrasado,Bogotá,WhatsApp,False,False,False
TRX-17037,PROD-1621,2024-12-17,7.0,690.73,52.29,15.0,Entregado,Sin Ciudad,WhatsApp,False,False,False
TRX-17038,PROD-2399,2025-03-17,7.0,1261.46,64.36,26.0,Entregado,Medellín,WhatsApp,False,False,False
TRX-17039,PROD-2609,2024-11-24,10.0,34.05,12.72,20.0,Devuelto,Cali,App,False,False,False
TRX-17040,PROD-3690,2024-10-31,1.0,1425.14,75.58,15.0,Devuelto,Medellín,Físico,False,False,True
TRX-17041,PROD-1562,2025-02-07,6.0,1210.11,72.12,14.0,Perdido,Cali,WhatsApp,False,False,False
TRX-17042,PROD-1359,2026-01-04,9.0,1433.64,88.64,13.0,Entregado,Cali,App,False,False,False
TRX-17043,PROD-3989,2025-12-20,6.0,1810.27,45.46,2.0,Retrasado,Barranquilla,WhatsApp,False,False,True
TRX-17044,PROD-2565,2025-05-21,4.0,301.53,52.36,8.0,Entregado,Medellín,Online,False,False,False
TRX-17045,PROD-3132,2025-12-15,10.0,530.56,10.86,9.0,Perdido,Medellín,Online,False,False,False
TRX-17046,PROD-3777,2025-05-06,9.0,1991.6,48.84,19.0,Devuelto,Bucaramanga,WhatsApp,False,False,True
TRX-17047,PROD-3508,2025-12-09,13.0,321.01,18.07,19.0,Sin Información,Medellín,App,False,False,True
TRX-17048,PROD-3562,2025-04-16,3.0,1444.05,66.51,23.0,Devuelto,Barranquilla,Online,False,False,True
TRX-17049,PROD-3811,2025-03-05,13.0,1452.9,9.48,9.0,Sin Información,Medellín,WhatsApp,False,False,True
TRX-17050,PROD-1931,2024-10-19,10.0,1369.16,40.53,23.0,En Camino,Bogotá,WhatsApp,False,False,False
TRX-17051,PROD-2709,2025-12-23,4.0,462.61,12.87,28.0,Sin Información,Medellín,App,False,False,False
TRX-17052,PROD-1984,2025-03-24,4.0,438.12,5.32,29.0,Devuelto,Sin Ciudad,App,False,False,False
TRX-17053,PROD-3346,2025-04-08,4.0,1336.02,96.25,7.0,Retrasado,Medellín,Online,False,False,False
TRX-17054,PROD-1625,2026-01-14,6.0,380.64,99.63,14.0,Perdido,Bogotá,WhatsApp,False,False,False
TRX-17055,PROD-2746,2025-08-25,13.0,1326.51,57.77,2.0,Devuelto,Medellín,Online,False,False,False
TRX-17056,PROD-2279,2025-12-03,11.0,990.13,52.36,12.0,Devuelto,Medellín,Físico,False,False,False
TRX-17057,PROD-3479,2025-01-07,11.0,779.39,27.7,11.0,Sin Información,Sin Ciudad,WhatsApp,False,False,False
TRX-17058,PROD-2348,2025-12-10,7.0,607.46,91.55,17.0,Retrasado,Bucaramanga,App,False,False,False
TRX-17059,PROD-2839,2025-03-30,14.0,1895.68,92.69,2.0,Devuelto,Medellín,Físico,False,False,False
TRX-17060,PROD-3220,2024-10-28,9.0,1021.11,86.18,28.0,Retrasado,Cali,App,False,False,False
TRX-17061,PROD-1539,2024-12-16,14.0,1126.89,56.72,22.0,Devuelto,Medellín,App,False,False,False
TRX-17062,PROD-1846,2025-02-24,11.0,1899.02,12.1,28.0,Retrasado,Medellín,Físico,False,False,False
TRX-17063,PROD-3672,2025-03-10,3.0,1311.22,13.4,12.0,Devuelto,Sin Ciudad,Online,False,False,True
TRX-17064,PROD-1567,2025-07-03,8.0,1916.13,90.18,26.0,Perdido,Medellín,Físico,False,False,False
TRX-17065,PROD-3379,2025-06-21,8.0,221.67,88.2,15.0,En Camino,Medellín,WhatsApp,False,False,False
TRX-17066,PROD-3217,2024-10-27,1.0,1694.81,46.27,29.0,En Camino,Bogotá,Online,False,False,False
TRX-17067,PROD-3801,2025-11-16,5.0,677.48,36.17,8.0,Entregado,Sin Ciudad,Online,False,False,True
TRX-17068,PROD-1828,2025-03-25,13.0,1622.87,52.36,8.0,En Camino,Bogotá,WhatsApp,False,False,False
TRX-17069,PROD-1565,2024-12-30,10.0,1712.72,66.19,22.0,Retrasado,Barranquilla,WhatsApp,False,False,False
TRX-17070,PROD-2265,2025-05-17,5.0,550.26,81.66,18.0,Retrasado,Bogotá,App,False,False,False
TRX-17071,PROD-3820,2025-10-30,12.0,823.57,74.51,14.0,Sin Información,Bucaramanga,Físico,False,False,True
TRX-17072,PROD-3888,2025-12-07,8.0,1454.77,63.48,25.0,En Camino,Medellín,WhatsApp,False,False,True
TRX-17073,PROD-3145,2026-01-04,8.0,207.12,26.99,10.0,Sin Información,Medellín,Físico,False,False,False
TRX-17074,PROD-1553,2025-01-22,12.0,1513.51,29.94,4.0,Retrasado,Bucaramanga,Online,False,False,False
TRX-17075,PROD-2761,2025-11-13,2.0,229.84,73.79,16.0,Perdido,Cali,WhatsApp,False,False,False
TRX-17076,PROD-1594,2024-10-15,3.0,1829.77,81.25,16.0,Retrasado,Cali,Online,False,False,False
TRX-17077,PROD-3687,2025-10-02,2.0,559.92,16.03,29.0,Sin Información,Bucaramanga,App,False,False,True
TRX-17078,PROD-3313,2024-11-24,1.0,1155.44,22.79,21.0,Perdido,Barranquilla,App,False,False,False
TRX-17079,PROD-1647,2025-08-14,2.0,243.14,69.64,17.0,Perdido,Sin Ciudad,WhatsApp,False,False,False
TRX-17080,PROD-2300,2026-01-15,10.0,546.29,52.36,9.0,Perdido,Medellín,WhatsApp,False,False,False
TRX-17081,PROD-1277,2025-02-19,6.0,813.87,41.95,11.0,Devuelto,Sin Ciudad,WhatsApp,False,False,False
TRX-17082,PROD-3282,2025-04-05,12.0,979.23,58.51,27.0,Entregado,Barranquilla,Online,False,False,False
TRX-17083,PROD-3183,2026-01-18,1.0,10.13,63.41,27.0,Sin Información,Bucaramanga,WhatsApp,False,False,False
TRX-17084,PROD-3946,2024-12-11,6.0,1778.42,78.74,26.0,Retrasado,Medellín,App,False,False,True
TRX-17085,PROD-1484,2026-01-25,1.0,25.27,81.54,13.0,Devuelto,Bogotá,WhatsApp,False,False,False
TRX-17086,PROD-1754,2025-08-03,2.0,1549.63,31.61,1.0,Sin Información,Sin Ciudad,WhatsApp,False,False,False
TRX-17087,PROD-2300,2025-02-22,8.0,946.45,56.42,7.0,Entregado,Bogotá,Online,False,False,False
TRX-17088,PROD-1596,2024-10-09,14.0,1052.52,16.73,11.0,Devuelto,Medellín,Físico,False,False,False
TRX-17089,PROD-3978,2024-10-31,6.0,424.45,84.99,25.0,Retrasado,Barranquilla,App,False,False,True
TRX-17090,PROD-1120,2025-08-21,9.0,1218.66,85.32,3.0,Sin Información,Bogotá,Físico,False,False,False
TRX-17091,PROD-2305,2025-09-05,1.0,1079.09,33.45,2.0,Perdido,Bogotá,Online,False,False,False
TRX-17092,PROD-2695,2025-12-25,5.0,336.83,52.36,14.0,Devuelto,Cali,WhatsApp,False,False,False
TRX-17093,PROD-2684,2025-04-12,7.0,483.86,20.26,10.0,Entregado,Bogotá,WhatsApp,False,False,False
TRX-17094,PROD-2242,2025-11-19,9.0,143.14,11.66,24.0,Entregado,Sin Ciudad,App,False,False,False
TRX-17095,PROD-2814,2025-06-29,14.0,141.9,59.62,20.0,Entregado,Barranquilla,WhatsApp,False,False,False
TRX-17096,PROD-3608,2025-11-18,11.0,37.41,13.69,17.0,Sin Información,Bucaramanga,Online,False,False,True
TRX-17097,PROD-2121,2024-12-19,9.0,448.74,69.66,8.0,Devuelto,Bucaramanga,Físico,False,False,False
TRX-17098,PROD-1622,2026-01-16,4.0,1362.53,69.42,15.0,Entregado,Medellín,App,False,False,False
TRX-17099,PROD-1769,2025-12-31,13.0,639.27,63.33,22.0,En Camino,Bogotá,WhatsApp,False,False,False
TRX-17100,PROD-1437,2025-12-07,7.0,692.04,88.27,6.0,Sin Información,Bogotá,WhatsApp,False,False,False
TRX-17101,PROD-1538,2025-07-19,4.0,272.49,40.94,20.0,Entregado,Bucaramanga,Físico,False,False,False
TRX-17102,PROD-1756,2025-07-11,4.0,1155.19,90.72,22.0,Entregado,Bogotá,Físico,False,False,False
TRX-17103,PROD-1107,2025-09-12,3.0,690.87,8.51,2.0,Devuelto,Medellín,WhatsApp,False,False,False
TRX-17104,PROD-3506,2024-12-01,8.0,1355.87,52.36,22.0,Retrasado,Bogotá,WhatsApp,False,False,True
TRX-17105,PROD-3527,2025-10-05,5.0,1485.5,15.71,15.0,Devuelto,Cali,Online,False,False,True
TRX-17106,PROD-2093,2025-01-24,7.0,1173.54,44.16,16.0,Devuelto,Barranquilla,Físico,False,False,False
TRX-17107,PROD-3480,2024-12-11,10.0,559.38,61.43,2.0,En Camino,Bogotá,Físico,False,False,False
TRX-17108,PROD-3322,2024-11-06,6.0,1022.13,8.08,22.0,Retrasado,Bogotá,Físico,False,False,False
TRX-17109,PROD-3508,2026-01-11,14.0,511.34,58.91,14.0,Devuelto,Bogotá,Online,False,False,True
TRX-17110,PROD-1945,2025-05-13,9.0,1806.8,34.2,25.0,En Camino,Medellín,Físico,False,False,False
TRX-17111,PROD-3442,2026-01-15,14.0,1535.11,89.28,23.0,Devuelto,Sin Ciudad,Online,False,False,False
TRX-17112,PROD-1951,2025-02-23,3.0,991.08,55.66,28.0,En Camino,Sin Ciudad,App,False,False,False
TRX-17113,PROD-1945,2025-10-22,6.0,1931.26,60.85,28.0,Sin Información,Bogotá,App,False,False,False
TRX-17114,PROD-3815,2025-03-21,3.0,1098.04,94.83,20.0,Perdido,Barranquilla,Online,False,False,True
TRX-17115,PROD-1106,2025-11-05,2.0,663.79,77.6,1.0,Entregado,Sin Ciudad,App,False,False,False
TRX-17116,PROD-2471,2024-10-23,3.0,199.98,52.36,9.0,Entregado,Bucaramanga,Físico,False,False,False
TRX-17117,PROD-1325,2024-12-16,2.0,1092.05,46.64,17.0,Devuelto,Medellín,Físico,False,False,False
TRX-17118,PROD-3818,2024-11-06,2.0,1722.23,50.3,21.0,En Camino,Barranquilla,Online,False,False,True
TRX-17119,PROD-2952,2025-09-28,10.0,1734.77,66.55,14.0,Perdido,Sin Ciudad,WhatsApp,False,False,False
TRX-17120,PROD-1549,2025-08-11,11.0,1213.09,24.02,23.0,Entregado,Bogotá,Físico,False,False,False
TRX-17121,PROD-3057,2025-08-20,7.0,792.94,13.42,10.0,Devuelto,Bucaramanga,WhatsApp,False,False,False
TRX-17122,PROD-3476,2025-05-23,10.0,1304.09,34.57,13.0,Sin Información,Barranquilla,WhatsApp,False,False,False
TRX-17123,PROD-2920,2024-11-01,3.0,1526.66,78.95,13.0,Devuelto,Sin Ciudad,WhatsApp,False,False,False
TRX-17124,PROD-3916,2025-11-26,8.0,829.13,29.45,26.0,En Camino,Bucaramanga,App,False,False,True
TRX-17125,PROD-3660,2025-03-23,13.0,957.75,17.42,22.0,Retrasado,Bucaramanga,App,False,False,True
TRX-17126,PROD-2531,2025-07-16,2.0,1364.43,25.81,19.0,Sin Información,Medellín,Online,False,False,False
TRX-17127,PROD-1753,2026-01-08,11.0,1754.54,69.5,27.0,Devuelto,Bogotá,App,False,False,False
TRX-17128,PROD-2587,2025-10-03,11.0,1584.11,52.36,8.0,Perdido,Bogotá,WhatsApp,False,False,False
TRX-17129,PROD-3012,2024-12-12,7.0,54.56,63.33,27.0,Perdido,Bogotá,WhatsApp,False,False,False
TRX-17130,PROD-2940,2024-10-30,3.0,257.5,70.39,7.0,Retrasado,Cali,App,False,False,False
TRX-17131,PROD-1563,2025-09-13,9.0,1707.03,35.59,25.0,Perdido,Cali,App,False,False,False
TRX-17132,PROD-1670,2025-11-16,7.0,1669.31,90.58,17.0,En Camino,Cali,WhatsApp,False,False,False
TRX-17133,PROD-1791,2026-01-02,9.0,783.73,47.92,8.0,Devuelto,Bogotá,Online,False,False,False
TRX-17134,PROD-1926,2025-11-24,2.0,1172.71,53.8,4.0,En Camino,Sin Ciudad,WhatsApp,False,False,False
TRX-17135,PROD-1132,2024-11-18,6.0,1812.63,95.14,7.0,Retrasado,Sin Ciudad,Online,False,False,False
TRX-17136,PROD-2673,2025-08-10,5.0,1824.0,98.03,23.0,Retrasado,Barranquilla,Físico,False,False,False
TRX-17137,PROD-1061,2025-12-31,14.0,1568.35,67.85,20.0,En Camino,Cali,WhatsApp,False,False,False
TRX-17138,PROD-2105,2024-10-22,2.0,427.08,94.76,24.0,Sin Información,Bogotá,App,False,False,False
TRX-17139,PROD-2691,2026-01-30,4.0,1463.26,56.44,29.0,Entregado,Medellín,App,False,False,False
TRX-17140,PROD-1911,2025-06-15,4.0,211.19,52.36,28.0,Retrasado,Medellín,WhatsApp,False,False,False
TRX-17141,PROD-3749,2025-05-07,8.0,1788.94,34.19,17.0,Devuelto,Bogotá,Online,False,False,True
TRX-17142,PROD-1830,2025-08-05,13.0,306.81,34.93,5.0,Sin Información,Bogotá,App,False,False,False
TRX-17143,PROD-1837,2025-12-13,7.0,1328.07,58.1,20.0,Retrasado,Sin Ciudad,Físico,False,False,False
TRX-17144,PROD-1270,2026-02-04,13.0,1224.38,62.48,4.0,En Camino,Cali,App,False,True,False
TRX-17145,PROD-1725,2025-07-11,5.0,1556.03,46.76,19.0,En Camino,Bogotá,Online,False,False,False
TRX-17146,PROD-2799,2024-11-15,9.0,1107.64,88.96,1.0,Perdido,Bucaramanga,WhatsApp,False,False,False
TRX-17147,PROD-3527,2024-12-28,1.0,128.54,45.54,21.0,Sin Información,Bogotá,App,False,False,True
TRX-17148,PROD-3006,2025-12-15,4.0,1414.63,30.98,24.0,Entregado,Medellín,WhatsApp,False,False,False
TRX-17149,PROD-3817,2026-01-01,5.0,772.48,5.76,10.0,En Camino,Bucaramanga,WhatsApp,False,False,True
TRX-17150,PROD-2330,2024-09-26,8.0,647.37,97.2,6.0,Perdido,Bucaramanga,Físico,False,False,False
TRX-17151,PROD-2874,2025-12-05,3.0,1983.43,83.31,12.0,Perdido,Bogotá,Físico,False,False,False
TRX-17152,PROD-2010,2025-07-29,14.0,1184.9,52.36,17.0,Devuelto,Cali,WhatsApp,False,False,False
TRX-17153,PROD-2751,2025-09-24,12.0,1424.33,63.48,5.0,Perdido,Bogotá,Online,False,False,False
TRX-17154,PROD-2658,2024-12-22,5.0,1057.39,83.9,22.0,Entregado,Bogotá,Físico,False,False,False
TRX-17155,PROD-1171,2024-12-20,3.0,1542.25,81.98,9.0,Devuelto,Cali,App,False,False,False
TRX-17156,PROD-3490,2025-08-08,13.0,1506.62,93.53,9.0,En Camino,Bogotá,Físico,False,False,False
TRX-17157,PROD-2558,2025-10-02,7.0,1317.72,41.68,5.0,Sin Información,Medellín,WhatsApp,False,False,False
TRX-17158,PROD-3949,2024-12-23,10.0,1995.51,57.71,19.0,En Camino,Cali,Físico,False,False,True
TRX-17159,PROD-2281,2025-02-19,3.0,924.99,14.37,22.0,Perdido,Bogotá,Online,False,False,False
TRX-17160,PROD-2614,2025-05-14,7.0,1415.32,96.7,27.0,Retrasado,Medellín,Físico,False,False,False
TRX-17161,PROD-3504,2025-11-05,14.0,1597.58,98.59,24.0,Entregado,Medellín,Online,False,False,True
TRX-17162,PROD-3342,2025-08-25,2.0,758.31,79.96,28.0,Entregado,Bogotá,App,False,False,False
TRX-17163,PROD-3432,2024-11-20,7.0,919.78,48.14,11.0,Perdido,Bucaramanga,Físico,False,False,False
TRX-17164,PROD-3196,2025-03-26,9.0,1938.64,52.36,28.0,Entregado,Sin Ciudad,App,False,False,False
TRX-17165,PROD-3151,2025-12-04,12.0,74.26,52.17,12.0,Devuelto,Medellín,WhatsApp,False,False,False
TRX-17166,PROD-3627,2024-11-05,5.0,677.24,46.36,5.0,Perdido,Medellín,App,False,False,True
TRX-17167,PROD-3884,2025-03-21,12.0,977.56,32.86,8.0,Retrasado,Sin Ciudad,Físico,False,False,True
TRX-17168,PROD-1157,2024-12-07,6.0,12.92,55.14,17.0,En Camino,Sin Ciudad,Físico,False,False,False
TRX-17169,PROD-3132,2025-02-13,13.0,1799.26,10.08,8.0,Entregado,Medellín,Online,False,False,False
TRX-17170,PROD-1447,2025-01-01,10.0,579.63,99.23,2.0,Sin Información,Bogotá,Físico,False,False,False
TRX-17171,PROD-2849,2025-10-08,11.0,522.83,45.28,23.0,En Camino,Barranquilla,WhatsApp,False,False,False
TRX-17172,PROD-2871,2025-06-21,3.0,1642.45,93.1,18.0,Retrasado,Medellín,Online,False,False,False
TRX-17173,PROD-1173,2025-12-31,13.0,563.19,73.81,19.0,Retrasado,Cali,Físico,False,False,False
TRX-17174,PROD-2006,2024-11-16,10.0,1318.67,32.54,21.0,Devuelto,Sin Ciudad,Físico,False,False,False
TRX-17175,PROD-3124,2025-03-30,5.0,1644.79,26.09,10.0,Retrasado,Barranquilla,Físico,False,False,False
TRX-17176,PROD-3203,2025-09-08,13.0,1587.03,52.36,7.0,Retrasado,Sin Ciudad,Físico,False,False,False
TRX-17177,PROD-2620,2025-08-23,5.0,1566.08,99.59,9.0,Entregado,Bogotá,WhatsApp,False,False,False
TRX-17178,PROD-1160,2024-12-08,3.0,186.39,78.35,12.0,En Camino,Bogotá,Físico,False,False,False
TRX-17179,PROD-3284,2025-07-15,8.0,168.9,28.72,12.0,Sin Información,Bogotá,Online,False,False,False
TRX-17180,PROD-2586,2025-04-29,6.0,620.47,11.41,5.0,Entregado,Sin Ciudad,Físico,False,False,False
TRX-17181,PROD-3114,2025-06-26,13.0,81.54,71.21,11.0,Entregado,Bucaramanga,Online,False,False,False
TRX-17182,PROD-3583,2024-11-27,3.0,1005.86,33.79,17.0,Perdido,Bogotá,Online,False,False,True
TRX-17183,PROD-1201,2025-02-05,1.0,795.62,26.03,15.0,Sin Información,Medellín,Físico,False,False,False
TRX-17184,PROD-1777,2025-05-14,10.0,1118.48,74.82,11.0,Perdido,Sin Ciudad,WhatsApp,False,False,False
TRX-17185,PROD-2192,2025-04-09,1.0,604.59,69.53,15.0,Devuelto,Medellín,Físico,False,False,False
TRX-17186,PROD-2800,2025-06-15,13.0,976.65,50.73,16.0,Sin Información,Medellín,Físico,False,False,False
TRX-17187,PROD-2630,2025-12-07,11.0,676.14,94.55,19.0,Devuelto,Medellín,Online,False,False,False
TRX-17188,PROD-2247,2025-10-15,10.0,398.46,52.36,21.0,Retrasado,Barranquilla,App,False,False,False
TRX-17189,PROD-2171,2024-11-04,12.0,1302.24,69.57,12.0,Devuelto,Bogotá,App,False,False,False
TRX-17190,PROD-2889,2025-09-18,2.0,1350.14,89.87,3.0,Devuelto,Medellín,WhatsApp,False,False,False
TRX-17191,PROD-1681,2025-05-08,10.0,1660.17,23.1,8.0,Retrasado,Bogotá,Online,False,False,False
TRX-17192,PROD-2730,2025-05-07,5.0,1750.76,33.18,24.0,En Camino,Bucaramanga,WhatsApp,False,False,False
TRX-17193,PROD-2205,2024-11-24,7.0,1411.88,14.93,11.0,Retrasado,Sin Ciudad,Físico,False,False,False
TRX-17194,PROD-3511,2025-03-12,1.0,1378.12,33.94,1.0,Retrasado,Cali,Físico,False,False,True
TRX-17195,PROD-1223,2025-12-17,1.0,122.78,97.32,24.0,En Camino,Barranquilla,WhatsApp,False,False,False
TRX-17196,PROD-3826,2025-05-30,4.0,228.46,96.47,4.0,Retrasado,Medellín,Online,False,False,True
TRX-17197,PROD-3117,2025-08-26,13.0,1627.0,77.24,27.0,Perdido,Barranquilla,Físico,False,False,False
TRX-17198,PROD-1582,2025-05-30,10.0,473.57,54.5,6.0,Devuelto,Cali,Online,False,False,False
TRX-17199,PROD-2898,2025-07-26,6.0,717.57,79.17,10.0,Retrasado,Sin Ciudad,Físico,False,False,False
TRX-17200,PROD-3646,2025-05-18,7.0,299.14,52.36,15.0,Entregado,Bogotá,Físico,True,False,True
TRX-17201,PROD-2850,2024-11-17,9.0,398.35,57.58,15.0,Devuelto,Barranquilla,WhatsApp,False,False,False
TRX-17202,PROD-1370,2025-03-12,1.0,1553.08,5.33,8.0,Perdido,Medellín,WhatsApp,False,False,False
TRX-17203,PROD-3959,2025-11-04,11.0,531.1,52.65,14.0,Perdido,Medellín,Online,False,False,True
TRX-17204,PROD-3050,2026-01-15,10.0,903.58,61.9,2.0,Retrasado,Medellín,App,False,False,False
TRX-17205,PROD-1463,2024-10-26,5.0,311.83,30.25,24.0,En Camino,Bucaramanga,App,False,False,False
TRX-17206,PROD-1736,2025-08-03,9.0,1359.08,24.31,23.0,Entregado,Cali,App,False,False,False
TRX-17207,PROD-3397,2025-01-30,8.0,1459.26,31.01,20.0,Retrasado,Bogotá,Físico,False,False,False
TRX-17208,PROD-3851,2025-01-30,7.0,729.77,64.24,28.0,En Camino,Medellín,App,False,False,True
TRX-17209,PROD-3238,2025-10-21,13.0,1571.65,18.88,21.0,Perdido,Medellín,WhatsApp,False,False,False
TRX-17210,PROD-1554,2025-02-20,10.0,487.41,73.43,6.0,Devuelto,Bucaramanga,App,False,False,False
TRX-17211,PROD-2610,2025-02-12,2.0,1386.89,45.15,3.0,Perdido,Medellín,App,False,False,False
TRX-17212,PROD-2693,2025-01-18,9.0,1462.63,52.36,2.0,Retrasado,Medellín,App,False,False,False
TRX-17213,PROD-2324,2025-04-14,12.0,1937.63,38.57,14.0,En Camino,Sin Ciudad,App,False,False,False
TRX-17214,PROD-2846,2025-10-11,13.0,472.32,81.69,18.0,Retrasado,Bucaramanga,App,False,False,False
TRX-17215,PROD-1102,2025-05-15,8.0,196.48,53.08,15.0,Perdido,Sin Ciudad,Online,False,False,False
TRX-17216,PROD-1732,2024-10-09,13.0,533.44,40.95,4.0,Entregado,Medellín,WhatsApp,False,False,False
TRX-17217,PROD-2858,2024-12-13,11.0,254.5,88.42,16.0,Perdido,Sin Ciudad,App,False,False,False
TRX-17218,PROD-3417,2024-10-06,10.0,347.69,39.98,23.0,Retrasado,Sin Ciudad,Físico,False,False,False
TRX-17219,PROD-3918,2024-12-12,10.0,674.89,86.61,12.0,En Camino,Cali,Online,False,False,True
TRX-17220,PROD-1827,2025-04-17,9.0,833.84,52.9,17.0,Retrasado,Sin Ciudad,Físico,False,False,False
TRX-17221,PROD-2862,2025-04-14,9.0,1808.41,24.76,1.0,Devuelto,Sin Ciudad,WhatsApp,False,False,False
TRX-17222,PROD-1369,2025-10-06,9.0,399.28,63.22,20.0,Devuelto,Barranquilla,App,False,False,False
TRX-17223,PROD-2024,2025-06-21,3.0,1943.8,32.11,9.0,En Camino,Medellín,WhatsApp,False,False,False
TRX-17224,PROD-2327,2024-10-24,7.0,1622.2,52.36,12.0,Perdido,Medellín,App,False,False,False
TRX-17225,PROD-3833,2024-10-15,12.0,1764.13,18.98,28.0,Retrasado,Bogotá,App,False,False,True
TRX-17226,PROD-3656,2025-01-02,1.0,1859.59,13.22,5.0,Sin Información,Cali,Físico,False,False,True
TRX-17227,PROD-3914,2025-03-03,9.0,1508.95,27.96,17.0,Sin Información,Barranquilla,WhatsApp,False,False,True
TRX-17228,PROD-1671,2024-12-29,14.0,1579.67,74.97,3.0,Devuelto,Bucaramanga,App,False,False,False
TRX-17229,PROD-3942,2025-02-13,9.0,881.26,84.61,27.0,Entregado,Barranquilla,WhatsApp,False,False,True
TRX-17230,PROD-1506,2025-11-14,3.0,1025.8,86.86,6.0,Devuelto,Medellín,App,False,False,False
TRX-17231,PROD-1373,2025-01-04,5.0,1865.65,30.66,29.0,Perdido,Cali,WhatsApp,False,False,False
TRX-17232,PROD-1467,2025-10-09,12.0,762.73,67.79,3.0,En Camino,Medellín,WhatsApp,False,False,False
TRX-17233,PROD-3892,2025-12-21,13.0,93.47,26.88,27.0,Entregado,Bogotá,App,False,False,True
TRX-17234,PROD-2840,2025-11-13,8.0,1527.88,64.16,22.0,Retrasado,Sin Ciudad,WhatsApp,False,False,False
TRX-17235,PROD-3597,2025-08-12,6.0,1150.58,89.29,6.0,Retrasado,Cali,App,False,False,True
TRX-17236,PROD-2486,2025-03-12,10.0,1631.6,52.36,21.0,Sin Información,Bucaramanga,App,False,False,False
TRX-17237,PROD-1349,2024-11-25,10.0,160.35,8.88,26.0,En Camino,Sin Ciudad,App,False,False,False
TRX-17238,PROD-3145,2025-05-24,9.0,1246.25,98.6,13.0,Entregado,Sin Ciudad,Online,False,False,False
TRX-17239,PROD-3897,2024-12-02,14.0,502.93,83.57,21.0,Entregado,Bucaramanga,App,False,False,True
TRX-17240,PROD-2573,2025-06-23,13.0,1807.5,77.36,25.0,Entregado,Sin Ciudad,WhatsApp,False,False,False
TRX-17241,PROD-3977,2025-12-18,3.0,228.72,70.68,19.0,En Camino,Medellín,Online,False,False,True
TRX-17242,PROD-3095,2025-09-26,12.0,1687.71,78.18,15.0,En Camino,Bogotá,App,False,False,False
TRX-17243,PROD-3507,2025-01-25,7.0,186.22,99.49,27.0,Retrasado,Cali,WhatsApp,False,False,True
TRX-17244,PROD-1654,2025-10-10,13.0,59.94,78.17,26.0,Devuelto,Bogotá,WhatsApp,False,False,False
TRX-17245,PROD-2551,2025-08-05,6.0,477.77,38.4,7.0,Perdido,Cali,WhatsApp,False,False,False
TRX-17246,PROD-3254,2025-08-19,14.0,672.76,63.32,13.0,Retrasado,Bucaramanga,Online,False,False,False
TRX-17247,PROD-2558,2025-01-07,5.0,1256.79,37.01,20.0,Sin Información,Bogotá,Físico,False,False,False
TRX-17248,PROD-1179,2025-02-17,4.0,272.13,52.36,2.0,Sin Información,Cali,Físico,False,False,False
TRX-17249,PROD-1699,2025-10-22,5.0,880.29,97.16,26.0,Sin Información,Medellín,Online,False,False,False
TRX-17250,PROD-2372,2025-12-29,13.0,416.48,90.51,19.0,Entregado,Bucaramanga,App,False,False,False
TRX-17251,PROD-3316,2025-11-26,4.0,1712.05,58.92,19.0,Devuelto,Cali,Físico,False,False,False
TRX-17252,PROD-3701,2025-04-02,3.0,99.48,79.22,3.0,Perdido,Sin Ciudad,Físico,False,False,True
TRX-17253,PROD-1614,2025-08-25,7.0,718.32,91.42,3.0,Entregado,Cali,WhatsApp,False,False,False
TRX-17254,PROD-1664,2025-05-06,6.0,1266.43,28.14,26.0,En Camino,Medellín,WhatsApp,False,False,False
TRX-17255,PROD-1592,2025-05-22,4.0,1827.05,60.05,6.0,Devuelto,Medellín,App,False,False,False
TRX-17256,PROD-1732,2026-01-31,9.0,1737.31,50.76,13.0,En Camino,Sin Ciudad,Físico,False,False,False
TRX-17257,PROD-3916,2025-12-26,1.0,1791.43,78.3,14.0,Perdido,Sin Ciudad,WhatsApp,False,False,True
TRX-17258,PROD-1210,2025-09-19,1.0,135.08,41.01,6.0,Sin Información,Cali,Online,False,False,False
TRX-17259,PROD-2718,2025-07-03,9.0,1683.44,72.35,27.0,Perdido,Bogotá,App,False,False,False
TRX-17260,PROD-2261,2025-11-28,7.0,1562.03,52.36,9.0,Entregado,Bogotá,WhatsApp,False,False,False
TRX-17261,PROD-2267,2025-03-04,2.0,1805.84,43.28,24.0,En Camino,Bucaramanga,WhatsApp,False,False,False
TRX-17262,PROD-3990,2024-09-30,11.0,630.04,15.55,10.0,Retrasado,Cali,WhatsApp,False,False,True
TRX-17263,PROD-2827,2025-09-04,10.0,1824.41,15.18,16.0,Sin Información,Medellín,Online,False,False,False
TRX-17264,PROD-2182,2025-11-02,5.0,811.26,16.31,23.0,Retrasado,Bucaramanga,Online,False,False,False
TRX-17265,PROD-3565,2025-10-04,13.0,1271.86,8.09,15.0,En Camino,Medellín,WhatsApp,False,False,True
TRX-17266,PROD-1740,2025-02-21,4.0,854.12,55.63,12.0,Perdido,Sin Ciudad,App,False,False,False
TRX-17267,PROD-1481,2025-08-10,1.0,861.02,68.83,28.0,Sin Información,Bucaramanga,WhatsApp,False,False,False
TRX-17268,PROD-1538,2024-12-26,12.0,1097.81,17.04,13.0,Devuelto,Cali,Físico,False,False,False
TRX-17269,PROD-1830,2025-04-24,13.0,718.29,63.13,18.0,Sin Información,Medellín,WhatsApp,False,False,False
TRX-17270,PROD-1014,2024-11-25,9.0,1587.55,61.79,26.0,En Camino,Sin Ciudad,Online,False,False,False
TRX-17271,PROD-3550,2024-11-26,6.0,1270.94,18.97,2.0,Entregado,Medellín,Físico,False,False,True
TRX-17272,PROD-2036,2025-10-08,11.0,1382.61,52.36,14.0,Retrasado,Bogotá,Online,False,False,False
TRX-17273,PROD-1050,2025-06-19,13.0,469.76,43.39,17.0,Sin Información,Barranquilla,App,False,False,False
TRX-17274,PROD-2878,2024-10-17,14.0,1939.45,76.74,23.0,Entregado,Medellín,App,False,False,False
TRX-17275,PROD-3038,2026-01-19,12.0,1323.75,6.59,23.0,Devuelto,Barranquilla,WhatsApp,False,False,False
TRX-17276,PROD-3042,2024-12-31,6.0,402.42,18.96,1.0,Retrasado,Bucaramanga,App,False,False,False
TRX-17277,PROD-3226,2025-01-05,4.0,1503.48,99.6,22.0,Retrasado,Bogotá,Físico,False,False,False
TRX-17278,PROD-1023,2025-01-31,13.0,355.69,74.69,11.0,Retrasado,Bogotá,Online,False,False,False
TRX-17279,PROD-3490,2025-10-16,2.0,136.14,49.09,14.0,Sin Información,Bogotá,WhatsApp,False,False,False
TRX-17280,PROD-3021,2025-08-09,8.0,1059.83,64.83,12.0,Entregado,Medellín,App,False,False,False
TRX-17281,PROD-1974,2025-12-04,8.0,1111.51,85.39,23.0,Perdido,Medellín,Online,False,False,False
TRX-17282,PROD-1888,2024-10-11,3.0,386.04,85.02,14.0,Entregado,Medellín,Online,False,False,False
TRX-17283,PROD-3411,2025-05-05,7.0,703.27,35.85,17.0,Perdido,Cali,App,False,False,False
TRX-17284,PROD-3701,2025-01-06,14.0,1892.08,52.36,12.0,Sin Información,Bucaramanga,WhatsApp,False,False,True
TRX-17285,PROD-2948,2024-11-15,7.0,577.16,51.67,6.0,En Camino,Cali,Online,False,False,False
TRX-17286,PROD-2858,2026-01-13,14.0,319.58,65.62,26.0,Retrasado,Barranquilla,WhatsApp,False,False,False
TRX-17287,PROD-2679,2025-12-26,5.0,1985.2,11.83,9.0,Entregado,Barranquilla,Online,False,False,False
TRX-17288,PROD-2809,2025-10-21,5.0,611.59,94.85,12.0,Devuelto,Medellín,WhatsApp,False,False,False
TRX-17289,PROD-1325,2025-05-06,8.0,1363.7,46.11,17.0,Devuelto,Medellín,WhatsApp,False,False,False
TRX-17290,PROD-3462,2025-10-27,4.0,470.8,40.23,16.0,Perdido,Bucaramanga,App,False,False,False
TRX-17291,PROD-3458,2025-09-17,1.0,1104.74,91.17,2.0,Perdido,Barranquilla,Online,False,False,False
TRX-17292,PROD-1026,2025-11-26,1.0,778.7,16.24,18.0,Retrasado,Bucaramanga,App,False,False,False
TRX-17293,PROD-2002,2025-11-09,9.0,1923.54,8.73,16.0,Perdido,Barranquilla,Físico,False,False,False
TRX-17294,PROD-3241,2024-10-07,4.0,871.28,70.08,10.0,Devuelto,Bogotá,WhatsApp,False,False,False
TRX-17295,PROD-2139,2024-11-09,1.0,1172.51,41.58,19.0,Entregado,Bucaramanga,Online,False,False,False
TRX-17296,PROD-3538,2025-02-08,13.0,1890.08,52.36,4.0,Entregado,Bogotá,App,False,False,True
TRX-17297,PROD-3574,2026-01-27,2.0,1978.58,77.63,7.0,Perdido,Cali,Físico,False,False,True
TRX-17298,PROD-3283,2024-10-26,10.0,212.3,11.51,16.0,Perdido,Bogotá,WhatsApp,False,False,False
TRX-17299,PROD-1850,2025-11-16,7.0,1670.3,41.46,19.0,Sin Información,Sin Ciudad,Online,False,False,False
TRX-17300,PROD-1200,2025-11-10,7.0,770.41,27.36,23.0,Devuelto,Sin Ciudad,App,False,False,False
TRX-17301,PROD-1757,2025-09-12,2.0,1193.71,75.26,5.0,En Camino,Barranquilla,Online,False,False,False
TRX-17302,PROD-1607,2025-12-23,1.0,756.35,26.58,5.0,Entregado,Bogotá,WhatsApp,False,False,False
TRX-17303,PROD-1225,2025-04-20,10.0,808.22,48.5,23.0,Perdido,Cali,Físico,False,False,False
TRX-17304,PROD-3675,2024-10-11,14.0,326.13,82.79,23.0,Sin Información,Sin Ciudad,WhatsApp,False,False,True
TRX-17305,PROD-2429,2026-01-22,9.0,1149.81,91.96,7.0,Sin Información,Sin Ciudad,Online,False,False,False
TRX-17306,PROD-1150,2025-04-06,14.0,1097.96,73.65,25.0,Sin Información,Bucaramanga,WhatsApp,False,False,False
TRX-17307,PROD-1595,2025-08-14,5.0,386.82,45.78,17.0,Sin Información,Bogotá,App,False,False,False
TRX-17308,PROD-1132,2025-01-15,14.0,1088.04,52.36,1.0,Retrasado,Bogotá,Online,False,False,False
TRX-17309,PROD-3732,2025-11-13,13.0,1946.47,59.34,3.0,Perdido,Cali,Online,False,False,True
TRX-17310,PROD-3367,2025-09-09,4.0,1431.67,70.52,16.0,Perdido,Bogotá,Online,False,False,False
TRX-17311,PROD-3471,2025-12-30,4.0,967.16,88.12,22.0,Sin Información,Sin Ciudad,Físico,False,False,False
TRX-17312,PROD-2222,2024-12-06,14.0,1833.01,89.41,2.0,Entregado,Bogotá,Físico,False,False,False
TRX-17313,PROD-2356,2025-02-19,11.0,1154.88,93.44,25.0,Perdido,Cali,Online,False,False,False
TRX-17314,PROD-1359,2024-10-28,13.0,278.75,82.02,1.0,Retrasado,Medellín,Físico,False,False,False
TRX-17315,PROD-1200,2025-05-22,1.0,1099.54,18.95,21.0,Retrasado,Sin Ciudad,Físico,False,False,False
TRX-17316,PROD-1446,2025-02-20,3.0,370.14,76.03,7.0,Sin Información,Barranquilla,App,False,False,False
TRX-17317,PROD-2707,2024-11-24,13.0,1537.33,82.39,10.0,Retrasado,Barranquilla,Físico,False,False,False
TRX-17318,PROD-1730,2025-02-23,1.0,1934.68,88.4,3.0,Devuelto,Barranquilla,Físico,False,False,False
TRX-17319,PROD-1660,2025-03-29,5.0,728.03,92.86,18.0,Retrasado,Bogotá,Físico,False,False,False
TRX-17320,PROD-3752,2025-05-03,5.0,875.49,52.36,29.0,Sin Información,Sin Ciudad,Online,False,False,True
TRX-17321,PROD-2164,2024-12-24,9.0,848.78,53.37,3.0,Sin Información,Bogotá,Online,False,False,False
TRX-17322,PROD-3503,2024-09-27,13.0,577.75,67.23,28.0,Sin Información,Medellín,Físico,False,False,True
TRX-17323,PROD-3707,2025-12-04,8.0,1590.42,5.91,7.0,Entregado,Sin Ciudad,App,False,False,True
TRX-17324,PROD-3832,2025-03-07,5.0,1239.28,59.41,15.0,En Camino,Medellín,Físico,False,False,True
TRX-17325,PROD-3866,2025-12-12,5.0,137.46,49.95,1.0,Perdido,Cali,App,False,False,True
TRX-17326,PROD-3436,2024-10-17,7.0,1679.22,96.42,24.0,Perdido,Sin Ciudad,WhatsApp,False,False,False
TRX-17327,PROD-3344,2024-12-29,12.0,382.31,90.66,19.0,Perdido,Bogotá,App,False,False,False
TRX-17328,PROD-3302,2025-06-17,2.0,1958.51,80.77,5.0,Retrasado,Cali,Físico,False,False,False
TRX-17329,PROD-1726,2025-02-19,13.0,759.56,10.41,26.0,Retrasado,Sin Ciudad,App,False,False,False
TRX-17330,PROD-2865,2025-10-20,7.0,1236.73,43.19,27.0,Retrasado,Bucaramanga,App,False,False,False
TRX-17331,PROD-3371,2025-06-01,1.0,164.87,71.12,21.0,En Camino,Bogotá,App,False,False,False
TRX-17332,PROD-2475,2024-12-15,14.0,695.88,52.36,22.0,En Camino,Bogotá,WhatsApp,False,False,False
TRX-17333,PROD-1146,2025-07-04,5.0,1606.68,7.82,7.0,En Camino,Medellín,Físico,False,False,False
TRX-17334,PROD-1381,2025-03-13,12.0,959.64,27.4,11.0,En Camino,Bucaramanga,App,False,False,False
TRX-17335,PROD-2225,2025-05-01,12.0,1810.16,89.31,1.0,En Camino,Bogotá,Físico,False,False,False
TRX-17336,PROD-2322,2025-01-09,6.0,1154.53,17.33,22.0,Perdido,Barranquilla,WhatsApp,False,False,False
TRX-17337,PROD-2509,2024-10-19,13.0,1857.86,9.88,2.0,Perdido,Cali,Online,False,False,False
TRX-17338,PROD-2552,2025-05-26,11.0,1965.39,60.16,14.0,En Camino,Sin Ciudad,Físico,False,False,False
TRX-17339,PROD-1277,2024-11-16,14.0,913.25,94.91,10.0,Perdido,Medellín,Online,False,False,False
TRX-17340,PROD-2750,2025-12-31,10.0,1134.66,84.29,3.0,En Camino,Medellín,WhatsApp,False,False,False
TRX-17341,PROD-3254,2025-02-02,1.0,1671.49,97.6,14.0,En Camino,Barranquilla,WhatsApp,False,False,False
TRX-17342,PROD-1265,2024-11-13,9.0,450.85,76.58,5.0,En Camino,Medellín,Online,False,False,False
TRX-17343,PROD-2199,2026-01-28,9.0,1724.64,46.55,17.0,Perdido,Medellín,Físico,False,False,False
TRX-17344,PROD-2928,2025-06-02,1.0,1187.92,52.36,7.0,Devuelto,Sin Ciudad,Online,False,False,False
TRX-17345,PROD-1551,2025-06-18,4.0,1453.75,94.93,1.0,Devuelto,Bogotá,WhatsApp,False,False,False
TRX-17346,PROD-1499,2025-07-17,8.0,168.91,45.53,24.0,Sin Información,Bucaramanga,WhatsApp,False,False,False
TRX-17347,PROD-3845,2025-10-26,2.0,1534.71,38.26,11.0,Sin Información,Bucaramanga,Físico,False,False,True
TRX-17348,PROD-2124,2024-12-10,13.0,628.47,47.58,28.0,Devuelto,Sin Ciudad,Físico,False,False,False
TRX-17349,PROD-2348,2024-10-10,13.0,1612.41,82.33,6.0,Entregado,Sin Ciudad,App,False,False,False
TRX-17350,PROD-3158,2025-07-25,11.0,1023.21,92.18,16.0,Devuelto,Medellín,Online,False,False,False
TRX-17351,PROD-2694,2025-06-07,13.0,556.48,38.98,27.0,Devuelto,Bogotá,Físico,False,False,False
TRX-17352,PROD-3148,2025-08-31,8.0,1905.99,48.91,14.0,Devuelto,Sin Ciudad,Físico,False,False,False
TRX-17353,PROD-1859,2025-01-07,10.0,1532.47,90.34,17.0,Retrasado,Barranquilla,Online,False,False,False
TRX-17354,PROD-3850,2025-10-24,13.0,1971.52,9.47,15.0,En Camino,Medellín,WhatsApp,False,False,True
TRX-17355,PROD-1856,2026-01-26,12.0,735.3,79.47,14.0,Sin Información,Medellín,Online,False,False,False
TRX-17356,PROD-3506,2025-12-18,14.0,1301.95,52.36,7.0,Perdido,Cali,Online,False,False,True
TRX-17357,PROD-1238,2024-11-08,13.0,1227.06,48.15,10.0,Retrasado,Cali,WhatsApp,False,False,False
TRX-17358,PROD-1447,2025-05-26,9.0,1378.24,40.77,19.0,En Camino,Sin Ciudad,Online,False,False,False
TRX-17359,PROD-3340,2024-12-20,9.0,86.25,47.46,7.0,Devuelto,Bogotá,Físico,False,False,False
TRX-17360,PROD-3988,2025-04-13,14.0,590.52,44.78,15.0,Devuelto,Cali,Online,False,False,True
TRX-17361,PROD-3576,2025-11-30,1.0,1819.58,76.88,27.0,Retrasado,Medellín,Físico,False,False,True
TRX-17362,PROD-3166,2025-05-20,9.0,853.4,93.16,24.0,Perdido,Bucaramanga,WhatsApp,False,False,False
TRX-17363,PROD-1359,2026-01-25,4.0,1921.68,51.69,26.0,Retrasado,Bucaramanga,Online,False,False,False
TRX-17364,PROD-2981,2025-06-17,12.0,434.87,84.11,14.0,Retrasado,Barranquilla,App,False,False,False
TRX-17365,PROD-3965,2024-10-05,12.0,1994.87,74.53,15.0,Sin Información,Bogotá,Online,False,False,True
TRX-17366,PROD-3820,2025-02-06,8.0,1398.19,36.41,19.0,En Camino,Medellín,Online,False,False,True
TRX-17367,PROD-3477,2025-08-03,13.0,1555.02,60.79,21.0,Entregado,Bogotá,Físico,False,False,False
TRX-17368,PROD-3895,2025-03-14,14.0,799.75,52.36,26.0,Sin Información,Bogotá,Físico,False,False,True
TRX-17369,PROD-2176,2025-05-10,9.0,1814.95,68.35,16.0,Perdido,Bogotá,App,False,False,False
TRX-17370,PROD-2749,2025-04-08,3.0,1095.47,7.23,2.0,Perdido,Cali,App,False,False,False
TRX-17371,PROD-3493,2026-01-26,6.0,1365.07,42.62,2.0,Retrasado,Medellín,WhatsApp,False,False,False
TRX-17372,PROD-2296,2025-05-23,3.0,198.67,99.3,1.0,Retrasado,Medellín,WhatsApp,False,False,False
TRX-17373,PROD-2063,2024-11-04,1.0,1267.04,65.54,16.0,Devuelto,Sin Ciudad,Online,False,False,False
TRX-17374,PROD-3152,2025-08-18,10.0,1759.37,36.75,19.0,Retrasado,Medellín,Físico,False,False,False
TRX-17375,PROD-3355,2025-06-28,6.0,364.78,28.75,4.0,En Camino,Bucaramanga,Online,False,False,False
TRX-17376,PROD-3552,2024-12-10,5.0,1478.07,24.9,3.0,Devuelto,Bucaramanga,Físico,False,False,True
TRX-17377,PROD-2449,2025-11-25,3.0,60.55,43.16,11.0,Entregado,Bogotá,WhatsApp,False,False,False
TRX-17378,PROD-1531,2025-06-28,14.0,1853.14,23.36,24.0,En Camino,Medellín,Físico,False,False,False
TRX-17379,PROD-3516,2025-05-12,14.0,1966.01,17.84,17.0,Perdido,Sin Ciudad,Físico,False,False,True
TRX-17380,PROD-3304,2025-01-01,4.0,714.82,52.36,5.0,Perdido,Medellín,WhatsApp,False,False,False
TRX-17381,PROD-3033,2025-03-03,2.0,223.08,39.59,23.0,En Camino,Barranquilla,WhatsApp,False,False,False
TRX-17382,PROD-3128,2025-02-13,12.0,1320.57,62.66,29.0,Sin Información,Medellín,Físico,False,False,False
TRX-17383,PROD-3986,2025-12-13,10.0,69.37,18.91,9.0,Retrasado,Barranquilla,App,False,False,True
TRX-17384,PROD-3588,2025-01-09,10.0,970.15,9.21,1.0,Retrasado,Cali,Físico,False,False,True
TRX-17385,PROD-3038,2025-12-01,13.0,550.84,8.29,25.0,Retrasado,Cali,WhatsApp,False,False,False
TRX-17386,PROD-3017,2025-05-13,14.0,951.94,30.4,27.0,Perdido,Bucaramanga,App,False,False,False
TRX-17387,PROD-1736,2025-01-11,4.0,46.37,23.06,9.0,En Camino,Bogotá,App,False,False,False
TRX-17388,PROD-3496,2025-11-12,4.0,112.71,56.23,4.0,Retrasado,Bogotá,Online,False,False,False
TRX-17389,PROD-1953,2025-11-18,3.0,41.79,48.29,16.0,Sin Información,Bogotá,WhatsApp,False,False,False
TRX-17390,PROD-3902,2025-05-12,6.0,1242.07,35.85,15.0,Devuelto,Bucaramanga,Online,False,False,True
TRX-17391,PROD-2189,2025-12-06,1.0,1124.58,84.19,10.0,Perdido,Sin Ciudad,WhatsApp,False,False,False
TRX-17392,PROD-1792,2025-05-18,9.0,473.98,52.36,5.0,Sin Información,Bucaramanga,App,False,False,False
TRX-17393,PROD-1006,2025-04-07,11.0,1296.82,52.97,16.0,En Camino,Bogotá,App,False,False,False
TRX-17394,PROD-1484,2025-06-22,10.0,1769.57,13.7,6.0,Sin Información,Barranquilla,WhatsApp,False,False,False
TRX-17395,PROD-1098,2024-12-17,3.0,561.87,33.1,16.0,En Camino,Medellín,App,False,False,False
TRX-17396,PROD-2904,2025-07-14,3.0,1665.67,97.47,4.0,En Camino,Medellín,WhatsApp,False,False,False
TRX-17397,PROD-3561,2024-11-02,12.0,1328.39,97.81,22.0,En Camino,Cali,Físico,False,False,True
TRX-17398,PROD-1483,2024-11-09,3.0,77.3,29.19,21.0,Entregado,Barranquilla,WhatsApp,False,False,False
TRX-17399,PROD-1849,2026-01-01,7.0,756.55,20.89,15.0,Devuelto,Sin Ciudad,WhatsApp,False,False,False
TRX-17400,PROD-3520,2025-11-08,7.0,1020.44,52.09,15.0,Sin Información,Bogotá,Físico,True,False,True
TRX-17401,PROD-2698,2024-12-08,8.0,1466.08,50.74,3.0,Entregado,Bogotá,App,False,False,False
TRX-17402,PROD-2695,2025-03-19,2.0,581.39,43.96,19.0,Sin Información,Cali,App,False,False,False
TRX-17403,PROD-1186,2026-01-25,1.0,1965.63,55.29,9.0,Retrasado,Cali,App,False,False,False
TRX-17404,PROD-2367,2025-06-06,5.0,1372.23,52.36,5.0,Sin Información,Bucaramanga,Online,False,False,False
TRX-17405,PROD-2432,2025-01-17,8.0,751.9,27.06,16.0,Entregado,Sin Ciudad,Online,False,False,False
TRX-17406,PROD-3295,2025-11-30,14.0,203.08,15.92,27.0,Entregado,Bogotá,WhatsApp,False,False,False
TRX-17407,PROD-3611,2024-10-11,3.0,370.92,59.19,3.0,Perdido,Bucaramanga,WhatsApp,False,False,True
TRX-17408,PROD-1869,2026-01-17,6.0,980.34,93.6,8.0,En Camino,Cali,WhatsApp,False,False,False
TRX-17409,PROD-1046,2024-11-20,3.0,994.44,18.09,24.0,Entregado,Medellín,Físico,False,False,False
TRX-17410,PROD-3623,2025-04-06,6.0,1537.76,71.96,14.0,En Camino,Sin Ciudad,Físico,False,False,True
TRX-17411,PROD-1824,2025-01-07,12.0,1455.09,46.6,29.0,Devuelto,Bogotá,Online,False,False,False
TRX-17412,PROD-3826,2025-12-17,4.0,410.53,32.93,3.0,Entregado,Bogotá,Físico,False,False,True
TRX-17413,PROD-2153,2025-11-21,14.0,1193.96,86.05,16.0,Perdido,Medellín,WhatsApp,False,False,False
TRX-17414,PROD-2042,2025-10-21,11.0,51.04,48.37,7.0,Perdido,Bogotá,Físico,False,False,False
TRX-17415,PROD-1277,2025-07-03,7.0,803.11,60.41,9.0,Retrasado,Bucaramanga,WhatsApp,False,False,False
TRX-17416,PROD-2260,2024-10-26,11.0,1530.57,52.36,3.0,Entregado,Medellín,App,False,False,False
TRX-17417,PROD-2229,2025-07-14,10.0,805.02,47.09,8.0,Devuelto,Bogotá,App,False,False,False
TRX-17418,PROD-3075,2026-01-30,1.0,1672.84,12.72,28.0,En Camino,Bogotá,Online,False,False,False
TRX-17419,PROD-3252,2025-05-31,1.0,1952.55,61.52,12.0,Sin Información,Medellín,WhatsApp,False,False,False
TRX-17420,PROD-2326,2025-01-26,5.0,1218.35,44.79,17.0,Sin Información,Bogotá,App,False,False,False
TRX-17421,PROD-1025,2025-08-27,9.0,298.56,13.24,28.0,Sin Información,Barranquilla,WhatsApp,False,False,False
TRX-17422,PROD-1466,2025-01-06,5.0,765.56,61.6,14.0,Sin Información,Medellín,Físico,False,False,False
TRX-17423,PROD-3809,2025-12-06,4.0,28.87,5.94,16.0,Entregado,Bogotá,App,False,False,True
TRX-17424,PROD-2365,2025-03-21,8.0,1209.42,24.81,19.0,Retrasado,Bucaramanga,Físico,False,False,False
TRX-17425,PROD-2398,2025-01-10,13.0,1644.92,79.2,28.0,Perdido,Bucaramanga,WhatsApp,False,False,False
TRX-17426,PROD-2622,2025-05-08,5.0,1263.58,8.6,4.0,Sin Información,Sin Ciudad,Online,False,False,False
TRX-17427,PROD-3967,2025-01-21,1.0,1574.31,66.43,3.0,Entregado,Bogotá,App,False,False,True
TRX-17428,PROD-3330,2025-01-07,7.0,1601.81,52.36,13.0,Retrasado,Medellín,Online,False,False,False
TRX-17429,PROD-3523,2025-01-31,11.0,1703.52,95.22,9.0,Devuelto,Barranquilla,App,False,False,True
TRX-17430,PROD-1119,2024-10-15,4.0,540.66,21.26,13.0,Sin Información,Medellín,App,False,False,False
TRX-17431,PROD-1719,2025-02-14,10.0,1743.82,44.63,29.0,En Camino,Medellín,App,False,False,False
TRX-17432,PROD-1794,2025-08-15,5.0,1311.65,59.67,12.0,Devuelto,Cali,Online,False,False,False
TRX-17433,PROD-2353,2025-02-23,13.0,586.55,47.79,26.0,Devuelto,Sin Ciudad,App,False,False,False
TRX-17434,PROD-2384,2025-01-07,6.0,1974.72,63.94,21.0,Sin Información,Medellín,Físico,False,False,False
TRX-17435,PROD-3754,2025-02-15,13.0,1900.86,43.39,15.0,En Camino,Bogotá,WhatsApp,False,False,True
TRX-17436,PROD-2962,2025-06-01,7.0,1153.14,19.11,3.0,Entregado,Sin Ciudad,App,False,False,False
TRX-17437,PROD-2943,2026-01-29,11.0,1687.98,13.46,3.0,En Camino,Cali,App,False,False,False
TRX-17438,PROD-1145,2025-07-21,2.0,530.37,75.72,27.0,Retrasado,Cali,Físico,False,False,False
TRX-17439,PROD-3644,2024-12-01,14.0,837.91,27.67,2.0,Devuelto,Bogotá,Online,False,False,True
TRX-17440,PROD-1556,2024-10-23,1.0,376.1,52.36,26.0,Sin Información,Medellín,Online,False,False,False
TRX-17441,PROD-2972,2024-12-24,12.0,1045.0,85.51,6.0,En Camino,Cali,Físico,False,False,False
TRX-17442,PROD-1636,2025-02-06,3.0,997.04,75.59,25.0,Perdido,Sin Ciudad,App,False,False,False
TRX-17443,PROD-3569,2025-10-01,10.0,433.5,9.7,16.0,En Camino,Bucaramanga,Físico,False,False,True
TRX-17444,PROD-2886,2025-03-04,12.0,1348.88,24.12,23.0,En Camino,Medellín,Físico,False,False,False
TRX-17445,PROD-3199,2024-12-12,1.0,244.4,32.74,18.0,Retrasado,Cali,WhatsApp,False,False,False
TRX-17446,PROD-2372,2025-08-04,4.0,132.77,61.48,9.0,Sin Información,Cali,WhatsApp,False,False,False
TRX-17447,PROD-2894,2024-12-07,6.0,775.96,81.93,3.0,Devuelto,Bogotá,App,False,False,False
TRX-17448,PROD-2695,2024-11-24,5.0,825.55,10.73,23.0,Retrasado,Bogotá,Físico,False,False,False
TRX-17449,PROD-1229,2024-12-31,13.0,646.28,28.71,26.0,Retrasado,Bucaramanga,Online,False,False,False
TRX-17450,PROD-3134,2025-12-02,11.0,523.31,40.74,23.0,Perdido,Cali,Online,False,False,False
TRX-17451,PROD-2226,2024-11-09,4.0,684.16,22.42,16.0,Retrasado,Bogotá,WhatsApp,False,False,False
TRX-17452,PROD-3314,2025-12-11,7.0,335.12,52.36,4.0,Sin Información,Bucaramanga,Online,False,False,False
TRX-17453,PROD-3969,2025-11-04,13.0,812.87,56.8,14.0,Retrasado,Sin Ciudad,Físico,False,False,True
TRX-17454,PROD-3777,2024-12-05,11.0,1810.16,50.41,4.0,Perdido,Cali,WhatsApp,False,False,True
TRX-17455,PROD-2292,2025-08-02,11.0,456.61,35.07,28.0,Entregado,Medellín,WhatsApp,False,False,False
TRX-17456,PROD-3274,2025-04-02,6.0,1372.06,54.1,18.0,Retrasado,Cali,App,False,False,False
TRX-17457,PROD-3194,2024-10-22,3.0,292.15,38.8,18.0,En Camino,Medellín,WhatsApp,False,False,False
TRX-17458,PROD-1076,2025-02-26,9.0,714.27,37.6,18.0,Retrasado,Bucaramanga,WhatsApp,False,False,False
TRX-17459,PROD-1853,2026-01-22,5.0,649.14,30.21,28.0,Devuelto,Medellín,Online,False,False,False
TRX-17460,PROD-3365,2025-06-15,13.0,1874.69,56.34,27.0,En Camino,Cali,WhatsApp,False,False,False
TRX-17461,PROD-3807,2025-06-05,10.0,861.68,47.19,21.0,En Camino,Sin Ciudad,WhatsApp,False,False,True
TRX-17462,PROD-2358,2024-10-31,1.0,1384.03,23.65,3.0,Entregado,Medellín,App,False,False,False
TRX-17463,PROD-2448,2024-11-16,13.0,1208.9,6.23,26.0,Devuelto,Bucaramanga,App,False,False,False
TRX-17464,PROD-1271,2024-10-20,6.0,290.65,52.36,7.0,Devuelto,Medellín,WhatsApp,False,False,False
TRX-17465,PROD-1611,2025-10-29,5.0,1879.69,19.34,13.0,Devuelto,Cali,Online,False,False,False
TRX-17466,PROD-2148,2025-11-21,10.0,698.28,9.07,7.0,Retrasado,Bucaramanga,Físico,False,False,False
TRX-17467,PROD-1127,2025-01-18,8.0,99.07,46.0,22.0,Retrasado,Bogotá,Online,False,False,False
TRX-17468,PROD-2389,2025-09-27,4.0,607.88,26.38,13.0,En Camino,Medellín,Físico,False,False,False
TRX-17469,PROD-2536,2025-04-19,12.0,677.91,44.94,24.0,Entregado,Sin Ciudad,App,False,False,False
TRX-17470,PROD-3566,2024-12-06,1.0,194.56,36.3,27.0,Retrasado,Bogotá,WhatsApp,False,False,True
TRX-17471,PROD-3188,2024-11-26,11.0,1243.76,56.11,4.0,Sin Información,Medellín,Online,False,False,False
TRX-17472,PROD-1679,2025-08-25,2.0,700.06,73.77,16.0,Sin Información,Cali,Online,False,False,False
TRX-17473,PROD-3338,2025-09-13,8.0,1261.98,50.53,25.0,Retrasado,Sin Ciudad,Físico,False,False,False
TRX-17474,PROD-3480,2024-12-31,10.0,23.41,10.89,28.0,Entregado,Medellín,Físico,False,False,False
TRX-17475,PROD-2595,2024-11-07,8.0,1964.28,6.66,28.0,Devuelto,Bogotá,WhatsApp,False,False,False
TRX-17476,PROD-1767,2025-08-04,13.0,349.33,52.36,15.0,En Camino,Medellín,WhatsApp,False,False,False
TRX-17477,PROD-3437,2025-10-20,14.0,1322.07,25.26,13.0,Retrasado,Medellín,App,False,False,False
TRX-17478,PROD-1478,2025-11-25,5.0,1434.41,45.37,10.0,Entregado,Medellín,WhatsApp,False,False,False
TRX-17479,PROD-2262,2025-12-10,6.0,351.5,9.27,10.0,Entregado,Bogotá,Online,False,False,False
TRX-17480,PROD-3888,2025-02-25,2.0,232.31,36.13,5.0,Devuelto,Sin Ciudad,Online,False,False,True
TRX-17481,PROD-2288,2025-05-20,11.0,313.63,89.27,4.0,Perdido,Medellín,Online,False,False,False
TRX-17482,PROD-3907,2025-09-10,12.0,501.17,13.55,19.0,Perdido,Cali,Físico,False,False,True
TRX-17483,PROD-1129,2025-06-08,9.0,344.78,95.11,15.0,Perdido,Bucaramanga,WhatsApp,False,False,False
TRX-17484,PROD-2112,2025-12-01,6.0,1351.26,86.38,9.0,Perdido,Bogotá,WhatsApp,False,False,False
TRX-17485,PROD-2695,2025-02-05,12.0,847.46,84.02,16.0,Retrasado,Barranquilla,Físico,False,False,False
TRX-17486,PROD-1355,2025-09-27,9.0,1080.21,87.05,28.0,Sin Información,Medellín,Online,False,False,False
TRX-17487,PROD-3035,2025-04-08,11.0,104.2,12.6,4.0,Sin Información,Bogotá,Físico,False,False,False
TRX-17488,PROD-1973,2025-03-28,10.0,1723.89,52.36,25.0,Entregado,Bucaramanga,App,False,False,False
TRX-17489,PROD-2522,2025-01-16,3.0,349.44,19.36,11.0,Sin Información,Bogotá,Online,False,False,False
TRX-17490,PROD-2851,2025-12-11,6.0,726.7,17.77,17.0,Sin Información,Bogotá,Online,False,False,False
TRX-17491,PROD-2239,2024-11-19,10.0,153.08,15.57,21.0,En Camino,Cali,App,False,False,False
TRX-17492,PROD-1885,2024-12-01,5.0,282.22,36.13,1.0,Sin Información,Medellín,Online,False,False,False
TRX-17493,PROD-3150,2024-12-24,9.0,1334.94,83.87,9.0,Sin Información,Medellín,Online,False,False,False
TRX-17494,PROD-2238,2025-05-09,13.0,1388.25,28.94,12.0,Sin Información,Medellín,WhatsApp,False,False,False
TRX-17495,PROD-1716,2025-10-23,10.0,1357.16,28.2,23.0,Retrasado,Sin Ciudad,Online,False,False,False
TRX-17496,PROD-1459,2025-02-06,1.0,1108.75,69.21,12.0,Perdido,Medellín,Online,False,False,False
TRX-17497,PROD-2532,2025-01-05,9.0,1905.52,14.21,10.0,En Camino,Medellín,Físico,False,False,False
TRX-17498,PROD-1153,2025-07-24,5.0,1019.28,39.23,9.0,En Camino,Bogotá,App,False,False,False
TRX-17499,PROD-1827,2025-08-27,1.0,904.33,33.07,21.0,Sin Información,Sin Ciudad,Online,False,False,False
TRX-17500,PROD-1379,2024-10-09,7.0,502.62,52.36,26.0,Sin Información,Barranquilla,Físico,False,False,False
TRX-17501,PROD-2817,2024-11-15,10.0,206.71,85.49,25.0,Perdido,Sin Ciudad,Online,False,False,False
TRX-17502,PROD-3072,2025-01-12,8.0,1100.83,53.88,20.0,En Camino,Cali,Físico,False,False,False
TRX-17503,PROD-1102,2025-03-13,7.0,636.63,66.41,16.0,Retrasado,Bucaramanga,Físico,False,False,False
TRX-17504,PROD-2976,2025-11-12,14.0,1052.81,17.26,13.0,Devuelto,Cali,App,False,False,False
TRX-17505,PROD-3048,2025-11-15,6.0,420.18,93.25,3.0,Retrasado,Barranquilla,Físico,False,False,False
TRX-17506,PROD-1631,2025-12-28,2.0,1677.96,35.63,18.0,Retrasado,Bogotá,WhatsApp,False,False,False
TRX-17507,PROD-1779,2025-07-24,5.0,1999.4,72.15,4.0,Devuelto,Bogotá,Online,False,False,False
TRX-17508,PROD-2393,2025-12-04,3.0,651.58,95.69,19.0,Perdido,Bucaramanga,WhatsApp,False,False,False
TRX-17509,PROD-2980,2025-02-13,2.0,1686.23,53.32,25.0,Perdido,Barranquilla,WhatsApp,False,False,False
TRX-17510,PROD-4000,2024-12-16,14.0,1747.24,53.22,13.0,Devuelto,Cali,App,False,False,True
TRX-17511,PROD-3144,2024-10-04,10.0,1992.19,16.14,28.0,Sin Información,Cali,WhatsApp,False,False,False
TRX-17512,PROD-2271,2025-06-01,1.0,692.01,52.36,28.0,Retrasado,Bogotá,App,False,False,False
TRX-17513,PROD-2340,2025-04-26,9.0,1514.52,42.08,13.0,Entregado,Medellín,Online,False,False,False
TRX-17514,PROD-1586,2025-01-26,2.0,465.33,85.98,12.0,En Camino,Sin Ciudad,Online,False,False,False
TRX-17515,PROD-1402,2024-12-29,13.0,1253.34,17.84,24.0,En Camino,Bogotá,App,False,False,False
TRX-17516,PROD-3114,2025-10-19,11.0,1412.64,92.16,28.0,En Camino,Barranquilla,Físico,False,False,False
TRX-17517,PROD-3771,2026-01-27,1.0,1484.83,68.39,1.0,Entregado,Medellín,App,False,False,True
TRX-17518,PROD-1543,2025-11-01,14.0,422.27,44.99,2.0,Retrasado,Barranquilla,App,False,False,False
TRX-17519,PROD-1840,2025-07-23,7.0,1698.96,56.92,3.0,Perdido,Barranquilla,WhatsApp,False,False,False
TRX-17520,PROD-3967,2025-10-19,9.0,847.73,19.3,22.0,Sin Información,Bogotá,Online,False,False,True
TRX-17521,PROD-1149,2024-10-20,6.0,440.58,25.66,21.0,Devuelto,Bucaramanga,Online,False,False,False
TRX-17522,PROD-2881,2025-08-24,8.0,1089.64,32.21,27.0,En Camino,Sin Ciudad,Online,False,False,False
TRX-17523,PROD-2587,2025-06-15,11.0,1728.08,41.56,21.0,Sin Información,Medellín,App,False,False,False
TRX-17524,PROD-3923,2024-11-13,7.0,1934.5,52.36,22.0,Entregado,Bucaramanga,App,False,False,True
TRX-17525,PROD-3139,2025-02-12,9.0,1498.93,91.97,13.0,Sin Información,Bogotá,Online,False,False,False
TRX-17526,PROD-1474,2025-02-01,7.0,21.19,39.92,12.0,Devuelto,Bogotá,App,False,False,False
TRX-17527,PROD-1016,2025-09-03,13.0,278.05,54.76,16.0,Retrasado,Medellín,Online,False,False,False
TRX-17528,PROD-2273,2025-04-17,6.0,161.79,20.39,14.0,Entregado,Bogotá,WhatsApp,False,False,False
TRX-17529,PROD-1180,2026-01-19,1.0,211.42,74.92,24.0,Sin Información,Cali,WhatsApp,False,False,False
TRX-17530,PROD-3814,2026-01-15,9.0,772.24,58.23,14.0,Entregado,Medellín,App,False,False,True
TRX-17531,PROD-3434,2024-11-23,10.0,683.6,46.79,17.0,Devuelto,Medellín,Físico,False,False,False
TRX-17532,PROD-1356,2025-09-20,5.0,236.23,94.98,5.0,Devuelto,Medellín,Online,False,False,False
TRX-17533,PROD-2365,2026-01-21,13.0,1765.65,89.61,6.0,En Camino,Bogotá,WhatsApp,False,False,False
TRX-17534,PROD-2912,2025-02-01,2.0,1234.7,67.65,27.0,Retrasado,Bogotá,Físico,False,False,False
TRX-17535,PROD-1188,2024-11-02,14.0,1594.96,92.57,10.0,Devuelto,Bogotá,WhatsApp,False,False,False
TRX-17536,PROD-1422,2025-04-11,12.0,749.38,52.36,27.0,En Camino,Bogotá,Online,False,False,False
TRX-17537,PROD-3132,2024-12-30,11.0,826.37,58.65,22.0,Sin Información,Medellín,Online,False,False,False
TRX-17538,PROD-3699,2025-07-30,8.0,642.07,83.56,9.0,En Camino,Cali,WhatsApp,False,False,True
TRX-17539,PROD-2279,2025-07-03,13.0,882.47,43.9,26.0,Devuelto,Cali,App,False,False,False
TRX-17540,PROD-1092,2025-09-14,4.0,1224.65,13.24,7.0,Entregado,Bogotá,Online,False,False,False
TRX-17541,PROD-3365,2024-11-08,14.0,991.04,99.44,4.0,Sin Información,Cali,Físico,False,False,False
TRX-17542,PROD-2278,2025-02-06,3.0,1677.45,20.73,23.0,Entregado,Bogotá,Físico,False,False,False
TRX-17543,PROD-3616,2025-01-30,13.0,1801.28,28.89,7.0,Entregado,Bucaramanga,App,False,False,True
TRX-17544,PROD-1859,2025-04-05,1.0,944.67,20.49,11.0,En Camino,Bogotá,WhatsApp,False,False,False
TRX-17545,PROD-2314,2025-01-17,5.0,487.1,37.06,27.0,Entregado,Cali,Online,False,False,False
TRX-17546,PROD-1821,2025-09-21,3.0,1890.93,32.48,6.0,Retrasado,Bucaramanga,Online,False,False,False
TRX-17547,PROD-1788,2025-11-28,4.0,1472.73,62.1,16.0,Entregado,Medellín,App,False,False,False
TRX-17548,PROD-2173,2024-11-30,9.0,1283.85,52.36,16.0,Sin Información,Bogotá,Online,False,False,False
TRX-17549,PROD-2133,2025-12-24,11.0,1493.37,99.66,24.0,Sin Información,Cali,Online,False,False,False
TRX-17550,PROD-3180,2024-10-20,14.0,161.2,9.99,24.0,Entregado,Medellín,Físico,False,False,False
TRX-17551,PROD-2307,2025-08-23,7.0,144.58,78.95,29.0,En Camino,Medellín,Físico,False,False,False
TRX-17552,PROD-2806,2024-10-06,11.0,314.71,17.16,13.0,Sin Información,Medellín,WhatsApp,False,False,False
TRX-17553,PROD-3748,2024-11-07,5.0,303.43,6.88,26.0,Perdido,Bogotá,Físico,False,False,True
TRX-17554,PROD-1481,2026-01-06,8.0,847.13,65.66,12.0,Retrasado,Barranquilla,WhatsApp,False,False,False
TRX-17555,PROD-2116,2025-10-24,6.0,323.23,87.96,29.0,En Camino,Medellín,Físico,False,False,False
TRX-17556,PROD-1611,2024-10-08,10.0,1710.51,21.75,22.0,Retrasado,Medellín,WhatsApp,False,False,False
TRX-17557,PROD-1645,2026-01-13,2.0,1160.41,37.45,27.0,Retrasado,Medellín,Online,False,False,False
TRX-17558,PROD-2120,2025-11-20,7.0,742.84,21.03,2.0,Entregado,Bogotá,Online,False,False,False
TRX-17559,PROD-1468,2025-12-22,1.0,148.55,91.12,21.0,Retrasado,Sin Ciudad,Físico,False,False,False
TRX-17560,PROD-1062,2025-04-19,3.0,1186.15,52.36,13.0,Entregado,Medellín,Online,False,False,False
TRX-17561,PROD-3551,2025-02-27,12.0,241.9,30.68,1.0,Retrasado,Cali,WhatsApp,False,False,True
TRX-17562,PROD-3292,2025-08-25,1.0,1489.01,47.25,10.0,Sin Información,Bogotá,App,False,False,False
TRX-17563,PROD-3105,2025-05-07,14.0,1607.49,90.0,26.0,Perdido,Bogotá,App,False,False,False
TRX-17564,PROD-1419,2025-12-15,1.0,1092.51,57.52,28.0,Retrasado,Bogotá,Online,False,False,False
TRX-17565,PROD-1846,2025-05-21,5.0,307.71,93.62,29.0,Devuelto,Barranquilla,Online,False,False,False
TRX-17566,PROD-3222,2024-11-19,6.0,1575.86,93.01,10.0,Entregado,Sin Ciudad,Físico,False,False,False
TRX-17567,PROD-2434,2026-01-07,12.0,622.58,48.85,28.0,Perdido,Barranquilla,Físico,False,False,False
TRX-17568,PROD-3250,2025-07-23,3.0,453.08,60.33,29.0,Entregado,Medellín,WhatsApp,False,False,False
TRX-17569,PROD-2304,2025-07-24,14.0,946.41,26.88,11.0,Perdido,Bucaramanga,WhatsApp,False,False,False
TRX-17570,PROD-2110,2025-09-02,3.0,1846.07,99.1,9.0,Entregado,Barranquilla,App,False,False,False
TRX-17571,PROD-1579,2025-01-30,3.0,601.77,31.44,4.0,Devuelto,Sin Ciudad,WhatsApp,False,False,False
TRX-17572,PROD-3885,2025-04-27,1.0,1812.1,52.36,17.0,Sin Información,Barranquilla,Online,False,False,True
TRX-17573,PROD-2160,2024-10-06,5.0,116.77,79.41,19.0,Devuelto,Medellín,Online,False,False,False
TRX-17574,PROD-3351,2025-09-16,1.0,176.21,34.73,10.0,Perdido,Barranquilla,Físico,False,False,False
TRX-17575,PROD-2002,2025-10-04,10.0,1400.14,34.74,13.0,En Camino,Cali,Online,False,False,False
TRX-17576,PROD-1701,2025-05-23,10.0,389.28,14.87,2.0,Entregado,Bucaramanga,WhatsApp,False,False,False
TRX-17577,PROD-1291,2026-01-16,3.0,640.08,58.19,9.0,En Camino,Bogotá,WhatsApp,False,False,False
TRX-17578,PROD-2275,2025-02-14,13.0,281.38,28.26,7.0,Retrasado,Medellín,Físico,False,False,False
TRX-17579,PROD-3511,2025-10-06,6.0,671.17,19.1,26.0,Devuelto,Medellín,WhatsApp,False,False,True
TRX-17580,PROD-2387,2025-11-11,11.0,568.12,26.53,10.0,Entregado,Medellín,Físico,False,False,False
TRX-17581,PROD-3214,2025-10-21,6.0,1475.31,28.85,12.0,Devuelto,Bogotá,Online,False,False,False
TRX-17582,PROD-2817,2025-08-14,3.0,1407.03,52.89,22.0,Retrasado,Medellín,Físico,False,False,False
TRX-17583,PROD-1207,2025-01-03,9.0,1910.31,41.66,20.0,Sin Información,Medellín,WhatsApp,False,False,False
TRX-17584,PROD-1532,2025-04-27,8.0,1451.6,52.36,11.0,Perdido,Bogotá,WhatsApp,False,False,False
TRX-17585,PROD-1118,2025-09-15,11.0,1392.69,12.17,4.0,Entregado,Cali,App,False,False,False
TRX-17586,PROD-2928,2025-11-17,3.0,1391.47,55.92,12.0,Entregado,Medellín,Físico,False,False,False
TRX-17587,PROD-3766,2024-11-25,5.0,1767.11,79.84,12.0,Entregado,Sin Ciudad,WhatsApp,False,False,True
TRX-17588,PROD-1206,2025-02-27,5.0,599.51,59.55,23.0,Perdido,Bucaramanga,App,False,False,False
TRX-17589,PROD-1433,2025-03-03,14.0,607.18,97.58,8.0,Devuelto,Bogotá,Online,False,False,False
TRX-17590,PROD-2571,2024-10-10,5.0,1485.02,14.42,20.0,Perdido,Bucaramanga,Online,False,False,False
TRX-17591,PROD-1220,2025-04-26,3.0,465.12,83.01,14.0,Sin Información,Bogotá,Online,False,False,False
TRX-17592,PROD-1352,2025-08-07,5.0,1824.92,53.04,7.0,Devuelto,Barranquilla,Online,False,False,False
TRX-17593,PROD-2746,2024-11-10,5.0,1074.22,54.55,3.0,Sin Información,Bucaramanga,Online,False,False,False
TRX-17594,PROD-2605,2024-11-17,4.0,607.25,54.31,28.0,Entregado,Sin Ciudad,Físico,False,False,False
TRX-17595,PROD-1733,2025-09-04,4.0,1554.44,35.91,28.0,Perdido,Sin Ciudad,Online,False,False,False
TRX-17596,PROD-3886,2024-11-19,2.0,631.52,52.36,25.0,Sin Información,Sin Ciudad,WhatsApp,False,False,True
TRX-17597,PROD-3441,2025-02-24,9.0,1926.92,35.83,28.0,Retrasado,Medellín,WhatsApp,False,False,False
TRX-17598,PROD-3427,2024-11-16,7.0,1966.15,65.03,19.0,Perdido,Bogotá,Online,False,False,False
TRX-17599,PROD-3578,2026-01-22,1.0,1336.92,9.25,14.0,Devuelto,Cali,Online,False,False,True
TRX-17600,PROD-3826,2025-08-29,7.0,236.13,60.93,15.0,Entregado,Medellín,App,True,False,True
TRX-17601,PROD-3864,2024-10-11,5.0,533.79,73.84,19.0,Devuelto,Bogotá,Físico,False,False,True
TRX-17602,PROD-2826,2026-01-22,2.0,1035.68,38.85,10.0,En Camino,Cali,WhatsApp,False,False,False
TRX-17603,PROD-3524,2025-02-20,10.0,1704.38,25.65,12.0,Entregado,Barranquilla,WhatsApp,False,False,True
TRX-17604,PROD-2456,2025-09-16,6.0,377.92,25.27,29.0,Retrasado,Medellín,WhatsApp,False,False,False
TRX-17605,PROD-2279,2025-09-25,7.0,217.76,12.77,18.0,Retrasado,Bogotá,WhatsApp,False,False,False
TRX-17606,PROD-2361,2025-01-08,12.0,158.21,13.52,19.0,En Camino,Medellín,Online,False,False,False
TRX-17607,PROD-1811,2024-11-08,2.0,1018.87,20.84,24.0,Devuelto,Bogotá,Online,False,False,False
TRX-17608,PROD-3920,2025-04-17,11.0,1770.55,52.36,18.0,Retrasado,Bogotá,Físico,False,False,True
TRX-17609,PROD-3747,2025-09-20,6.0,94.29,6.82,13.0,Devuelto,Bogotá,App,False,False,True
TRX-17610,PROD-3185,2025-12-16,13.0,432.52,30.29,17.0,Entregado,Barranquilla,Online,False,False,False
TRX-17611,PROD-1321,2026-01-18,3.0,1389.58,34.11,21.0,Perdido,Bucaramanga,WhatsApp,False,False,False
TRX-17612,PROD-2907,2025-12-01,9.0,1653.47,99.55,24.0,Entregado,Sin Ciudad,App,False,False,False
TRX-17613,PROD-3325,2025-08-28,4.0,1616.73,99.21,6.0,Devuelto,Bucaramanga,WhatsApp,False,False,False
TRX-17614,PROD-1539,2025-11-08,3.0,1572.29,22.77,16.0,Sin Información,Barranquilla,Físico,False,False,False
TRX-17615,PROD-1380,2025-01-28,13.0,268.3,25.24,18.0,En Camino,Cali,Online,False,False,False
TRX-17616,PROD-3861,2025-03-26,11.0,800.5,51.73,28.0,Sin Información,Bogotá,Físico,False,False,True
TRX-17617,PROD-2918,2024-11-19,3.0,1969.64,19.13,9.0,Entregado,Barranquilla,WhatsApp,False,False,False
TRX-17618,PROD-1398,2025-02-12,2.0,1977.89,52.88,13.0,Retrasado,Barranquilla,Online,False,False,False
TRX-17619,PROD-2866,2025-10-27,12.0,1208.83,42.94,4.0,Entregado,Bogotá,Online,False,False,False
TRX-17620,PROD-2271,2024-12-28,9.0,1421.44,52.36,13.0,Entregado,Medellín,Online,False,False,False
TRX-17621,PROD-3803,2024-11-08,8.0,1903.05,35.84,3.0,Entregado,Sin Ciudad,Online,False,False,True
TRX-17622,PROD-3639,2025-04-01,5.0,905.36,83.15,4.0,En Camino,Cali,Físico,False,False,True
TRX-17623,PROD-3909,2025-02-09,14.0,282.37,83.67,19.0,Devuelto,Cali,Online,False,False,True
TRX-17624,PROD-2906,2025-01-03,14.0,1341.21,98.85,24.0,En Camino,Bogotá,App,False,False,False
TRX-17625,PROD-2927,2025-05-11,13.0,1920.6,26.19,1.0,Retrasado,Sin Ciudad,Online,False,False,False
TRX-17626,PROD-1949,2025-11-23,9.0,1397.44,89.39,1.0,Devuelto,Medellín,WhatsApp,False,False,False
TRX-17627,PROD-1916,2025-08-28,13.0,1608.61,56.1,9.0,Retrasado,Medellín,Físico,False,False,False
TRX-17628,PROD-1588,2025-11-09,2.0,851.27,61.19,23.0,Devuelto,Bucaramanga,App,False,False,False
TRX-17629,PROD-3526,2026-01-26,6.0,201.96,90.15,25.0,Devuelto,Bogotá,WhatsApp,False,False,True
TRX-17630,PROD-2056,2024-11-10,7.0,346.08,94.55,3.0,Sin Información,Sin Ciudad,Online,False,False,False
TRX-17631,PROD-2488,2025-10-14,6.0,1965.48,74.05,3.0,Entregado,Cali,WhatsApp,False,False,False
TRX-17632,PROD-2605,2025-01-12,3.0,991.44,52.36,18.0,Entregado,Medellín,Físico,False,False,False
TRX-17633,PROD-1751,2025-12-19,10.0,33.92,38.05,2.0,En Camino,Medellín,Físico,False,False,False
TRX-17634,PROD-3865,2025-08-04,14.0,1911.18,51.52,11.0,Devuelto,Barranquilla,Online,False,False,True
TRX-17635,PROD-3724,2025-08-10,10.0,1000.58,63.43,9.0,Retrasado,Barranquilla,App,False,False,True
TRX-17636,PROD-2353,2024-12-18,10.0,1674.17,83.72,2.0,Entregado,Barranquilla,Físico,False,False,False
TRX-17637,PROD-2330,2025-10-09,9.0,1101.43,67.51,20.0,Sin Información,Bucaramanga,Físico,False,False,False
TRX-17638,PROD-2856,2026-01-09,14.0,212.39,39.72,27.0,Retrasado,Medellín,App,False,False,False
TRX-17639,PROD-2996,2025-07-01,12.0,1234.98,44.7,4.0,Sin Información,Bogotá,Online,False,False,False
TRX-17640,PROD-1123,2025-08-15,8.0,1994.83,9.79,9.0,Entregado,Cali,WhatsApp,False,False,False
TRX-17641,PROD-1267,2025-06-01,8.0,79.13,92.81,14.0,Devuelto,Medellín,Online,False,False,False
TRX-17642,PROD-2946,2024-12-05,8.0,1685.17,13.37,19.0,Retrasado,Cali,Online,False,False,False
TRX-17643,PROD-1462,2025-12-19,9.0,478.61,60.09,16.0,En Camino,Medellín,WhatsApp,False,False,False
TRX-17644,PROD-2439,2024-11-08,1.0,793.79,52.36,26.0,En Camino,Bucaramanga,WhatsApp,False,False,False
TRX-17645,PROD-2960,2024-12-07,8.0,751.69,87.81,14.0,En Camino,Bucaramanga,Online,False,False,False
TRX-17646,PROD-2889,2024-12-27,2.0,1798.61,44.98,15.0,Entregado,Medellín,App,False,False,False
TRX-17647,PROD-1699,2025-11-22,4.0,1013.93,81.01,18.0,Entregado,Sin Ciudad,WhatsApp,False,False,False
TRX-17648,PROD-2156,2024-10-23,1.0,899.88,81.36,28.0,En Camino,Bogotá,Físico,False,False,False
TRX-17649,PROD-2427,2024-10-14,12.0,1637.87,10.69,15.0,Retrasado,Medellín,Online,False,False,False
TRX-17650,PROD-3475,2024-10-09,6.0,107.33,44.15,19.0,Entregado,Bogotá,Físico,False,False,False
TRX-17651,PROD-3353,2025-04-22,10.0,182.05,70.65,9.0,En Camino,Cali,Físico,False,False,False
TRX-17652,PROD-1521,2025-02-17,1.0,53.16,45.12,21.0,Entregado,Bogotá,WhatsApp,False,False,False
TRX-17653,PROD-3080,2025-05-15,12.0,1379.09,56.79,21.0,Perdido,Barranquilla,App,False,False,False
TRX-17654,PROD-1421,2025-10-19,5.0,1055.98,61.47,16.0,Retrasado,Bogotá,Físico,False,False,False
TRX-17655,PROD-2661,2026-01-30,9.0,1753.28,19.37,23.0,Devuelto,Bogotá,Online,False,False,False
TRX-17656,PROD-3925,2025-09-11,1.0,1002.08,52.36,17.0,Retrasado,Sin Ciudad,WhatsApp,False,False,True
TRX-17657,PROD-1438,2025-07-24,9.0,451.42,44.14,10.0,Devuelto,Cali,Físico,False,False,False
TRX-17658,PROD-2334,2024-12-18,4.0,1612.24,7.7,5.0,En Camino,Bogotá,Online,False,False,False
TRX-17659,PROD-3277,2024-10-30,3.0,595.7,19.21,9.0,Entregado,Bogotá,Online,False,False,False
TRX-17660,PROD-3660,2024-11-14,8.0,1872.02,53.66,14.0,En Camino,Medellín,Online,False,False,True
TRX-17661,PROD-1290,2024-10-20,6.0,508.34,59.49,22.0,Sin Información,Medellín,Físico,False,False,False
TRX-17662,PROD-2237,2024-12-08,7.0,343.76,18.89,28.0,Devuelto,Bogotá,App,False,False,False
TRX-17663,PROD-3182,2025-11-09,9.0,991.71,76.78,24.0,Perdido,Medellín,Físico,False,False,False
TRX-17664,PROD-2888,2025-04-10,5.0,110.53,40.43,10.0,Devuelto,Bogotá,App,False,False,False
TRX-17665,PROD-2641,2025-10-22,13.0,82.46,92.46,24.0,Entregado,Bucaramanga,App,False,False,False
TRX-17666,PROD-3418,2025-11-27,2.0,997.07,41.83,1.0,Perdido,Bogotá,WhatsApp,False,False,False
TRX-17667,PROD-2693,2025-03-14,3.0,438.06,19.23,24.0,Entregado,Sin Ciudad,WhatsApp,False,False,False
TRX-17668,PROD-1977,2025-06-23,3.0,28.61,52.36,22.0,Perdido,Barranquilla,App,False,False,False
TRX-17669,PROD-3543,2024-11-11,4.0,599.15,77.01,20.0,Entregado,Medellín,Físico,False,False,True
TRX-17670,PROD-1998,2025-09-02,10.0,959.96,58.94,3.0,Devuelto,Bogotá,App,False,False,False
TRX-17671,PROD-3244,2025-03-18,7.0,794.63,41.74,16.0,Devuelto,Medellín,App,False,False,False
TRX-17672,PROD-1651,2025-11-02,12.0,279.58,38.82,5.0,Devuelto,Medellín,App,False,False,False
TRX-17673,PROD-2975,2025-07-20,10.0,1163.55,19.32,13.0,Devuelto,Barranquilla,Online,False,False,False
TRX-17674,PROD-2572,2025-12-11,6.0,1423.56,37.38,5.0,Perdido,Barranquilla,App,False,False,False
TRX-17675,PROD-1270,2025-05-07,3.0,1354.32,7.79,23.0,Retrasado,Medellín,Online,False,False,False
TRX-17676,PROD-2395,2025-01-27,14.0,793.59,52.73,25.0,Retrasado,Cali,App,False,False,False
TRX-17677,PROD-1852,2025-09-06,7.0,283.82,90.19,11.0,En Camino,Barranquilla,Físico,False,False,False
TRX-17678,PROD-3842,2024-10-13,4.0,1003.98,80.56,17.0,Retrasado,Bucaramanga,WhatsApp,False,False,True
TRX-17679,PROD-3420,2025-04-09,10.0,1781.96,7.71,25.0,En Camino,Bucaramanga,WhatsApp,False,False,False
TRX-17680,PROD-2765,2025-03-30,11.0,942.76,52.36,3.0,Devuelto,Sin Ciudad,Online,False,False,False
TRX-17681,PROD-2783,2025-08-20,11.0,399.41,88.72,22.0,Entregado,Bogotá,App,False,False,False
TRX-17682,PROD-3323,2025-11-16,8.0,195.18,47.97,6.0,Retrasado,Cali,Físico,False,False,False
TRX-17683,PROD-2401,2025-02-21,7.0,1888.41,23.13,16.0,Retrasado,Cali,Online,False,False,False
TRX-17684,PROD-3230,2025-03-01,7.0,1488.59,76.48,20.0,Devuelto,Medellín,Físico,False,False,False
TRX-17685,PROD-3843,2025-09-04,9.0,632.8,35.67,2.0,Devuelto,Sin Ciudad,App,False,False,True
TRX-17686,PROD-1967,2026-01-15,8.0,597.75,29.07,5.0,Retrasado,Sin Ciudad,WhatsApp,False,False,False
TRX-17687,PROD-1708,2025-12-09,12.0,1791.48,20.33,19.0,Devuelto,Bogotá,App,False,False,False
TRX-17688,PROD-3714,2024-12-27,1.0,363.36,51.23,20.0,Retrasado,Barranquilla,App,False,False,True
TRX-17689,PROD-3742,2025-09-09,7.0,1074.72,13.87,22.0,Entregado,Bogotá,App,False,False,True
TRX-17690,PROD-1319,2026-01-09,3.0,1429.87,79.63,11.0,Sin Información,Medellín,WhatsApp,False,False,False
TRX-17691,PROD-3915,2024-12-06,12.0,798.82,49.71,23.0,Entregado,Cali,WhatsApp,False,False,True
TRX-17692,PROD-3351,2025-09-23,4.0,89.41,52.36,18.0,En Camino,Cali,Online,False,False,False
TRX-17693,PROD-2993,2024-12-13,6.0,463.24,47.46,27.0,Retrasado,Bogotá,Online,False,False,False
TRX-17694,PROD-1468,2025-01-28,5.0,1804.6,5.18,3.0,Sin Información,Sin Ciudad,Online,False,False,False
TRX-17695,PROD-3425,2025-09-16,8.0,1051.01,82.7,12.0,Entregado,Medellín,WhatsApp,False,False,False
TRX-17696,PROD-3441,2025-02-02,2.0,1632.73,51.82,23.0,Sin Información,Barranquilla,WhatsApp,False,False,False
TRX-17697,PROD-2896,2025-10-27,5.0,1115.81,46.79,13.0,Entregado,Medellín,App,False,False,False
TRX-17698,PROD-2332,2025-02-08,5.0,1887.77,77.33,21.0,Perdido,Medellín,App,False,False,False
TRX-17699,PROD-3273,2025-05-26,3.0,1819.18,10.98,20.0,Sin Información,Bucaramanga,Físico,False,False,False
TRX-17700,PROD-1399,2025-07-10,7.0,970.95,39.83,20.0,Entregado,Cali,Físico,False,False,False
TRX-17701,PROD-2823,2025-01-12,14.0,643.37,59.69,9.0,En Camino,Medellín,Online,False,False,False
TRX-17702,PROD-1721,2025-04-13,10.0,1207.32,48.75,9.0,Entregado,Bogotá,App,False,False,False
TRX-17703,PROD-2261,2025-03-11,13.0,1353.03,22.26,26.0,Devuelto,Barranquilla,App,False,False,False
TRX-17704,PROD-2662,2024-12-18,5.0,1001.73,52.36,7.0,Perdido,Medellín,Físico,False,False,False
TRX-17705,PROD-1285,2025-01-19,4.0,1646.34,33.43,1.0,Retrasado,Cali,Online,False,False,False
TRX-17706,PROD-3450,2024-12-29,11.0,374.82,33.52,1.0,En Camino,Sin Ciudad,App,False,False,False
TRX-17707,PROD-1445,2025-05-20,5.0,675.48,99.24,19.0,Sin Información,Bucaramanga,Físico,False,False,False
TRX-17708,PROD-3807,2025-08-25,10.0,1375.89,35.99,3.0,Sin Información,Bogotá,Online,False,False,True
TRX-17709,PROD-3442,2025-02-07,9.0,500.9,24.49,7.0,Entregado,Bogotá,Online,False,False,False
TRX-17710,PROD-2552,2024-12-13,7.0,885.29,83.15,12.0,Retrasado,Medellín,Online,False,False,False
TRX-17711,PROD-2341,2025-05-16,1.0,1927.83,45.01,16.0,Entregado,Barranquilla,Físico,False,False,False
TRX-17712,PROD-3024,2025-02-05,3.0,1255.49,47.17,13.0,Perdido,Bogotá,App,False,False,False
TRX-17713,PROD-3641,2025-07-01,9.0,1898.62,57.14,18.0,Retrasado,Medellín,Físico,False,False,True
TRX-17714,PROD-3704,2024-09-25,4.0,1447.66,61.59,24.0,Devuelto,Bogotá,App,False,False,True
TRX-17715,PROD-1251,2024-11-20,4.0,1452.09,61.1,17.0,Sin Información,Bogotá,App,False,False,False
TRX-17716,PROD-1370,2025-01-16,10.0,1187.8,52.36,27.0,Devuelto,Bogotá,App,False,False,False
TRX-17717,PROD-1891,2026-01-07,6.0,293.0,8.28,29.0,Sin Información,Sin Ciudad,WhatsApp,False,False,False
TRX-17718,PROD-1569,2025-01-31,3.0,1044.23,82.79,24.0,Retrasado,Medellín,WhatsApp,False,False,False
TRX-17719,PROD-3378,2025-11-18,3.0,512.81,23.51,9.0,Devuelto,Medellín,WhatsApp,False,False,False
TRX-17720,PROD-3605,2025-10-13,9.0,1997.36,32.77,14.0,En Camino,Bogotá,Online,False,False,True
TRX-17721,PROD-1000,2026-01-18,13.0,541.25,21.48,5.0,Sin Información,Bucaramanga,App,False,False,False
TRX-17722,PROD-1600,2025-10-28,5.0,469.06,77.87,11.0,Perdido,Sin Ciudad,Online,False,False,False
TRX-17723,PROD-3706,2025-04-11,14.0,1251.53,60.45,20.0,En Camino,Sin Ciudad,Físico,False,False,True
TRX-17724,PROD-1611,2025-07-11,7.0,1026.79,76.75,6.0,Retrasado,Bogotá,App,False,False,False
TRX-17725,PROD-2855,2025-08-30,5.0,52.49,67.07,6.0,En Camino,Sin Ciudad,WhatsApp,False,False,False
TRX-17726,PROD-3176,2026-01-14,6.0,267.77,14.9,24.0,Sin Información,Medellín,Físico,False,False,False
TRX-17727,PROD-2193,2024-12-29,8.0,1623.98,33.64,8.0,Perdido,Cali,WhatsApp,False,False,False
TRX-17728,PROD-2597,2025-04-26,8.0,972.55,52.36,1.0,Perdido,Sin Ciudad,Físico,False,False,False
TRX-17729,PROD-3521,2025-01-24,2.0,300.57,53.19,9.0,Sin Información,Bucaramanga,App,False,False,True
TRX-17730,PROD-3367,2024-12-04,11.0,935.83,33.97,10.0,Retrasado,Bogotá,App,False,False,False
TRX-17731,PROD-2831,2025-09-23,9.0,513.77,24.69,17.0,Sin Información,Sin Ciudad,Online,False,False,False
TRX-17732,PROD-1801,2025-10-05,10.0,454.95,87.63,3.0,En Camino,Bogotá,WhatsApp,False,False,False
TRX-17733,PROD-1842,2026-01-26,12.0,1915.87,76.04,23.0,Sin Información,Bogotá,WhatsApp,False,False,False
TRX-17734,PROD-3791,2025-01-30,12.0,730.43,37.8,21.0,Perdido,Cali,App,False,False,True
TRX-17735,PROD-2296,2026-01-04,12.0,102.4,77.68,22.0,Retrasado,Medellín,Online,False,False,False
TRX-17736,PROD-2227,2025-11-14,14.0,1940.95,64.62,13.0,Sin Información,Sin Ciudad,Online,False,False,False
TRX-17737,PROD-3335,2024-10-19,6.0,1591.73,5.36,8.0,Perdido,Cali,WhatsApp,False,False,False
TRX-17738,PROD-3783,2025-03-06,7.0,516.28,41.12,20.0,Sin Información,Bucaramanga,App,False,False,True
TRX-17739,PROD-2247,2025-12-21,3.0,823.69,32.6,14.0,Entregado,Sin Ciudad,WhatsApp,False,False,False
TRX-17740,PROD-2780,2025-11-02,4.0,1725.96,52.36,20.0,Entregado,Bogotá,App,False,False,False
TRX-17741,PROD-3940,2024-11-29,6.0,721.25,25.7,8.0,Perdido,Medellín,WhatsApp,False,False,True
TRX-17742,PROD-2410,2024-10-06,7.0,1139.13,28.9,19.0,Retrasado,Medellín,App,False,False,False
TRX-17743,PROD-1365,2024-12-29,6.0,1074.37,94.52,13.0,Entregado,Medellín,Online,False,False,False
TRX-17744,PROD-3386,2025-06-28,5.0,808.58,51.2,6.0,Perdido,Sin Ciudad,Online,False,False,False
TRX-17745,PROD-1033,2025-11-24,14.0,1282.61,85.53,4.0,Sin Información,Bogotá,WhatsApp,False,False,False
TRX-17746,PROD-3504,2026-01-25,12.0,951.85,25.35,6.0,Devuelto,Bucaramanga,Online,False,False,True
TRX-17747,PROD-3090,2026-01-08,2.0,52.25,21.57,20.0,Sin Información,Sin Ciudad,WhatsApp,False,False,False
TRX-17748,PROD-2655,2025-12-15,12.0,1630.62,89.44,2.0,En Camino,Bogotá,Online,False,False,False
TRX-17749,PROD-1522,2025-09-28,7.0,235.18,52.09,10.0,Perdido,Sin Ciudad,WhatsApp,False,False,False
TRX-17750,PROD-2204,2025-05-27,5.0,933.54,90.04,11.0,Entregado,Bogotá,Online,False,False,False
TRX-17751,PROD-1255,2025-01-12,12.0,1164.0,10.99,11.0,Perdido,Barranquilla,App,False,False,False
TRX-17752,PROD-2512,2025-04-17,9.0,1413.96,52.36,3.0,Sin Información,Bucaramanga,Online,False,False,False
TRX-17753,PROD-3248,2025-09-09,13.0,827.49,92.06,11.0,Retrasado,Barranquilla,App,False,False,False
TRX-17754,PROD-1217,2025-08-22,11.0,1473.74,44.47,8.0,Entregado,Sin Ciudad,Online,False,False,False
TRX-17755,PROD-1003,2025-05-13,4.0,271.39,19.76,29.0,Retrasado,Bogotá,Online,False,False,False
TRX-17756,PROD-3880,2024-11-22,14.0,1310.36,69.92,17.0,Retrasado,Barranquilla,App,False,False,True
TRX-17757,PROD-3293,2024-12-16,10.0,1654.41,80.71,27.0,Sin Información,Barranquilla,Físico,False,False,False
TRX-17758,PROD-2471,2025-03-24,12.0,1779.99,9.5,26.0,Retrasado,Cali,WhatsApp,False,False,False
TRX-17759,PROD-1449,2025-05-19,2.0,1163.34,98.78,22.0,Perdido,Cali,Físico,False,False,False
TRX-17760,PROD-2155,2025-05-30,7.0,632.66,71.22,25.0,Entregado,Bogotá,Online,False,False,False
TRX-17761,PROD-1127,2024-12-02,7.0,335.08,35.53,1.0,Retrasado,Bogotá,WhatsApp,False,False,False
TRX-17762,PROD-1963,2025-05-08,1.0,697.66,19.37,16.0,Devuelto,Medellín,WhatsApp,False,False,False
TRX-17763,PROD-2768,2024-12-16,11.0,1084.55,42.29,29.0,En Camino,Medellín,WhatsApp,False,False,False
TRX-17764,PROD-3876,2025-07-25,14.0,400.7,52.36,20.0,Perdido,Barranquilla,WhatsApp,False,False,True
TRX-17765,PROD-3417,2026-01-23,13.0,1905.5,25.95,7.0,Devuelto,Bogotá,App,False,False,False
TRX-17766,PROD-2614,2025-10-23,5.0,1795.3,51.94,22.0,Entregado,Medellín,Físico,False,False,False
TRX-17767,PROD-3560,2025-12-29,3.0,75.58,79.28,22.0,En Camino,Medellín,Físico,False,False,True
TRX-17768,PROD-2303,2025-06-20,9.0,1128.3,67.71,25.0,Retrasado,Sin Ciudad,App,False,False,False
TRX-17769,PROD-3915,2025-10-28,9.0,1580.72,46.41,8.0,Devuelto,Medellín,Físico,False,False,True
TRX-17770,PROD-2567,2025-07-09,7.0,498.33,16.3,13.0,Devuelto,Bucaramanga,Online,False,False,False
TRX-17771,PROD-2663,2025-05-16,12.0,1052.55,95.93,29.0,Retrasado,Medellín,WhatsApp,False,False,False
TRX-17772,PROD-2562,2025-07-10,9.0,817.92,30.69,5.0,Sin Información,Medellín,Online,False,False,False
TRX-17773,PROD-2782,2024-10-31,12.0,401.13,31.39,27.0,Sin Información,Barranquilla,Online,False,False,False
TRX-17774,PROD-3232,2026-01-21,2.0,1233.33,66.32,28.0,Retrasado,Sin Ciudad,Físico,False,False,False
TRX-17775,PROD-1865,2025-04-16,11.0,1987.45,78.2,27.0,Devuelto,Medellín,App,False,False,False
TRX-17776,PROD-3713,2025-03-24,10.0,736.92,52.36,18.0,Entregado,Barranquilla,App,False,False,True
TRX-17777,PROD-1710,2025-03-28,8.0,1109.23,98.49,12.0,Perdido,Medellín,Online,False,False,False
TRX-17778,PROD-2945,2025-02-02,10.0,662.43,97.07,16.0,Entregado,Sin Ciudad,WhatsApp,False,False,False
TRX-17779,PROD-1569,2024-10-22,10.0,1755.13,91.81,3.0,Entregado,Barranquilla,Online,False,False,False
TRX-17780,PROD-1770,2025-10-15,10.0,1730.56,46.35,12.0,Perdido,Medellín,WhatsApp,False,False,False
TRX-17781,PROD-3275,2025-06-04,13.0,365.76,20.83,26.0,Entregado,Barranquilla,WhatsApp,False,False,False
TRX-17782,PROD-2575,2025-02-12,1.0,1800.9,60.52,19.0,En Camino,Bogotá,Online,False,False,False
TRX-17783,PROD-2475,2025-01-03,3.0,311.5,6.64,20.0,Retrasado,Sin Ciudad,Online,False,False,False
TRX-17784,PROD-2708,2025-11-15,8.0,199.93,23.64,18.0,Devuelto,Bogotá,Físico,False,False,False
TRX-17785,PROD-1631,2026-01-28,11.0,1309.34,5.24,8.0,Perdido,Barranquilla,WhatsApp,False,False,False
TRX-17786,PROD-2181,2024-12-05,8.0,777.95,22.15,24.0,Entregado,Bogotá,Online,False,False,False
TRX-17787,PROD-3744,2024-11-16,14.0,1066.17,50.1,13.0,Devuelto,Sin Ciudad,Físico,False,False,True
TRX-17788,PROD-1514,2025-12-16,10.0,1308.62,52.36,28.0,Sin Información,Medellín,WhatsApp,False,False,False
TRX-17789,PROD-1550,2025-05-16,8.0,115.15,42.37,8.0,En Camino,Medellín,Online,False,False,False
TRX-17790,PROD-1047,2024-11-21,11.0,592.98,40.08,10.0,Entregado,Bogotá,WhatsApp,False,False,False
TRX-17791,PROD-1293,2024-10-16,12.0,927.2,83.94,14.0,Entregado,Bucaramanga,WhatsApp,False,False,False
TRX-17792,PROD-3655,2026-01-11,11.0,540.51,69.12,15.0,Entregado,Medellín,App,False,False,True
TRX-17793,PROD-1064,2024-10-14,7.0,107.45,93.96,21.0,En Camino,Sin Ciudad,Físico,False,False,False
TRX-17794,PROD-1589,2025-11-24,2.0,182.49,47.31,15.0,Retrasado,Cali,App,False,False,False
TRX-17795,PROD-3954,2024-10-24,3.0,1605.48,30.86,26.0,Devuelto,Bogotá,App,False,False,True
TRX-17796,PROD-2993,2025-09-08,9.0,1823.66,16.66,6.0,Entregado,Medellín,App,False,False,False
TRX-17797,PROD-3694,2025-08-27,2.0,312.94,68.84,14.0,Sin Información,Sin Ciudad,Online,False,False,True
TRX-17798,PROD-2788,2025-12-01,13.0,506.03,84.97,6.0,Entregado,Bogotá,App,False,False,False
TRX-17799,PROD-1556,2026-01-04,7.0,1307.98,22.46,23.0,En Camino,Bucaramanga,App,False,False,False
TRX-17800,PROD-1346,2024-09-25,7.0,1909.0,52.36,15.0,En Camino,Bucaramanga,WhatsApp,True,False,False
TRX-17801,PROD-1562,2024-12-01,1.0,606.18,88.48,1.0,Devuelto,Bucaramanga,App,False,False,False
TRX-17802,PROD-3630,2025-03-01,3.0,1711.88,55.0,10.0,Devuelto,Medellín,WhatsApp,False,False,True
TRX-17803,PROD-2703,2025-10-13,13.0,1016.99,18.69,19.0,Sin Información,Medellín,Físico,False,False,False
TRX-17804,PROD-2867,2024-12-19,14.0,1913.55,66.07,11.0,Entregado,Bogotá,WhatsApp,False,False,False
TRX-17805,PROD-3848,2025-09-22,1.0,281.15,54.41,3.0,Sin Información,Bogotá,Online,False,False,True
TRX-17806,PROD-3475,2024-11-20,6.0,1947.61,7.68,27.0,Sin Información,Cali,App,False,False,False
TRX-17807,PROD-2743,2025-06-01,4.0,887.55,42.93,23.0,Sin Información,Sin Ciudad,Online,False,False,False
TRX-17808,PROD-3552,2025-04-29,1.0,1906.35,79.55,6.0,Entregado,Sin Ciudad,Físico,False,False,True
TRX-17809,PROD-1736,2025-04-11,5.0,922.79,57.77,9.0,Entregado,Medellín,Online,False,False,False
TRX-17810,PROD-2861,2024-12-08,14.0,1064.86,31.79,25.0,Entregado,Cali,WhatsApp,False,False,False
TRX-17811,PROD-3086,2025-06-04,4.0,1611.5,93.22,9.0,Entregado,Medellín,App,False,False,False
TRX-17812,PROD-2737,2025-05-27,14.0,1448.03,52.36,29.0,Sin Información,Sin Ciudad,WhatsApp,False,False,False
TRX-17813,PROD-3261,2025-06-19,11.0,1243.01,27.59,4.0,En Camino,Medellín,Online,False,False,False
TRX-17814,PROD-2843,2025-07-26,10.0,839.79,29.01,3.0,Retrasado,Bogotá,WhatsApp,False,False,False
TRX-17815,PROD-2575,2025-02-08,14.0,1586.95,38.69,20.0,Devuelto,Cali,Online,False,False,False
TRX-17816,PROD-2455,2024-12-09,11.0,1896.97,89.98,19.0,En Camino,Barranquilla,Online,False,False,False
TRX-17817,PROD-1924,2024-12-11,10.0,29.52,53.22,23.0,Perdido,Medellín,Online,False,False,False
TRX-17818,PROD-1761,2024-10-02,2.0,1179.81,69.81,11.0,Perdido,Barranquilla,Online,False,False,False
TRX-17819,PROD-2739,2026-01-03,13.0,1733.3,97.75,19.0,Perdido,Barranquilla,Físico,False,False,False
TRX-17820,PROD-3476,2025-08-24,7.0,1309.69,79.41,17.0,Devuelto,Sin Ciudad,App,False,False,False
TRX-17821,PROD-1030,2025-01-24,12.0,1603.65,21.4,8.0,Entregado,Cali,WhatsApp,False,False,False
TRX-17822,PROD-3367,2025-03-27,8.0,1791.17,79.89,6.0,Perdido,Barranquilla,WhatsApp,False,False,False
TRX-17823,PROD-3040,2024-10-26,4.0,1504.39,76.09,5.0,Perdido,Medellín,WhatsApp,False,False,False
TRX-17824,PROD-3993,2025-01-21,9.0,1436.86,52.36,8.0,Retrasado,Barranquilla,Online,False,False,True
TRX-17825,PROD-1969,2024-12-11,3.0,1929.84,27.1,27.0,En Camino,Bogotá,Online,False,False,False
TRX-17826,PROD-3916,2025-04-16,13.0,1728.73,35.91,8.0,Sin Información,Medellín,App,False,False,True
TRX-17827,PROD-3055,2024-11-14,6.0,1632.6,72.46,3.0,Devuelto,Sin Ciudad,App,False,False,False
TRX-17828,PROD-2102,2025-02-25,11.0,181.94,27.65,19.0,Devuelto,Bogotá,App,False,False,False
TRX-17829,PROD-2682,2025-06-23,14.0,485.67,24.78,16.0,Retrasado,Bogotá,WhatsApp,False,False,False
TRX-17830,PROD-3237,2025-11-06,14.0,1117.94,71.83,10.0,Perdido,Bogotá,App,False,False,False
TRX-17831,PROD-3360,2025-09-15,7.0,1422.02,88.66,23.0,Sin Información,Bogotá,Online,False,False,False
TRX-17832,PROD-2503,2025-02-04,7.0,613.4,12.13,3.0,Sin Información,Bogotá,App,False,False,False
TRX-17833,PROD-1137,2025-11-25,6.0,195.72,47.36,9.0,Retrasado,Bogotá,Físico,False,False,False
TRX-17834,PROD-1155,2024-12-29,9.0,629.09,62.68,8.0,Entregado,Medellín,Online,False,False,False
TRX-17835,PROD-3327,2026-01-30,1.0,1544.35,69.25,8.0,Perdido,Sin Ciudad,Físico,False,False,False
TRX-17836,PROD-2979,2025-05-21,13.0,1756.03,52.36,25.0,Sin Información,Sin Ciudad,App,False,False,False
TRX-17837,PROD-3887,2024-11-06,9.0,1826.68,99.64,8.0,Devuelto,Bogotá,Físico,False,False,True
TRX-17838,PROD-2509,2025-04-09,13.0,763.94,69.86,20.0,Sin Información,Bucaramanga,Online,False,False,False
TRX-17839,PROD-1463,2026-01-16,9.0,751.35,63.91,7.0,En Camino,Sin Ciudad,WhatsApp,False,False,False
TRX-17840,PROD-3376,2025-07-10,4.0,819.35,99.02,14.0,Retrasado,Bucaramanga,Online,False,False,False
TRX-17841,PROD-2972,2025-12-02,13.0,757.86,10.76,22.0,Sin Información,Bogotá,Online,False,False,False
TRX-17842,PROD-3828,2025-01-14,12.0,1335.73,12.07,17.0,Sin Información,Medellín,Online,False,False,True
TRX-17843,PROD-1327,2026-01-22,12.0,723.06,58.26,12.0,Sin Información,Sin Ciudad,Físico,False,False,False
TRX-17844,PROD-1581,2025-06-26,5.0,50.48,39.07,5.0,Retrasado,Barranquilla,Online,False,False,False
TRX-17845,PROD-3990,2025-05-21,3.0,883.66,14.19,2.0,Devuelto,Bogotá,Online,False,False,True
TRX-17846,PROD-3995,2025-02-25,7.0,456.06,34.11,25.0,Sin Información,Bogotá,Online,False,False,True
TRX-17847,PROD-3156,2025-09-09,2.0,67.33,69.06,15.0,Sin Información,Bucaramanga,App,False,False,False
TRX-17848,PROD-2144,2024-11-05,8.0,946.98,52.36,11.0,Perdido,Sin Ciudad,Físico,False,False,False
TRX-17849,PROD-2904,2024-12-11,9.0,419.85,88.66,15.0,Perdido,Cali,App,False,False,False
TRX-17850,PROD-3117,2025-07-31,6.0,910.96,13.96,13.0,Perdido,Cali,Online,False,False,False
TRX-17851,PROD-1320,2025-02-07,9.0,562.72,56.31,19.0,Sin Información,Medellín,App,False,False,False
TRX-17852,PROD-3143,2025-02-20,6.0,1211.38,33.13,12.0,Sin Información,Bogotá,WhatsApp,False,False,False
TRX-17853,PROD-3498,2025-11-28,3.0,1981.85,68.4,15.0,Sin Información,Medellín,Online,False,False,False
TRX-17854,PROD-1362,2025-12-02,10.0,1098.99,57.2,12.0,En Camino,Cali,App,False,False,False
TRX-17855,PROD-2004,2025-05-22,3.0,1297.32,93.04,23.0,En Camino,Bogotá,Online,False,False,False
TRX-17856,PROD-2935,2025-02-12,2.0,1839.36,8.58,18.0,Perdido,Bogotá,WhatsApp,False,False,False
TRX-17857,PROD-3583,2025-07-30,5.0,754.26,49.65,23.0,En Camino,Bogotá,Online,False,False,True
TRX-17858,PROD-3718,2025-07-18,13.0,341.43,23.31,29.0,Retrasado,Barranquilla,Online,False,False,True
TRX-17859,PROD-3739,2024-11-11,14.0,572.77,55.99,4.0,Sin Información,Medellín,App,False,False,True
TRX-17860,PROD-1319,2025-06-11,4.0,811.56,52.36,11.0,Perdido,Bogotá,Online,False,False,False
TRX-17861,PROD-3801,2025-03-02,12.0,1293.59,86.09,22.0,En Camino,Sin Ciudad,WhatsApp,False,False,True
TRX-17862,PROD-3595,2024-11-23,6.0,19.13,91.58,15.0,Sin Información,Bucaramanga,WhatsApp,False,False,True
TRX-17863,PROD-3208,2024-11-16,5.0,1708.23,42.83,25.0,Sin Información,Medellín,App,False,False,False
TRX-17864,PROD-3374,2025-11-19,6.0,161.43,82.12,24.0,Retrasado,Bogotá,Online,False,False,False
TRX-17865,PROD-2279,2025-10-23,4.0,1802.3,31.65,25.0,Retrasado,Medellín,Físico,False,False,False
TRX-17866,PROD-3511,2025-09-29,14.0,1899.37,5.6,5.0,En Camino,Medellín,Online,False,False,True
TRX-17867,PROD-1216,2026-01-19,13.0,1980.3,86.25,5.0,Perdido,Medellín,Físico,False,False,False
TRX-17868,PROD-2407,2024-10-23,3.0,1620.93,16.34,20.0,Perdido,Bogotá,Online,False,False,False
TRX-17869,PROD-3191,2025-08-18,1.0,292.29,6.67,25.0,En Camino,Bucaramanga,WhatsApp,False,False,False
TRX-17870,PROD-1044,2025-12-03,5.0,1415.27,38.61,10.0,En Camino,Sin Ciudad,WhatsApp,False,False,False
TRX-17871,PROD-2920,2025-07-09,6.0,414.61,41.04,24.0,Entregado,Bogotá,Online,False,False,False
TRX-17872,PROD-2859,2025-03-10,5.0,1795.28,52.36,22.0,Retrasado,Medellín,Online,False,False,False
TRX-17873,PROD-3099,2025-06-15,5.0,640.05,12.34,10.0,Perdido,Sin Ciudad,WhatsApp,False,False,False
TRX-17874,PROD-2921,2025-07-27,12.0,660.32,82.35,22.0,Devuelto,Medellín,Online,False,False,False
TRX-17875,PROD-3350,2025-12-25,6.0,1836.13,43.53,6.0,Retrasado,Sin Ciudad,Online,False,False,False
TRX-17876,PROD-2357,2025-03-26,4.0,36.33,51.54,6.0,Sin Información,Bucaramanga,App,False,False,False
TRX-17877,PROD-2724,2025-08-22,14.0,395.99,30.14,23.0,Perdido,Medellín,App,False,False,False
TRX-17878,PROD-2445,2024-09-25,12.0,849.65,53.59,6.0,Sin Información,Sin Ciudad,App,False,False,False
TRX-17879,PROD-2206,2025-12-07,4.0,1404.44,77.84,24.0,Entregado,Bogotá,Físico,False,False,False
TRX-17880,PROD-2184,2025-03-02,11.0,1298.66,91.09,7.0,Retrasado,Bogotá,WhatsApp,False,False,False
TRX-17881,PROD-1686,2025-10-18,13.0,1342.13,97.2,18.0,Retrasado,Barranquilla,Online,False,False,False
TRX-17882,PROD-1144,2025-06-09,8.0,1761.24,45.54,26.0,Sin Información,Bogotá,WhatsApp,False,False,False
TRX-17883,PROD-3846,2025-11-19,11.0,250.85,99.05,4.0,Perdido,Bogotá,Online,False,False,True
TRX-17884,PROD-3447,2024-11-09,8.0,1049.1,52.36,14.0,Devuelto,Medellín,Online,False,False,False
TRX-17885,PROD-2245,2025-06-03,12.0,1453.7,33.02,11.0,En Camino,Sin Ciudad,WhatsApp,False,False,False
TRX-17886,PROD-3977,2024-12-05,3.0,1275.88,5.66,7.0,Devuelto,Bogotá,Físico,False,False,True
TRX-17887,PROD-3308,2025-08-23,7.0,902.15,77.92,18.0,Sin Información,Sin Ciudad,Físico,False,False,False
TRX-17888,PROD-2066,2025-10-27,5.0,44.06,21.95,20.0,Entregado,Medellín,Físico,False,False,False
TRX-17889,PROD-1251,2025-03-07,5.0,130.3,9.98,2.0,Retrasado,Barranquilla,Físico,False,False,False
TRX-17890,PROD-3577,2025-06-09,12.0,246.69,92.78,2.0,Sin Información,Bucaramanga,App,False,False,True
TRX-17891,PROD-2938,2024-09-26,13.0,693.02,80.22,7.0,Sin Información,Bogotá,WhatsApp,False,False,False
TRX-17892,PROD-3368,2025-10-03,3.0,244.13,14.75,11.0,Perdido,Sin Ciudad,Físico,False,False,False
TRX-17893,PROD-1692,2025-01-19,2.0,857.9,78.81,18.0,Retrasado,Medellín,Físico,False,False,False
TRX-17894,PROD-3346,2026-01-19,13.0,365.5,85.18,20.0,En Camino,Bogotá,Físico,False,False,False
TRX-17895,PROD-1211,2025-11-07,3.0,1560.54,91.0,7.0,Devuelto,Bogotá,Físico,False,False,False
TRX-17896,PROD-3688,2026-01-05,7.0,1744.26,52.36,22.0,Devuelto,Bogotá,App,False,False,True
TRX-17897,PROD-2195,2026-01-05,3.0,785.4,56.65,20.0,Entregado,Bogotá,Online,False,False,False
TRX-17898,PROD-3557,2025-06-22,11.0,1027.55,71.82,25.0,Perdido,Bogotá,Físico,False,False,True
TRX-17899,PROD-1111,2026-01-28,13.0,1907.46,77.41,5.0,En Camino,Bogotá,App,False,False,False
TRX-17900,PROD-2174,2025-05-06,7.0,1075.66,70.42,2.0,Sin Información,Medellín,App,False,False,False
TRX-17901,PROD-2985,2025-09-09,2.0,1990.2,66.45,14.0,En Camino,Cali,App,False,False,False
TRX-17902,PROD-1337,2026-02-04,4.0,292.84,57.02,7.0,Perdido,Medellín,Online,False,True,False
TRX-17903,PROD-1519,2024-12-01,12.0,1725.83,50.52,10.0,Entregado,Medellín,WhatsApp,False,False,False
TRX-17904,PROD-3070,2025-03-23,5.0,999.43,99.63,28.0,Sin Información,Cali,Físico,False,False,False
TRX-17905,PROD-1314,2025-09-10,13.0,55.2,37.07,18.0,En Camino,Cali,Online,False,False,False
TRX-17906,PROD-2138,2025-06-13,7.0,1944.72,13.39,8.0,Entregado,Bogotá,App,False,False,False
TRX-17907,PROD-2032,2025-09-27,1.0,1930.45,77.68,23.0,Perdido,Bogotá,Online,False,False,False
TRX-17908,PROD-1542,2025-03-22,14.0,772.71,52.36,16.0,Perdido,Bogotá,WhatsApp,False,False,False
TRX-17909,PROD-3522,2026-01-19,8.0,1908.74,25.31,14.0,Perdido,Bogotá,App,False,False,True
TRX-17910,PROD-2150,2024-09-27,10.0,290.61,55.61,28.0,En Camino,Medellín,WhatsApp,False,False,False
TRX-17911,PROD-2127,2025-04-07,3.0,1363.42,14.1,9.0,Perdido,Medellín,WhatsApp,False,False,False
TRX-17912,PROD-2052,2024-11-08,14.0,391.94,63.83,6.0,En Camino,Bucaramanga,App,False,False,False
TRX-17913,PROD-1058,2025-12-24,11.0,500.83,94.68,7.0,Entregado,Medellín,Físico,False,False,False
TRX-17914,PROD-1456,2024-11-01,6.0,1560.88,73.66,26.0,Retrasado,Bogotá,WhatsApp,False,False,False
TRX-17915,PROD-3473,2025-01-22,4.0,760.94,25.38,9.0,Entregado,Barranquilla,App,False,False,False
TRX-17916,PROD-1715,2025-02-04,14.0,24.18,97.26,7.0,En Camino,Bucaramanga,Online,False,False,False
TRX-17917,PROD-3423,2025-02-09,5.0,834.33,34.17,9.0,Devuelto,Cali,Online,False,False,False
TRX-17918,PROD-1619,2025-09-07,10.0,463.86,46.48,24.0,Devuelto,Medellín,WhatsApp,False,False,False
TRX-17919,PROD-3699,2025-02-22,12.0,1369.83,52.32,21.0,Sin Información,Medellín,App,False,False,True
TRX-17920,PROD-2829,2024-10-20,6.0,396.95,52.36,7.0,Retrasado,Medellín,WhatsApp,False,False,False
TRX-17921,PROD-2514,2025-11-23,2.0,1686.08,99.12,12.0,Perdido,Barranquilla,Físico,False,False,False
TRX-17922,PROD-1718,2024-12-08,13.0,541.52,11.54,23.0,Entregado,Bogotá,Online,False,False,False
TRX-17923,PROD-2070,2025-03-16,3.0,792.13,71.19,17.0,Entregado,Bucaramanga,Físico,False,False,False
TRX-17924,PROD-3870,2024-11-10,8.0,603.09,39.38,20.0,En Camino,Sin Ciudad,WhatsApp,False,False,True
TRX-17925,PROD-1967,2025-08-30,8.0,1291.41,12.44,21.0,Sin Información,Cali,Físico,False,False,False
TRX-17926,PROD-2986,2025-07-29,1.0,211.32,93.83,12.0,Retrasado,Barranquilla,Físico,False,False,False
TRX-17927,PROD-1740,2025-06-23,10.0,961.42,61.04,22.0,Perdido,Medellín,WhatsApp,False,False,False
TRX-17928,PROD-3160,2024-10-19,8.0,675.57,76.58,23.0,Retrasado,Barranquilla,WhatsApp,False,False,False
TRX-17929,PROD-1135,2025-08-16,11.0,1769.43,27.84,5.0,Devuelto,Bogotá,WhatsApp,False,False,False
TRX-17930,PROD-2404,2025-10-17,2.0,156.09,77.35,18.0,Sin Información,Bucaramanga,Físico,False,False,False
TRX-17931,PROD-1345,2025-12-25,10.0,1661.09,83.71,5.0,Retrasado,Cali,App,False,False,False
TRX-17932,PROD-1594,2025-05-01,10.0,343.68,52.36,5.0,Perdido,Bogotá,App,False,False,False
TRX-17933,PROD-3439,2025-01-22,13.0,186.27,45.93,7.0,Sin Información,Bucaramanga,App,False,False,False
TRX-17934,PROD-1631,2025-09-18,8.0,412.62,59.34,29.0,Perdido,Bogotá,Físico,False,False,False
TRX-17935,PROD-3031,2024-11-30,12.0,214.28,97.33,3.0,Entregado,Barranquilla,Online,False,False,False
TRX-17936,PROD-2691,2024-12-02,10.0,1046.76,85.44,1.0,Entregado,Cali,Online,False,False,False
TRX-17937,PROD-2569,2025-02-19,5.0,1976.55,47.26,28.0,Perdido,Medellín,WhatsApp,False,False,False
TRX-17938,PROD-1974,2025-03-28,1.0,78.31,68.13,6.0,Entregado,Barranquilla,App,False,False,False
TRX-17939,PROD-3706,2025-11-27,8.0,927.65,79.5,28.0,Entregado,Barranquilla,Online,False,False,True
TRX-17940,PROD-2802,2025-09-30,12.0,778.28,7.31,7.0,Entregado,Bogotá,App,False,False,False
TRX-17941,PROD-3973,2025-05-26,5.0,685.82,60.89,27.0,Perdido,Bucaramanga,Físico,False,False,True
TRX-17942,PROD-3611,2025-04-06,1.0,670.41,98.53,26.0,Entregado,Cali,WhatsApp,False,False,True
TRX-17943,PROD-1685,2024-10-24,4.0,1791.08,94.98,8.0,Devuelto,Cali,WhatsApp,False,False,False
TRX-17944,PROD-1863,2026-01-02,13.0,47.76,52.36,14.0,Sin Información,Barranquilla,WhatsApp,False,False,False
TRX-17945,PROD-3366,2025-01-09,1.0,1552.08,84.08,23.0,Perdido,Bogotá,WhatsApp,False,False,False
TRX-17946,PROD-2413,2025-09-10,13.0,513.34,15.09,15.0,Retrasado,Cali,WhatsApp,False,False,False
TRX-17947,PROD-1222,2024-09-23,9.0,772.76,99.43,7.0,Sin Información,Medellín,WhatsApp,False,False,False
TRX-17948,PROD-3630,2025-03-23,10.0,846.1,62.91,7.0,En Camino,Bogotá,WhatsApp,False,False,True
TRX-17949,PROD-2082,2025-03-15,2.0,616.42,26.18,1.0,Sin Información,Cali,App,False,False,False
TRX-17950,PROD-1475,2025-03-10,8.0,196.18,69.06,9.0,En Camino,Barranquilla,Online,False,False,False
TRX-17951,PROD-1215,2025-05-28,4.0,237.52,86.37,25.0,Devuelto,Medellín,App,False,False,False
TRX-17952,PROD-1686,2025-01-08,9.0,603.28,15.67,7.0,Perdido,Bogotá,App,False,False,False
TRX-17953,PROD-2900,2025-09-27,2.0,1645.4,92.06,25.0,Retrasado,Medellín,Online,False,False,False
TRX-17954,PROD-2633,2025-07-16,12.0,277.91,92.42,27.0,Perdido,Bucaramanga,App,False,False,False
TRX-17955,PROD-2950,2025-06-13,3.0,1487.85,6.28,20.0,Retrasado,Barranquilla,WhatsApp,False,False,False
TRX-17956,PROD-2234,2025-11-12,2.0,584.85,52.36,7.0,Retrasado,Cali,App,False,False,False
TRX-17957,PROD-2950,2024-10-22,10.0,1768.1,90.53,18.0,Perdido,Medellín,WhatsApp,False,False,False
TRX-17958,PROD-3181,2025-07-21,14.0,862.37,94.95,14.0,Sin Información,Medellín,Online,False,False,False
TRX-17959,PROD-1957,2026-01-11,5.0,351.73,8.58,22.0,Entregado,Barranquilla,App,False,False,False
TRX-17960,PROD-2555,2025-09-18,11.0,1971.83,32.95,15.0,En Camino,Bucaramanga,Físico,False,False,False
TRX-17961,PROD-3799,2025-12-02,1.0,361.5,40.45,18.0,Entregado,Bogotá,App,False,False,True
TRX-17962,PROD-3890,2025-09-09,12.0,1139.56,38.14,10.0,En Camino,Bogotá,Online,False,False,True
TRX-17963,PROD-2597,2026-01-08,3.0,1142.88,77.11,3.0,Entregado,Cali,Físico,False,False,False
TRX-17964,PROD-2943,2026-01-17,1.0,751.9,39.02,27.0,Perdido,Sin Ciudad,WhatsApp,False,False,False
TRX-17965,PROD-2075,2025-08-05,10.0,1903.46,95.87,29.0,Perdido,Bogotá,Físico,False,False,False
TRX-17966,PROD-1594,2025-05-05,14.0,1689.31,99.52,11.0,Retrasado,Medellín,WhatsApp,False,False,False
TRX-17967,PROD-3172,2025-10-24,8.0,1661.34,35.1,1.0,Devuelto,Medellín,Online,False,False,False
TRX-17968,PROD-2780,2024-12-20,12.0,1948.56,52.36,23.0,Perdido,Medellín,WhatsApp,False,False,False
TRX-17969,PROD-1048,2025-05-14,4.0,919.65,53.34,28.0,En Camino,Barranquilla,Online,False,False,False
TRX-17970,PROD-2182,2025-03-09,3.0,203.4,57.98,2.0,Retrasado,Cali,App,False,False,False
TRX-17971,PROD-2838,2025-05-11,8.0,1533.26,60.04,16.0,En Camino,Medellín,Físico,False,False,False
TRX-17972,PROD-2564,2025-01-26,13.0,767.82,40.55,3.0,Entregado,Barranquilla,Físico,False,False,False
TRX-17973,PROD-3779,2024-11-22,9.0,388.79,20.77,28.0,Devuelto,Sin Ciudad,Físico,False,False,True
TRX-17974,PROD-2293,2025-01-20,8.0,971.66,10.18,17.0,Perdido,Medellín,WhatsApp,False,False,False
TRX-17975,PROD-3171,2025-11-24,6.0,1852.18,15.1,3.0,Entregado,Barranquilla,Online,False,False,False
TRX-17976,PROD-3797,2026-02-01,14.0,351.0,90.62,11.0,Retrasado,Bogotá,App,False,True,True
TRX-17977,PROD-1168,2025-03-31,3.0,1698.91,31.64,4.0,En Camino,Cali,Online,False,False,False
TRX-17978,PROD-1398,2025-01-21,8.0,842.23,12.3,7.0,Sin Información,Medellín,Físico,False,False,False
TRX-17979,PROD-3176,2025-11-24,13.0,282.24,64.24,22.0,Devuelto,Medellín,WhatsApp,False,False,False
TRX-17980,PROD-3610,2024-11-09,5.0,1698.28,52.36,16.0,Perdido,Barranquilla,App,False,False,True
TRX-17981,PROD-2449,2025-04-12,5.0,1939.54,12.15,17.0,En Camino,Sin Ciudad,App,False,False,False
TRX-17982,PROD-2768,2024-11-20,12.0,589.63,11.66,11.0,Perdido,Sin Ciudad,WhatsApp,False,False,False
TRX-17983,PROD-3500,2025-03-26,9.0,614.04,64.05,4.0,Perdido,Medellín,Online,False,False,True
TRX-17984,PROD-3670,2025-05-03,1.0,787.19,61.18,25.0,En Camino,Bogotá,WhatsApp,False,False,True
TRX-17985,PROD-2116,2026-01-27,7.0,1630.12,8.94,3.0,Perdido,Bucaramanga,Físico,False,False,False
TRX-17986,PROD-2372,2024-10-03,8.0,30.73,48.75,22.0,Retrasado,Barranquilla,Físico,False,False,False
TRX-17987,PROD-2107,2025-06-30,11.0,455.67,46.4,27.0,Devuelto,Medellín,Físico,False,False,False
TRX-17988,PROD-2093,2025-03-30,10.0,1414.74,56.94,16.0,Entregado,Medellín,App,False,False,False
TRX-17989,PROD-1402,2025-07-21,3.0,817.22,75.1,2.0,Devuelto,Bogotá,Físico,False,False,False
TRX-17990,PROD-2045,2025-07-29,8.0,667.29,31.87,5.0,Entregado,Medellín,Online,False,False,False
TRX-17991,PROD-3680,2026-02-04,1.0,1745.84,46.11,25.0,Retrasado,Bogotá,App,False,True,True
TRX-17992,PROD-3392,2025-05-17,8.0,1835.49,52.36,28.0,Devuelto,Bogotá,Online,False,False,False
TRX-17993,PROD-2602,2024-10-26,7.0,1896.49,80.31,18.0,Retrasado,Barranquilla,App,False,False,False
TRX-17994,PROD-2888,2025-08-28,4.0,552.38,92.64,3.0,En Camino,Bogotá,Online,False,False,False
TRX-17995,PROD-3765,2025-02-04,11.0,1825.9,89.68,28.0,Entregado,Sin Ciudad,Físico,False,False,True
TRX-17996,PROD-1990,2026-01-16,7.0,1476.56,50.37,2.0,En Camino,Barranquilla,App,False,False,False
TRX-17997,PROD-3752,2024-11-23,10.0,316.89,54.48,2.0,En Camino,Cali,Online,False,False,True
TRX-17998,PROD-3411,2025-08-01,14.0,1224.44,55.27,22.0,Devuelto,Sin Ciudad,App,False,False,False
TRX-17999,PROD-1798,2025-05-07,11.0,62.41,87.53,22.0,Perdido,Barranquilla,App,False,False,False
TRX-18000,PROD-3129,2024-12-24,7.0,1419.67,84.79,15.0,Perdido,Sin Ciudad,Físico,True,False,False
TRX-18001,PROD-2382,2025-01-16,7.0,1469.8,34.6,21.0,Retrasado,Barranquilla,App,False,False,False
TRX-18002,PROD-3775,2025-08-20,13.0,1580.78,20.47,2.0,Devuelto,Medellín,WhatsApp,False,False,True
TRX-18003,PROD-3827,2025-02-02,10.0,353.32,41.0,16.0,En Camino,Cali,Online,False,False,True
TRX-18004,PROD-1736,2025-08-20,13.0,1260.22,52.36,1.0,Sin Información,Sin Ciudad,WhatsApp,False,False,False
TRX-18005,PROD-2283,2026-01-12,12.0,365.92,32.4,29.0,Retrasado,Barranquilla,App,False,False,False
TRX-18006,PROD-3243,2025-11-15,1.0,1893.83,95.32,29.0,En Camino,Medellín,Online,False,False,False
TRX-18007,PROD-1043,2026-01-03,3.0,1353.27,30.26,19.0,Retrasado,Bogotá,WhatsApp,False,False,False
TRX-18008,PROD-3755,2025-07-12,7.0,199.7,22.21,19.0,Sin Información,Bogotá,WhatsApp,False,False,True
TRX-18009,PROD-1034,2025-12-10,11.0,382.19,90.45,9.0,Entregado,Barranquilla,Físico,False,False,False
TRX-18010,PROD-1278,2025-04-03,13.0,1330.29,13.22,20.0,Retrasado,Cali,WhatsApp,False,False,False
TRX-18011,PROD-1048,2025-10-27,5.0,958.57,29.73,9.0,Retrasado,Bogotá,App,False,False,False
TRX-18012,PROD-2684,2024-10-22,9.0,1475.23,46.72,29.0,En Camino,Bogotá,Online,False,False,False
TRX-18013,PROD-1400,2025-12-23,7.0,568.77,61.54,11.0,Perdido,Bogotá,App,False,False,False
TRX-18014,PROD-3151,2025-07-17,3.0,1319.26,36.13,1.0,En Camino,Medellín,WhatsApp,False,False,False
TRX-18015,PROD-1425,2024-11-22,1.0,362.15,52.14,19.0,Devuelto,Medellín,App,False,False,False
TRX-18016,PROD-3807,2025-12-24,5.0,1091.98,52.36,17.0,En Camino,Bogotá,WhatsApp,False,False,True
TRX-18017,PROD-2826,2025-12-27,14.0,1916.02,23.89,6.0,Sin Información,Medellín,Físico,False,False,False
TRX-18018,PROD-2439,2025-07-23,13.0,1260.16,59.56,1.0,Perdido,Medellín,App,False,False,False
TRX-18019,PROD-1898,2025-12-12,10.0,109.49,43.74,18.0,Devuelto,Bogotá,App,False,False,False
TRX-18020,PROD-3970,2025-08-28,13.0,1977.64,85.68,9.0,Sin Información,Bogotá,Físico,False,False,True
TRX-18021,PROD-2160,2025-09-06,5.0,322.16,44.49,27.0,Perdido,Bucaramanga,App,False,False,False
TRX-18022,PROD-2031,2025-12-14,7.0,1438.96,47.16,1.0,Devuelto,Medellín,WhatsApp,False,False,False
TRX-18023,PROD-1790,2025-12-07,14.0,1069.73,61.26,4.0,En Camino,Bucaramanga,Físico,False,False,False
TRX-18024,PROD-1139,2025-08-12,1.0,595.78,16.7,22.0,Perdido,Medellín,App,False,False,False
TRX-18025,PROD-1097,2025-07-21,10.0,362.85,19.9,18.0,Sin Información,Medellín,WhatsApp,False,False,False
TRX-18026,PROD-3537,2025-09-26,2.0,363.63,80.07,17.0,Sin Información,Sin Ciudad,WhatsApp,False,False,True
TRX-18027,PROD-1376,2024-10-20,11.0,1718.22,30.97,20.0,Perdido,Bogotá,Online,False,False,False
TRX-18028,PROD-1232,2026-01-20,6.0,1747.1,52.36,19.0,Sin Información,Bogotá,Online,False,False,False
TRX-18029,PROD-3433,2024-12-08,8.0,935.64,70.05,23.0,Sin Información,Bucaramanga,Online,False,False,False
TRX-18030,PROD-3689,2025-01-21,4.0,216.21,14.26,23.0,Entregado,Cali,Físico,False,False,True
TRX-18031,PROD-1888,2024-09-25,3.0,1769.49,83.08,28.0,Entregado,Bogotá,WhatsApp,False,False,False
TRX-18032,PROD-3455,2024-10-29,3.0,979.16,98.88,14.0,Retrasado,Medellín,Físico,False,False,False
TRX-18033,PROD-3613,2025-11-28,3.0,883.14,40.5,26.0,Entregado,Medellín,Físico,False,False,True
TRX-18034,PROD-1498,2025-02-16,2.0,820.64,53.03,27.0,Perdido,Sin Ciudad,Físico,False,False,False
TRX-18035,PROD-3900,2024-12-23,1.0,736.38,47.06,7.0,Retrasado,Medellín,Físico,False,False,True
TRX-18036,PROD-1491,2025-08-27,5.0,1056.75,89.95,9.0,En Camino,Barranquilla,Físico,False,False,False
TRX-18037,PROD-1353,2025-06-22,10.0,1213.04,5.94,25.0,Retrasado,Sin Ciudad,App,False,False,False
TRX-18038,PROD-3476,2026-01-01,5.0,938.2,67.08,20.0,Sin Información,Bogotá,Online,False,False,False
TRX-18039,PROD-1532,2026-01-01,5.0,1794.33,66.97,9.0,Devuelto,Medellín,Físico,False,False,False
TRX-18040,PROD-2539,2025-10-04,4.0,642.15,52.36,15.0,Retrasado,Barranquilla,App,False,False,False
TRX-18041,PROD-3688,2024-12-18,3.0,1160.84,41.33,11.0,Entregado,Barranquilla,App,False,False,True
TRX-18042,PROD-3653,2024-11-01,12.0,606.91,25.84,7.0,En Camino,Sin Ciudad,WhatsApp,False,False,True
TRX-18043,PROD-3318,2025-03-19,3.0,1509.17,27.77,6.0,Devuelto,Bucaramanga,Físico,False,False,False
TRX-18044,PROD-1756,2025-08-17,2.0,213.22,81.04,27.0,Retrasado,Bogotá,Online,False,False,False
TRX-18045,PROD-1454,2025-07-04,5.0,385.51,11.28,9.0,En Camino,Sin Ciudad,WhatsApp,False,False,False
TRX-18046,PROD-3849,2025-12-01,4.0,1604.39,58.56,4.0,Entregado,Medellín,Físico,False,False,True
TRX-18047,PROD-1754,2024-11-03,6.0,374.56,34.15,17.0,En Camino,Medellín,WhatsApp,False,False,False
TRX-18048,PROD-2037,2025-07-04,2.0,1255.24,30.2,6.0,En Camino,Cali,Online,False,False,False
TRX-18049,PROD-2206,2024-11-27,2.0,1940.78,53.05,29.0,Devuelto,Medellín,Online,False,False,False
TRX-18050,PROD-2912,2025-01-24,8.0,1050.55,90.3,17.0,Perdido,Sin Ciudad,Físico,False,False,False
TRX-18051,PROD-3705,2025-02-14,6.0,382.92,63.72,26.0,Entregado,Barranquilla,Online,False,False,True
TRX-18052,PROD-1310,2025-01-20,3.0,648.18,52.36,25.0,Devuelto,Bogotá,Online,False,False,False
TRX-18053,PROD-3616,2025-01-09,5.0,1648.68,79.92,14.0,Devuelto,Barranquilla,Online,False,False,True
TRX-18054,PROD-2857,2025-11-11,3.0,709.81,62.06,5.0,Devuelto,Medellín,Físico,False,False,False
TRX-18055,PROD-2132,2024-12-23,11.0,1449.79,71.28,18.0,Perdido,Barranquilla,WhatsApp,False,False,False
TRX-18056,PROD-2748,2026-01-26,2.0,1556.93,46.08,28.0,Perdido,Bucaramanga,WhatsApp,False,False,False
TRX-18057,PROD-3835,2025-09-25,3.0,1007.35,92.97,8.0,Retrasado,Sin Ciudad,WhatsApp,False,False,True
TRX-18058,PROD-3734,2025-07-27,1.0,1568.59,52.68,10.0,Retrasado,Bogotá,WhatsApp,False,False,True
TRX-18059,PROD-2324,2025-11-19,14.0,640.64,57.42,11.0,Entregado,Bogotá,WhatsApp,False,False,False
TRX-18060,PROD-2054,2024-11-21,7.0,1037.16,54.87,22.0,Sin Información,Cali,WhatsApp,False,False,False
TRX-18061,PROD-1663,2025-09-07,6.0,1376.25,35.04,29.0,Entregado,Sin Ciudad,WhatsApp,False,False,False
TRX-18062,PROD-1303,2025-05-07,5.0,344.47,26.97,3.0,Perdido,Sin Ciudad,Online,False,False,False
TRX-18063,PROD-2135,2025-05-20,6.0,554.51,12.01,27.0,Perdido,Bucaramanga,WhatsApp,False,False,False
TRX-18064,PROD-1255,2025-12-01,8.0,1307.55,52.36,2.0,Perdido,Sin Ciudad,Online,False,False,False
TRX-18065,PROD-2567,2025-04-22,3.0,1314.17,73.23,26.0,Devuelto,Cali,App,False,False,False
TRX-18066,PROD-2591,2025-10-27,3.0,991.67,32.48,27.0,Perdido,Barranquilla,Físico,False,False,False
TRX-18067,PROD-2362,2024-12-29,12.0,1593.21,41.97,14.0,Devuelto,Medellín,Online,False,False,False
TRX-18068,PROD-1246,2024-10-06,5.0,969.29,92.39,4.0,Devuelto,Bogotá,Físico,False,False,False
TRX-18069,PROD-2057,2025-04-28,5.0,1763.83,58.81,17.0,Entregado,Bogotá,Físico,False,False,False
TRX-18070,PROD-2084,2026-01-03,14.0,1474.45,14.22,17.0,En Camino,Bogotá,App,False,False,False
TRX-18071,PROD-1728,2025-03-11,11.0,636.24,80.96,21.0,Retrasado,Cali,WhatsApp,False,False,False
TRX-18072,PROD-2804,2025-07-26,1.0,796.56,29.33,26.0,Retrasado,Bogotá,App,False,False,False
TRX-18073,PROD-1284,2025-06-29,4.0,1338.7,57.51,9.0,Entregado,Cali,Online,False,False,False
TRX-18074,PROD-3014,2025-09-20,9.0,1789.96,53.45,28.0,Entregado,Bucaramanga,Online,False,False,False
TRX-18075,PROD-1821,2025-04-20,8.0,365.63,27.62,21.0,Perdido,Bogotá,Online,False,False,False
TRX-18076,PROD-3499,2025-06-05,3.0,1034.18,52.36,22.0,Perdido,Medellín,Físico,False,False,False
TRX-18077,PROD-2608,2025-03-12,5.0,246.38,16.0,26.0,Perdido,Barranquilla,WhatsApp,False,False,False
TRX-18078,PROD-1730,2024-12-04,5.0,566.12,25.07,9.0,Devuelto,Medellín,WhatsApp,False,False,False
TRX-18079,PROD-3643,2025-02-16,7.0,1375.1,14.25,3.0,Devuelto,Bucaramanga,WhatsApp,False,False,True
TRX-18080,PROD-3015,2025-08-28,8.0,164.69,31.18,28.0,Perdido,Bucaramanga,App,False,False,False
TRX-18081,PROD-1444,2025-08-05,9.0,1328.09,99.74,4.0,Devuelto,Barranquilla,App,False,False,False
TRX-18082,PROD-1589,2025-01-06,7.0,1802.61,43.2,2.0,Entregado,Sin Ciudad,Online,False,False,False
TRX-18083,PROD-3214,2024-12-25,2.0,1939.05,87.07,14.0,Perdido,Medellín,WhatsApp,False,False,False
TRX-18084,PROD-2766,2024-11-24,8.0,441.1,57.17,20.0,Retrasado,Bucaramanga,WhatsApp,False,False,False
TRX-18085,PROD-1894,2025-02-23,8.0,1500.31,68.33,8.0,Retrasado,Cali,App,False,False,False
TRX-18086,PROD-3514,2025-06-04,11.0,1853.48,19.85,18.0,Sin Información,Cali,Físico,False,False,True
TRX-18087,PROD-3635,2025-09-08,13.0,191.82,31.11,4.0,Devuelto,Sin Ciudad,WhatsApp,False,False,True
TRX-18088,PROD-1435,2024-10-27,14.0,833.91,52.36,8.0,Retrasado,Cali,Online,False,False,False
TRX-18089,PROD-2808,2025-08-11,2.0,1839.63,53.49,7.0,Perdido,Medellín,WhatsApp,False,False,False
TRX-18090,PROD-3930,2025-07-31,13.0,413.55,88.71,25.0,Retrasado,Medellín,App,False,False,True
TRX-18091,PROD-2060,2025-07-15,6.0,1868.18,9.07,15.0,Entregado,Bogotá,WhatsApp,False,False,False
TRX-18092,PROD-1423,2025-06-02,13.0,1059.11,53.16,15.0,Devuelto,Cali,Online,False,False,False
TRX-18093,PROD-1142,2025-02-26,10.0,208.79,9.85,2.0,Retrasado,Medellín,Físico,False,False,False
TRX-18094,PROD-1298,2025-02-03,1.0,905.26,48.4,4.0,Devuelto,Bogotá,Físico,False,False,False
TRX-18095,PROD-1288,2025-12-02,11.0,659.26,64.74,25.0,Entregado,Medellín,Online,False,False,False
TRX-18096,PROD-3340,2025-01-29,7.0,571.59,75.75,22.0,Retrasado,Barranquilla,Online,False,False,False
TRX-18097,PROD-3980,2025-12-02,10.0,1087.54,18.16,25.0,Sin Información,Barranquilla,WhatsApp,False,False,True
TRX-18098,PROD-2026,2025-06-29,2.0,972.35,20.82,9.0,Perdido,Medellín,WhatsApp,False,False,False
TRX-18099,PROD-2826,2025-09-15,5.0,969.11,49.66,23.0,En Camino,Barranquilla,App,False,False,False
TRX-18100,PROD-1076,2025-11-14,7.0,185.4,52.36,7.0,Retrasado,Cali,Físico,False,False,False
TRX-18101,PROD-3038,2025-09-28,14.0,1606.61,99.81,24.0,Entregado,Medellín,Físico,False,False,False
TRX-18102,PROD-1609,2025-06-01,7.0,968.06,38.82,18.0,Sin Información,Cali,Online,False,False,False
TRX-18103,PROD-3674,2025-02-04,10.0,1643.6,45.62,26.0,Sin Información,Barranquilla,App,False,False,True
TRX-18104,PROD-3622,2025-08-19,11.0,1650.94,46.08,12.0,En Camino,Bogotá,WhatsApp,False,False,True
TRX-18105,PROD-1003,2024-10-03,9.0,641.1,12.67,14.0,Sin Información,Bucaramanga,Online,False,False,False
TRX-18106,PROD-1154,2025-07-11,14.0,18.65,78.55,7.0,Retrasado,Medellín,Online,False,False,False
TRX-18107,PROD-3722,2025-02-17,1.0,1823.38,29.04,6.0,Devuelto,Bogotá,Online,False,False,True
TRX-18108,PROD-2599,2025-08-07,9.0,1523.78,71.85,23.0,Entregado,Sin Ciudad,Físico,False,False,False
TRX-18109,PROD-2091,2024-12-11,11.0,223.43,50.13,22.0,Retrasado,Bogotá,WhatsApp,False,False,False
TRX-18110,PROD-1620,2025-04-01,5.0,1406.44,63.12,27.0,Entregado,Bogotá,WhatsApp,False,False,False
TRX-18111,PROD-3867,2025-12-19,6.0,49.85,10.13,19.0,Perdido,Medellín,Online,False,False,True
TRX-18112,PROD-2350,2025-09-01,14.0,65.24,52.36,21.0,En Camino,Sin Ciudad,Online,False,False,False
TRX-18113,PROD-2602,2024-10-22,8.0,1056.39,89.55,19.0,En Camino,Cali,App,False,False,False
TRX-18114,PROD-3353,2025-11-10,11.0,201.11,28.17,22.0,Perdido,Barranquilla,WhatsApp,False,False,False
TRX-18115,PROD-1015,2025-09-16,14.0,1929.03,68.66,15.0,En Camino,Cali,Online,False,False,False
TRX-18116,PROD-3111,2025-09-25,2.0,1788.72,80.81,19.0,En Camino,Medellín,App,False,False,False
TRX-18117,PROD-3898,2026-01-30,12.0,1303.13,56.3,12.0,Sin Información,Medellín,Online,False,False,True
TRX-18118,PROD-3009,2025-05-09,7.0,136.78,37.05,2.0,Perdido,Bogotá,Físico,False,False,False
TRX-18119,PROD-2958,2026-01-16,12.0,656.42,97.9,11.0,Devuelto,Bogotá,Online,False,False,False
TRX-18120,PROD-2786,2024-12-15,4.0,749.73,31.45,13.0,Sin Información,Medellín,Físico,False,False,False
TRX-18121,PROD-2654,2025-02-19,9.0,966.95,95.12,4.0,En Camino,Sin Ciudad,WhatsApp,False,False,False
TRX-18122,PROD-3980,2025-09-18,6.0,346.12,19.84,25.0,Devuelto,Cali,Online,False,False,True
TRX-18123,PROD-1287,2025-03-30,7.0,1159.25,41.98,1.0,Entregado,Sin Ciudad,WhatsApp,False,False,False
TRX-18124,PROD-3212,2024-10-13,11.0,877.18,52.36,24.0,Entregado,Barranquilla,WhatsApp,False,False,False
TRX-18125,PROD-1925,2024-10-29,6.0,1895.12,18.16,21.0,En Camino,Bogotá,WhatsApp,False,False,False
TRX-18126,PROD-1013,2025-05-26,11.0,1873.03,5.21,2.0,Entregado,Sin Ciudad,Físico,False,False,False
TRX-18127,PROD-2574,2025-07-02,8.0,1135.29,29.72,14.0,Perdido,Medellín,WhatsApp,False,False,False
TRX-18128,PROD-3823,2025-01-02,6.0,1292.26,13.28,25.0,En Camino,Cali,WhatsApp,False,False,True
TRX-18129,PROD-2974,2025-11-15,7.0,284.21,98.7,18.0,Perdido,Medellín,Físico,False,False,False
TRX-18130,PROD-1496,2025-07-13,8.0,454.41,77.36,11.0,Devuelto,Bucaramanga,Online,False,False,False
TRX-18131,PROD-3323,2025-05-12,1.0,1802.42,5.35,11.0,Retrasado,Bogotá,WhatsApp,False,False,False
TRX-18132,PROD-3192,2025-08-04,10.0,1401.34,26.25,19.0,Retrasado,Bogotá,App,False,False,False
TRX-18133,PROD-2470,2025-08-14,12.0,386.97,68.66,17.0,Sin Información,Cali,Físico,False,False,False
TRX-18134,PROD-2365,2025-07-07,4.0,1144.72,42.86,17.0,En Camino,Medellín,Físico,False,False,False
TRX-18135,PROD-3792,2025-08-24,6.0,1870.17,84.03,2.0,Perdido,Bogotá,Online,False,False,True
TRX-18136,PROD-2240,2026-01-11,1.0,696.89,52.36,2.0,Retrasado,Sin Ciudad,App,False,False,False
TRX-18137,PROD-2640,2025-12-30,4.0,379.78,52.96,13.0,En Camino,Cali,Físico,False,False,False
TRX-18138,PROD-1226,2025-11-07,6.0,1884.63,67.1,6.0,Sin Información,Bogotá,Online,False,False,False
TRX-18139,PROD-3589,2025-05-25,7.0,927.92,61.72,15.0,Retrasado,Barranquilla,WhatsApp,False,False,True
TRX-18140,PROD-3650,2025-10-14,13.0,840.31,65.63,11.0,Sin Información,Sin Ciudad,WhatsApp,False,False,True
TRX-18141,PROD-1371,2025-03-18,6.0,542.46,26.86,24.0,Retrasado,Sin Ciudad,Físico,False,False,False
TRX-18142,PROD-2496,2025-04-23,11.0,1784.25,40.46,28.0,Entregado,Barranquilla,Online,False,False,False
TRX-18143,PROD-3189,2025-09-15,4.0,1692.78,9.81,4.0,En Camino,Cali,WhatsApp,False,False,False
TRX-18144,PROD-2392,2025-01-02,12.0,811.95,60.83,19.0,Sin Información,Bogotá,WhatsApp,False,False,False
TRX-18145,PROD-1329,2025-07-05,13.0,70.92,48.63,29.0,Sin Información,Medellín,Online,False,False,False
TRX-18146,PROD-2882,2024-10-14,7.0,898.84,77.27,14.0,Retrasado,Sin Ciudad,WhatsApp,False,False,False
TRX-18147,PROD-2187,2024-10-11,10.0,369.91,24.61,18.0,Sin Información,Cali,WhatsApp,False,False,False
TRX-18148,PROD-3653,2025-07-06,14.0,294.04,52.36,17.0,En Camino,Bogotá,App,False,False,True
TRX-18149,PROD-1831,2025-06-25,2.0,792.26,46.5,8.0,Entregado,Cali,Online,False,False,False
TRX-18150,PROD-1723,2026-01-30,6.0,207.16,22.17,13.0,En Camino,Cali,WhatsApp,False,False,False
TRX-18151,PROD-3271,2025-02-16,5.0,1915.35,63.33,23.0,Entregado,Cali,App,False,False,False
TRX-18152,PROD-1161,2025-10-13,2.0,104.6,85.56,29.0,Retrasado,Bogotá,WhatsApp,False,False,False
TRX-18153,PROD-2573,2024-11-01,9.0,808.73,77.72,15.0,Sin Información,Bucaramanga,Online,False,False,False
TRX-18154,PROD-3706,2025-03-08,13.0,333.78,94.7,11.0,Sin Información,Bucaramanga,Online,False,False,True
TRX-18155,PROD-1782,2024-12-22,7.0,1380.73,97.31,16.0,Retrasado,Medellín,WhatsApp,False,False,False
TRX-18156,PROD-2224,2024-12-03,14.0,166.83,78.34,18.0,Retrasado,Sin Ciudad,Físico,False,False,False
TRX-18157,PROD-3850,2025-09-22,3.0,1098.14,32.25,12.0,Entregado,Sin Ciudad,App,False,False,True
TRX-18158,PROD-2597,2025-12-04,7.0,1548.47,25.83,23.0,Devuelto,Bogotá,WhatsApp,False,False,False
TRX-18159,PROD-1437,2025-07-02,11.0,1900.62,47.52,12.0,Entregado,Bogotá,Físico,False,False,False
TRX-18160,PROD-3583,2025-08-23,11.0,1400.07,52.36,6.0,Entregado,Bogotá,App,False,False,True
TRX-18161,PROD-3821,2025-02-09,6.0,207.99,99.42,24.0,Sin Información,Bogotá,App,False,False,True
TRX-18162,PROD-2471,2025-05-19,7.0,186.16,44.2,6.0,Perdido,Barranquilla,Físico,False,False,False
TRX-18163,PROD-2992,2024-12-09,4.0,1465.88,23.91,4.0,Retrasado,Bogotá,App,False,False,False
TRX-18164,PROD-1347,2025-04-09,13.0,438.51,94.71,29.0,Retrasado,Bogotá,App,False,False,False
TRX-18165,PROD-3591,2024-10-09,13.0,900.01,41.66,24.0,Perdido,Bogotá,WhatsApp,False,False,True
TRX-18166,PROD-2793,2025-04-28,10.0,1953.48,70.64,1.0,Sin Información,Bogotá,Físico,False,False,False
TRX-18167,PROD-1776,2025-05-09,13.0,1641.61,79.87,26.0,Devuelto,Barranquilla,WhatsApp,False,False,False
TRX-18168,PROD-1573,2025-08-28,8.0,1694.72,85.1,17.0,En Camino,Bucaramanga,WhatsApp,False,False,False
TRX-18169,PROD-1146,2025-02-07,8.0,1722.93,83.02,4.0,Retrasado,Bucaramanga,App,False,False,False
TRX-18170,PROD-1790,2025-02-16,7.0,1242.9,84.44,17.0,Retrasado,Barranquilla,Físico,False,False,False
TRX-18171,PROD-1103,2025-04-20,13.0,1490.43,68.43,5.0,Entregado,Bogotá,Online,False,False,False
TRX-18172,PROD-3948,2025-02-27,7.0,724.33,52.36,27.0,Devuelto,Cali,Físico,False,False,True
TRX-18173,PROD-3428,2025-11-10,10.0,1996.91,43.36,25.0,Devuelto,Sin Ciudad,App,False,False,False
TRX-18174,PROD-1976,2025-02-22,13.0,566.45,68.39,9.0,Sin Información,Bucaramanga,Online,False,False,False
TRX-18175,PROD-3003,2025-09-01,13.0,1184.11,84.49,25.0,Devuelto,Cali,WhatsApp,False,False,False
TRX-18176,PROD-2592,2025-08-18,8.0,571.3,38.31,6.0,Devuelto,Bogotá,Online,False,False,False
TRX-18177,PROD-1258,2025-10-10,1.0,233.02,33.17,12.0,Perdido,Medellín,Online,False,False,False
TRX-18178,PROD-3214,2025-12-16,6.0,1139.5,37.65,17.0,Entregado,Barranquilla,Físico,False,False,False
TRX-18179,PROD-3635,2025-09-15,2.0,713.16,57.37,26.0,Sin Información,Medellín,WhatsApp,False,False,True
TRX-18180,PROD-2260,2025-09-09,1.0,1170.61,9.98,21.0,Perdido,Bogotá,Físico,False,False,False
TRX-18181,PROD-3046,2025-03-04,12.0,1121.77,79.0,10.0,Perdido,Medellín,Online,False,False,False
TRX-18182,PROD-3187,2025-07-26,10.0,1089.09,18.19,2.0,En Camino,Barranquilla,App,False,False,False
TRX-18183,PROD-2840,2025-01-01,7.0,255.37,17.62,28.0,Entregado,Medellín,App,False,False,False
TRX-18184,PROD-1067,2025-08-15,6.0,885.96,52.36,1.0,Devuelto,Medellín,Online,False,False,False
TRX-18185,PROD-1151,2025-08-15,5.0,1625.89,23.78,13.0,Sin Información,Bogotá,App,False,False,False
TRX-18186,PROD-2389,2025-02-24,5.0,637.14,59.81,21.0,Entregado,Bogotá,App,False,False,False
TRX-18187,PROD-1229,2024-10-02,9.0,893.22,32.13,21.0,Devuelto,Bogotá,Físico,False,False,False
TRX-18188,PROD-2383,2025-09-10,9.0,992.72,39.97,1.0,En Camino,Bogotá,WhatsApp,False,False,False
TRX-18189,PROD-3953,2025-11-23,12.0,1726.84,93.51,13.0,Retrasado,Medellín,App,False,False,True
TRX-18190,PROD-1175,2025-03-24,12.0,1314.64,85.48,29.0,Perdido,Bucaramanga,WhatsApp,False,False,False
TRX-18191,PROD-2660,2025-12-21,6.0,209.4,85.96,23.0,En Camino,Barranquilla,WhatsApp,False,False,False
TRX-18192,PROD-1484,2025-02-03,13.0,1731.69,59.88,3.0,Perdido,Bucaramanga,Físico,False,False,False
TRX-18193,PROD-1867,2024-09-28,3.0,1665.81,87.31,11.0,Sin Información,Bogotá,Online,False,False,False
TRX-18194,PROD-3678,2025-08-21,7.0,1509.76,78.96,29.0,Devuelto,Bogotá,App,False,False,True
TRX-18195,PROD-3733,2025-11-28,4.0,937.46,95.56,22.0,Sin Información,Bucaramanga,App,False,False,True
TRX-18196,PROD-3142,2025-08-21,5.0,1517.52,52.36,16.0,Devuelto,Medellín,Físico,False,False,False
TRX-18197,PROD-2877,2025-06-07,7.0,962.7,11.11,18.0,En Camino,Sin Ciudad,Físico,False,False,False
TRX-18198,PROD-3777,2025-04-21,12.0,1475.88,7.73,25.0,Retrasado,Barranquilla,Online,False,False,True
TRX-18199,PROD-3197,2024-11-12,7.0,1761.42,21.63,2.0,Retrasado,Bogotá,WhatsApp,False,False,False
TRX-18200,PROD-1610,2025-12-11,7.0,1782.18,93.26,15.0,Perdido,Bogotá,Online,True,False,False
TRX-18201,PROD-3373,2025-02-16,10.0,914.61,62.53,18.0,Devuelto,Cali,App,False,False,False
TRX-18202,PROD-1954,2026-02-02,8.0,1720.09,45.48,17.0,Devuelto,Bogotá,Físico,False,True,False
TRX-18203,PROD-1295,2025-10-04,1.0,211.9,53.71,1.0,Retrasado,Medellín,Físico,False,False,False
TRX-18204,PROD-1151,2025-01-28,5.0,212.62,83.81,28.0,Devuelto,Barranquilla,WhatsApp,False,False,False
TRX-18205,PROD-1579,2026-01-21,12.0,1101.05,93.27,4.0,Sin Información,Medellín,App,False,False,False
TRX-18206,PROD-3002,2025-06-07,9.0,1307.17,74.32,23.0,Devuelto,Bucaramanga,Físico,False,False,False
TRX-18207,PROD-3678,2024-11-12,7.0,314.46,77.19,20.0,En Camino,Sin Ciudad,Físico,False,False,True
TRX-18208,PROD-1078,2025-02-23,11.0,949.64,52.36,21.0,Retrasado,Sin Ciudad,Físico,False,False,False
TRX-18209,PROD-2930,2024-12-01,12.0,197.78,35.44,6.0,Retrasado,Medellín,Físico,False,False,False
TRX-18210,PROD-3532,2025-06-25,13.0,1208.18,49.37,21.0,Sin Información,Medellín,App,False,False,True
TRX-18211,PROD-1187,2025-06-28,2.0,1711.64,89.09,5.0,Sin Información,Bogotá,WhatsApp,False,False,False
TRX-18212,PROD-1994,2025-07-29,1.0,1477.9,79.66,20.0,Entregado,Cali,Online,False,False,False
TRX-18213,PROD-3872,2025-10-26,8.0,762.8,70.01,9.0,Sin Información,Medellín,Online,False,False,True
TRX-18214,PROD-3657,2025-02-03,9.0,1987.65,11.2,21.0,Retrasado,Bucaramanga,WhatsApp,False,False,True
TRX-18215,PROD-1534,2025-04-30,10.0,1329.24,8.75,25.0,Retrasado,Medellín,WhatsApp,False,False,False
TRX-18216,PROD-1058,2025-03-04,5.0,1632.34,17.39,4.0,Sin Información,Bogotá,App,False,False,False
TRX-18217,PROD-1705,2025-12-25,14.0,1342.7,60.23,25.0,Entregado,Barranquilla,Online,False,False,False
TRX-18218,PROD-3591,2025-02-05,11.0,1978.94,55.96,5.0,Devuelto,Sin Ciudad,WhatsApp,False,False,True
TRX-18219,PROD-1204,2024-11-18,6.0,1644.51,94.56,8.0,Devuelto,Medellín,Físico,False,False,False
TRX-18220,PROD-2258,2025-11-30,2.0,1043.65,52.36,17.0,Perdido,Bogotá,App,False,False,False
TRX-18221,PROD-1398,2025-03-18,11.0,740.09,71.0,15.0,Devuelto,Medellín,WhatsApp,False,False,False
TRX-18222,PROD-2868,2025-01-15,5.0,1367.49,32.93,20.0,Retrasado,Medellín,Online,False,False,False
TRX-18223,PROD-3503,2026-02-03,12.0,1184.54,20.34,13.0,Perdido,Barranquilla,Físico,False,True,True
TRX-18224,PROD-1699,2026-01-07,4.0,1262.41,85.71,15.0,Perdido,Barranquilla,WhatsApp,False,False,False
TRX-18225,PROD-3420,2025-02-18,8.0,692.59,48.66,29.0,Sin Información,Medellín,Online,False,False,False
TRX-18226,PROD-1261,2025-05-21,8.0,863.17,67.08,4.0,Sin Información,Barranquilla,App,False,False,False
TRX-18227,PROD-1435,2025-01-23,14.0,1120.61,58.69,18.0,Devuelto,Bogotá,Online,False,False,False
TRX-18228,PROD-1467,2025-07-11,5.0,1680.17,15.21,19.0,Perdido,Barranquilla,Online,False,False,False
TRX-18229,PROD-3036,2025-08-15,11.0,1528.19,10.42,24.0,Entregado,Medellín,Online,False,False,False
TRX-18230,PROD-3437,2024-11-30,8.0,246.13,40.82,28.0,Perdido,Medellín,App,False,False,False
TRX-18231,PROD-3521,2025-08-02,6.0,498.65,39.35,8.0,En Camino,Medellín,WhatsApp,False,False,True
TRX-18232,PROD-1903,2024-11-24,10.0,63.05,52.36,14.0,Entregado,Barranquilla,WhatsApp,False,False,False
TRX-18233,PROD-1258,2025-05-01,6.0,25.84,69.01,1.0,Retrasado,Bogotá,Físico,False,False,False
TRX-18234,PROD-1830,2024-10-08,13.0,456.51,65.06,2.0,Devuelto,Medellín,WhatsApp,False,False,False
TRX-18235,PROD-2745,2025-10-17,13.0,1600.65,97.05,20.0,Devuelto,Barranquilla,App,False,False,False
TRX-18236,PROD-2381,2024-12-09,4.0,1810.45,86.52,27.0,Sin Información,Medellín,Online,False,False,False
TRX-18237,PROD-3778,2025-01-22,10.0,789.62,52.18,29.0,En Camino,Bogotá,App,False,False,True
TRX-18238,PROD-2646,2025-12-02,12.0,1130.77,52.5,22.0,Devuelto,Cali,Online,False,False,False
TRX-18239,PROD-2328,2025-06-07,11.0,1415.04,69.04,3.0,Retrasado,Cali,WhatsApp,False,False,False
TRX-18240,PROD-1494,2025-04-27,3.0,1906.34,15.84,16.0,Perdido,Medellín,Físico,False,False,False
TRX-18241,PROD-3802,2026-01-14,9.0,1826.74,99.99,23.0,Devuelto,Bucaramanga,Físico,False,False,True
TRX-18242,PROD-3359,2025-01-14,5.0,123.81,54.29,3.0,Retrasado,Sin Ciudad,WhatsApp,False,False,False
TRX-18243,PROD-3235,2025-09-27,10.0,503.85,91.44,24.0,Sin Información,Barranquilla,Online,False,False,False
TRX-18244,PROD-1562,2025-12-27,10.0,107.8,52.36,6.0,Entregado,Medellín,WhatsApp,False,False,False
TRX-18245,PROD-2317,2025-10-07,4.0,1236.92,96.9,8.0,Retrasado,Bucaramanga,App,False,False,False
TRX-18246,PROD-1873,2025-02-15,6.0,1423.88,60.26,23.0,Sin Información,Bogotá,WhatsApp,False,False,False
TRX-18247,PROD-1186,2025-12-31,14.0,623.48,14.82,12.0,En Camino,Barranquilla,WhatsApp,False,False,False
TRX-18248,PROD-3429,2025-05-17,4.0,1709.17,59.47,5.0,Retrasado,Medellín,Online,False,False,False
TRX-18249,PROD-1710,2026-01-11,6.0,911.1,61.78,5.0,Devuelto,Medellín,WhatsApp,False,False,False
TRX-18250,PROD-2374,2025-12-26,10.0,1996.78,79.97,3.0,Perdido,Medellín,App,False,False,False
TRX-18251,PROD-1258,2025-11-15,8.0,10.8,9.58,4.0,Retrasado,Bucaramanga,WhatsApp,False,False,False
TRX-18252,PROD-1494,2024-12-17,8.0,227.88,49.3,24.0,En Camino,Bogotá,App,False,False,False
TRX-18253,PROD-2121,2025-03-08,12.0,610.57,92.66,5.0,Entregado,Medellín,WhatsApp,False,False,False
TRX-18254,PROD-1578,2025-01-29,6.0,60.76,99.17,29.0,En Camino,Bogotá,Online,False,False,False
TRX-18255,PROD-2700,2025-03-06,1.0,1566.86,23.18,25.0,Sin Información,Barranquilla,Físico,False,False,False
TRX-18256,PROD-1688,2025-06-26,13.0,115.02,52.36,3.0,Entregado,Cali,Físico,False,False,False
TRX-18257,PROD-3852,2025-06-06,1.0,1500.47,87.71,10.0,Retrasado,Medellín,App,False,False,True
TRX-18258,PROD-2515,2025-02-01,14.0,114.61,18.89,19.0,Perdido,Medellín,WhatsApp,False,False,False
TRX-18259,PROD-3266,2026-01-15,3.0,512.93,84.91,24.0,En Camino,Barranquilla,Online,False,False,False
TRX-18260,PROD-1675,2024-11-19,2.0,1684.14,31.34,8.0,Perdido,Medellín,WhatsApp,False,False,False
TRX-18261,PROD-2796,2025-06-06,1.0,1902.68,96.16,28.0,Sin Información,Bogotá,Online,False,False,False
TRX-18262,PROD-1997,2025-02-10,1.0,834.91,71.07,23.0,Retrasado,Cali,Online,False,False,False
TRX-18263,PROD-3383,2025-03-15,12.0,1940.18,42.92,6.0,Perdido,Medellín,WhatsApp,False,False,False
TRX-18264,PROD-1166,2025-03-16,12.0,1257.49,31.69,23.0,Perdido,Sin Ciudad,WhatsApp,False,False,False
TRX-18265,PROD-1546,2025-04-19,12.0,837.51,27.35,7.0,En Camino,Barranquilla,Físico,False,False,False
TRX-18266,PROD-1409,2025-04-14,6.0,1607.57,69.68,6.0,Retrasado,Sin Ciudad,WhatsApp,False,False,False
TRX-18267,PROD-3589,2024-09-29,7.0,597.7,90.1,13.0,Perdido,Bucaramanga,Físico,False,False,True
TRX-18268,PROD-3508,2024-11-12,8.0,538.93,52.36,13.0,Entregado,Bucaramanga,App,False,False,True
TRX-18269,PROD-2540,2025-06-08,3.0,1316.53,76.72,25.0,Devuelto,Bogotá,Físico,False,False,False
TRX-18270,PROD-1646,2025-03-19,1.0,787.07,84.31,21.0,Entregado,Bogotá,Físico,False,False,False
TRX-18271,PROD-1064,2025-11-06,5.0,280.48,79.23,5.0,Sin Información,Sin Ciudad,Online,False,False,False
TRX-18272,PROD-2994,2024-10-23,8.0,143.26,98.02,6.0,Perdido,Medellín,Online,False,False,False
TRX-18273,PROD-1330,2025-09-13,12.0,1577.81,76.99,10.0,Retrasado,Bogotá,Físico,False,False,False
TRX-18274,PROD-1026,2025-08-06,11.0,1355.06,24.97,27.0,Entregado,Bogotá,App,False,False,False
TRX-18275,PROD-1029,2025-02-23,14.0,829.48,80.2,29.0,Retrasado,Medellín,Online,False,False,False
TRX-18276,PROD-1734,2025-12-17,11.0,1793.49,35.6,20.0,Sin Información,Bogotá,App,False,False,False
TRX-18277,PROD-1365,2025-09-21,4.0,827.6,99.6,26.0,Entregado,Cali,Físico,False,False,False
TRX-18278,PROD-3894,2024-11-16,2.0,1423.49,40.78,10.0,Retrasado,Bogotá,WhatsApp,False,False,True
TRX-18279,PROD-3669,2025-02-25,9.0,1819.14,32.82,25.0,Perdido,Cali,Físico,False,False,True
TRX-18280,PROD-3431,2024-11-05,12.0,1683.02,52.36,28.0,En Camino,Sin Ciudad,WhatsApp,False,False,False
TRX-18281,PROD-2162,2024-12-12,13.0,1027.1,27.73,16.0,Entregado,Barranquilla,Online,False,False,False
TRX-18282,PROD-2704,2025-03-07,9.0,1364.47,67.56,18.0,Sin Información,Barranquilla,Online,False,False,False
TRX-18283,PROD-3840,2026-01-30,3.0,833.19,15.38,27.0,Retrasado,Medellín,Online,False,False,True
TRX-18284,PROD-2949,2024-10-22,7.0,1297.92,95.59,28.0,Entregado,Medellín,Online,False,False,False
TRX-18285,PROD-3835,2025-08-10,13.0,522.53,32.96,3.0,Retrasado,Barranquilla,Físico,False,False,True
TRX-18286,PROD-1519,2025-02-05,1.0,875.14,33.06,25.0,Retrasado,Bucaramanga,Físico,False,False,False
TRX-18287,PROD-1844,2024-10-06,8.0,427.0,9.38,1.0,En Camino,Cali,Online,False,False,False
TRX-18288,PROD-1586,2025-09-14,8.0,85.99,28.37,21.0,Retrasado,Medellín,App,False,False,False
TRX-18289,PROD-3620,2026-01-18,13.0,1181.19,44.8,3.0,Entregado,Bogotá,WhatsApp,False,False,True
TRX-18290,PROD-2109,2025-01-06,3.0,1730.21,40.11,19.0,Sin Información,Barranquilla,Online,False,False,False
TRX-18291,PROD-3142,2025-09-16,12.0,60.9,30.94,1.0,Perdido,Medellín,Online,False,False,False
TRX-18292,PROD-2844,2025-08-06,5.0,400.1,52.36,8.0,Sin Información,Bogotá,Online,False,False,False
TRX-18293,PROD-2687,2024-12-06,4.0,925.77,8.87,19.0,Devuelto,Medellín,App,False,False,False
TRX-18294,PROD-1979,2025-12-13,7.0,1335.13,33.56,4.0,Retrasado,Bucaramanga,Online,False,False,False
TRX-18295,PROD-1714,2024-12-10,11.0,350.75,78.94,16.0,Devuelto,Medellín,WhatsApp,False,False,False
TRX-18296,PROD-3500,2025-04-04,7.0,122.82,46.69,5.0,Perdido,Bogotá,WhatsApp,False,False,True
TRX-18297,PROD-3833,2026-01-20,11.0,1042.91,32.62,5.0,Sin Información,Barranquilla,Físico,False,False,True
TRX-18298,PROD-1154,2025-09-20,8.0,1639.23,33.96,28.0,Devuelto,Bucaramanga,App,False,False,False
TRX-18299,PROD-3442,2024-12-27,5.0,80.12,57.67,2.0,Retrasado,Bogotá,Físico,False,False,False
TRX-18300,PROD-1737,2024-11-01,7.0,705.25,33.72,23.0,Entregado,Barranquilla,App,False,False,False
TRX-18301,PROD-3937,2025-06-05,13.0,1330.39,64.93,6.0,Sin Información,Medellín,App,False,False,True
TRX-18302,PROD-3047,2025-10-24,11.0,270.18,99.0,27.0,Sin Información,Bogotá,WhatsApp,False,False,False
TRX-18303,PROD-3506,2025-01-07,5.0,479.53,8.91,7.0,En Camino,Bogotá,Online,False,False,True
TRX-18304,PROD-1360,2024-10-09,8.0,1075.63,52.36,15.0,Sin Información,Bogotá,WhatsApp,False,False,False
TRX-18305,PROD-3568,2024-10-07,5.0,1906.93,21.03,10.0,Retrasado,Cali,Físico,False,False,True
TRX-18306,PROD-2233,2025-11-13,13.0,581.81,22.02,10.0,Retrasado,Bogotá,App,False,False,False
TRX-18307,PROD-2424,2026-02-03,14.0,980.18,47.47,19.0,En Camino,Bogotá,Físico,False,True,False
TRX-18308,PROD-2715,2025-06-21,13.0,805.86,8.93,24.0,En Camino,Bogotá,WhatsApp,False,False,False
TRX-18309,PROD-1018,2026-02-03,1.0,1795.82,50.36,16.0,Sin Información,Cali,App,False,True,False
TRX-18310,PROD-3284,2024-10-05,11.0,153.06,93.25,22.0,En Camino,Barranquilla,Online,False,False,False
TRX-18311,PROD-1965,2025-05-27,3.0,1136.63,6.1,23.0,En Camino,Bogotá,App,False,False,False
TRX-18312,PROD-1786,2025-04-24,2.0,1693.78,39.67,9.0,En Camino,Barranquilla,Físico,False,False,False
TRX-18313,PROD-1481,2025-02-20,12.0,1976.35,77.28,24.0,Retrasado,Cali,Físico,False,False,False
TRX-18314,PROD-3171,2025-07-11,10.0,1400.46,19.68,8.0,Devuelto,Barranquilla,Físico,False,False,False
TRX-18315,PROD-1391,2024-11-04,5.0,766.07,12.37,19.0,Entregado,Barranquilla,Físico,False,False,False
TRX-18316,PROD-3535,2025-11-30,13.0,829.53,52.36,1.0,Retrasado,Medellín,App,False,False,True
TRX-18317,PROD-2482,2025-01-14,8.0,709.85,64.92,28.0,Perdido,Bucaramanga,App,False,False,False
TRX-18318,PROD-3210,2025-08-18,9.0,1211.19,5.95,17.0,Sin Información,Cali,WhatsApp,False,False,False
TRX-18319,PROD-3078,2024-12-12,9.0,1481.42,81.17,26.0,Retrasado,Cali,WhatsApp,False,False,False
TRX-18320,PROD-1898,2025-09-07,1.0,1640.74,11.35,18.0,Sin Información,Medellín,App,False,False,False
TRX-18321,PROD-2901,2025-02-10,1.0,839.02,54.81,24.0,Retrasado,Medellín,WhatsApp,False,False,False
TRX-18322,PROD-3565,2024-10-22,1.0,1436.25,75.31,26.0,Devuelto,Bucaramanga,App,False,False,True
TRX-18323,PROD-3700,2025-12-07,1.0,1833.28,27.99,15.0,Sin Información,Bogotá,Online,False,False,True
TRX-18324,PROD-1852,2026-01-29,9.0,1842.44,14.84,6.0,En Camino,Bogotá,App,False,False,False
TRX-18325,PROD-2132,2024-10-22,1.0,1411.02,21.68,22.0,Sin Información,Barranquilla,WhatsApp,False,False,False
TRX-18326,PROD-1217,2025-12-21,7.0,1277.44,86.19,17.0,Perdido,Medellín,Online,False,False,False
TRX-18327,PROD-1793,2025-06-15,6.0,1067.74,72.05,18.0,Devuelto,Bucaramanga,WhatsApp,False,False,False
TRX-18328,PROD-1461,2024-12-30,9.0,374.56,52.36,21.0,Entregado,Barranquilla,App,False,False,False
TRX-18329,PROD-1611,2025-12-16,11.0,256.02,23.82,19.0,Perdido,Sin Ciudad,WhatsApp,False,False,False
TRX-18330,PROD-3806,2024-12-25,9.0,976.56,73.03,2.0,Perdido,Bogotá,App,False,False,True
TRX-18331,PROD-2943,2025-04-21,4.0,327.29,72.32,25.0,Devuelto,Bucaramanga,WhatsApp,False,False,False
TRX-18332,PROD-3037,2025-07-14,9.0,1158.23,99.78,26.0,Perdido,Bogotá,WhatsApp,False,False,False
TRX-18333,PROD-1722,2024-10-29,14.0,1294.95,42.2,7.0,Retrasado,Barranquilla,App,False,False,False
TRX-18334,PROD-1654,2025-10-14,13.0,1055.98,87.16,17.0,Retrasado,Bucaramanga,Online,False,False,False
TRX-18335,PROD-3744,2024-12-20,14.0,82.49,47.41,15.0,En Camino,Bucaramanga,App,False,False,True
TRX-18336,PROD-1176,2025-11-14,6.0,124.88,90.29,16.0,Devuelto,Medellín,App,False,False,False
TRX-18337,PROD-1221,2025-06-04,5.0,235.55,13.7,27.0,Retrasado,Bucaramanga,App,False,False,False
TRX-18338,PROD-3641,2025-04-24,9.0,315.76,21.65,17.0,Perdido,Sin Ciudad,Físico,False,False,True
TRX-18339,PROD-2491,2025-11-18,7.0,1979.87,85.75,3.0,Perdido,Bogotá,Físico,False,False,False
TRX-18340,PROD-2167,2024-10-06,9.0,695.55,52.36,10.0,Retrasado,Bogotá,WhatsApp,False,False,False
TRX-18341,PROD-1858,2025-04-02,5.0,591.03,82.83,6.0,Devuelto,Sin Ciudad,Físico,False,False,False
TRX-18342,PROD-2780,2025-07-14,4.0,114.01,34.02,29.0,Devuelto,Bucaramanga,Online,False,False,False
TRX-18343,PROD-2029,2025-03-23,10.0,1274.29,61.7,2.0,Entregado,Sin Ciudad,App,False,False,False
TRX-18344,PROD-2369,2025-01-30,3.0,1307.86,41.36,11.0,Devuelto,Barranquilla,Online,False,False,False
TRX-18345,PROD-3526,2025-05-04,5.0,359.14,5.98,8.0,Sin Información,Medellín,App,False,False,True
TRX-18346,PROD-2856,2024-11-04,9.0,1839.29,7.48,14.0,Sin Información,Barranquilla,Online,False,False,False
TRX-18347,PROD-1177,2025-03-22,3.0,1602.98,10.15,12.0,Sin Información,Sin Ciudad,Físico,False,False,False
TRX-18348,PROD-1427,2025-10-14,1.0,468.34,61.44,20.0,Retrasado,Bucaramanga,App,False,False,False
TRX-18349,PROD-1214,2025-03-10,2.0,976.84,31.53,24.0,Entregado,Bogotá,Físico,False,False,False
TRX-18350,PROD-3201,2025-06-13,10.0,922.2,18.68,28.0,Perdido,Sin Ciudad,Físico,False,False,False
TRX-18351,PROD-1720,2026-01-09,5.0,703.56,94.41,7.0,Retrasado,Cali,App,False,False,False
TRX-18352,PROD-1647,2024-12-27,3.0,1637.09,52.36,18.0,En Camino,Medellín,Online,False,False,False
TRX-18353,PROD-1119,2025-04-13,6.0,227.44,16.53,25.0,En Camino,Bogotá,WhatsApp,False,False,False
TRX-18354,PROD-2986,2026-02-02,11.0,836.48,69.03,5.0,Devuelto,Barranquilla,Físico,False,True,False
TRX-18355,PROD-3109,2025-12-13,8.0,861.78,89.95,6.0,Entregado,Bogotá,Físico,False,False,False
TRX-18356,PROD-1475,2025-08-09,6.0,942.76,20.56,13.0,Entregado,Barranquilla,App,False,False,False
TRX-18357,PROD-1290,2025-08-23,10.0,1724.09,25.4,2.0,Perdido,Bucaramanga,App,False,False,False
TRX-18358,PROD-1963,2025-10-15,9.0,444.15,59.51,19.0,Devuelto,Medellín,Online,False,False,False
TRX-18359,PROD-3954,2024-11-29,6.0,214.82,53.3,26.0,Entregado,Barranquilla,Físico,False,False,True
TRX-18360,PROD-2821,2024-12-23,14.0,1239.44,54.5,28.0,Retrasado,Medellín,WhatsApp,False,False,False
TRX-18361,PROD-3427,2025-06-15,5.0,355.93,57.69,8.0,Perdido,Cali,Físico,False,False,False
TRX-18362,PROD-3374,2025-08-19,4.0,159.11,95.24,11.0,Entregado,Sin Ciudad,Online,False,False,False
TRX-18363,PROD-2335,2025-03-19,2.0,859.03,10.11,21.0,En Camino,Cali,WhatsApp,False,False,False
TRX-18364,PROD-2716,2025-02-20,6.0,447.1,52.36,16.0,En Camino,Bucaramanga,App,False,False,False
TRX-18365,PROD-1814,2025-08-05,2.0,728.82,77.24,26.0,Entregado,Medellín,App,False,False,False
TRX-18366,PROD-3772,2024-11-08,5.0,526.83,27.09,1.0,Sin Información,Cali,App,False,False,True
TRX-18367,PROD-2334,2024-09-25,1.0,194.35,40.5,25.0,Sin Información,Bogotá,Online,False,False,False
TRX-18368,PROD-1942,2026-01-22,3.0,1125.09,13.48,29.0,En Camino,Barranquilla,App,False,False,False
TRX-18369,PROD-1451,2025-01-03,10.0,63.77,47.33,27.0,Retrasado,Bucaramanga,WhatsApp,False,False,False
TRX-18370,PROD-2335,2025-06-22,5.0,1933.09,81.4,16.0,Perdido,Bogotá,App,False,False,False
TRX-18371,PROD-1932,2024-10-14,13.0,689.25,14.38,12.0,Retrasado,Bucaramanga,Online,False,False,False
TRX-18372,PROD-1401,2025-01-16,13.0,1393.36,31.18,17.0,En Camino,Medellín,Físico,False,False,False
TRX-18373,PROD-1971,2025-09-04,7.0,1622.62,40.44,9.0,Entregado,Bucaramanga,Físico,False,False,False
TRX-18374,PROD-2689,2025-10-27,8.0,565.42,14.87,26.0,Entregado,Bogotá,WhatsApp,False,False,False
TRX-18375,PROD-1819,2025-12-30,7.0,1499.99,77.42,6.0,Perdido,Cali,Online,False,False,False
TRX-18376,PROD-2538,2025-01-04,7.0,1666.52,52.36,7.0,En Camino,Medellín,App,False,False,False
TRX-18377,PROD-1903,2025-06-08,11.0,490.22,79.76,13.0,En Camino,Sin Ciudad,App,False,False,False
TRX-18378,PROD-1301,2025-07-27,2.0,1985.06,84.41,17.0,En Camino,Medellín,Físico,False,False,False
TRX-18379,PROD-2929,2025-09-24,6.0,51.17,60.47,10.0,Devuelto,Bucaramanga,App,False,False,False
TRX-18380,PROD-3396,2025-11-13,5.0,441.83,53.19,11.0,Entregado,Bogotá,Físico,False,False,False
TRX-18381,PROD-2984,2025-07-17,11.0,1562.24,29.94,14.0,En Camino,Medellín,Físico,False,False,False
TRX-18382,PROD-1222,2025-01-30,9.0,396.32,67.24,17.0,Perdido,Medellín,App,False,False,False
TRX-18383,PROD-2785,2025-07-14,12.0,1399.54,47.23,16.0,Sin Información,Sin Ciudad,Físico,False,False,False
TRX-18384,PROD-1593,2025-07-21,10.0,1712.51,97.22,5.0,Devuelto,Medellín,Físico,False,False,False
TRX-18385,PROD-1885,2024-11-09,11.0,1918.84,96.98,18.0,En Camino,Medellín,Online,False,False,False
TRX-18386,PROD-3496,2024-10-19,4.0,953.75,90.99,11.0,Entregado,Sin Ciudad,App,False,False,False
TRX-18387,PROD-2863,2024-10-07,12.0,1942.51,39.21,10.0,Sin Información,Bucaramanga,Online,False,False,False
TRX-18388,PROD-1729,2025-06-12,7.0,829.13,52.36,28.0,Devuelto,Bucaramanga,App,False,False,False
TRX-18389,PROD-2586,2025-09-22,11.0,444.07,39.96,21.0,Retrasado,Bogotá,App,False,False,False
TRX-18390,PROD-2529,2025-12-07,8.0,1032.7,86.0,21.0,Perdido,Medellín,App,False,False,False
TRX-18391,PROD-1558,2025-07-17,14.0,1303.15,74.27,22.0,Entregado,Medellín,App,False,False,False
TRX-18392,PROD-2874,2025-06-14,6.0,921.35,71.91,25.0,Retrasado,Barranquilla,WhatsApp,False,False,False
TRX-18393,PROD-3948,2025-09-18,3.0,1138.28,31.56,6.0,Entregado,Sin Ciudad,WhatsApp,False,False,True
TRX-18394,PROD-1795,2025-02-03,11.0,838.65,84.17,10.0,Perdido,Barranquilla,Físico,False,False,False
TRX-18395,PROD-3588,2025-12-07,5.0,1054.28,60.04,11.0,En Camino,Cali,Online,False,False,True
TRX-18396,PROD-2468,2024-12-07,1.0,1905.67,47.45,1.0,Retrasado,Medellín,Online,False,False,False
TRX-18397,PROD-2104,2024-10-22,14.0,1004.66,87.22,5.0,Retrasado,Sin Ciudad,Físico,False,False,False
TRX-18398,PROD-1828,2025-12-05,13.0,513.83,42.45,2.0,Devuelto,Bogotá,Online,False,False,False
TRX-18399,PROD-2375,2025-08-28,8.0,1519.91,67.12,11.0,En Camino,Barranquilla,WhatsApp,False,False,False
TRX-18400,PROD-1521,2025-01-26,7.0,681.79,52.36,15.0,Perdido,Bogotá,Online,True,False,False
TRX-18401,PROD-1131,2024-12-15,12.0,1634.25,49.26,14.0,Sin Información,Bogotá,App,False,False,False
TRX-18402,PROD-3835,2024-11-15,12.0,123.12,61.31,24.0,Devuelto,Medellín,App,False,False,True
TRX-18403,PROD-3329,2025-09-23,12.0,671.03,8.85,13.0,Retrasado,Barranquilla,App,False,False,False
TRX-18404,PROD-1244,2025-07-02,11.0,197.78,48.81,23.0,Entregado,Bogotá,App,False,False,False
TRX-18405,PROD-2149,2025-08-28,2.0,179.78,57.87,11.0,Perdido,Bucaramanga,Físico,False,False,False
TRX-18406,PROD-1559,2025-12-09,13.0,1320.2,51.81,6.0,Devuelto,Bogotá,Físico,False,False,False
TRX-18407,PROD-1455,2025-06-12,10.0,776.82,85.5,2.0,Sin Información,Cali,WhatsApp,False,False,False
TRX-18408,PROD-2906,2025-11-20,7.0,1744.24,34.56,19.0,En Camino,Barranquilla,WhatsApp,False,False,False
TRX-18409,PROD-2878,2025-09-17,9.0,1037.65,88.99,25.0,Sin Información,Bucaramanga,WhatsApp,False,False,False
TRX-18410,PROD-2713,2025-05-02,1.0,597.73,43.33,9.0,Entregado,Bogotá,Físico,False,False,False
TRX-18411,PROD-1701,2025-08-16,13.0,1444.57,70.98,23.0,Devuelto,Bogotá,Online,False,False,False
TRX-18412,PROD-2407,2024-09-24,4.0,1251.79,52.36,18.0,Perdido,Cali,App,False,False,False
TRX-18413,PROD-1900,2025-10-25,7.0,1601.19,13.24,14.0,Entregado,Medellín,Online,False,False,False
TRX-18414,PROD-2208,2025-10-21,14.0,1290.74,24.01,13.0,Devuelto,Sin Ciudad,App,False,False,False
TRX-18415,PROD-3472,2025-07-25,9.0,342.36,77.31,28.0,Devuelto,Bogotá,WhatsApp,False,False,False
TRX-18416,PROD-1642,2025-02-15,2.0,1343.92,6.17,12.0,Sin Información,Medellín,App,False,False,False
TRX-18417,PROD-3613,2024-10-10,2.0,789.18,97.01,12.0,Perdido,Bucaramanga,Online,False,False,True
TRX-18418,PROD-3504,2024-10-08,6.0,931.65,23.11,13.0,En Camino,Barranquilla,Online,False,False,True
TRX-18419,PROD-1696,2025-07-27,3.0,1843.91,90.62,7.0,Entregado,Medellín,WhatsApp,False,False,False
TRX-18420,PROD-3367,2025-12-19,4.0,726.33,54.01,16.0,Sin Información,Bogotá,WhatsApp,False,False,False
TRX-18421,PROD-3264,2025-12-02,3.0,1227.8,58.63,17.0,Devuelto,Barranquilla,Online,False,False,False
TRX-18422,PROD-1940,2025-02-28,13.0,733.33,12.99,9.0,Sin Información,Medellín,WhatsApp,False,False,False
TRX-18423,PROD-1354,2026-01-20,1.0,198.51,39.7,14.0,Sin Información,Medellín,Físico,False,False,False
TRX-18424,PROD-2686,2025-08-28,14.0,912.52,52.36,9.0,Sin Información,Barranquilla,WhatsApp,False,False,False
TRX-18425,PROD-3137,2025-11-03,14.0,1198.15,19.84,6.0,Perdido,Barranquilla,Online,False,False,False
TRX-18426,PROD-3003,2025-09-09,6.0,820.93,54.96,26.0,Devuelto,Sin Ciudad,Físico,False,False,False
TRX-18427,PROD-1886,2025-07-17,11.0,787.43,57.32,1.0,Perdido,Bogotá,Online,False,False,False
TRX-18428,PROD-3423,2025-04-19,11.0,1642.55,72.42,24.0,Perdido,Bogotá,Físico,False,False,False
TRX-18429,PROD-2939,2025-12-12,13.0,69.07,88.44,22.0,Devuelto,Barranquilla,WhatsApp,False,False,False
TRX-18430,PROD-2895,2025-04-15,2.0,598.21,49.48,25.0,Sin Información,Barranquilla,WhatsApp,False,False,False
TRX-18431,PROD-2143,2025-01-13,2.0,1625.4,27.17,25.0,Sin Información,Sin Ciudad,Online,False,False,False
TRX-18432,PROD-1059,2025-03-19,7.0,1841.85,36.69,23.0,Perdido,Medellín,Físico,False,False,False
TRX-18433,PROD-3990,2025-12-27,5.0,830.48,85.47,20.0,Entregado,Cali,Online,False,False,True
TRX-18434,PROD-2753,2025-04-19,8.0,1778.7,18.86,27.0,Sin Información,Medellín,App,False,False,False
TRX-18435,PROD-2010,2025-01-24,14.0,405.87,64.59,1.0,Perdido,Bucaramanga,WhatsApp,False,False,False
TRX-18436,PROD-2015,2024-10-07,2.0,450.64,52.36,19.0,En Camino,Bucaramanga,Online,False,False,False
TRX-18437,PROD-2340,2025-09-03,13.0,1693.92,6.24,22.0,En Camino,Cali,Online,False,False,False
TRX-18438,PROD-2778,2025-11-24,10.0,1807.48,28.34,15.0,Perdido,Medellín,App,False,False,False
TRX-18439,PROD-3373,2026-01-11,8.0,453.38,61.18,17.0,Entregado,Barranquilla,App,False,False,False
TRX-18440,PROD-1910,2025-07-17,7.0,128.06,48.36,20.0,Sin Información,Barranquilla,Físico,False,False,False
TRX-18441,PROD-3423,2024-11-06,13.0,189.75,51.89,24.0,Retrasado,Cali,App,False,False,False
TRX-18442,PROD-1610,2024-12-25,10.0,530.15,67.75,28.0,Retrasado,Bucaramanga,Físico,False,False,False
TRX-18443,PROD-3349,2025-01-07,14.0,1525.28,27.29,8.0,Entregado,Bogotá,Online,False,False,False
TRX-18444,PROD-1020,2025-11-15,8.0,1024.88,31.68,22.0,En Camino,Bogotá,App,False,False,False
TRX-18445,PROD-2711,2025-06-27,11.0,916.62,70.02,22.0,Perdido,Medellín,Físico,False,False,False
TRX-18446,PROD-1181,2025-01-28,3.0,1172.44,56.14,3.0,Devuelto,Barranquilla,Online,False,False,False
TRX-18447,PROD-1164,2025-12-24,8.0,1781.54,6.39,23.0,Perdido,Medellín,Físico,False,False,False
TRX-18448,PROD-2927,2025-12-25,6.0,189.96,52.36,12.0,Perdido,Bucaramanga,Online,False,False,False
TRX-18449,PROD-3065,2024-10-30,2.0,1392.5,68.68,24.0,Retrasado,Bogotá,Físico,False,False,False
TRX-18450,PROD-1137,2024-12-28,6.0,1854.31,63.91,15.0,Perdido,Medellín,WhatsApp,False,False,False
TRX-18451,PROD-2743,2025-04-08,5.0,434.57,12.47,18.0,Retrasado,Sin Ciudad,Online,False,False,False
TRX-18452,PROD-3175,2025-04-02,3.0,1677.17,76.01,13.0,Devuelto,Barranquilla,Online,False,False,False
TRX-18453,PROD-2615,2025-09-14,1.0,1399.07,54.6,5.0,Perdido,Medellín,Físico,False,False,False
TRX-18454,PROD-2963,2024-09-29,7.0,38.79,24.45,22.0,Entregado,Medellín,Online,False,False,False
TRX-18455,PROD-3853,2024-11-05,2.0,470.91,58.14,17.0,Perdido,Bucaramanga,Físico,False,False,True
TRX-18456,PROD-1401,2025-08-20,1.0,1215.63,61.57,28.0,Sin Información,Bogotá,Online,False,False,False
TRX-18457,PROD-2853,2024-09-29,1.0,1009.78,92.41,21.0,Sin Información,Medellín,App,False,False,False
TRX-18458,PROD-3028,2025-04-04,7.0,1060.59,75.5,3.0,Entregado,Bogotá,App,False,False,False
TRX-18459,PROD-1985,2025-08-04,12.0,471.54,33.68,19.0,Retrasado,Bogotá,Físico,False,False,False
TRX-18460,PROD-1340,2024-09-23,1.0,1353.26,52.36,6.0,Perdido,Medellín,WhatsApp,False,False,False
TRX-18461,PROD-3287,2024-11-23,9.0,540.17,16.22,27.0,Retrasado,Medellín,App,False,False,False
TRX-18462,PROD-1050,2025-08-31,6.0,784.98,86.05,17.0,Entregado,Bucaramanga,App,False,False,False
TRX-18463,PROD-3839,2024-12-20,4.0,744.14,85.38,5.0,Retrasado,Medellín,Online,False,False,True
TRX-18464,PROD-3997,2024-10-10,12.0,1347.33,21.65,21.0,En Camino,Bogotá,WhatsApp,False,False,True
TRX-18465,PROD-2665,2025-01-08,4.0,189.6,10.9,5.0,Sin Información,Barranquilla,WhatsApp,False,False,False
TRX-18466,PROD-1892,2025-02-04,13.0,419.03,72.63,19.0,Entregado,Sin Ciudad,WhatsApp,False,False,False
TRX-18467,PROD-1543,2025-09-28,12.0,408.99,73.65,22.0,Retrasado,Sin Ciudad,WhatsApp,False,False,False
TRX-18468,PROD-2468,2025-07-29,14.0,225.77,21.83,11.0,Perdido,Cali,WhatsApp,False,False,False
TRX-18469,PROD-2211,2024-11-28,5.0,423.11,68.48,1.0,Retrasado,Medellín,WhatsApp,False,False,False
TRX-18470,PROD-1979,2024-12-24,2.0,1218.05,31.5,26.0,Devuelto,Sin Ciudad,App,False,False,False
TRX-18471,PROD-3652,2025-02-07,5.0,1467.01,29.76,13.0,Entregado,Medellín,Físico,False,False,True
TRX-18472,PROD-1371,2025-03-30,2.0,1324.0,52.36,17.0,Retrasado,Medellín,Físico,False,False,False
TRX-18473,PROD-1065,2024-11-20,12.0,955.62,35.83,11.0,Sin Información,Medellín,WhatsApp,False,False,False
TRX-18474,PROD-2965,2025-03-28,4.0,114.34,54.44,18.0,En Camino,Sin Ciudad,Online,False,False,False
TRX-18475,PROD-3740,2025-05-15,10.0,1918.42,81.42,4.0,Sin Información,Cali,App,False,False,True
TRX-18476,PROD-2248,2024-11-30,11.0,344.47,52.37,26.0,Devuelto,Bogotá,Online,False,False,False
TRX-18477,PROD-1662,2025-12-13,14.0,1340.16,33.31,25.0,Entregado,Bogotá,App,False,False,False
TRX-18478,PROD-3880,2024-12-29,5.0,1826.65,88.98,10.0,Devuelto,Cali,App,False,False,True
TRX-18479,PROD-2881,2024-09-30,6.0,1398.58,10.23,24.0,Perdido,Medellín,App,False,False,False
TRX-18480,PROD-3336,2025-12-28,6.0,443.92,80.72,27.0,En Camino,Barranquilla,Online,False,False,False
TRX-18481,PROD-3390,2026-01-23,9.0,638.43,79.52,26.0,Perdido,Bogotá,Online,False,False,False
TRX-18482,PROD-1099,2025-07-30,4.0,70.11,29.09,11.0,Sin Información,Cali,WhatsApp,False,False,False
TRX-18483,PROD-2863,2025-02-03,13.0,1229.39,23.84,18.0,Sin Información,Bogotá,App,False,False,False
TRX-18484,PROD-2899,2025-10-12,14.0,1229.86,52.36,1.0,Retrasado,Medellín,Físico,False,False,False
TRX-18485,PROD-1567,2024-11-17,5.0,1453.75,88.1,4.0,Devuelto,Bogotá,App,False,False,False
TRX-18486,PROD-3880,2026-01-16,6.0,31.88,58.09,5.0,Perdido,Cali,Físico,False,False,True
TRX-18487,PROD-2660,2025-09-17,4.0,1637.5,9.37,2.0,Retrasado,Bogotá,WhatsApp,False,False,False
TRX-18488,PROD-1757,2025-12-25,6.0,1480.03,89.63,28.0,En Camino,Medellín,WhatsApp,False,False,False
TRX-18489,PROD-2517,2025-01-14,2.0,290.36,38.16,26.0,Sin Información,Medellín,WhatsApp,False,False,False
TRX-18490,PROD-3567,2024-12-19,12.0,701.78,37.5,22.0,Perdido,Medellín,App,False,False,True
TRX-18491,PROD-2901,2025-02-07,13.0,1280.66,66.11,24.0,Devuelto,Bucaramanga,App,False,False,False
TRX-18492,PROD-3883,2025-01-08,7.0,996.64,67.82,12.0,Perdido,Bogotá,Físico,False,False,True
TRX-18493,PROD-3594,2026-02-04,3.0,239.04,38.57,11.0,En Camino,Medellín,Físico,False,True,True
TRX-18494,PROD-1005,2024-10-15,14.0,183.82,18.61,28.0,Retrasado,Bucaramanga,Online,False,False,False
TRX-18495,PROD-3569,2025-02-13,10.0,1565.1,57.47,21.0,Perdido,Sin Ciudad,Físico,False,False,True
TRX-18496,PROD-1289,2025-09-14,4.0,320.37,52.36,16.0,Perdido,Barranquilla,WhatsApp,False,False,False
TRX-18497,PROD-2576,2025-02-13,9.0,352.46,64.39,4.0,Sin Información,Bogotá,App,False,False,False
TRX-18498,PROD-3829,2024-11-17,12.0,1663.54,86.72,7.0,Entregado,Barranquilla,Online,False,False,True
TRX-18499,PROD-2363,2025-01-08,13.0,1228.16,51.02,29.0,Retrasado,Cali,App,False,False,False
TRX-18500,PROD-3174,2025-09-08,7.0,1213.38,66.34,21.0,Sin Información,Sin Ciudad,WhatsApp,False,False,False
TRX-18501,PROD-1133,2024-09-28,5.0,963.9,10.17,28.0,Entregado,Barranquilla,WhatsApp,False,False,False
TRX-18502,PROD-2214,2024-10-22,9.0,1142.3,89.98,24.0,Entregado,Sin Ciudad,WhatsApp,False,False,False
TRX-18503,PROD-2744,2025-12-13,10.0,1207.52,36.09,23.0,Sin Información,Medellín,Online,False,False,False
TRX-18504,PROD-2105,2026-01-20,13.0,1935.97,65.06,21.0,En Camino,Medellín,App,False,False,False
TRX-18505,PROD-3859,2025-10-12,10.0,453.72,92.02,13.0,En Camino,Barranquilla,Físico,False,False,True
TRX-18506,PROD-3508,2025-07-26,10.0,436.98,82.0,14.0,Devuelto,Sin Ciudad,App,False,False,True
TRX-18507,PROD-3221,2025-09-19,12.0,123.86,65.58,11.0,Sin Información,Medellín,App,False,False,False
TRX-18508,PROD-3356,2025-09-02,10.0,1319.82,52.36,8.0,Retrasado,Cali,Online,False,False,False
TRX-18509,PROD-1848,2025-01-27,6.0,1102.59,71.84,1.0,Retrasado,Cali,Físico,False,False,False
TRX-18510,PROD-3804,2025-07-21,8.0,231.37,92.49,8.0,En Camino,Medellín,Físico,False,False,True
TRX-18511,PROD-1331,2025-01-21,5.0,735.43,82.15,19.0,En Camino,Bogotá,App,False,False,False
TRX-18512,PROD-3541,2025-11-01,5.0,365.54,62.94,17.0,Entregado,Bucaramanga,WhatsApp,False,False,True
TRX-18513,PROD-2375,2024-12-30,3.0,669.65,67.58,9.0,En Camino,Sin Ciudad,App,False,False,False
TRX-18514,PROD-1224,2025-03-07,7.0,1903.02,18.99,27.0,Perdido,Medellín,Online,False,False,False
TRX-18515,PROD-3108,2025-08-13,2.0,1369.8,49.67,13.0,Retrasado,Bucaramanga,WhatsApp,False,False,False
TRX-18516,PROD-3763,2025-08-07,11.0,25.06,33.59,22.0,Devuelto,Sin Ciudad,Online,False,False,True
TRX-18517,PROD-2490,2025-05-21,12.0,512.49,46.04,15.0,Entregado,Medellín,WhatsApp,False,False,False
TRX-18518,PROD-1211,2024-11-11,3.0,30.62,67.91,27.0,Perdido,Medellín,WhatsApp,False,False,False
TRX-18519,PROD-1454,2025-06-17,2.0,1432.59,19.17,13.0,En Camino,Barranquilla,WhatsApp,False,False,False
TRX-18520,PROD-2568,2025-08-13,13.0,944.15,52.36,27.0,Devuelto,Barranquilla,Físico,False,False,False
TRX-18521,PROD-2497,2024-12-04,8.0,1988.1,6.65,8.0,En Camino,Barranquilla,WhatsApp,False,False,False
TRX-18522,PROD-2906,2025-07-19,4.0,1469.83,42.71,27.0,Sin Información,Medellín,Físico,False,False,False
TRX-18523,PROD-3535,2024-11-13,10.0,1040.65,35.61,26.0,Perdido,Barranquilla,Online,False,False,True
TRX-18524,PROD-1167,2025-06-14,8.0,1611.36,44.94,12.0,Sin Información,Medellín,WhatsApp,False,False,False
TRX-18525,PROD-2497,2025-05-07,8.0,1412.56,93.47,11.0,Sin Información,Medellín,WhatsApp,False,False,False
TRX-18526,PROD-2500,2025-04-03,8.0,495.11,72.17,20.0,Devuelto,Barranquilla,WhatsApp,False,False,False
TRX-18527,PROD-1717,2025-10-01,8.0,1065.21,36.11,13.0,Sin Información,Bucaramanga,Online,False,False,False
TRX-18528,PROD-3654,2025-05-19,8.0,1116.44,22.03,16.0,En Camino,Bogotá,App,False,False,True
TRX-18529,PROD-3288,2024-10-02,12.0,907.95,63.76,2.0,Perdido,Barranquilla,App,False,False,False
TRX-18530,PROD-3887,2025-07-21,9.0,366.59,67.47,6.0,Perdido,Sin Ciudad,Online,False,False,True
TRX-18531,PROD-1274,2025-09-16,2.0,454.5,50.94,16.0,Devuelto,Cali,Online,False,False,False
TRX-18532,PROD-3296,2025-05-08,9.0,569.28,52.36,18.0,Sin Información,Medellín,Online,False,False,False
TRX-18533,PROD-3905,2025-12-08,8.0,30.41,25.21,17.0,Sin Información,Bogotá,App,False,False,True
TRX-18534,PROD-1838,2025-07-12,11.0,1834.72,7.71,15.0,Perdido,Cali,Físico,False,False,False
TRX-18535,PROD-1566,2024-11-13,10.0,1375.33,30.24,7.0,En Camino,Bogotá,Online,False,False,False
TRX-18536,PROD-2371,2025-05-20,1.0,1382.34,48.43,14.0,Devuelto,Barranquilla,App,False,False,False
TRX-18537,PROD-1977,2024-12-30,14.0,1148.94,79.85,7.0,Sin Información,Bogotá,Físico,False,False,False
TRX-18538,PROD-3210,2024-12-12,5.0,1381.73,86.11,6.0,Sin Información,Bucaramanga,WhatsApp,False,False,False
TRX-18539,PROD-1465,2024-10-05,11.0,1963.91,44.23,12.0,Entregado,Barranquilla,WhatsApp,False,False,False
TRX-18540,PROD-3658,2025-10-17,2.0,776.47,80.63,2.0,Perdido,Medellín,Online,False,False,True
TRX-18541,PROD-2959,2025-12-08,10.0,1427.93,99.37,21.0,En Camino,Bogotá,Físico,False,False,False
TRX-18542,PROD-3376,2025-09-14,5.0,725.46,73.08,1.0,Devuelto,Medellín,App,False,False,False
TRX-18543,PROD-3878,2025-01-28,13.0,1710.03,74.22,18.0,Sin Información,Bogotá,WhatsApp,False,False,True
TRX-18544,PROD-1859,2025-07-23,8.0,1717.48,52.36,29.0,Entregado,Sin Ciudad,WhatsApp,False,False,False
TRX-18545,PROD-1923,2025-11-12,9.0,1805.51,91.41,28.0,Entregado,Sin Ciudad,App,False,False,False
TRX-18546,PROD-2312,2024-10-03,9.0,20.87,37.12,5.0,Retrasado,Bogotá,WhatsApp,False,False,False
TRX-18547,PROD-2444,2024-12-12,1.0,603.4,6.06,21.0,Sin Información,Cali,WhatsApp,False,False,False
TRX-18548,PROD-2095,2025-06-10,7.0,276.51,98.76,7.0,Retrasado,Bogotá,Online,False,False,False
TRX-18549,PROD-3062,2024-09-28,12.0,913.43,51.59,15.0,Sin Información,Sin Ciudad,Físico,False,False,False
TRX-18550,PROD-3786,2025-12-24,11.0,995.94,79.64,21.0,Devuelto,Bucaramanga,Físico,False,False,True
TRX-18551,PROD-2732,2025-09-30,8.0,519.25,82.19,27.0,Perdido,Cali,Físico,False,False,False
TRX-18552,PROD-2135,2026-01-16,10.0,1449.66,42.76,6.0,Sin Información,Bucaramanga,Físico,False,False,False
TRX-18553,PROD-1223,2025-05-02,3.0,546.84,56.42,2.0,En Camino,Cali,App,False,False,False
TRX-18554,PROD-1259,2025-11-01,13.0,1709.24,56.29,21.0,Perdido,Barranquilla,Físico,False,False,False
TRX-18555,PROD-2527,2025-07-17,6.0,363.54,25.92,24.0,En Camino,Bogotá,Online,False,False,False
TRX-18556,PROD-2414,2024-12-12,11.0,740.8,52.36,17.0,En Camino,Medellín,App,False,False,False
TRX-18557,PROD-2853,2025-11-07,3.0,1248.25,16.18,27.0,Retrasado,Medellín,Online,False,False,False
TRX-18558,PROD-2991,2024-09-25,9.0,1214.62,56.64,13.0,Retrasado,Cali,WhatsApp,False,False,False
TRX-18559,PROD-3053,2024-11-21,13.0,165.28,16.41,13.0,Perdido,Sin Ciudad,Físico,False,False,False
TRX-18560,PROD-3157,2025-05-01,3.0,1694.05,37.88,14.0,Devuelto,Bogotá,Físico,False,False,False
TRX-18561,PROD-1502,2025-12-16,2.0,1200.15,22.68,26.0,En Camino,Bucaramanga,App,False,False,False
TRX-18562,PROD-2925,2025-09-06,9.0,1741.02,72.16,23.0,Retrasado,Barranquilla,Físico,False,False,False
TRX-18563,PROD-3907,2024-11-10,11.0,1736.59,87.84,8.0,Devuelto,Bogotá,Online,False,False,True
TRX-18564,PROD-3178,2025-05-08,13.0,1096.38,59.9,15.0,Retrasado,Bogotá,App,False,False,False
TRX-18565,PROD-3778,2025-07-09,14.0,1822.46,43.96,11.0,En Camino,Bogotá,Físico,False,False,True
TRX-18566,PROD-3182,2025-07-12,8.0,1698.33,99.68,13.0,Entregado,Medellín,Online,False,False,False
TRX-18567,PROD-2197,2025-07-17,8.0,1916.66,7.01,21.0,Retrasado,Barranquilla,WhatsApp,False,False,False
TRX-18568,PROD-2851,2025-04-03,2.0,1702.49,52.36,20.0,Devuelto,Bogotá,Físico,False,False,False
TRX-18569,PROD-3543,2025-12-10,6.0,1644.2,33.91,1.0,Perdido,Sin Ciudad,Físico,False,False,True
TRX-18570,PROD-2507,2026-01-09,13.0,944.03,31.47,25.0,Perdido,Medellín,Físico,False,False,False
TRX-18571,PROD-3757,2025-06-06,13.0,431.94,38.84,2.0,En Camino,Sin Ciudad,WhatsApp,False,False,True
TRX-18572,PROD-3839,2025-12-09,5.0,1822.31,26.91,11.0,Sin Información,Bogotá,Físico,False,False,True
TRX-18573,PROD-1268,2025-10-15,14.0,1447.87,30.1,14.0,Entregado,Bogotá,WhatsApp,False,False,False
TRX-18574,PROD-1771,2025-01-03,12.0,570.68,29.48,5.0,Retrasado,Sin Ciudad,Online,False,False,False
TRX-18575,PROD-2875,2025-10-25,2.0,688.58,53.05,7.0,Sin Información,Bucaramanga,App,False,False,False
TRX-18576,PROD-1357,2025-09-23,5.0,1375.3,42.15,24.0,Retrasado,Medellín,Online,False,False,False
TRX-18577,PROD-1328,2025-02-15,4.0,960.86,65.73,16.0,Entregado,Medellín,Online,False,False,False
TRX-18578,PROD-2600,2025-07-09,9.0,172.15,53.87,11.0,En Camino,Medellín,App,False,False,False
TRX-18579,PROD-1732,2025-06-06,12.0,291.48,22.43,26.0,En Camino,Bogotá,App,False,False,False
TRX-18580,PROD-2181,2025-07-28,1.0,1493.84,52.36,15.0,Devuelto,Barranquilla,Físico,False,False,False
TRX-18581,PROD-1315,2025-06-27,6.0,663.85,81.95,4.0,Devuelto,Medellín,WhatsApp,False,False,False
TRX-18582,PROD-1447,2025-12-30,7.0,1020.22,49.86,10.0,Devuelto,Medellín,Físico,False,False,False
TRX-18583,PROD-1674,2025-03-30,12.0,1535.58,19.56,1.0,En Camino,Barranquilla,Online,False,False,False
TRX-18584,PROD-2130,2025-11-02,6.0,1504.84,20.85,7.0,Retrasado,Cali,WhatsApp,False,False,False
TRX-18585,PROD-1458,2025-03-19,5.0,342.36,80.71,12.0,Perdido,Bucaramanga,Físico,False,False,False
TRX-18586,PROD-3855,2024-10-08,12.0,205.8,71.78,29.0,En Camino,Barranquilla,App,False,False,True
TRX-18587,PROD-1606,2025-11-08,4.0,1186.39,53.12,26.0,Entregado,Bucaramanga,App,False,False,False
TRX-18588,PROD-3032,2026-01-11,5.0,1485.85,34.08,11.0,Perdido,Bogotá,Físico,False,False,False
TRX-18589,PROD-1616,2025-10-02,9.0,306.59,48.75,11.0,En Camino,Medellín,WhatsApp,False,False,False
TRX-18590,PROD-1836,2024-12-17,5.0,750.19,65.47,25.0,Sin Información,Medellín,Online,False,False,False
TRX-18591,PROD-3132,2025-05-28,10.0,1741.85,88.53,17.0,En Camino,Cali,WhatsApp,False,False,False
TRX-18592,PROD-3569,2025-12-20,8.0,1889.0,52.36,1.0,Devuelto,Medellín,Físico,False,False,True
TRX-18593,PROD-1092,2025-04-27,7.0,913.6,57.81,15.0,Retrasado,Barranquilla,App,False,False,False
TRX-18594,PROD-2200,2024-11-03,4.0,168.24,31.29,23.0,Sin Información,Bogotá,App,False,False,False
TRX-18595,PROD-2706,2025-04-04,10.0,522.82,9.06,25.0,Retrasado,Bucaramanga,Online,False,False,False
TRX-18596,PROD-3795,2025-08-15,5.0,473.61,21.67,21.0,Perdido,Cali,App,False,False,True
TRX-18597,PROD-3217,2025-09-30,7.0,485.54,66.77,20.0,En Camino,Medellín,Online,False,False,False
TRX-18598,PROD-1540,2025-12-31,6.0,992.82,20.24,22.0,Devuelto,Barranquilla,Online,False,False,False
TRX-18599,PROD-2941,2025-03-04,13.0,1170.62,50.75,25.0,Sin Información,Bucaramanga,WhatsApp,False,False,False
TRX-18600,PROD-2420,2025-06-25,7.0,253.79,71.4,15.0,Entregado,Sin Ciudad,WhatsApp,True,False,False
TRX-18601,PROD-2720,2025-09-21,3.0,1779.82,34.28,18.0,En Camino,Bucaramanga,Físico,False,False,False
TRX-18602,PROD-2818,2025-01-30,10.0,1243.75,68.57,21.0,Devuelto,Bogotá,Físico,False,False,False
TRX-18603,PROD-3640,2025-06-12,3.0,1198.53,60.2,4.0,Entregado,Bogotá,Online,False,False,True
TRX-18604,PROD-1087,2026-01-15,2.0,1974.69,52.36,29.0,Entregado,Sin Ciudad,Físico,False,False,False
TRX-18605,PROD-2194,2025-03-18,14.0,1260.01,46.7,19.0,Perdido,Barranquilla,App,False,False,False
TRX-18606,PROD-1774,2026-01-02,3.0,1858.63,90.24,5.0,Retrasado,Cali,Online,False,False,False
TRX-18607,PROD-1257,2025-12-26,11.0,579.65,70.75,14.0,Retrasado,Bucaramanga,Online,False,False,False
TRX-18608,PROD-1090,2025-06-14,10.0,487.86,39.26,23.0,Perdido,Bucaramanga,Físico,False,False,False
TRX-18609,PROD-1951,2024-10-19,13.0,1037.87,81.41,13.0,En Camino,Barranquilla,WhatsApp,False,False,False
TRX-18610,PROD-3128,2025-12-28,1.0,1022.13,75.12,27.0,Sin Información,Cali,Online,False,False,False
TRX-18611,PROD-3640,2025-10-13,13.0,460.7,80.21,19.0,Devuelto,Medellín,Online,False,False,True
TRX-18612,PROD-2375,2024-12-16,9.0,1402.31,65.89,19.0,Sin Información,Medellín,WhatsApp,False,False,False
TRX-18613,PROD-2686,2025-04-06,2.0,68.97,41.04,16.0,Sin Información,Medellín,WhatsApp,False,False,False
TRX-18614,PROD-3370,2025-08-04,12.0,1384.35,38.11,22.0,Retrasado,Cali,Online,False,False,False
TRX-18615,PROD-2404,2025-05-23,13.0,919.78,67.14,21.0,Sin Información,Medellín,Físico,False,False,False
TRX-18616,PROD-3685,2026-01-04,3.0,1381.12,52.36,19.0,Perdido,Bogotá,Online,False,False,True
TRX-18617,PROD-3646,2025-09-25,5.0,959.39,17.44,1.0,Retrasado,Bogotá,Online,False,False,True
TRX-18618,PROD-2336,2025-08-30,10.0,1954.89,82.89,10.0,Retrasado,Bucaramanga,Online,False,False,False
TRX-18619,PROD-2991,2025-03-18,12.0,676.02,40.18,2.0,Retrasado,Bogotá,Físico,False,False,False
TRX-18620,PROD-3430,2025-01-30,4.0,1965.32,64.89,15.0,En Camino,Bogotá,WhatsApp,False,False,False
TRX-18621,PROD-3727,2025-02-14,13.0,139.3,52.41,19.0,Perdido,Bogotá,Online,False,False,True
TRX-18622,PROD-3854,2024-12-14,5.0,1370.68,54.34,4.0,Retrasado,Barranquilla,WhatsApp,False,False,True
TRX-18623,PROD-3171,2025-09-17,6.0,913.9,75.11,21.0,Retrasado,Bogotá,Online,False,False,False
TRX-18624,PROD-3246,2024-12-19,5.0,1646.05,64.53,26.0,Perdido,Medellín,Físico,False,False,False
TRX-18625,PROD-2823,2024-10-12,10.0,1581.34,28.78,25.0,Entregado,Cali,Online,False,False,False
TRX-18626,PROD-2875,2025-05-10,1.0,1602.42,12.05,4.0,Sin Información,Cali,Online,False,False,False
TRX-18627,PROD-2245,2025-12-26,6.0,198.53,84.82,12.0,En Camino,Medellín,WhatsApp,False,False,False
TRX-18628,PROD-3323,2026-01-08,9.0,1646.51,52.36,25.0,En Camino,Bogotá,Online,False,False,False
TRX-18629,PROD-1540,2025-01-26,3.0,435.94,89.06,21.0,Sin Información,Barranquilla,Online,False,False,False
TRX-18630,PROD-2255,2026-01-06,2.0,61.1,20.63,29.0,Devuelto,Sin Ciudad,Online,False,False,False
TRX-18631,PROD-1703,2026-02-02,6.0,443.3,34.4,19.0,Devuelto,Sin Ciudad,WhatsApp,False,True,False
TRX-18632,PROD-2064,2025-09-11,12.0,963.78,31.82,23.0,Sin Información,Sin Ciudad,App,False,False,False
TRX-18633,PROD-1928,2025-11-12,14.0,1486.8,94.06,24.0,Entregado,Cali,WhatsApp,False,False,False
TRX-18634,PROD-2983,2024-11-12,3.0,445.08,24.45,9.0,Devuelto,Sin Ciudad,Online,False,False,False
TRX-18635,PROD-2523,2024-12-19,4.0,234.89,20.82,25.0,Retrasado,Barranquilla,App,False,False,False
TRX-18636,PROD-2180,2025-03-11,6.0,1295.47,22.27,22.0,Retrasado,Medellín,WhatsApp,False,False,False
TRX-18637,PROD-1193,2024-11-24,12.0,1967.96,74.34,16.0,Sin Información,Medellín,WhatsApp,False,False,False
TRX-18638,PROD-1607,2024-12-20,13.0,1205.73,89.36,15.0,Devuelto,Bucaramanga,App,False,False,False
TRX-18639,PROD-2446,2025-03-30,12.0,1385.2,42.37,9.0,Sin Información,Barranquilla,App,False,False,False
TRX-18640,PROD-2164,2025-03-31,6.0,1126.72,52.36,19.0,En Camino,Bogotá,App,False,False,False
TRX-18641,PROD-2867,2025-10-14,12.0,1566.87,17.93,18.0,Entregado,Bucaramanga,App,False,False,False
TRX-18642,PROD-1681,2024-12-20,2.0,1951.85,60.64,21.0,Retrasado,Cali,Físico,False,False,False
TRX-18643,PROD-3533,2025-09-05,13.0,1092.82,24.94,7.0,Entregado,Medellín,Físico,False,False,True
TRX-18644,PROD-1658,2025-08-20,13.0,839.41,11.09,27.0,Devuelto,Medellín,Físico,False,False,False
TRX-18645,PROD-3915,2024-10-18,3.0,1722.08,89.19,16.0,Perdido,Medellín,App,False,False,True
TRX-18646,PROD-3192,2025-03-17,13.0,1939.76,87.73,15.0,Sin Información,Sin Ciudad,Online,False,False,False
TRX-18647,PROD-2168,2025-09-21,9.0,267.07,97.71,23.0,Sin Información,Bogotá,Online,False,False,False
TRX-18648,PROD-1746,2025-06-13,2.0,1160.56,50.03,11.0,Entregado,Barranquilla,Online,False,False,False
TRX-18649,PROD-1718,2025-10-16,3.0,1587.0,32.93,6.0,Entregado,Bogotá,WhatsApp,False,False,False
TRX-18650,PROD-3900,2025-10-22,9.0,1071.35,78.13,3.0,Devuelto,Barranquilla,Online,False,False,True
TRX-18651,PROD-3837,2024-11-03,4.0,824.3,22.15,14.0,Devuelto,Bogotá,Físico,False,False,True
TRX-18652,PROD-3729,2026-01-18,1.0,1313.91,52.36,6.0,Retrasado,Bogotá,App,False,False,True
TRX-18653,PROD-1628,2026-01-10,11.0,547.55,28.11,17.0,Perdido,Medellín,WhatsApp,False,False,False
TRX-18654,PROD-1660,2025-01-19,13.0,704.78,29.29,19.0,Perdido,Barranquilla,Físico,False,False,False
TRX-18655,PROD-1974,2025-03-10,2.0,1984.63,95.4,18.0,Entregado,Bogotá,Online,False,False,False
TRX-18656,PROD-1478,2025-01-08,3.0,1276.57,74.33,20.0,Perdido,Medellín,App,False,False,False
TRX-18657,PROD-1168,2026-01-21,9.0,1747.13,17.7,16.0,Devuelto,Medellín,Online,False,False,False
TRX-18658,PROD-2296,2025-02-16,9.0,1617.46,13.82,24.0,Sin Información,Cali,Físico,False,False,False
TRX-18659,PROD-3353,2025-03-17,11.0,1308.02,85.07,3.0,Devuelto,Medellín,Físico,False,False,False
TRX-18660,PROD-1518,2025-12-03,6.0,1683.05,81.22,6.0,Devuelto,Bogotá,Físico,False,False,False
TRX-18661,PROD-2805,2025-12-05,14.0,581.45,68.74,26.0,Entregado,Medellín,Online,False,False,False
TRX-18662,PROD-2066,2025-10-03,11.0,1277.86,23.63,17.0,En Camino,Medellín,App,False,False,False
TRX-18663,PROD-2514,2025-03-30,6.0,1185.3,50.63,20.0,Devuelto,Medellín,App,False,False,False
TRX-18664,PROD-1755,2025-03-01,3.0,1248.62,52.36,5.0,Perdido,Medellín,WhatsApp,False,False,False
TRX-18665,PROD-1840,2025-07-21,5.0,345.58,62.26,21.0,Perdido,Medellín,WhatsApp,False,False,False
TRX-18666,PROD-3303,2025-09-05,11.0,561.71,93.55,16.0,Devuelto,Medellín,WhatsApp,False,False,False
TRX-18667,PROD-3896,2025-11-16,4.0,580.45,21.1,17.0,Sin Información,Sin Ciudad,Físico,False,False,True
TRX-18668,PROD-1142,2025-10-29,10.0,1207.87,53.97,16.0,En Camino,Bogotá,App,False,False,False
TRX-18669,PROD-3726,2024-12-05,10.0,1945.37,19.99,25.0,Entregado,Bogotá,Online,False,False,True
TRX-18670,PROD-2298,2025-09-09,12.0,1908.59,47.17,21.0,Devuelto,Medellín,App,False,False,False
TRX-18671,PROD-2408,2024-10-10,9.0,462.11,24.01,9.0,Entregado,Bogotá,Online,False,False,False
TRX-18672,PROD-1605,2025-02-09,9.0,616.64,84.44,7.0,En Camino,Medellín,WhatsApp,False,False,False
TRX-18673,PROD-2527,2025-01-15,1.0,81.76,29.2,5.0,Devuelto,Medellín,Físico,False,False,False
TRX-18674,PROD-2836,2025-08-16,8.0,803.64,44.62,9.0,Sin Información,Bogotá,Físico,False,False,False
TRX-18675,PROD-3211,2025-05-05,9.0,1671.0,43.74,21.0,Devuelto,Bogotá,WhatsApp,False,False,False
TRX-18676,PROD-1665,2024-11-07,5.0,1832.35,52.36,10.0,Devuelto,Barranquilla,Físico,False,False,False
TRX-18677,PROD-3185,2025-12-05,4.0,480.63,87.3,25.0,Retrasado,Sin Ciudad,WhatsApp,False,False,False
TRX-18678,PROD-2235,2024-10-30,10.0,538.93,76.99,21.0,Devuelto,Cali,App,False,False,False
TRX-18679,PROD-1497,2025-04-16,4.0,449.49,10.47,1.0,Devuelto,Barranquilla,Online,False,False,False
TRX-18680,PROD-1102,2025-10-13,2.0,706.71,11.37,7.0,Sin Información,Bucaramanga,Físico,False,False,False
TRX-18681,PROD-2657,2024-10-01,9.0,1611.47,57.36,21.0,En Camino,Barranquilla,WhatsApp,False,False,False
TRX-18682,PROD-3045,2025-06-02,5.0,1297.25,45.63,5.0,En Camino,Cali,Online,False,False,False
TRX-18683,PROD-1595,2025-01-08,11.0,1574.02,31.18,6.0,Retrasado,Cali,WhatsApp,False,False,False
TRX-18684,PROD-2876,2025-10-16,3.0,1170.23,80.3,6.0,Devuelto,Barranquilla,Físico,False,False,False
TRX-18685,PROD-2311,2024-12-29,6.0,522.89,17.22,23.0,Perdido,Medellín,Online,False,False,False
TRX-18686,PROD-1639,2025-06-24,9.0,463.71,97.54,28.0,Entregado,Bogotá,Físico,False,False,False
TRX-18687,PROD-1017,2024-12-02,9.0,27.91,7.29,15.0,Sin Información,Barranquilla,Online,False,False,False
TRX-18688,PROD-3237,2024-10-31,12.0,1564.15,52.36,8.0,Devuelto,Sin Ciudad,Online,False,False,False
TRX-18689,PROD-3078,2025-07-17,13.0,1695.77,16.23,1.0,Sin Información,Sin Ciudad,WhatsApp,False,False,False
TRX-18690,PROD-2356,2025-10-28,5.0,1538.88,34.58,10.0,Retrasado,Bogotá,Online,False,False,False
TRX-18691,PROD-3651,2025-12-13,8.0,158.06,53.37,27.0,Perdido,Medellín,App,False,False,True
TRX-18692,PROD-3889,2024-12-21,4.0,1526.82,25.53,3.0,En Camino,Bucaramanga,Físico,False,False,True
TRX-18693,PROD-2210,2025-11-26,5.0,101.08,74.94,22.0,Entregado,Sin Ciudad,WhatsApp,False,False,False
TRX-18694,PROD-2941,2025-04-29,7.0,220.13,38.97,16.0,Retrasado,Medellín,Online,False,False,False
TRX-18695,PROD-2187,2025-01-07,7.0,886.55,8.66,1.0,En Camino,Medellín,App,False,False,False
TRX-18696,PROD-3349,2026-01-11,13.0,957.53,88.38,16.0,Devuelto,Sin Ciudad,App,False,False,False
TRX-18697,PROD-3731,2025-10-31,7.0,1634.08,94.67,14.0,Retrasado,Cali,App,False,False,True
TRX-18698,PROD-1602,2025-12-20,8.0,1362.26,63.76,5.0,Devuelto,Medellín,WhatsApp,False,False,False
TRX-18699,PROD-3315,2025-10-19,11.0,315.11,81.62,16.0,Retrasado,Medellín,Online,False,False,False
TRX-18700,PROD-3984,2024-12-27,7.0,460.03,52.36,21.0,Retrasado,Bucaramanga,Online,False,False,True
TRX-18701,PROD-2810,2025-10-30,5.0,578.49,16.51,26.0,Devuelto,Bogotá,App,False,False,False
TRX-18702,PROD-2387,2024-10-24,1.0,256.11,30.54,25.0,Retrasado,Bogotá,WhatsApp,False,False,False
TRX-18703,PROD-3822,2025-01-26,11.0,582.41,35.9,11.0,Sin Información,Medellín,Físico,False,False,True
TRX-18704,PROD-1460,2025-02-16,9.0,1459.91,96.27,18.0,En Camino,Sin Ciudad,Online,False,False,False
TRX-18705,PROD-3996,2025-06-29,9.0,490.39,53.66,7.0,Sin Información,Medellín,Online,False,False,True
TRX-18706,PROD-2961,2024-10-16,7.0,1672.37,5.7,25.0,Sin Información,Bogotá,Físico,False,False,False
TRX-18707,PROD-1164,2025-12-06,12.0,944.34,41.12,8.0,En Camino,Barranquilla,Online,False,False,False
TRX-18708,PROD-1571,2025-04-19,6.0,652.64,5.74,17.0,Entregado,Cali,Físico,False,False,False
TRX-18709,PROD-3777,2025-01-20,13.0,830.71,27.59,14.0,Entregado,Bogotá,Físico,False,False,True
TRX-18710,PROD-3256,2025-06-23,13.0,1421.9,48.2,17.0,Retrasado,Medellín,Online,False,False,False
TRX-18711,PROD-1478,2025-02-09,5.0,1038.42,35.72,12.0,En Camino,Barranquilla,App,False,False,False
TRX-18712,PROD-2261,2025-07-16,5.0,24.48,52.36,18.0,Sin Información,Bucaramanga,Online,False,False,False
TRX-18713,PROD-1101,2025-08-31,3.0,1845.42,8.11,1.0,Devuelto,Sin Ciudad,App,False,False,False
TRX-18714,PROD-2645,2025-11-28,10.0,141.33,16.05,24.0,Retrasado,Barranquilla,Online,False,False,False
TRX-18715,PROD-3529,2024-12-13,1.0,1877.86,57.33,7.0,Sin Información,Bucaramanga,WhatsApp,False,False,True
TRX-18716,PROD-1902,2025-12-14,6.0,66.02,71.08,6.0,Devuelto,Sin Ciudad,App,False,False,False
TRX-18717,PROD-2826,2025-10-27,8.0,1544.25,43.43,15.0,Perdido,Medellín,Físico,False,False,False
TRX-18718,PROD-2463,2025-04-18,14.0,1074.0,74.49,18.0,Entregado,Bogotá,App,False,False,False
TRX-18719,PROD-1378,2026-01-19,2.0,1016.4,20.52,11.0,Retrasado,Medellín,App,False,False,False
TRX-18720,PROD-2336,2025-11-03,8.0,154.83,16.6,25.0,Retrasado,Cali,Online,False,False,False
TRX-18721,PROD-1225,2026-01-05,8.0,485.1,84.75,29.0,Devuelto,Medellín,WhatsApp,False,False,False
TRX-18722,PROD-3490,2025-11-19,10.0,1557.32,37.23,17.0,Entregado,Bogotá,Físico,False,False,False
TRX-18723,PROD-3626,2024-10-25,8.0,1783.61,46.06,1.0,Devuelto,Sin Ciudad,WhatsApp,False,False,True
TRX-18724,PROD-1799,2024-10-16,10.0,1062.95,52.36,2.0,Devuelto,Bogotá,App,False,False,False
TRX-18725,PROD-3389,2024-11-22,3.0,713.15,95.02,7.0,Entregado,Bucaramanga,WhatsApp,False,False,False
TRX-18726,PROD-3156,2025-07-30,10.0,129.29,45.29,10.0,Perdido,Cali,WhatsApp,False,False,False
TRX-18727,PROD-1909,2025-03-30,8.0,1367.54,5.33,14.0,En Camino,Barranquilla,WhatsApp,False,False,False
TRX-18728,PROD-2138,2024-12-15,11.0,564.11,94.11,12.0,Sin Información,Sin Ciudad,App,False,False,False
TRX-18729,PROD-1801,2025-05-05,12.0,119.48,6.34,17.0,En Camino,Medellín,WhatsApp,False,False,False
TRX-18730,PROD-1092,2026-01-14,12.0,1335.04,67.92,14.0,Perdido,Barranquilla,WhatsApp,False,False,False
TRX-18731,PROD-1342,2025-03-09,14.0,976.58,35.67,19.0,Entregado,Cali,Online,False,False,False
TRX-18732,PROD-3205,2025-03-27,4.0,33.8,49.69,10.0,Retrasado,Medellín,Físico,False,False,False
TRX-18733,PROD-2824,2025-10-02,3.0,230.74,56.99,24.0,Entregado,Bogotá,App,False,False,False
TRX-18734,PROD-3773,2024-12-03,11.0,1401.41,43.8,12.0,Sin Información,Medellín,WhatsApp,False,False,True
TRX-18735,PROD-3750,2024-12-05,9.0,136.71,78.57,7.0,Devuelto,Bogotá,WhatsApp,False,False,True
TRX-18736,PROD-1357,2025-10-12,8.0,1733.27,52.36,8.0,Sin Información,Sin Ciudad,Online,False,False,False
TRX-18737,PROD-3096,2025-08-29,10.0,629.54,93.42,29.0,Entregado,Medellín,Físico,False,False,False
TRX-18738,PROD-2615,2025-02-22,13.0,186.45,13.21,13.0,En Camino,Barranquilla,App,False,False,False
TRX-18739,PROD-1796,2024-12-27,13.0,1521.92,81.02,28.0,Retrasado,Barranquilla,WhatsApp,False,False,False
TRX-18740,PROD-3008,2024-11-14,2.0,1053.61,17.22,6.0,Sin Información,Bogotá,App,False,False,False
TRX-18741,PROD-2301,2025-12-11,13.0,620.21,12.63,8.0,Perdido,Bogotá,WhatsApp,False,False,False
TRX-18742,PROD-3470,2025-03-15,13.0,818.14,95.8,5.0,Entregado,Bogotá,WhatsApp,False,False,False
TRX-18743,PROD-3478,2025-01-10,13.0,52.61,51.48,9.0,Retrasado,Medellín,App,False,False,False
TRX-18744,PROD-3095,2025-12-24,14.0,1328.77,19.5,26.0,Sin Información,Bogotá,App,False,False,False
TRX-18745,PROD-1229,2025-08-04,8.0,737.89,59.15,11.0,Retrasado,Barranquilla,WhatsApp,False,False,False
TRX-18746,PROD-3731,2024-11-12,11.0,1430.93,30.01,13.0,En Camino,Bucaramanga,App,False,False,True
TRX-18747,PROD-2478,2025-10-04,11.0,1260.06,49.11,1.0,Devuelto,Bogotá,Físico,False,False,False
TRX-18748,PROD-2628,2025-06-02,3.0,1306.0,52.36,7.0,Retrasado,Barranquilla,App,False,False,False
TRX-18749,PROD-1605,2026-01-31,10.0,1587.86,64.34,6.0,Retrasado,Medellín,App,False,False,False
TRX-18750,PROD-3932,2024-12-04,12.0,1266.0,87.58,8.0,Entregado,Barranquilla,App,False,False,True
TRX-18751,PROD-2751,2025-04-22,14.0,843.26,5.29,2.0,Perdido,Medellín,App,False,False,False
TRX-18752,PROD-2514,2025-11-28,6.0,785.96,25.34,17.0,Entregado,Bogotá,WhatsApp,False,False,False
TRX-18753,PROD-2581,2025-04-22,5.0,247.97,14.15,17.0,En Camino,Cali,Online,False,False,False
TRX-18754,PROD-2527,2025-05-31,8.0,1561.09,14.22,18.0,Retrasado,Bogotá,WhatsApp,False,False,False
TRX-18755,PROD-1049,2025-03-09,9.0,1524.61,94.85,21.0,Devuelto,Bogotá,WhatsApp,False,False,False
TRX-18756,PROD-2165,2025-06-12,11.0,500.13,93.93,7.0,Retrasado,Medellín,Físico,False,False,False
TRX-18757,PROD-2412,2025-08-19,7.0,1726.74,76.18,15.0,Devuelto,Barranquilla,WhatsApp,False,False,False
TRX-18758,PROD-2439,2026-01-04,6.0,1182.12,66.09,13.0,Devuelto,Bogotá,WhatsApp,False,False,False
TRX-18759,PROD-2261,2025-05-10,6.0,962.59,85.56,25.0,Sin Información,Bogotá,Físico,False,False,False
TRX-18760,PROD-2825,2025-05-19,1.0,44.82,52.36,20.0,Sin Información,Cali,Físico,False,False,False
TRX-18761,PROD-3297,2025-06-24,5.0,771.65,10.55,29.0,Devuelto,Bogotá,App,False,False,False
TRX-18762,PROD-1358,2026-01-29,14.0,1284.93,16.35,25.0,Perdido,Bogotá,WhatsApp,False,False,False
TRX-18763,PROD-1883,2025-02-12,8.0,188.6,35.13,14.0,Entregado,Bogotá,Físico,False,False,False
TRX-18764,PROD-3981,2024-12-01,6.0,924.54,84.09,27.0,Sin Información,Bogotá,WhatsApp,False,False,True
TRX-18765,PROD-2819,2025-12-11,12.0,1986.94,49.86,15.0,En Camino,Sin Ciudad,WhatsApp,False,False,False
TRX-18766,PROD-2702,2025-07-31,1.0,1435.91,52.84,3.0,Sin Información,Medellín,WhatsApp,False,False,False
TRX-18767,PROD-2812,2025-10-21,5.0,1098.27,26.78,28.0,Perdido,Sin Ciudad,App,False,False,False
TRX-18768,PROD-2182,2025-03-15,13.0,1070.74,66.6,6.0,Perdido,Barranquilla,App,False,False,False
TRX-18769,PROD-1670,2025-08-24,11.0,97.09,89.35,9.0,Devuelto,Medellín,WhatsApp,False,False,False
TRX-18770,PROD-3981,2025-01-09,12.0,1915.06,36.3,27.0,Perdido,Bucaramanga,Online,False,False,True
TRX-18771,PROD-2736,2025-04-13,5.0,1857.07,63.82,14.0,En Camino,Barranquilla,WhatsApp,False,False,False
TRX-18772,PROD-3984,2025-03-26,12.0,1367.99,52.36,29.0,En Camino,Bucaramanga,App,False,False,True
TRX-18773,PROD-2696,2025-07-10,3.0,207.03,36.54,16.0,Retrasado,Barranquilla,Físico,False,False,False
TRX-18774,PROD-1571,2025-08-16,8.0,423.59,80.31,17.0,Perdido,Bogotá,WhatsApp,False,False,False
TRX-18775,PROD-3405,2024-12-23,9.0,375.98,50.12,12.0,Sin Información,Bogotá,App,False,False,False
TRX-18776,PROD-3449,2025-06-08,6.0,1043.96,37.25,4.0,Retrasado,Medellín,Físico,False,False,False
TRX-18777,PROD-1352,2025-08-10,6.0,423.53,44.9,5.0,Sin Información,Bogotá,App,False,False,False
TRX-18778,PROD-1588,2025-12-03,2.0,1394.64,13.67,11.0,En Camino,Bucaramanga,Online,False,False,False
TRX-18779,PROD-1851,2025-04-16,10.0,1095.01,87.28,22.0,Perdido,Bogotá,App,False,False,False
TRX-18780,PROD-2242,2024-11-13,2.0,45.14,96.02,11.0,Devuelto,Bogotá,WhatsApp,False,False,False
TRX-18781,PROD-2944,2025-09-06,6.0,1490.67,50.35,8.0,Devuelto,Medellín,Físico,False,False,False
TRX-18782,PROD-3151,2025-03-22,12.0,385.77,26.03,28.0,Perdido,Bucaramanga,WhatsApp,False,False,False
TRX-18783,PROD-2373,2025-12-04,8.0,1651.52,68.14,18.0,Sin Información,Barranquilla,WhatsApp,False,False,False
TRX-18784,PROD-1270,2025-07-22,2.0,716.54,52.36,6.0,Retrasado,Bucaramanga,Online,False,False,False
TRX-18785,PROD-3419,2024-09-25,9.0,683.85,47.98,7.0,Retrasado,Medellín,App,False,False,False
TRX-18786,PROD-2539,2025-12-15,13.0,33.52,28.97,6.0,Devuelto,Bogotá,Online,False,False,False
TRX-18787,PROD-1362,2025-10-26,12.0,1975.58,8.65,14.0,Retrasado,Cali,App,False,False,False
TRX-18788,PROD-1027,2024-12-15,14.0,1227.89,89.52,20.0,Devuelto,Barranquilla,Online,False,False,False
TRX-18789,PROD-2677,2025-04-24,9.0,851.23,80.69,6.0,Entregado,Bogotá,App,False,False,False
TRX-18790,PROD-3616,2024-10-26,14.0,202.28,83.76,4.0,Devuelto,Medellín,Físico,False,False,True
TRX-18791,PROD-2119,2024-11-11,4.0,1401.3,46.78,25.0,Entregado,Bucaramanga,WhatsApp,False,False,False
TRX-18792,PROD-2697,2025-07-08,4.0,572.63,76.56,13.0,Perdido,Medellín,App,False,False,False
TRX-18793,PROD-1716,2025-08-17,4.0,1976.68,60.22,17.0,Entregado,Sin Ciudad,Físico,False,False,False
TRX-18794,PROD-3276,2025-06-08,11.0,1901.59,40.6,12.0,En Camino,Medellín,App,False,False,False
TRX-18795,PROD-2892,2025-06-07,5.0,1473.24,85.06,9.0,Sin Información,Cali,App,False,False,False
TRX-18796,PROD-3909,2025-10-15,8.0,1942.43,52.36,27.0,Retrasado,Medellín,WhatsApp,False,False,True
TRX-18797,PROD-3326,2025-06-21,2.0,220.21,99.88,20.0,Entregado,Bucaramanga,WhatsApp,False,False,False
TRX-18798,PROD-1560,2025-03-23,11.0,567.03,90.43,3.0,En Camino,Cali,Físico,False,False,False
TRX-18799,PROD-1816,2024-10-25,5.0,513.95,78.74,11.0,En Camino,Barranquilla,WhatsApp,False,False,False
TRX-18800,PROD-1761,2025-06-14,7.0,153.31,76.01,15.0,Retrasado,Bucaramanga,WhatsApp,True,False,False
TRX-18801,PROD-2563,2025-08-01,14.0,1944.73,66.77,5.0,Devuelto,Bucaramanga,Físico,False,False,False
TRX-18802,PROD-2185,2024-11-01,2.0,129.35,86.09,3.0,En Camino,Cali,WhatsApp,False,False,False
TRX-18803,PROD-3268,2026-01-21,11.0,1714.81,51.84,17.0,Sin Información,Medellín,Físico,False,False,False
TRX-18804,PROD-3009,2025-07-27,11.0,1538.64,22.26,24.0,Entregado,Medellín,Físico,False,False,False
TRX-18805,PROD-1172,2025-04-20,8.0,757.98,77.96,9.0,Retrasado,Bogotá,WhatsApp,False,False,False
TRX-18806,PROD-2236,2025-06-21,1.0,47.43,92.35,6.0,Entregado,Cali,App,False,False,False
TRX-18807,PROD-3397,2025-02-05,7.0,22.13,37.43,18.0,Devuelto,Medellín,WhatsApp,False,False,False
TRX-18808,PROD-2244,2024-12-18,3.0,415.95,52.36,29.0,Retrasado,Bucaramanga,WhatsApp,False,False,False
TRX-18809,PROD-3023,2024-11-21,4.0,992.81,79.38,6.0,En Camino,Cali,App,False,False,False
TRX-18810,PROD-3290,2025-03-05,14.0,921.24,31.0,6.0,Entregado,Cali,WhatsApp,False,False,False
TRX-18811,PROD-2898,2024-09-25,8.0,1174.73,94.55,22.0,Sin Información,Sin Ciudad,WhatsApp,False,False,False
TRX-18812,PROD-1919,2024-10-07,3.0,1546.2,69.93,10.0,Entregado,Bucaramanga,App,False,False,False
TRX-18813,PROD-1109,2025-01-02,12.0,760.94,59.08,11.0,Sin Información,Bucaramanga,Físico,False,False,False
TRX-18814,PROD-1010,2025-06-04,13.0,329.12,79.09,14.0,En Camino,Sin Ciudad,App,False,False,False
TRX-18815,PROD-1630,2025-05-05,13.0,1602.1,82.26,12.0,En Camino,Sin Ciudad,App,False,False,False
TRX-18816,PROD-2075,2025-04-20,7.0,672.05,89.78,25.0,Devuelto,Medellín,Online,False,False,False
TRX-18817,PROD-2229,2024-10-15,12.0,580.89,90.61,20.0,Devuelto,Sin Ciudad,Online,False,False,False
TRX-18818,PROD-3623,2025-05-15,1.0,1530.98,10.01,18.0,En Camino,Bogotá,Físico,False,False,True
TRX-18819,PROD-3607,2025-01-31,9.0,1868.94,16.68,24.0,Retrasado,Bogotá,WhatsApp,False,False,True
TRX-18820,PROD-2935,2025-02-27,13.0,1830.77,52.36,22.0,En Camino,Medellín,Físico,False,False,False
TRX-18821,PROD-1508,2025-03-14,6.0,283.51,83.48,15.0,En Camino,Bogotá,WhatsApp,False,False,False
TRX-18822,PROD-3678,2024-10-09,3.0,1011.28,94.87,10.0,Perdido,Medellín,Online,False,False,True
TRX-18823,PROD-3727,2025-09-27,7.0,194.81,34.23,1.0,Retrasado,Sin Ciudad,App,False,False,True
TRX-18824,PROD-2178,2025-12-08,13.0,1922.34,5.82,15.0,Retrasado,Medellín,App,False,False,False
TRX-18825,PROD-2708,2025-08-02,5.0,438.3,35.66,22.0,Sin Información,Bogotá,Físico,False,False,False
TRX-18826,PROD-1734,2026-01-15,8.0,402.88,41.37,2.0,Devuelto,Bogotá,App,False,False,False
TRX-18827,PROD-3014,2025-09-23,8.0,1778.88,77.3,20.0,Devuelto,Sin Ciudad,App,False,False,False
TRX-18828,PROD-3817,2025-03-26,12.0,1936.02,9.52,2.0,Devuelto,Bogotá,Online,False,False,True
TRX-18829,PROD-3641,2025-10-18,9.0,1398.29,25.2,4.0,Entregado,Bucaramanga,Online,False,False,True
TRX-18830,PROD-2002,2025-11-19,6.0,250.8,89.93,23.0,Retrasado,Bogotá,Físico,False,False,False
TRX-18831,PROD-1116,2025-08-22,4.0,976.85,19.71,24.0,Perdido,Barranquilla,WhatsApp,False,False,False
TRX-18832,PROD-1488,2025-12-08,13.0,1635.04,52.36,14.0,Devuelto,Medellín,Físico,False,False,False
TRX-18833,PROD-2135,2025-03-25,2.0,1149.23,77.13,19.0,Devuelto,Bogotá,Online,False,False,False
TRX-18834,PROD-3019,2025-02-12,3.0,273.86,39.32,14.0,Devuelto,Bogotá,App,False,False,False
TRX-18835,PROD-1273,2024-11-05,5.0,352.06,67.95,13.0,Devuelto,Bogotá,WhatsApp,False,False,False
TRX-18836,PROD-3453,2024-10-04,8.0,1729.64,12.02,1.0,Devuelto,Bogotá,Online,False,False,False
TRX-18837,PROD-2481,2024-09-30,12.0,1058.79,32.22,10.0,Entregado,Bogotá,Online,False,False,False
TRX-18838,PROD-3380,2024-12-11,10.0,1414.62,45.36,14.0,Perdido,Medellín,WhatsApp,False,False,False
TRX-18839,PROD-2968,2025-07-16,2.0,752.39,86.44,17.0,Retrasado,Sin Ciudad,WhatsApp,False,False,False
TRX-18840,PROD-3316,2025-03-03,5.0,1069.65,58.53,26.0,Perdido,Medellín,Físico,False,False,False
TRX-18841,PROD-2786,2025-07-21,14.0,1954.44,9.3,16.0,En Camino,Barranquilla,WhatsApp,False,False,False
TRX-18842,PROD-2056,2025-04-26,9.0,666.11,81.18,15.0,Sin Información,Medellín,WhatsApp,False,False,False
TRX-18843,PROD-3572,2025-05-28,2.0,1352.83,10.18,11.0,Retrasado,Bogotá,App,False,False,True
TRX-18844,PROD-3809,2024-10-21,8.0,353.29,52.36,23.0,Devuelto,Bucaramanga,Físico,False,False,True
TRX-18845,PROD-2949,2025-06-21,3.0,252.26,93.76,12.0,En Camino,Bogotá,WhatsApp,False,False,False
TRX-18846,PROD-3843,2025-02-02,8.0,1569.44,25.11,1.0,Sin Información,Sin Ciudad,Físico,False,False,True
TRX-18847,PROD-1489,2024-09-27,4.0,1689.78,51.35,3.0,En Camino,Medellín,WhatsApp,False,False,False
TRX-18848,PROD-2528,2025-05-24,4.0,1339.94,11.87,11.0,En Camino,Cali,Online,False,False,False
TRX-18849,PROD-3099,2024-10-22,12.0,324.81,58.36,21.0,En Camino,Cali,Online,False,False,False
TRX-18850,PROD-3356,2025-01-17,7.0,488.77,52.24,11.0,Devuelto,Bogotá,Físico,False,False,False
TRX-18851,PROD-1071,2025-03-19,5.0,1823.24,43.97,5.0,Sin Información,Bucaramanga,Online,False,False,False
TRX-18852,PROD-2063,2026-02-02,4.0,584.52,8.38,15.0,En Camino,Barranquilla,Online,False,True,False
TRX-18853,PROD-1667,2025-06-10,7.0,1639.53,88.5,27.0,Perdido,Sin Ciudad,WhatsApp,False,False,False
TRX-18854,PROD-3382,2025-05-15,12.0,579.02,81.25,20.0,Devuelto,Cali,App,False,False,False
TRX-18855,PROD-1239,2025-02-10,3.0,1879.53,65.14,24.0,En Camino,Bogotá,WhatsApp,False,False,False
TRX-18856,PROD-1598,2026-01-18,9.0,1829.76,52.36,16.0,En Camino,Medellín,App,False,False,False
TRX-18857,PROD-2309,2025-07-24,14.0,96.09,59.36,3.0,Perdido,Barranquilla,Físico,False,False,False
TRX-18858,PROD-2888,2025-09-02,13.0,1543.12,71.02,8.0,Sin Información,Bucaramanga,App,False,False,False
TRX-18859,PROD-3839,2024-11-11,5.0,347.23,18.68,16.0,Entregado,Cali,Físico,False,False,True
TRX-18860,PROD-1554,2025-06-19,12.0,438.39,93.6,16.0,Entregado,Bucaramanga,App,False,False,False
TRX-18861,PROD-2463,2025-01-08,3.0,925.09,32.04,22.0,Perdido,Sin Ciudad,Online,False,False,False
TRX-18862,PROD-1668,2024-11-07,2.0,1156.87,67.37,4.0,Sin Información,Medellín,Online,False,False,False
TRX-18863,PROD-1216,2026-01-09,7.0,658.34,62.64,26.0,Entregado,Sin Ciudad,Físico,False,False,False
TRX-18864,PROD-2116,2024-12-13,12.0,1155.01,65.48,27.0,Retrasado,Barranquilla,App,False,False,False
TRX-18865,PROD-2479,2025-01-26,7.0,349.61,88.5,15.0,Sin Información,Medellín,Online,False,False,False
TRX-18866,PROD-2718,2024-12-15,12.0,54.45,33.11,19.0,Retrasado,Bucaramanga,Físico,False,False,False
TRX-18867,PROD-3606,2025-07-09,13.0,1146.74,76.15,26.0,Sin Información,Bucaramanga,App,False,False,True
TRX-18868,PROD-2458,2024-12-02,5.0,1039.66,52.36,15.0,Retrasado,Sin Ciudad,Online,False,False,False
TRX-18869,PROD-1199,2025-03-16,4.0,1382.41,61.85,13.0,Entregado,Bogotá,WhatsApp,False,False,False
TRX-18870,PROD-2187,2025-08-04,13.0,1303.15,12.23,28.0,Retrasado,Sin Ciudad,App,False,False,False
TRX-18871,PROD-2194,2025-08-18,11.0,1796.0,44.34,10.0,Retrasado,Sin Ciudad,Físico,False,False,False
TRX-18872,PROD-3169,2025-12-29,2.0,924.34,84.61,2.0,Entregado,Bogotá,WhatsApp,False,False,False
TRX-18873,PROD-3617,2025-08-25,2.0,26.66,34.96,6.0,Perdido,Cali,WhatsApp,False,False,True
TRX-18874,PROD-1314,2025-10-22,7.0,1265.0,50.82,17.0,Sin Información,Medellín,Físico,False,False,False
TRX-18875,PROD-3104,2025-09-11,10.0,1353.51,51.42,26.0,Devuelto,Medellín,WhatsApp,False,False,False
TRX-18876,PROD-1793,2024-12-22,7.0,1047.78,63.71,8.0,Retrasado,Bogotá,Físico,False,False,False
TRX-18877,PROD-3572,2026-01-04,4.0,1381.72,88.98,16.0,Sin Información,Bucaramanga,Online,False,False,True
TRX-18878,PROD-1750,2025-09-08,14.0,653.93,21.49,29.0,Entregado,Sin Ciudad,Físico,False,False,False
TRX-18879,PROD-1387,2025-11-30,4.0,306.13,52.94,21.0,Devuelto,Bogotá,WhatsApp,False,False,False
TRX-18880,PROD-3452,2025-05-29,4.0,1332.46,52.36,13.0,Devuelto,Bogotá,WhatsApp,False,False,False
TRX-18881,PROD-1684,2025-02-01,11.0,497.92,45.31,23.0,Sin Información,Sin Ciudad,App,False,False,False
TRX-18882,PROD-3227,2025-03-10,2.0,918.07,33.11,28.0,En Camino,Sin Ciudad,WhatsApp,False,False,False
TRX-18883,PROD-2321,2025-12-09,13.0,988.33,92.36,12.0,Devuelto,Barranquilla,Online,False,False,False
TRX-18884,PROD-2295,2024-11-21,13.0,959.63,5.78,16.0,Retrasado,Sin Ciudad,Físico,False,False,False
TRX-18885,PROD-3805,2025-09-26,9.0,1200.91,16.6,7.0,Perdido,Bucaramanga,Físico,False,False,True
TRX-18886,PROD-2233,2025-08-25,1.0,68.61,74.67,27.0,Sin Información,Sin Ciudad,WhatsApp,False,False,False
TRX-18887,PROD-2111,2025-05-21,8.0,1979.47,30.03,10.0,Retrasado,Medellín,Online,False,False,False
TRX-18888,PROD-3807,2025-03-31,6.0,1435.46,73.7,6.0,En Camino,Medellín,Físico,False,False,True
TRX-18889,PROD-3858,2026-01-31,13.0,856.52,84.06,5.0,Devuelto,Bucaramanga,App,False,False,True
TRX-18890,PROD-3819,2025-08-28,10.0,390.75,29.19,18.0,Sin Información,Bucaramanga,Online,False,False,True
TRX-18891,PROD-2484,2025-06-30,7.0,169.55,23.23,16.0,En Camino,Medellín,App,False,False,False
TRX-18892,PROD-1392,2025-05-12,12.0,1347.66,52.36,3.0,Retrasado,Bucaramanga,App,False,False,False
TRX-18893,PROD-3188,2026-01-06,5.0,640.74,18.8,3.0,Retrasado,Medellín,Físico,False,False,False
TRX-18894,PROD-3375,2025-12-29,6.0,466.66,24.01,5.0,Retrasado,Bogotá,Online,False,False,False
TRX-18895,PROD-2440,2025-07-08,6.0,766.11,30.38,2.0,Perdido,Medellín,WhatsApp,False,False,False
TRX-18896,PROD-1588,2025-06-24,13.0,1189.92,87.53,27.0,Retrasado,Barranquilla,Físico,False,False,False
TRX-18897,PROD-1052,2025-08-01,9.0,1346.69,78.15,1.0,Retrasado,Medellín,App,False,False,False
TRX-18898,PROD-1560,2024-10-07,10.0,1293.89,5.18,4.0,Devuelto,Bucaramanga,Físico,False,False,False
TRX-18899,PROD-3122,2024-11-02,13.0,1727.9,88.04,10.0,Sin Información,Bogotá,Físico,False,False,False
TRX-18900,PROD-2152,2025-12-19,7.0,445.33,12.49,13.0,Sin Información,Bogotá,App,False,False,False
TRX-18901,PROD-2527,2025-04-18,4.0,1277.12,67.25,3.0,Sin Información,Barranquilla,Físico,False,False,False
TRX-18902,PROD-2986,2024-11-21,12.0,211.22,19.39,11.0,Perdido,Sin Ciudad,WhatsApp,False,False,False
TRX-18903,PROD-2687,2025-09-22,11.0,1100.39,10.92,3.0,Sin Información,Medellín,App,False,False,False
TRX-18904,PROD-2393,2025-05-20,12.0,1172.08,52.36,28.0,Devuelto,Medellín,Online,False,False,False
TRX-18905,PROD-1667,2024-12-27,13.0,440.31,77.18,10.0,En Camino,Cali,App,False,False,False
TRX-18906,PROD-1419,2025-06-27,5.0,789.47,49.38,27.0,Entregado,Medellín,WhatsApp,False,False,False
TRX-18907,PROD-1892,2025-11-23,4.0,1656.11,61.91,22.0,Sin Información,Bogotá,Online,False,False,False
TRX-18908,PROD-1633,2025-03-01,1.0,305.33,45.41,28.0,Devuelto,Bogotá,App,False,False,False
TRX-18909,PROD-3061,2025-10-24,10.0,874.67,11.38,9.0,Sin Información,Medellín,App,False,False,False
TRX-18910,PROD-1905,2025-11-18,6.0,1866.14,75.26,26.0,Perdido,Barranquilla,Físico,False,False,False
TRX-18911,PROD-1771,2025-07-01,5.0,1013.18,82.93,29.0,Devuelto,Barranquilla,Online,False,False,False
TRX-18912,PROD-3288,2026-02-04,4.0,1453.02,8.93,10.0,Entregado,Bucaramanga,WhatsApp,False,True,False
TRX-18913,PROD-3512,2025-04-19,6.0,1655.46,40.69,27.0,Devuelto,Barranquilla,WhatsApp,False,False,True
TRX-18914,PROD-3824,2025-02-02,12.0,415.51,57.95,13.0,Sin Información,Medellín,App,False,False,True
TRX-18915,PROD-3153,2025-10-08,5.0,444.25,62.49,18.0,Sin Información,Medellín,Físico,False,False,False
TRX-18916,PROD-3179,2025-11-29,3.0,1519.6,52.36,21.0,Entregado,Bogotá,WhatsApp,False,False,False
TRX-18917,PROD-3918,2024-12-28,2.0,1509.08,59.92,18.0,Perdido,Bogotá,Físico,False,False,True
TRX-18918,PROD-3257,2025-04-29,13.0,129.76,70.83,22.0,Devuelto,Bogotá,Online,False,False,False
TRX-18919,PROD-3876,2025-10-16,6.0,651.77,96.85,17.0,Perdido,Barranquilla,Físico,False,False,True
TRX-18920,PROD-1466,2026-01-20,4.0,803.08,42.11,17.0,Perdido,Medellín,Físico,False,False,False
TRX-18921,PROD-2709,2024-12-02,11.0,1659.79,57.88,25.0,En Camino,Medellín,App,False,False,False
TRX-18922,PROD-2886,2025-11-28,13.0,849.51,71.41,26.0,En Camino,Medellín,WhatsApp,False,False,False
TRX-18923,PROD-1312,2025-06-23,10.0,1852.6,61.28,5.0,Devuelto,Medellín,Online,False,False,False
TRX-18924,PROD-1477,2025-09-08,3.0,1993.25,41.74,9.0,Devuelto,Medellín,WhatsApp,False,False,False
TRX-18925,PROD-1537,2025-02-03,14.0,1563.65,64.29,12.0,Sin Información,Bogotá,Online,False,False,False
TRX-18926,PROD-1071,2024-11-27,8.0,1336.11,66.76,12.0,Sin Información,Bucaramanga,Online,False,False,False
TRX-18927,PROD-2964,2025-01-27,12.0,789.88,60.57,24.0,Perdido,Barranquilla,WhatsApp,False,False,False
TRX-18928,PROD-2426,2025-04-15,9.0,143.41,52.36,25.0,En Camino,Cali,Online,False,False,False
TRX-18929,PROD-2276,2025-07-17,7.0,1150.55,24.49,25.0,Devuelto,Cali,WhatsApp,False,False,False
TRX-18930,PROD-3830,2025-01-17,2.0,729.79,53.07,24.0,Devuelto,Bogotá,Físico,False,False,True
TRX-18931,PROD-2485,2025-12-02,8.0,708.29,89.01,19.0,Devuelto,Bogotá,Online,False,False,False
TRX-18932,PROD-1569,2025-06-16,11.0,1378.54,87.52,7.0,En Camino,Bucaramanga,WhatsApp,False,False,False
TRX-18933,PROD-2810,2025-07-01,13.0,932.64,76.32,20.0,Devuelto,Medellín,Físico,False,False,False
TRX-18934,PROD-3447,2025-02-18,13.0,1506.67,71.23,24.0,Perdido,Barranquilla,Físico,False,False,False
TRX-18935,PROD-3142,2025-04-04,11.0,802.36,19.56,23.0,Devuelto,Medellín,Físico,False,False,False
TRX-18936,PROD-2401,2025-03-09,5.0,310.22,48.65,12.0,Retrasado,Bogotá,Físico,False,False,False
TRX-18937,PROD-1705,2025-07-31,11.0,928.08,15.54,9.0,Sin Información,Sin Ciudad,Online,False,False,False
TRX-18938,PROD-3907,2025-10-01,10.0,1902.51,82.64,8.0,Entregado,Cali,WhatsApp,False,False,True
TRX-18939,PROD-2247,2025-03-20,7.0,1605.03,32.65,19.0,Perdido,Bogotá,WhatsApp,False,False,False
TRX-18940,PROD-1117,2025-02-17,5.0,419.44,52.36,21.0,Devuelto,Bucaramanga,Físico,False,False,False
TRX-18941,PROD-1485,2025-12-31,2.0,788.69,77.85,3.0,Retrasado,Medellín,App,False,False,False
TRX-18942,PROD-1910,2025-12-30,12.0,1856.31,82.38,11.0,En Camino,Barranquilla,App,False,False,False
TRX-18943,PROD-1527,2024-11-18,12.0,256.16,89.79,12.0,Perdido,Bucaramanga,App,False,False,False
TRX-18944,PROD-3843,2026-01-25,12.0,515.36,76.61,25.0,Perdido,Bogotá,App,False,False,True
TRX-18945,PROD-1583,2024-09-27,4.0,531.82,58.65,17.0,Devuelto,Sin Ciudad,Físico,False,False,False
TRX-18946,PROD-3818,2024-10-06,13.0,1146.16,61.83,7.0,En Camino,Barranquilla,App,False,False,True
TRX-18947,PROD-1928,2025-06-29,11.0,827.36,35.46,25.0,Devuelto,Barranquilla,App,False,False,False
TRX-18948,PROD-2259,2026-02-03,5.0,168.94,21.81,3.0,Retrasado,Bucaramanga,Físico,False,True,False
TRX-18949,PROD-1513,2025-08-12,6.0,1262.07,17.41,7.0,Entregado,Sin Ciudad,WhatsApp,False,False,False
TRX-18950,PROD-1859,2025-12-02,5.0,207.16,22.29,7.0,Sin Información,Bucaramanga,WhatsApp,False,False,False
TRX-18951,PROD-1533,2025-07-23,10.0,1216.77,93.73,27.0,Sin Información,Medellín,Online,False,False,False
TRX-18952,PROD-1321,2025-04-26,11.0,1018.95,52.36,14.0,En Camino,Barranquilla,WhatsApp,False,False,False
TRX-18953,PROD-2740,2025-03-16,1.0,992.4,20.62,2.0,Entregado,Cali,Online,False,False,False
TRX-18954,PROD-3829,2025-08-04,1.0,144.32,73.76,16.0,Retrasado,Bogotá,Online,False,False,True
TRX-18955,PROD-1457,2025-12-23,3.0,1282.05,22.54,21.0,Perdido,Barranquilla,Online,False,False,False
TRX-18956,PROD-1318,2024-09-25,9.0,868.33,97.65,10.0,Retrasado,Bucaramanga,WhatsApp,False,False,False
TRX-18957,PROD-1077,2025-10-02,11.0,828.1,39.83,14.0,Sin Información,Medellín,Físico,False,False,False
TRX-18958,PROD-2983,2025-02-06,2.0,1196.94,44.15,29.0,Entregado,Bogotá,Físico,False,False,False
TRX-18959,PROD-2766,2026-01-01,10.0,1216.43,43.43,7.0,En Camino,Medellín,WhatsApp,False,False,False
TRX-18960,PROD-1174,2024-12-31,5.0,39.92,82.56,2.0,Devuelto,Barranquilla,Online,False,False,False
TRX-18961,PROD-1804,2024-12-14,9.0,259.2,25.74,26.0,Entregado,Medellín,App,False,False,False
TRX-18962,PROD-1441,2025-06-29,7.0,480.67,83.95,10.0,En Camino,Medellín,Físico,False,False,False
TRX-18963,PROD-1134,2025-02-01,11.0,1359.17,67.42,2.0,Entregado,Bogotá,App,False,False,False
TRX-18964,PROD-3702,2025-10-20,8.0,1157.71,52.36,27.0,Sin Información,Barranquilla,App,False,False,True
TRX-18965,PROD-3103,2026-01-16,2.0,1517.68,25.93,13.0,Perdido,Medellín,App,False,False,False
TRX-18966,PROD-3429,2024-09-23,5.0,1483.81,11.21,22.0,Sin Información,Sin Ciudad,WhatsApp,False,False,False
TRX-18967,PROD-1242,2025-01-16,9.0,1707.83,78.62,2.0,Perdido,Sin Ciudad,Online,False,False,False
TRX-18968,PROD-2921,2026-02-03,1.0,759.86,25.8,10.0,Devuelto,Barranquilla,WhatsApp,False,True,False
TRX-18969,PROD-1487,2025-11-15,1.0,696.68,89.46,14.0,Perdido,Sin Ciudad,Online,False,False,False
TRX-18970,PROD-2036,2025-04-12,10.0,1663.72,17.33,17.0,Retrasado,Medellín,Online,False,False,False
TRX-18971,PROD-1177,2025-02-09,8.0,482.83,63.55,19.0,Sin Información,Bogotá,App,False,False,False
TRX-18972,PROD-1271,2025-02-15,2.0,927.73,70.76,12.0,Sin Información,Bucaramanga,App,False,False,False
TRX-18973,PROD-2235,2025-12-28,9.0,396.71,67.48,17.0,Sin Información,Bogotá,Físico,False,False,False
TRX-18974,PROD-3734,2025-06-15,10.0,1828.54,35.02,6.0,Devuelto,Medellín,WhatsApp,False,False,True
TRX-18975,PROD-1042,2025-04-12,9.0,821.53,88.17,4.0,Sin Información,Bogotá,Físico,False,False,False
TRX-18976,PROD-1395,2025-10-29,4.0,432.85,52.36,2.0,Entregado,Cali,Online,False,False,False
TRX-18977,PROD-1507,2025-02-21,2.0,1387.11,78.13,29.0,Sin Información,Medellín,WhatsApp,False,False,False
TRX-18978,PROD-3464,2025-10-12,3.0,496.84,53.47,15.0,Retrasado,Bogotá,WhatsApp,False,False,False
TRX-18979,PROD-1841,2025-05-02,10.0,1887.57,62.31,28.0,En Camino,Bucaramanga,Físico,False,False,False
TRX-18980,PROD-3406,2024-12-10,1.0,741.56,58.81,23.0,Entregado,Medellín,WhatsApp,False,False,False
TRX-18981,PROD-1819,2025-04-10,3.0,1332.64,94.94,23.0,Sin Información,Medellín,App,False,False,False
TRX-18982,PROD-1756,2025-05-30,5.0,697.04,90.16,24.0,Sin Información,Bogotá,App,False,False,False
TRX-18983,PROD-3746,2024-12-30,3.0,1616.42,27.37,16.0,Sin Información,Sin Ciudad,App,False,False,True
TRX-18984,PROD-2439,2026-01-01,3.0,1794.88,29.96,12.0,Perdido,Barranquilla,Online,False,False,False
TRX-18985,PROD-1119,2026-01-24,10.0,1577.96,98.24,28.0,Entregado,Bucaramanga,Físico,False,False,False
TRX-18986,PROD-1371,2025-10-27,6.0,1698.51,27.47,7.0,Perdido,Bogotá,App,False,False,False
TRX-18987,PROD-1596,2025-04-23,3.0,212.74,95.58,13.0,Retrasado,Cali,Online,False,False,False
TRX-18988,PROD-2136,2025-02-12,3.0,1848.89,52.36,1.0,Sin Información,Bucaramanga,Online,False,False,False
TRX-18989,PROD-3374,2025-03-31,9.0,1252.36,66.73,19.0,Retrasado,Barranquilla,Físico,False,False,False
TRX-18990,PROD-2424,2025-10-16,2.0,1739.74,9.76,13.0,Retrasado,Medellín,App,False,False,False
TRX-18991,PROD-2442,2025-07-20,1.0,1372.03,36.89,1.0,Sin Información,Bucaramanga,WhatsApp,False,False,False
TRX-18992,PROD-1657,2025-10-01,10.0,411.68,50.23,2.0,Devuelto,Medellín,Online,False,False,False
TRX-18993,PROD-3050,2024-11-13,8.0,1223.01,84.14,1.0,Perdido,Sin Ciudad,WhatsApp,False,False,False
TRX-18994,PROD-3984,2025-12-21,13.0,190.98,36.22,12.0,Entregado,Sin Ciudad,Online,False,False,True
TRX-18995,PROD-3510,2025-01-12,14.0,1394.49,34.5,25.0,Sin Información,Medellín,App,False,False,True
TRX-18996,PROD-1990,2025-02-04,3.0,823.91,92.43,23.0,Entregado,Barranquilla,Online,False,False,False
TRX-18997,PROD-3068,2025-11-07,7.0,311.95,12.51,25.0,Entregado,Medellín,Online,False,False,False
TRX-18998,PROD-3335,2026-01-08,2.0,1958.67,57.39,24.0,Devuelto,Barranquilla,Físico,False,False,False
TRX-18999,PROD-1279,2026-01-05,11.0,1803.16,52.9,10.0,Devuelto,Medellín,Físico,False,False,False
TRX-19000,PROD-1405,2025-01-12,7.0,1788.15,52.36,15.0,Perdido,Cali,WhatsApp,True,False,False
TRX-19001,PROD-3368,2024-10-05,11.0,1579.75,10.45,2.0,Devuelto,Bogotá,Físico,False,False,False
TRX-19002,PROD-1057,2025-06-22,12.0,1387.04,13.34,1.0,Sin Información,Medellín,Físico,False,False,False
TRX-19003,PROD-3166,2025-05-13,8.0,1313.61,41.29,5.0,Retrasado,Bucaramanga,WhatsApp,False,False,False
TRX-19004,PROD-1888,2024-11-05,9.0,221.13,17.75,23.0,Entregado,Cali,WhatsApp,False,False,False
TRX-19005,PROD-3931,2025-10-24,8.0,1802.13,50.42,2.0,Retrasado,Bogotá,Físico,False,False,True
TRX-19006,PROD-1784,2026-01-09,8.0,1763.45,62.84,4.0,Devuelto,Bucaramanga,App,False,False,False
TRX-19007,PROD-2154,2024-12-04,8.0,1498.23,70.68,23.0,Entregado,Medellín,Online,False,False,False
TRX-19008,PROD-1703,2025-06-10,14.0,1855.36,56.91,29.0,En Camino,Sin Ciudad,App,False,False,False
TRX-19009,PROD-3200,2025-05-11,7.0,1110.64,41.07,14.0,Retrasado,Sin Ciudad,App,False,False,False
TRX-19010,PROD-1017,2024-10-25,2.0,900.81,17.33,9.0,En Camino,Bucaramanga,Físico,False,False,False
TRX-19011,PROD-3971,2025-10-15,8.0,1936.22,28.51,6.0,Perdido,Bogotá,App,False,False,True
TRX-19012,PROD-1404,2026-01-11,5.0,933.62,52.36,23.0,Sin Información,Barranquilla,Online,False,False,False
TRX-19013,PROD-1876,2025-11-06,6.0,1286.24,44.85,24.0,Retrasado,Bogotá,App,False,False,False
TRX-19014,PROD-3065,2024-11-29,4.0,752.39,92.79,12.0,Entregado,Bucaramanga,WhatsApp,False,False,False
TRX-19015,PROD-3898,2024-10-08,1.0,1276.29,24.25,12.0,Entregado,Bogotá,App,False,False,True
TRX-19016,PROD-2944,2026-01-20,13.0,1443.0,44.27,24.0,Sin Información,Bucaramanga,Físico,False,False,False
TRX-19017,PROD-2501,2025-02-19,5.0,1253.06,74.57,29.0,En Camino,Bucaramanga,App,False,False,False
TRX-19018,PROD-3859,2025-07-11,3.0,1033.98,71.99,9.0,Entregado,Cali,App,False,False,True
TRX-19019,PROD-3414,2025-01-02,9.0,607.22,96.73,28.0,Sin Información,Bogotá,WhatsApp,False,False,False
TRX-19020,PROD-1758,2025-03-27,4.0,1291.25,23.14,15.0,Retrasado,Barranquilla,Físico,False,False,False
TRX-19021,PROD-2800,2025-12-05,10.0,1817.77,6.57,10.0,Devuelto,Medellín,Online,False,False,False
TRX-19022,PROD-3758,2025-11-15,2.0,23.76,35.62,2.0,Devuelto,Cali,Físico,False,False,True
TRX-19023,PROD-1439,2024-10-17,4.0,276.52,19.22,29.0,Sin Información,Bogotá,Físico,False,False,False
TRX-19024,PROD-1740,2024-12-03,3.0,248.35,52.36,23.0,Entregado,Sin Ciudad,App,False,False,False
TRX-19025,PROD-2453,2024-12-12,3.0,1847.18,57.1,18.0,Perdido,Sin Ciudad,Físico,False,False,False
TRX-19026,PROD-2554,2024-11-22,5.0,1328.87,90.38,7.0,Retrasado,Cali,Físico,False,False,False
TRX-19027,PROD-2737,2024-10-10,1.0,1904.06,70.38,27.0,Perdido,Cali,Online,False,False,False
TRX-19028,PROD-1877,2025-05-22,5.0,1169.8,17.9,9.0,En Camino,Barranquilla,App,False,False,False
TRX-19029,PROD-3106,2024-11-19,8.0,928.85,16.03,20.0,Sin Información,Barranquilla,Online,False,False,False
TRX-19030,PROD-1932,2025-08-20,10.0,1586.76,91.59,28.0,Entregado,Medellín,Online,False,False,False
TRX-19031,PROD-2669,2025-10-04,12.0,330.28,51.32,21.0,Sin Información,Cali,Físico,False,False,False
TRX-19032,PROD-1462,2024-11-18,9.0,768.86,92.75,21.0,En Camino,Cali,Online,False,False,False
TRX-19033,PROD-2287,2024-12-28,12.0,937.89,74.94,28.0,Perdido,Medellín,WhatsApp,False,False,False
TRX-19034,PROD-1506,2025-04-25,1.0,603.93,99.37,18.0,Retrasado,Medellín,Online,False,False,False
TRX-19035,PROD-2908,2025-08-07,14.0,748.86,87.77,29.0,Perdido,Barranquilla,Físico,False,False,False
TRX-19036,PROD-1451,2024-10-04,2.0,165.43,52.36,3.0,Devuelto,Sin Ciudad,Físico,False,False,False
TRX-19037,PROD-3128,2024-10-03,2.0,403.99,44.35,13.0,Perdido,Bucaramanga,App,False,False,False
TRX-19038,PROD-1556,2025-10-24,6.0,677.64,77.03,10.0,Perdido,Bogotá,Físico,False,False,False
TRX-19039,PROD-3030,2025-03-04,1.0,1593.82,49.77,17.0,Perdido,Bogotá,Físico,False,False,False
TRX-19040,PROD-2479,2025-07-02,11.0,373.17,27.14,3.0,Perdido,Bogotá,WhatsApp,False,False,False
TRX-19041,PROD-3886,2025-04-27,1.0,699.81,27.9,21.0,Retrasado,Medellín,Físico,False,False,True
TRX-19042,PROD-2180,2025-09-17,2.0,139.19,42.75,9.0,Entregado,Cali,App,False,False,False
TRX-19043,PROD-3282,2025-08-11,12.0,1118.64,15.59,17.0,Retrasado,Bogotá,Online,False,False,False
TRX-19044,PROD-3957,2025-05-21,13.0,1226.39,21.89,16.0,Sin Información,Medellín,Físico,False,False,True
TRX-19045,PROD-1166,2025-09-02,4.0,1732.38,52.56,6.0,En Camino,Barranquilla,App,False,False,False
TRX-19046,PROD-1336,2024-11-06,2.0,1640.04,95.62,28.0,Devuelto,Medellín,Físico,False,False,False
TRX-19047,PROD-2343,2025-12-24,4.0,577.9,59.88,18.0,Entregado,Medellín,Online,False,False,False
TRX-19048,PROD-3022,2024-12-12,3.0,282.54,52.36,28.0,Sin Información,Sin Ciudad,Online,False,False,False
TRX-19049,PROD-1473,2025-06-04,3.0,320.61,43.81,6.0,Sin Información,Medellín,Físico,False,False,False
TRX-19050,PROD-2576,2024-11-28,9.0,1938.24,28.06,26.0,Devuelto,Bogotá,Físico,False,False,False
TRX-19051,PROD-2161,2026-01-28,8.0,1349.72,23.61,6.0,Devuelto,Bucaramanga,App,False,False,False
TRX-19052,PROD-2871,2025-11-02,12.0,94.72,67.55,17.0,Entregado,Bucaramanga,Online,False,False,False
TRX-19053,PROD-3459,2025-01-02,12.0,282.19,85.59,21.0,Sin Información,Bogotá,Físico,False,False,False
TRX-19054,PROD-2277,2025-12-28,10.0,976.74,42.89,10.0,Sin Información,Bucaramanga,Físico,False,False,False
TRX-19055,PROD-3814,2024-12-22,9.0,423.58,57.31,2.0,Entregado,Bucaramanga,Físico,False,False,True
TRX-19056,PROD-2818,2024-11-03,1.0,1609.28,72.14,1.0,Sin Información,Medellín,Físico,False,False,False
TRX-19057,PROD-1925,2025-06-25,12.0,1150.7,10.54,11.0,En Camino,Medellín,App,False,False,False
TRX-19058,PROD-3268,2025-07-23,5.0,1229.14,38.34,25.0,Retrasado,Bogotá,WhatsApp,False,False,False
TRX-19059,PROD-2668,2025-06-23,12.0,931.02,74.33,6.0,Entregado,Bogotá,App,False,False,False
TRX-19060,PROD-2190,2025-10-11,12.0,519.56,52.36,1.0,Sin Información,Bogotá,Online,False,False,False
TRX-19061,PROD-2752,2024-12-08,4.0,1182.91,70.04,16.0,En Camino,Barranquilla,Online,False,False,False
TRX-19062,PROD-1773,2025-05-14,11.0,1436.77,10.07,26.0,Perdido,Medellín,WhatsApp,False,False,False
TRX-19063,PROD-1285,2025-12-20,14.0,748.19,27.59,9.0,Entregado,Bogotá,App,False,False,False
TRX-19064,PROD-2948,2025-04-12,9.0,1014.84,69.6,12.0,Retrasado,Barranquilla,WhatsApp,False,False,False
TRX-19065,PROD-3781,2026-01-20,14.0,1680.97,30.78,9.0,Perdido,Barranquilla,WhatsApp,False,False,True
TRX-19066,PROD-2505,2025-05-01,3.0,305.88,82.37,13.0,Perdido,Medellín,Online,False,False,False
TRX-19067,PROD-1734,2025-06-11,5.0,1095.0,7.8,7.0,Perdido,Cali,App,False,False,False
TRX-19068,PROD-1052,2024-10-31,8.0,703.34,23.08,25.0,Perdido,Medellín,Físico,False,False,False
TRX-19069,PROD-3761,2024-10-03,10.0,1408.56,31.72,1.0,Devuelto,Bucaramanga,Físico,False,False,True
TRX-19070,PROD-3013,2025-01-12,5.0,47.43,92.9,29.0,Retrasado,Bogotá,WhatsApp,False,False,False
TRX-19071,PROD-3752,2025-11-05,9.0,1344.24,80.65,3.0,En Camino,Barranquilla,App,False,False,True
TRX-19072,PROD-1430,2025-01-08,2.0,214.77,52.36,24.0,Entregado,Bogotá,Físico,False,False,False
TRX-19073,PROD-2623,2026-01-27,6.0,138.89,88.99,3.0,En Camino,Bogotá,Físico,False,False,False
TRX-19074,PROD-2794,2024-12-25,5.0,1452.0,46.85,24.0,Devuelto,Bucaramanga,App,False,False,False
TRX-19075,PROD-3140,2025-07-30,9.0,1284.28,83.14,19.0,Perdido,Barranquilla,Físico,False,False,False
TRX-19076,PROD-3697,2024-12-15,7.0,1790.92,86.08,4.0,Sin Información,Barranquilla,Online,False,False,True
TRX-19077,PROD-3771,2024-11-19,8.0,1044.11,43.0,29.0,Entregado,Bogotá,Físico,False,False,True
TRX-19078,PROD-1348,2025-07-12,7.0,1064.75,99.47,28.0,Retrasado,Bogotá,Online,False,False,False
TRX-19079,PROD-1488,2024-10-08,13.0,1416.97,85.87,12.0,Entregado,Bogotá,WhatsApp,False,False,False
TRX-19080,PROD-1587,2026-01-14,10.0,653.56,97.54,4.0,Entregado,Medellín,App,False,False,False
TRX-19081,PROD-2617,2026-01-12,10.0,83.46,87.32,21.0,En Camino,Medellín,Online,False,False,False
TRX-19082,PROD-2640,2025-08-14,5.0,467.79,78.74,10.0,Sin Información,Cali,Físico,False,False,False
TRX-19083,PROD-3846,2024-12-24,11.0,483.65,94.67,26.0,Perdido,Bogotá,Online,False,False,True
TRX-19084,PROD-3418,2026-01-15,13.0,677.96,52.36,27.0,Retrasado,Medellín,Físico,False,False,False
TRX-19085,PROD-1416,2025-12-23,14.0,1887.49,44.88,4.0,Entregado,Bogotá,Físico,False,False,False
TRX-19086,PROD-1691,2025-03-06,5.0,1611.64,79.42,23.0,Devuelto,Medellín,Online,False,False,False
TRX-19087,PROD-1265,2025-12-03,13.0,1872.55,25.22,11.0,Devuelto,Bucaramanga,Físico,False,False,False
TRX-19088,PROD-2489,2025-04-25,11.0,1997.23,74.62,4.0,Sin Información,Cali,Online,False,False,False
TRX-19089,PROD-1815,2025-02-13,4.0,873.22,79.61,11.0,Perdido,Medellín,WhatsApp,False,False,False
TRX-19090,PROD-2387,2025-06-23,2.0,461.88,73.07,17.0,Sin Información,Medellín,WhatsApp,False,False,False
TRX-19091,PROD-1820,2025-10-30,14.0,1124.41,85.73,21.0,Entregado,Cali,WhatsApp,False,False,False
TRX-19092,PROD-3436,2025-11-24,9.0,1763.46,44.27,28.0,Perdido,Medellín,WhatsApp,False,False,False
TRX-19093,PROD-2655,2025-10-13,10.0,936.81,56.75,24.0,Entregado,Medellín,Físico,False,False,False
TRX-19094,PROD-1502,2025-12-08,10.0,1015.74,6.01,22.0,Retrasado,Medellín,App,False,False,False
TRX-19095,PROD-1953,2025-02-07,12.0,277.53,18.88,20.0,Devuelto,Barranquilla,App,False,False,False
TRX-19096,PROD-2739,2025-04-14,10.0,846.71,52.36,20.0,Sin Información,Bucaramanga,Online,False,False,False
TRX-19097,PROD-3970,2025-07-21,10.0,780.12,66.2,13.0,En Camino,Cali,WhatsApp,False,False,True
TRX-19098,PROD-3044,2025-04-20,3.0,709.86,58.42,17.0,Sin Información,Cali,WhatsApp,False,False,False
TRX-19099,PROD-2140,2024-10-11,11.0,1775.72,23.75,26.0,Perdido,Bogotá,Online,False,False,False
TRX-19100,PROD-3922,2025-07-13,7.0,128.01,28.13,13.0,Retrasado,Sin Ciudad,App,False,False,True
TRX-19101,PROD-3383,2025-07-12,11.0,1944.57,37.69,17.0,Devuelto,Bucaramanga,App,False,False,False
TRX-19102,PROD-3431,2026-01-10,3.0,26.41,73.06,19.0,Retrasado,Medellín,WhatsApp,False,False,False
TRX-19103,PROD-2118,2025-09-25,3.0,1891.73,62.92,20.0,Sin Información,Bucaramanga,WhatsApp,False,False,False
TRX-19104,PROD-3637,2025-12-28,8.0,1100.61,11.61,15.0,Sin Información,Bogotá,App,False,False,True
TRX-19105,PROD-2639,2025-07-20,6.0,1407.87,77.19,4.0,En Camino,Cali,WhatsApp,False,False,False
TRX-19106,PROD-2458,2025-09-30,1.0,382.39,29.95,18.0,Entregado,Sin Ciudad,WhatsApp,False,False,False
TRX-19107,PROD-2948,2025-03-03,12.0,1311.88,68.82,11.0,Entregado,Bogotá,WhatsApp,False,False,False
TRX-19108,PROD-3730,2025-01-30,13.0,1765.1,52.36,9.0,Retrasado,Barranquilla,App,False,False,True
TRX-19109,PROD-3470,2024-11-05,14.0,287.57,16.72,16.0,Retrasado,Bogotá,WhatsApp,False,False,False
TRX-19110,PROD-2656,2025-09-10,3.0,262.89,99.8,24.0,Perdido,Bucaramanga,WhatsApp,False,False,False
TRX-19111,PROD-2984,2024-12-14,4.0,614.92,12.63,3.0,Retrasado,Bucaramanga,WhatsApp,False,False,False
TRX-19112,PROD-3094,2025-10-07,13.0,331.83,75.46,27.0,Entregado,Bogotá,Físico,False,False,False
TRX-19113,PROD-2142,2025-01-24,2.0,230.19,56.43,18.0,Sin Información,Bogotá,Online,False,False,False
TRX-19114,PROD-1603,2024-10-19,6.0,1359.85,13.16,17.0,Retrasado,Medellín,Online,False,False,False
TRX-19115,PROD-2862,2025-07-23,10.0,435.51,7.55,10.0,Devuelto,Bogotá,WhatsApp,False,False,False
TRX-19116,PROD-1442,2025-09-07,12.0,1337.36,39.45,25.0,Devuelto,Medellín,App,False,False,False
TRX-19117,PROD-1500,2024-09-29,1.0,1725.24,81.21,5.0,Entregado,Medellín,Online,False,False,False
TRX-19118,PROD-2026,2025-11-07,1.0,1307.53,8.91,24.0,Retrasado,Barranquilla,WhatsApp,False,False,False
TRX-19119,PROD-3004,2025-08-29,8.0,247.54,71.92,29.0,Sin Información,Barranquilla,WhatsApp,False,False,False
TRX-19120,PROD-3036,2025-04-09,4.0,1151.42,52.36,15.0,Retrasado,Bogotá,Online,False,False,False
TRX-19121,PROD-1945,2025-01-12,1.0,793.32,67.26,20.0,Retrasado,Sin Ciudad,Físico,False,False,False
TRX-19122,PROD-3573,2024-12-20,7.0,693.31,30.23,18.0,Devuelto,Bucaramanga,Físico,False,False,True
TRX-19123,PROD-1551,2025-01-28,9.0,643.88,12.36,5.0,Entregado,Barranquilla,Online,False,False,False
TRX-19124,PROD-1121,2025-05-10,10.0,1859.57,91.96,24.0,Perdido,Bogotá,WhatsApp,False,False,False
TRX-19125,PROD-1407,2024-10-10,7.0,1487.59,33.53,15.0,Sin Información,Barranquilla,Físico,False,False,False
TRX-19126,PROD-1216,2025-07-08,1.0,276.36,15.58,6.0,Devuelto,Bucaramanga,App,False,False,False
TRX-19127,PROD-1279,2025-03-02,1.0,957.25,69.74,8.0,Entregado,Cali,Online,False,False,False
TRX-19128,PROD-3040,2025-09-09,12.0,643.26,25.58,27.0,Entregado,Sin Ciudad,Físico,False,False,False
TRX-19129,PROD-3777,2025-10-05,1.0,1956.1,50.18,3.0,Perdido,Medellín,Físico,False,False,True
TRX-19130,PROD-1109,2025-06-30,8.0,1956.28,9.79,5.0,En Camino,Barranquilla,Online,False,False,False
TRX-19131,PROD-1733,2025-10-25,7.0,645.87,99.33,18.0,Perdido,Cali,WhatsApp,False,False,False
TRX-19132,PROD-2567,2025-11-18,14.0,710.71,52.36,28.0,Perdido,Sin Ciudad,Online,False,False,False
TRX-19133,PROD-3476,2025-03-07,3.0,1202.83,47.52,15.0,Entregado,Bucaramanga,App,False,False,False
TRX-19134,PROD-3782,2025-06-09,3.0,963.82,99.92,27.0,En Camino,Bogotá,WhatsApp,False,False,True
TRX-19135,PROD-2339,2025-09-21,12.0,434.07,41.64,12.0,En Camino,Cali,Físico,False,False,False
TRX-19136,PROD-1625,2025-03-31,3.0,1324.22,38.05,19.0,Retrasado,Cali,WhatsApp,False,False,False
TRX-19137,PROD-2240,2025-08-26,2.0,674.92,91.88,7.0,Perdido,Cali,Online,False,False,False
TRX-19138,PROD-3547,2025-06-15,14.0,1310.9,36.3,1.0,Perdido,Medellín,WhatsApp,False,False,True
TRX-19139,PROD-3552,2025-07-10,14.0,773.53,46.04,24.0,En Camino,Bogotá,Físico,False,False,True
TRX-19140,PROD-1394,2025-09-12,4.0,1403.42,12.42,21.0,En Camino,Barranquilla,Físico,False,False,False
TRX-19141,PROD-1313,2025-09-17,7.0,1338.92,95.77,2.0,Sin Información,Sin Ciudad,Físico,False,False,False
TRX-19142,PROD-3707,2025-06-28,9.0,1022.54,13.09,19.0,En Camino,Cali,Físico,False,False,True
TRX-19143,PROD-3129,2025-04-27,3.0,1412.43,78.26,13.0,Entregado,Bucaramanga,Online,False,False,False
TRX-19144,PROD-3016,2025-08-09,10.0,927.32,52.36,20.0,Entregado,Medellín,Online,False,False,False
TRX-19145,PROD-2908,2025-08-26,7.0,241.12,56.17,18.0,Entregado,Medellín,App,False,False,False
TRX-19146,PROD-1827,2025-04-17,12.0,372.39,10.83,10.0,Sin Información,Medellín,Online,False,False,False
TRX-19147,PROD-2202,2025-02-22,4.0,499.53,5.16,13.0,Perdido,Bogotá,Físico,False,False,False
TRX-19148,PROD-3711,2026-01-15,1.0,135.83,93.88,5.0,Sin Información,Sin Ciudad,App,False,False,True
TRX-19149,PROD-3039,2025-03-22,5.0,1425.65,75.51,23.0,Sin Información,Sin Ciudad,WhatsApp,False,False,False
TRX-19150,PROD-3008,2025-04-22,8.0,741.11,70.21,13.0,En Camino,Bogotá,Online,False,False,False
TRX-19151,PROD-3067,2025-06-22,3.0,196.11,46.66,9.0,Entregado,Medellín,Online,False,False,False
TRX-19152,PROD-2071,2025-12-07,10.0,1641.72,27.67,1.0,Retrasado,Medellín,App,False,False,False
TRX-19153,PROD-3221,2025-04-13,4.0,1370.47,69.59,26.0,En Camino,Bogotá,Online,False,False,False
TRX-19154,PROD-2407,2025-04-15,3.0,909.93,62.79,29.0,Sin Información,Barranquilla,Online,False,False,False
TRX-19155,PROD-3214,2026-01-08,10.0,502.38,74.0,22.0,En Camino,Medellín,Online,False,False,False
TRX-19156,PROD-3238,2025-10-31,14.0,311.97,52.36,6.0,Sin Información,Bogotá,Físico,False,False,False
TRX-19157,PROD-1072,2025-10-11,14.0,922.16,39.75,1.0,En Camino,Bucaramanga,App,False,False,False
TRX-19158,PROD-1129,2025-02-22,8.0,1771.64,98.76,18.0,Entregado,Bucaramanga,App,False,False,False
TRX-19159,PROD-2762,2025-03-11,10.0,384.91,11.37,27.0,Devuelto,Bogotá,Físico,False,False,False
TRX-19160,PROD-1487,2025-11-25,8.0,1141.63,12.57,16.0,Retrasado,Barranquilla,App,False,False,False
TRX-19161,PROD-2571,2025-05-21,14.0,1923.76,92.1,8.0,Retrasado,Bucaramanga,WhatsApp,False,False,False
TRX-19162,PROD-2843,2025-07-06,4.0,1277.86,66.53,6.0,Devuelto,Medellín,Online,False,False,False
TRX-19163,PROD-2288,2025-05-25,11.0,885.53,36.0,13.0,Retrasado,Bogotá,Físico,False,False,False
TRX-19164,PROD-2541,2025-08-09,2.0,1435.58,77.39,17.0,Entregado,Bogotá,WhatsApp,False,False,False
TRX-19165,PROD-2812,2025-12-02,12.0,1650.91,48.01,26.0,En Camino,Barranquilla,Físico,False,False,False
TRX-19166,PROD-2882,2024-12-11,3.0,1185.13,7.01,13.0,Devuelto,Bogotá,Físico,False,False,False
TRX-19167,PROD-1147,2026-01-31,3.0,1744.95,66.85,10.0,En Camino,Bucaramanga,App,False,False,False
TRX-19168,PROD-1134,2024-12-23,4.0,1034.04,52.36,27.0,Sin Información,Bogotá,WhatsApp,False,False,False
TRX-19169,PROD-1724,2025-02-18,11.0,1661.76,28.1,6.0,Retrasado,Bucaramanga,WhatsApp,False,False,False
TRX-19170,PROD-3280,2024-10-22,13.0,1904.52,15.96,26.0,Perdido,Cali,Físico,False,False,False
TRX-19171,PROD-3700,2025-01-23,2.0,1007.47,26.4,23.0,Retrasado,Medellín,Físico,False,False,True
TRX-19172,PROD-2241,2025-10-14,2.0,1213.95,50.23,18.0,Retrasado,Bucaramanga,WhatsApp,False,False,False
TRX-19173,PROD-3892,2026-01-17,3.0,1222.84,9.74,27.0,Devuelto,Sin Ciudad,Físico,False,False,True
TRX-19174,PROD-1672,2025-08-14,12.0,1565.06,88.9,20.0,En Camino,Medellín,App,False,False,False
TRX-19175,PROD-3013,2025-11-23,1.0,1647.7,58.19,23.0,Devuelto,Medellín,App,False,False,False
TRX-19176,PROD-2764,2024-10-21,8.0,64.19,32.83,13.0,Entregado,Cali,App,False,False,False
TRX-19177,PROD-1550,2025-06-08,6.0,1469.39,70.27,27.0,En Camino,Bogotá,Físico,False,False,False
TRX-19178,PROD-2279,2025-03-27,3.0,1569.79,81.4,15.0,Entregado,Sin Ciudad,Online,False,False,False
TRX-19179,PROD-3931,2025-11-13,1.0,1403.85,63.32,6.0,Entregado,Bogotá,WhatsApp,False,False,True
TRX-19180,PROD-2593,2024-12-06,3.0,1430.25,52.36,11.0,Devuelto,Medellín,App,False,False,False
TRX-19181,PROD-2996,2024-11-06,1.0,92.39,24.24,8.0,Retrasado,Medellín,Online,False,False,False
TRX-19182,PROD-1448,2024-11-30,3.0,889.66,15.48,14.0,Sin Información,Medellín,Online,False,False,False
TRX-19183,PROD-3330,2026-02-02,4.0,1638.18,86.69,13.0,Perdido,Barranquilla,App,False,True,False
TRX-19184,PROD-3764,2025-11-12,6.0,1868.67,27.3,22.0,Sin Información,Cali,App,False,False,True
TRX-19185,PROD-3009,2025-09-24,7.0,466.64,6.91,2.0,Retrasado,Medellín,Online,False,False,False
TRX-19186,PROD-3703,2025-04-20,7.0,1162.6,66.08,1.0,Retrasado,Barranquilla,App,False,False,True
TRX-19187,PROD-3268,2025-05-19,9.0,1610.62,19.52,5.0,En Camino,Cali,Online,False,False,False
TRX-19188,PROD-3807,2025-08-28,8.0,1507.29,99.14,11.0,Devuelto,Sin Ciudad,Online,False,False,True
TRX-19189,PROD-3209,2025-07-27,13.0,1241.59,87.62,10.0,En Camino,Sin Ciudad,Físico,False,False,False
TRX-19190,PROD-3343,2025-04-02,4.0,47.2,62.8,12.0,Perdido,Cali,Online,False,False,False
TRX-19191,PROD-2924,2025-09-29,6.0,1450.53,84.22,10.0,Devuelto,Medellín,Físico,False,False,False
TRX-19192,PROD-2949,2025-01-03,11.0,1548.75,52.36,9.0,Sin Información,Bucaramanga,Físico,False,False,False
TRX-19193,PROD-3302,2025-05-21,1.0,1448.47,49.7,2.0,Sin Información,Barranquilla,App,False,False,False
TRX-19194,PROD-1640,2025-06-02,8.0,1533.96,79.91,23.0,Sin Información,Barranquilla,WhatsApp,False,False,False
TRX-19195,PROD-3075,2025-11-20,6.0,867.52,66.42,25.0,Retrasado,Medellín,App,False,False,False
TRX-19196,PROD-1228,2025-04-30,2.0,1987.57,7.72,4.0,Entregado,Medellín,WhatsApp,False,False,False
TRX-19197,PROD-2603,2025-10-24,8.0,1543.87,95.13,4.0,Retrasado,Bucaramanga,Online,False,False,False
TRX-19198,PROD-2078,2026-01-09,4.0,1161.57,86.79,26.0,Retrasado,Sin Ciudad,App,False,False,False
TRX-19199,PROD-3026,2025-08-24,9.0,1869.04,95.57,21.0,Devuelto,Medellín,App,False,False,False
TRX-19200,PROD-3420,2025-04-27,7.0,1817.31,74.48,15.0,Retrasado,Medellín,App,True,False,False
TRX-19201,PROD-2547,2025-04-12,4.0,1630.99,44.15,29.0,Perdido,Medellín,App,False,False,False
TRX-19202,PROD-3526,2024-10-21,1.0,1131.75,24.66,29.0,Retrasado,Cali,Online,False,False,True
TRX-19203,PROD-3770,2026-01-29,7.0,1058.93,22.1,6.0,Entregado,Cali,WhatsApp,False,False,True
TRX-19204,PROD-2444,2025-12-13,10.0,664.13,52.36,12.0,Devuelto,Bogotá,WhatsApp,False,False,False
TRX-19205,PROD-2165,2026-01-21,5.0,509.25,18.77,7.0,Sin Información,Medellín,Físico,False,False,False
TRX-19206,PROD-2312,2025-04-22,10.0,1029.6,25.96,25.0,Perdido,Bucaramanga,Físico,False,False,False
TRX-19207,PROD-1251,2025-02-23,11.0,1159.79,57.31,22.0,Sin Información,Cali,Físico,False,False,False
TRX-19208,PROD-1115,2026-01-15,12.0,496.61,69.96,19.0,Devuelto,Barranquilla,App,False,False,False
TRX-19209,PROD-3418,2025-05-11,5.0,1845.98,34.84,2.0,Entregado,Barranquilla,WhatsApp,False,False,False
TRX-19210,PROD-1184,2025-01-02,4.0,1118.98,57.13,22.0,En Camino,Barranquilla,App,False,False,False
TRX-19211,PROD-1525,2025-08-03,6.0,1057.75,37.42,25.0,Perdido,Medellín,WhatsApp,False,False,False
TRX-19212,PROD-2500,2025-03-18,1.0,876.92,71.17,19.0,Entregado,Cali,Online,False,False,False
TRX-19213,PROD-2428,2025-03-22,3.0,125.56,98.91,4.0,Sin Información,Medellín,WhatsApp,False,False,False
TRX-19214,PROD-3391,2026-01-07,11.0,1765.98,70.46,3.0,En Camino,Cali,Físico,False,False,False
TRX-19215,PROD-1110,2025-11-11,12.0,640.82,10.61,23.0,Sin Información,Barranquilla,Online,False,False,False
TRX-19216,PROD-3560,2025-05-12,7.0,1288.5,52.36,4.0,Entregado,Barranquilla,WhatsApp,False,False,True
TRX-19217,PROD-2397,2024-10-04,11.0,1218.79,50.34,28.0,En Camino,Bucaramanga,Físico,False,False,False
TRX-19218,PROD-2558,2025-03-27,8.0,1173.13,78.19,14.0,En Camino,Cali,Online,False,False,False
TRX-19219,PROD-1398,2025-05-29,12.0,1056.17,56.51,6.0,Devuelto,Sin Ciudad,Online,False,False,False
TRX-19220,PROD-2753,2025-11-16,9.0,371.07,95.35,6.0,Retrasado,Bogotá,Online,False,False,False
TRX-19221,PROD-2413,2025-06-15,1.0,568.41,10.2,9.0,Retrasado,Bogotá,Físico,False,False,False
TRX-19222,PROD-2463,2025-10-17,4.0,1053.13,32.66,5.0,Entregado,Bogotá,App,False,False,False
TRX-19223,PROD-2687,2025-02-04,2.0,1580.79,25.97,7.0,En Camino,Bogotá,Físico,False,False,False
TRX-19224,PROD-2438,2025-05-25,2.0,869.66,77.92,13.0,Retrasado,Medellín,WhatsApp,False,False,False
TRX-19225,PROD-1231,2024-10-23,1.0,415.81,54.76,1.0,Entregado,Barranquilla,App,False,False,False
TRX-19226,PROD-3708,2025-09-04,5.0,185.01,18.14,24.0,Entregado,Bucaramanga,Online,False,False,True
TRX-19227,PROD-2000,2025-12-22,2.0,1329.39,32.13,2.0,Perdido,Bogotá,Físico,False,False,False
TRX-19228,PROD-2014,2025-06-08,4.0,852.45,52.36,20.0,Devuelto,Bucaramanga,App,False,False,False
TRX-19229,PROD-1961,2025-01-04,9.0,259.49,54.65,10.0,Devuelto,Barranquilla,Físico,False,False,False
TRX-19230,PROD-3654,2025-11-27,11.0,1352.19,99.63,23.0,Sin Información,Cali,Físico,False,False,True
TRX-19231,PROD-2278,2025-10-09,3.0,423.08,39.61,28.0,En Camino,Bucaramanga,WhatsApp,False,False,False
TRX-19232,PROD-3427,2026-01-04,8.0,1022.94,19.9,6.0,Retrasado,Cali,Físico,False,False,False
TRX-19233,PROD-1347,2024-09-23,10.0,619.31,52.22,4.0,En Camino,Bogotá,Online,False,False,False
TRX-19234,PROD-3818,2025-11-25,13.0,1864.06,34.47,8.0,Retrasado,Bucaramanga,App,False,False,True
TRX-19235,PROD-1268,2025-12-04,6.0,464.29,58.77,14.0,Retrasado,Bogotá,Online,False,False,False
TRX-19236,PROD-2248,2025-11-30,10.0,845.64,49.34,29.0,Retrasado,Medellín,WhatsApp,False,False,False
TRX-19237,PROD-1468,2025-04-17,5.0,1919.39,70.5,16.0,Sin Información,Sin Ciudad,WhatsApp,False,False,False
TRX-19238,PROD-2382,2025-02-04,2.0,644.26,91.86,15.0,Retrasado,Cali,WhatsApp,False,False,False
TRX-19239,PROD-1695,2025-12-13,11.0,1292.74,24.05,13.0,Retrasado,Bucaramanga,WhatsApp,False,False,False
TRX-19240,PROD-1080,2025-06-20,13.0,640.29,52.36,12.0,Perdido,Barranquilla,App,False,False,False
TRX-19241,PROD-3205,2024-12-20,3.0,230.24,83.01,7.0,Perdido,Bogotá,WhatsApp,False,False,False
TRX-19242,PROD-2335,2025-04-05,8.0,1258.82,95.18,15.0,Retrasado,Bogotá,Online,False,False,False
TRX-19243,PROD-1153,2025-11-10,12.0,1832.9,40.49,6.0,Sin Información,Barranquilla,Físico,False,False,False
TRX-19244,PROD-2887,2025-01-22,12.0,910.6,15.8,21.0,Entregado,Cali,Online,False,False,False
TRX-19245,PROD-3694,2025-12-28,9.0,1256.09,83.08,21.0,Entregado,Bogotá,Físico,False,False,True
TRX-19246,PROD-2730,2025-01-16,11.0,1221.71,71.6,14.0,Devuelto,Medellín,App,False,False,False
TRX-19247,PROD-3326,2025-04-06,11.0,836.03,25.21,27.0,Retrasado,Barranquilla,App,False,False,False
TRX-19248,PROD-3108,2024-10-28,7.0,1233.64,47.3,15.0,Entregado,Bogotá,WhatsApp,False,False,False
TRX-19249,PROD-2725,2024-11-28,1.0,526.04,59.91,23.0,Devuelto,Barranquilla,Físico,False,False,False
TRX-19250,PROD-2092,2025-02-02,12.0,762.3,21.14,11.0,Entregado,Medellín,Físico,False,False,False
TRX-19251,PROD-1083,2025-06-30,12.0,890.21,72.92,22.0,Devuelto,Sin Ciudad,WhatsApp,False,False,False
TRX-19252,PROD-3850,2026-01-14,13.0,1729.38,52.36,4.0,En Camino,Bogotá,Online,False,False,True
TRX-19253,PROD-2923,2024-10-03,13.0,703.18,70.54,23.0,Entregado,Sin Ciudad,Online,False,False,False
TRX-19254,PROD-3408,2025-12-22,6.0,1273.92,89.28,5.0,Retrasado,Medellín,Online,False,False,False
TRX-19255,PROD-1091,2025-04-28,7.0,434.67,58.89,23.0,Retrasado,Barranquilla,App,False,False,False
TRX-19256,PROD-2296,2025-08-10,12.0,512.61,59.56,23.0,Perdido,Bucaramanga,Físico,False,False,False
TRX-19257,PROD-2547,2025-02-25,6.0,1300.37,63.84,27.0,En Camino,Medellín,App,False,False,False
TRX-19258,PROD-3336,2025-05-20,10.0,1527.0,31.01,2.0,En Camino,Bogotá,Físico,False,False,False
TRX-19259,PROD-2598,2024-11-21,11.0,929.61,77.07,28.0,Entregado,Bogotá,Físico,False,False,False
TRX-19260,PROD-2320,2025-02-07,13.0,676.85,67.94,20.0,Devuelto,Cali,WhatsApp,False,False,False
TRX-19261,PROD-3345,2024-11-11,2.0,1821.44,84.72,15.0,Sin Información,Bucaramanga,App,False,False,False
TRX-19262,PROD-1400,2025-03-08,13.0,280.26,78.02,10.0,Perdido,Cali,Online,False,False,False
TRX-19263,PROD-3000,2025-03-06,9.0,1444.22,65.66,4.0,En Camino,Sin Ciudad,Online,False,False,False
TRX-19264,PROD-1409,2025-08-07,3.0,1383.44,52.36,29.0,En Camino,Bogotá,App,False,False,False
TRX-19265,PROD-3829,2025-03-30,6.0,1383.59,20.28,23.0,Sin Información,Bogotá,WhatsApp,False,False,True
TRX-19266,PROD-3765,2026-01-22,6.0,1871.49,92.32,8.0,Retrasado,Barranquilla,Físico,False,False,True
TRX-19267,PROD-1843,2026-01-04,8.0,1459.1,39.89,11.0,Sin Información,Medellín,App,False,False,False
TRX-19268,PROD-2376,2024-12-23,13.0,610.11,96.61,17.0,Retrasado,Bogotá,Online,False,False,False
TRX-19269,PROD-3034,2025-07-13,4.0,713.28,43.18,7.0,Devuelto,Cali,WhatsApp,False,False,False
TRX-19270,PROD-3059,2025-10-03,6.0,788.31,18.86,11.0,Entregado,Bogotá,Físico,False,False,False
TRX-19271,PROD-3733,2025-07-08,1.0,71.31,89.06,22.0,Devuelto,Medellín,WhatsApp,False,False,True
TRX-19272,PROD-2390,2024-12-06,9.0,1827.89,80.53,10.0,Entregado,Barranquilla,App,False,False,False
TRX-19273,PROD-1682,2024-11-06,12.0,156.37,79.7,1.0,Perdido,Bogotá,Online,False,False,False
TRX-19274,PROD-3518,2025-11-24,9.0,1402.59,13.49,8.0,Sin Información,Medellín,Físico,False,False,True
TRX-19275,PROD-2226,2025-10-12,7.0,1463.02,88.53,5.0,En Camino,Sin Ciudad,WhatsApp,False,False,False
TRX-19276,PROD-2488,2024-11-14,11.0,1688.99,52.36,13.0,Devuelto,Bogotá,App,False,False,False
TRX-19277,PROD-2785,2025-03-16,13.0,1111.19,61.66,7.0,Entregado,Bogotá,App,False,False,False
TRX-19278,PROD-1826,2025-03-02,1.0,1453.28,49.68,24.0,Sin Información,Cali,Online,False,False,False
TRX-19279,PROD-3035,2024-11-28,3.0,612.42,91.75,23.0,Perdido,Cali,App,False,False,False
TRX-19280,PROD-3602,2026-01-09,12.0,1493.71,68.27,11.0,Devuelto,Medellín,WhatsApp,False,False,True
TRX-19281,PROD-1308,2025-10-26,5.0,693.4,17.64,12.0,En Camino,Medellín,App,False,False,False
TRX-19282,PROD-3194,2025-09-18,4.0,1806.65,54.36,14.0,Perdido,Medellín,App,False,False,False
TRX-19283,PROD-1876,2025-06-19,5.0,335.13,65.48,12.0,Retrasado,Bogotá,WhatsApp,False,False,False
TRX-19284,PROD-2177,2025-11-03,7.0,638.36,90.36,26.0,En Camino,Bogotá,App,False,False,False
TRX-19285,PROD-2086,2025-01-24,9.0,1002.55,31.59,28.0,Retrasado,Barranquilla,Online,False,False,False
TRX-19286,PROD-1194,2025-03-23,1.0,1553.94,80.45,29.0,Perdido,Barranquilla,Físico,False,False,False
TRX-19287,PROD-2217,2025-10-03,5.0,1500.11,80.98,1.0,Perdido,Bogotá,Físico,False,False,False
TRX-19288,PROD-3349,2025-10-19,3.0,429.33,52.36,6.0,Retrasado,Bucaramanga,App,False,False,False
TRX-19289,PROD-2646,2025-03-23,3.0,297.03,17.16,27.0,Entregado,Medellín,Online,False,False,False
TRX-19290,PROD-1925,2024-10-28,11.0,614.9,6.64,11.0,Sin Información,Cali,App,False,False,False
TRX-19291,PROD-3558,2025-04-22,2.0,972.67,60.23,11.0,Perdido,Bogotá,App,False,False,True
TRX-19292,PROD-1376,2025-10-11,6.0,1082.62,80.0,12.0,Devuelto,Bucaramanga,App,False,False,False
TRX-19293,PROD-3939,2025-12-02,14.0,863.98,57.67,1.0,Sin Información,Medellín,App,False,False,True
TRX-19294,PROD-3368,2025-02-03,6.0,1329.55,82.27,20.0,Devuelto,Medellín,Físico,False,False,False
TRX-19295,PROD-1388,2025-09-10,3.0,860.84,64.12,20.0,Perdido,Bogotá,App,False,False,False
TRX-19296,PROD-3424,2025-11-08,1.0,1893.19,67.06,24.0,Sin Información,Bucaramanga,App,False,False,False
TRX-19297,PROD-2379,2025-03-19,7.0,529.33,7.67,6.0,Retrasado,Barranquilla,App,False,False,False
TRX-19298,PROD-2119,2025-03-07,2.0,1258.47,13.42,29.0,Retrasado,Medellín,Físico,False,False,False
TRX-19299,PROD-1275,2025-11-10,8.0,1226.64,73.88,23.0,En Camino,Medellín,Online,False,False,False
TRX-19300,PROD-3320,2026-01-29,7.0,570.33,52.36,13.0,Retrasado,Bucaramanga,Online,False,False,False
TRX-19301,PROD-3175,2026-01-26,3.0,829.26,77.47,12.0,Entregado,Bogotá,Online,False,False,False
TRX-19302,PROD-2946,2025-08-25,1.0,737.29,56.51,10.0,Entregado,Sin Ciudad,Online,False,False,False
TRX-19303,PROD-2749,2025-08-17,10.0,353.27,61.07,23.0,Devuelto,Bogotá,Online,False,False,False
TRX-19304,PROD-1859,2026-01-11,9.0,959.82,63.36,7.0,Perdido,Cali,WhatsApp,False,False,False
TRX-19305,PROD-2422,2025-12-04,5.0,779.46,14.97,10.0,Devuelto,Bogotá,App,False,False,False
TRX-19306,PROD-1314,2025-08-15,1.0,364.85,68.45,18.0,Perdido,Bogotá,App,False,False,False
TRX-19307,PROD-3668,2024-11-07,10.0,905.26,50.45,6.0,Devuelto,Barranquilla,Online,False,False,True
TRX-19308,PROD-2236,2025-02-25,11.0,849.47,62.24,24.0,Perdido,Bogotá,WhatsApp,False,False,False
TRX-19309,PROD-3067,2025-10-28,6.0,271.42,58.5,8.0,Perdido,Bucaramanga,Físico,False,False,False
TRX-19310,PROD-2228,2026-01-23,10.0,271.06,77.49,20.0,Devuelto,Barranquilla,WhatsApp,False,False,False
TRX-19311,PROD-2773,2025-11-28,3.0,1298.54,35.26,23.0,En Camino,Barranquilla,App,False,False,False
TRX-19312,PROD-3717,2025-11-24,11.0,1416.1,52.36,9.0,Entregado,Bucaramanga,Online,False,False,True
TRX-19313,PROD-3211,2025-05-16,4.0,1882.95,40.48,16.0,Retrasado,Medellín,WhatsApp,False,False,False
TRX-19314,PROD-2283,2025-08-04,8.0,183.14,42.2,24.0,Entregado,Bogotá,Físico,False,False,False
TRX-19315,PROD-1819,2024-11-21,5.0,244.54,77.43,2.0,Retrasado,Cali,Online,False,False,False
TRX-19316,PROD-2697,2024-09-27,12.0,113.12,45.96,29.0,Perdido,Medellín,Físico,False,False,False
TRX-19317,PROD-2647,2025-12-19,6.0,1069.13,21.82,11.0,Sin Información,Barranquilla,Online,False,False,False
TRX-19318,PROD-2029,2025-12-28,10.0,1249.27,98.39,24.0,Devuelto,Barranquilla,App,False,False,False
TRX-19319,PROD-3559,2025-12-20,4.0,813.01,51.87,19.0,Devuelto,Bucaramanga,Online,False,False,True
TRX-19320,PROD-3110,2025-10-18,6.0,1597.83,15.38,4.0,Retrasado,Bogotá,Online,False,False,False
TRX-19321,PROD-2856,2025-03-22,3.0,1376.53,68.68,3.0,Devuelto,Bogotá,Online,False,False,False
TRX-19322,PROD-3750,2025-02-14,10.0,1971.82,75.22,15.0,Devuelto,Bogotá,Online,False,False,True
TRX-19323,PROD-3242,2025-08-03,12.0,284.41,52.52,8.0,Devuelto,Bogotá,WhatsApp,False,False,False
TRX-19324,PROD-1739,2025-06-14,1.0,126.05,52.36,4.0,Entregado,Cali,WhatsApp,False,False,False
TRX-19325,PROD-1076,2025-05-03,6.0,556.86,66.41,11.0,Devuelto,Sin Ciudad,WhatsApp,False,False,False
TRX-19326,PROD-3571,2025-11-02,14.0,47.91,21.4,17.0,En Camino,Medellín,Online,False,False,True
TRX-19327,PROD-3880,2025-07-20,13.0,1865.9,39.95,9.0,Retrasado,Medellín,Físico,False,False,True
TRX-19328,PROD-3114,2025-12-23,1.0,614.86,20.37,25.0,Entregado,Cali,WhatsApp,False,False,False
TRX-19329,PROD-1764,2025-12-09,10.0,1109.34,41.79,1.0,Entregado,Barranquilla,App,False,False,False
TRX-19330,PROD-3362,2025-08-24,12.0,642.96,58.47,8.0,Perdido,Medellín,WhatsApp,False,False,False
TRX-19331,PROD-3044,2026-01-19,3.0,499.16,47.04,2.0,Perdido,Sin Ciudad,WhatsApp,False,False,False
TRX-19332,PROD-1872,2026-01-17,12.0,313.21,61.36,23.0,Devuelto,Barranquilla,App,False,False,False
TRX-19333,PROD-3706,2025-05-17,8.0,647.53,52.67,13.0,Entregado,Bogotá,App,False,False,True
TRX-19334,PROD-2914,2024-10-05,7.0,1234.68,35.19,1.0,Sin Información,Barranquilla,Físico,False,False,False
TRX-19335,PROD-2097,2025-08-27,8.0,1943.53,18.62,22.0,Entregado,Medellín,Online,False,False,False
TRX-19336,PROD-3612,2025-06-17,10.0,1120.6,52.36,10.0,Devuelto,Sin Ciudad,App,False,False,True
TRX-19337,PROD-3182,2025-11-16,10.0,1070.09,29.0,12.0,Retrasado,Medellín,Físico,False,False,False
TRX-19338,PROD-3516,2025-06-15,2.0,80.17,24.07,27.0,Entregado,Cali,Online,False,False,True
TRX-19339,PROD-2776,2024-10-08,10.0,1681.8,72.21,11.0,Perdido,Medellín,App,False,False,False
TRX-19340,PROD-3318,2024-12-23,7.0,99.23,82.9,10.0,Devuelto,Sin Ciudad,Físico,False,False,False
TRX-19341,PROD-3976,2025-05-28,14.0,1813.4,73.44,14.0,Entregado,Medellín,Físico,False,False,True
TRX-19342,PROD-3567,2024-10-11,4.0,1081.96,66.15,14.0,Sin Información,Sin Ciudad,WhatsApp,False,False,True
TRX-19343,PROD-1245,2025-09-17,1.0,345.25,34.25,8.0,Sin Información,Barranquilla,App,False,False,False
TRX-19344,PROD-3139,2025-10-17,11.0,908.9,72.54,11.0,Perdido,Bucaramanga,Online,False,False,False
TRX-19345,PROD-1821,2025-10-15,3.0,1990.02,62.48,22.0,En Camino,Sin Ciudad,Físico,False,False,False
TRX-19346,PROD-2492,2025-11-10,5.0,617.11,9.45,9.0,Entregado,Medellín,WhatsApp,False,False,False
TRX-19347,PROD-2894,2025-01-03,14.0,546.22,91.22,15.0,Sin Información,Bogotá,Físico,False,False,False
TRX-19348,PROD-1605,2024-12-26,10.0,244.83,52.36,27.0,Devuelto,Bogotá,Online,False,False,False
TRX-19349,PROD-1984,2025-11-26,8.0,1198.31,12.6,1.0,Perdido,Bogotá,Físico,False,False,False
TRX-19350,PROD-1616,2025-07-02,2.0,187.56,52.76,25.0,Entregado,Bucaramanga,WhatsApp,False,False,False
TRX-19351,PROD-3807,2025-11-25,2.0,1534.36,53.74,19.0,Perdido,Barranquilla,Online,False,False,True
TRX-19352,PROD-2229,2025-04-23,8.0,1839.25,84.52,18.0,Devuelto,Medellín,App,False,False,False
TRX-19353,PROD-2783,2024-10-29,14.0,1864.42,91.74,12.0,Entregado,Barranquilla,WhatsApp,False,False,False
TRX-19354,PROD-2680,2025-10-20,9.0,224.75,94.27,8.0,Sin Información,Cali,Online,False,False,False
TRX-19355,PROD-2305,2024-11-22,10.0,1120.94,59.12,26.0,Devuelto,Barranquilla,Físico,False,False,False
TRX-19356,PROD-1263,2025-07-10,13.0,203.25,69.51,5.0,Retrasado,Barranquilla,WhatsApp,False,False,False
TRX-19357,PROD-3596,2025-09-19,13.0,1148.31,13.41,13.0,Entregado,Bogotá,Online,False,False,True
TRX-19358,PROD-1833,2025-07-22,1.0,1631.81,51.35,17.0,Entregado,Barranquilla,Online,False,False,False
TRX-19359,PROD-2689,2025-05-24,14.0,1080.2,90.3,1.0,Sin Información,Bogotá,WhatsApp,False,False,False
TRX-19360,PROD-2093,2025-11-01,2.0,1745.39,52.36,2.0,Perdido,Bucaramanga,Online,False,False,False
TRX-19361,PROD-2175,2025-10-28,4.0,1605.33,48.29,7.0,Entregado,Bogotá,Online,False,False,False
TRX-19362,PROD-3646,2025-07-30,12.0,560.33,11.61,2.0,Retrasado,Cali,Físico,False,False,True
TRX-19363,PROD-1657,2025-09-01,3.0,1263.9,24.06,25.0,Perdido,Bogotá,App,False,False,False
TRX-19364,PROD-2050,2025-09-08,1.0,24.75,45.8,22.0,Perdido,Bogotá,App,False,False,False
TRX-19365,PROD-3813,2024-09-28,4.0,798.12,27.57,4.0,En Camino,Bucaramanga,WhatsApp,False,False,True
TRX-19366,PROD-3462,2025-10-04,11.0,483.54,42.27,28.0,Entregado,Bucaramanga,WhatsApp,False,False,False
TRX-19367,PROD-1967,2025-11-15,13.0,1874.86,36.63,13.0,En Camino,Cali,Online,False,False,False
TRX-19368,PROD-2662,2025-07-25,11.0,816.72,35.3,14.0,Sin Información,Medellín,App,False,False,False
TRX-19369,PROD-1976,2025-03-06,2.0,1311.59,13.66,20.0,Retrasado,Barranquilla,Físico,False,False,False
TRX-19370,PROD-1465,2024-10-05,10.0,1466.64,88.86,3.0,Entregado,Barranquilla,Físico,False,False,False
TRX-19371,PROD-1614,2024-10-17,5.0,1548.69,70.81,9.0,En Camino,Medellín,App,False,False,False
TRX-19372,PROD-1786,2025-05-04,1.0,1474.19,52.36,18.0,En Camino,Bogotá,WhatsApp,False,False,False
TRX-19373,PROD-1113,2025-01-23,14.0,585.44,64.22,25.0,Perdido,Bogotá,App,False,False,False
TRX-19374,PROD-2005,2025-01-29,8.0,1375.27,62.61,16.0,En Camino,Medellín,WhatsApp,False,False,False
TRX-19375,PROD-2271,2025-07-24,10.0,1102.53,42.67,19.0,En Camino,Cali,Físico,False,False,False
TRX-19376,PROD-2901,2025-01-22,2.0,1198.77,83.21,20.0,Sin Información,Medellín,Online,False,False,False
TRX-19377,PROD-2988,2024-10-27,11.0,11.62,93.35,9.0,Entregado,Medellín,Online,False,False,False
TRX-19378,PROD-3293,2024-12-14,3.0,523.93,5.53,19.0,Entregado,Bogotá,Físico,False,False,False
TRX-19379,PROD-2786,2025-07-28,3.0,1862.06,12.52,6.0,Perdido,Medellín,App,False,False,False
TRX-19380,PROD-2728,2025-12-02,4.0,587.25,69.12,12.0,Entregado,Bogotá,App,False,False,False
TRX-19381,PROD-3649,2025-03-23,7.0,881.65,27.43,15.0,Retrasado,Bogotá,App,False,False,True
TRX-19382,PROD-1151,2024-12-07,13.0,381.48,91.61,21.0,Perdido,Bogotá,App,False,False,False
TRX-19383,PROD-1827,2025-01-04,9.0,285.82,68.4,6.0,Retrasado,Medellín,App,False,False,False
TRX-19384,PROD-1652,2025-05-12,3.0,425.25,52.36,5.0,Entregado,Bucaramanga,WhatsApp,False,False,False
TRX-19385,PROD-2117,2025-07-22,1.0,1111.76,39.99,29.0,Entregado,Bogotá,App,False,False,False
TRX-19386,PROD-1558,2024-11-04,11.0,1838.87,44.45,14.0,Perdido,Medellín,App,False,False,False
TRX-19387,PROD-1119,2025-10-31,10.0,659.14,70.63,27.0,En Camino,Bogotá,App,False,False,False
TRX-19388,PROD-2058,2025-11-13,1.0,653.58,18.39,19.0,Devuelto,Bogotá,Online,False,False,False
TRX-19389,PROD-2137,2024-12-24,12.0,1132.64,88.92,18.0,Devuelto,Barranquilla,Online,False,False,False
TRX-19390,PROD-3697,2025-02-13,11.0,719.92,5.45,26.0,Entregado,Medellín,App,False,False,True
TRX-19391,PROD-3255,2025-06-03,6.0,1821.73,98.0,13.0,Retrasado,Barranquilla,App,False,False,False
TRX-19392,PROD-1720,2024-12-09,5.0,761.92,20.93,9.0,Perdido,Sin Ciudad,WhatsApp,False,False,False
TRX-19393,PROD-3639,2025-06-12,10.0,985.98,75.5,20.0,En Camino,Cali,Online,False,False,True
TRX-19394,PROD-1172,2024-12-01,7.0,1071.44,8.79,26.0,Sin Información,Bogotá,Físico,False,False,False
TRX-19395,PROD-3959,2025-02-18,7.0,1566.31,45.99,28.0,Entregado,Medellín,Online,False,False,True
TRX-19396,PROD-2990,2025-07-11,3.0,1132.17,52.36,22.0,Retrasado,Medellín,App,False,False,False
TRX-19397,PROD-1081,2025-04-24,7.0,485.92,64.88,25.0,Entregado,Bogotá,Online,False,False,False
TRX-19398,PROD-1226,2025-09-17,9.0,256.73,11.67,21.0,Sin Información,Sin Ciudad,App,False,False,False
TRX-19399,PROD-1343,2025-07-29,8.0,1876.17,47.11,7.0,Devuelto,Barranquilla,Online,False,False,False
TRX-19400,PROD-2285,2025-02-16,7.0,1605.11,33.8,15.0,Entregado,Sin Ciudad,Online,True,False,False
TRX-19401,PROD-3464,2024-10-17,3.0,55.7,52.33,28.0,Retrasado,Sin Ciudad,Online,False,False,False
TRX-19402,PROD-2220,2025-08-11,10.0,1644.84,52.93,21.0,Devuelto,Medellín,App,False,False,False
TRX-19403,PROD-1260,2026-01-19,5.0,1185.29,79.6,12.0,Sin Información,Medellín,Físico,False,False,False
TRX-19404,PROD-2667,2025-01-09,13.0,1042.6,16.73,9.0,Sin Información,Bucaramanga,App,False,False,False
TRX-19405,PROD-2488,2025-03-22,13.0,34.34,12.86,2.0,Entregado,Medellín,Físico,False,False,False
TRX-19406,PROD-3751,2025-05-31,14.0,1563.92,43.18,3.0,Devuelto,Bucaramanga,Físico,False,False,True
TRX-19407,PROD-3692,2026-01-17,8.0,404.15,89.31,5.0,Sin Información,Bogotá,Físico,False,False,True
TRX-19408,PROD-1369,2025-04-13,2.0,1458.68,52.36,18.0,Perdido,Cali,Físico,False,False,False
TRX-19409,PROD-2625,2025-07-23,14.0,41.58,86.25,28.0,Retrasado,Medellín,Físico,False,False,False
TRX-19410,PROD-3966,2025-03-11,14.0,1594.74,58.2,14.0,Retrasado,Medellín,WhatsApp,False,False,True
TRX-19411,PROD-1575,2025-03-16,7.0,55.85,89.43,22.0,Perdido,Barranquilla,Físico,False,False,False
TRX-19412,PROD-1966,2025-09-04,11.0,479.43,81.51,26.0,Sin Información,Bogotá,WhatsApp,False,False,False
TRX-19413,PROD-1458,2025-03-11,10.0,543.87,31.4,19.0,Sin Información,Bogotá,App,False,False,False
TRX-19414,PROD-3338,2024-09-24,10.0,323.44,21.16,21.0,Retrasado,Bogotá,App,False,False,False
TRX-19415,PROD-3049,2025-02-03,7.0,967.31,33.61,5.0,Retrasado,Medellín,WhatsApp,False,False,False
TRX-19416,PROD-1494,2025-01-27,11.0,574.54,26.58,10.0,Entregado,Bucaramanga,Online,False,False,False
TRX-19417,PROD-3137,2024-11-07,12.0,1986.64,64.16,16.0,En Camino,Cali,Físico,False,False,False
TRX-19418,PROD-3720,2025-04-04,14.0,1164.14,60.57,24.0,Entregado,Bogotá,WhatsApp,False,False,True
TRX-19419,PROD-3377,2025-09-19,13.0,1137.29,61.85,25.0,Perdido,Barranquilla,App,False,False,False
TRX-19420,PROD-3151,2025-04-19,8.0,449.53,52.36,20.0,Perdido,Sin Ciudad,App,False,False,False
TRX-19421,PROD-2031,2025-07-15,1.0,823.29,22.98,26.0,En Camino,Medellín,App,False,False,False
TRX-19422,PROD-3033,2024-11-19,8.0,256.72,80.23,1.0,Entregado,Cali,App,False,False,False
TRX-19423,PROD-1369,2026-01-31,14.0,1527.43,46.19,21.0,Entregado,Medellín,WhatsApp,False,False,False
TRX-19424,PROD-1975,2024-12-09,1.0,669.01,49.88,4.0,Entregado,Cali,Online,False,False,False
TRX-19425,PROD-3456,2025-04-12,3.0,1506.41,99.71,5.0,Devuelto,Cali,App,False,False,False
TRX-19426,PROD-1500,2026-01-28,9.0,749.68,31.82,11.0,Sin Información,Bogotá,Online,False,False,False
TRX-19427,PROD-2283,2025-07-08,4.0,1977.63,42.44,14.0,Devuelto,Medellín,Físico,False,False,False
TRX-19428,PROD-2348,2026-01-25,10.0,350.53,69.26,25.0,Entregado,Bogotá,Online,False,False,False
TRX-19429,PROD-3393,2024-11-23,13.0,13.03,88.64,24.0,Devuelto,Medellín,App,False,False,False
TRX-19430,PROD-2597,2025-06-17,9.0,1193.7,17.04,27.0,Entregado,Barranquilla,WhatsApp,False,False,False
TRX-19431,PROD-1966,2025-01-26,1.0,1906.38,74.83,11.0,Perdido,Barranquilla,Físico,False,False,False
TRX-19432,PROD-2732,2026-01-15,8.0,1297.64,52.36,27.0,Entregado,Bogotá,WhatsApp,False,False,False
TRX-19433,PROD-1892,2024-11-10,3.0,180.59,92.24,24.0,Devuelto,Medellín,WhatsApp,False,False,False
TRX-19434,PROD-1590,2024-12-19,11.0,1085.56,45.18,8.0,En Camino,Bogotá,Online,False,False,False
TRX-19435,PROD-1437,2025-08-22,7.0,1819.88,32.24,1.0,Perdido,Bogotá,Online,False,False,False
TRX-19436,PROD-1717,2025-06-10,2.0,22.95,69.39,28.0,Retrasado,Sin Ciudad,Online,False,False,False
TRX-19437,PROD-1876,2025-03-20,13.0,342.16,28.38,7.0,En Camino,Sin Ciudad,App,False,False,False
TRX-19438,PROD-2124,2024-11-30,7.0,1630.98,41.51,13.0,En Camino,Bucaramanga,Físico,False,False,False
TRX-19439,PROD-2800,2025-09-24,7.0,1788.88,90.21,20.0,Sin Información,Bogotá,Online,False,False,False
TRX-19440,PROD-2672,2025-11-12,9.0,1417.25,61.08,6.0,Retrasado,Sin Ciudad,App,False,False,False
TRX-19441,PROD-2041,2026-01-28,2.0,1983.2,14.02,4.0,Perdido,Medellín,WhatsApp,False,False,False
TRX-19442,PROD-3414,2025-11-29,8.0,189.53,36.32,12.0,Sin Información,Barranquilla,Físico,False,False,False
TRX-19443,PROD-1229,2026-01-16,5.0,1095.9,64.59,5.0,Retrasado,Bogotá,WhatsApp,False,False,False
TRX-19444,PROD-3008,2024-11-21,10.0,1373.14,52.36,5.0,Perdido,Bogotá,Online,False,False,False
TRX-19445,PROD-3185,2025-07-21,9.0,1408.26,50.74,17.0,Perdido,Cali,Físico,False,False,False
TRX-19446,PROD-2534,2025-12-18,8.0,1589.03,67.73,6.0,Sin Información,Cali,App,False,False,False
TRX-19447,PROD-3865,2025-05-29,3.0,1836.08,77.34,10.0,Perdido,Sin Ciudad,Físico,False,False,True
TRX-19448,PROD-1462,2026-01-13,3.0,729.67,50.66,16.0,En Camino,Barranquilla,Físico,False,False,False
TRX-19449,PROD-2296,2025-03-10,11.0,95.5,98.76,24.0,Perdido,Cali,Físico,False,False,False
TRX-19450,PROD-3235,2025-12-31,12.0,731.26,91.89,29.0,Sin Información,Barranquilla,Online,False,False,False
TRX-19451,PROD-2735,2025-12-17,10.0,1346.51,10.69,21.0,Retrasado,Bogotá,WhatsApp,False,False,False
TRX-19452,PROD-2945,2025-06-18,8.0,434.78,30.31,14.0,En Camino,Bogotá,WhatsApp,False,False,False
TRX-19453,PROD-3796,2025-09-21,9.0,1621.85,33.55,10.0,Perdido,Bogotá,Online,False,False,True
TRX-19454,PROD-2009,2025-01-12,2.0,447.33,22.51,29.0,Devuelto,Medellín,Online,False,False,False
TRX-19455,PROD-2137,2024-12-31,3.0,30.03,34.64,28.0,Devuelto,Bogotá,WhatsApp,False,False,False
TRX-19456,PROD-1593,2025-10-29,14.0,1021.08,52.36,22.0,Perdido,Bucaramanga,Online,False,False,False
TRX-19457,PROD-2486,2025-04-25,14.0,1455.66,45.36,21.0,Devuelto,Bogotá,Online,False,False,False
TRX-19458,PROD-2946,2026-01-18,8.0,705.81,9.9,17.0,Entregado,Barranquilla,Online,False,False,False
TRX-19459,PROD-3931,2025-01-13,2.0,1500.3,17.09,5.0,Sin Información,Sin Ciudad,Online,False,False,True
TRX-19460,PROD-2506,2024-12-28,8.0,882.42,14.14,2.0,En Camino,Bucaramanga,WhatsApp,False,False,False
TRX-19461,PROD-2262,2025-07-26,5.0,351.71,9.4,4.0,Entregado,Bogotá,App,False,False,False
TRX-19462,PROD-1086,2025-01-18,6.0,190.21,50.74,18.0,En Camino,Bogotá,App,False,False,False
TRX-19463,PROD-3643,2024-10-28,14.0,1424.07,36.71,8.0,Retrasado,Medellín,WhatsApp,False,False,True
TRX-19464,PROD-3481,2025-08-25,10.0,777.57,93.87,14.0,Devuelto,Sin Ciudad,Físico,False,False,False
TRX-19465,PROD-1142,2025-09-16,12.0,1826.42,14.76,13.0,Devuelto,Bogotá,Físico,False,False,False
TRX-19466,PROD-3712,2025-07-09,4.0,1085.11,92.97,29.0,Sin Información,Medellín,App,False,False,True
TRX-19467,PROD-1223,2025-10-23,3.0,703.38,13.22,7.0,Devuelto,Sin Ciudad,WhatsApp,False,False,False
TRX-19468,PROD-3829,2025-10-16,8.0,704.49,52.36,9.0,Perdido,Bogotá,App,False,False,True
TRX-19469,PROD-3750,2025-07-23,9.0,271.56,63.83,4.0,En Camino,Cali,Físico,False,False,True
TRX-19470,PROD-1981,2025-09-17,13.0,1191.64,28.53,5.0,Perdido,Medellín,App,False,False,False
TRX-19471,PROD-2036,2025-09-04,8.0,1168.51,83.55,15.0,Devuelto,Bucaramanga,App,False,False,False
TRX-19472,PROD-3263,2025-01-24,9.0,1601.99,10.84,9.0,Retrasado,Bogotá,App,False,False,False
TRX-19473,PROD-2575,2024-11-01,1.0,410.38,95.49,25.0,Devuelto,Bogotá,Físico,False,False,False
TRX-19474,PROD-2266,2025-02-10,5.0,588.67,9.49,18.0,Sin Información,Bucaramanga,Físico,False,False,False
TRX-19475,PROD-3617,2024-10-18,12.0,203.5,27.91,28.0,Perdido,Bucaramanga,WhatsApp,False,False,True
TRX-19476,PROD-3869,2025-02-11,7.0,597.73,49.1,27.0,Devuelto,Medellín,Online,False,False,True
TRX-19477,PROD-2486,2025-09-09,8.0,861.92,76.83,14.0,Entregado,Bogotá,Físico,False,False,False
TRX-19478,PROD-3806,2025-10-22,14.0,1928.42,95.36,15.0,Entregado,Bogotá,Online,False,False,True
TRX-19479,PROD-1499,2025-11-18,11.0,1309.6,45.66,1.0,Perdido,Cali,App,False,False,False
TRX-19480,PROD-3190,2025-08-24,2.0,1567.92,52.36,19.0,Entregado,Cali,Online,False,False,False
TRX-19481,PROD-1968,2024-11-18,12.0,657.76,76.94,26.0,En Camino,Medellín,WhatsApp,False,False,False
TRX-19482,PROD-2812,2025-02-19,11.0,297.58,74.08,1.0,Sin Información,Sin Ciudad,App,False,False,False
TRX-19483,PROD-2591,2025-09-24,14.0,520.87,59.26,6.0,En Camino,Bogotá,WhatsApp,False,False,False
TRX-19484,PROD-1032,2025-10-27,4.0,520.37,70.64,8.0,Sin Información,Bogotá,Online,False,False,False
TRX-19485,PROD-2609,2025-04-15,7.0,1170.4,8.62,4.0,Sin Información,Bucaramanga,App,False,False,False
TRX-19486,PROD-2046,2024-12-07,5.0,689.53,46.95,16.0,Perdido,Cali,Físico,False,False,False
TRX-19487,PROD-2232,2026-01-01,1.0,1716.22,79.66,11.0,Entregado,Medellín,Online,False,False,False
TRX-19488,PROD-1369,2025-07-04,13.0,1977.2,50.05,4.0,En Camino,Medellín,Online,False,False,False
TRX-19489,PROD-1964,2025-04-20,14.0,693.16,87.98,11.0,Entregado,Bogotá,App,False,False,False
TRX-19490,PROD-2218,2026-01-29,2.0,1413.07,84.2,10.0,Devuelto,Bogotá,App,False,False,False
TRX-19491,PROD-1861,2025-10-13,5.0,1318.4,87.03,17.0,Sin Información,Medellín,WhatsApp,False,False,False
TRX-19492,PROD-1656,2025-12-04,6.0,396.98,52.36,9.0,Entregado,Medellín,Físico,False,False,False
TRX-19493,PROD-2797,2025-06-07,1.0,1836.84,17.35,10.0,Entregado,Sin Ciudad,Online,False,False,False
TRX-19494,PROD-3586,2025-06-08,12.0,406.89,28.19,8.0,Perdido,Medellín,Físico,False,False,True
TRX-19495,PROD-2299,2026-01-12,3.0,1476.54,7.81,14.0,Devuelto,Bucaramanga,Físico,False,False,False
TRX-19496,PROD-3639,2025-03-25,6.0,701.74,98.37,13.0,En Camino,Sin Ciudad,Físico,False,False,True
TRX-19497,PROD-2664,2025-08-16,6.0,740.49,27.43,3.0,Sin Información,Sin Ciudad,App,False,False,False
TRX-19498,PROD-1138,2024-10-03,7.0,916.34,39.87,14.0,Sin Información,Medellín,Físico,False,False,False
TRX-19499,PROD-2122,2025-12-26,10.0,1730.37,31.12,14.0,Sin Información,Medellín,WhatsApp,False,False,False
TRX-19500,PROD-1328,2025-03-01,7.0,289.1,8.78,3.0,En Camino,Medellín,Físico,False,False,False
TRX-19501,PROD-3013,2025-06-09,12.0,118.59,29.82,29.0,Sin Información,Cali,App,False,False,False
TRX-19502,PROD-2929,2025-10-20,14.0,810.06,14.33,16.0,Entregado,Bucaramanga,App,False,False,False
TRX-19503,PROD-2691,2024-12-19,14.0,120.61,42.46,10.0,Retrasado,Bucaramanga,Físico,False,False,False
TRX-19504,PROD-2362,2025-09-26,3.0,1378.33,52.36,4.0,Retrasado,Bogotá,WhatsApp,False,False,False
TRX-19505,PROD-3938,2025-03-25,1.0,1523.05,96.85,20.0,Sin Información,Bucaramanga,Online,False,False,True
TRX-19506,PROD-2730,2024-10-08,13.0,1710.88,71.33,18.0,En Camino,Medellín,Online,False,False,False
TRX-19507,PROD-1411,2025-12-31,7.0,1490.25,72.16,4.0,Entregado,Medellín,WhatsApp,False,False,False
TRX-19508,PROD-1656,2026-01-30,12.0,1833.54,48.05,2.0,Entregado,Medellín,App,False,False,False
TRX-19509,PROD-3860,2025-05-24,11.0,1499.12,82.07,11.0,Devuelto,Cali,Físico,False,False,True
TRX-19510,PROD-2068,2024-12-17,3.0,1872.79,91.29,15.0,Perdido,Medellín,Online,False,False,False
TRX-19511,PROD-3073,2025-04-09,5.0,394.29,96.35,11.0,Retrasado,Cali,Online,False,False,False
TRX-19512,PROD-1271,2024-10-02,4.0,1004.73,14.4,23.0,Sin Información,Sin Ciudad,Físico,False,False,False
TRX-19513,PROD-2441,2026-01-12,12.0,1987.92,88.57,21.0,Entregado,Sin Ciudad,Online,False,False,False
TRX-19514,PROD-2723,2025-03-05,1.0,1366.34,26.38,23.0,En Camino,Bogotá,Online,False,False,False
TRX-19515,PROD-3466,2024-10-16,12.0,1758.5,42.74,6.0,Retrasado,Bucaramanga,App,False,False,False
TRX-19516,PROD-3986,2024-11-25,7.0,70.48,52.36,18.0,Perdido,Cali,Online,False,False,True
TRX-19517,PROD-3243,2025-07-31,14.0,1744.8,37.82,28.0,Entregado,Bogotá,Online,False,False,False
TRX-19518,PROD-2338,2025-05-18,13.0,1398.45,69.14,18.0,Retrasado,Barranquilla,App,False,False,False
TRX-19519,PROD-2856,2025-12-28,4.0,349.8,61.8,1.0,Entregado,Bogotá,Online,False,False,False
TRX-19520,PROD-3847,2025-12-28,1.0,61.11,15.36,13.0,Sin Información,Medellín,App,False,False,True
TRX-19521,PROD-1112,2025-09-02,11.0,527.25,79.37,1.0,Perdido,Bucaramanga,Físico,False,False,False
TRX-19522,PROD-1213,2025-05-18,6.0,1832.39,46.77,13.0,Devuelto,Barranquilla,Online,False,False,False
TRX-19523,PROD-3627,2024-10-14,4.0,1339.58,5.21,21.0,Retrasado,Medellín,Online,False,False,True
TRX-19524,PROD-3627,2025-03-21,13.0,1839.74,44.38,5.0,Perdido,Barranquilla,WhatsApp,False,False,True
TRX-19525,PROD-1752,2025-07-25,4.0,897.84,54.05,23.0,Devuelto,Bucaramanga,WhatsApp,False,False,False
TRX-19526,PROD-3581,2024-11-08,2.0,1873.89,11.54,17.0,Devuelto,Medellín,WhatsApp,False,False,True
TRX-19527,PROD-2816,2025-06-28,1.0,931.29,19.36,16.0,Perdido,Bogotá,App,False,False,False
TRX-19528,PROD-3625,2025-05-04,3.0,416.47,52.36,21.0,En Camino,Barranquilla,Online,False,False,True
TRX-19529,PROD-1557,2025-04-28,10.0,311.27,99.39,18.0,Perdido,Cali,Online,False,False,False
TRX-19530,PROD-1012,2026-02-03,5.0,1987.69,87.76,10.0,Entregado,Bogotá,WhatsApp,False,True,False
TRX-19531,PROD-2641,2026-01-10,12.0,674.39,17.67,17.0,En Camino,Bucaramanga,App,False,False,False
TRX-19532,PROD-1819,2025-05-17,9.0,328.51,60.13,7.0,Devuelto,Bucaramanga,WhatsApp,False,False,False
TRX-19533,PROD-3573,2025-04-14,14.0,26.73,41.03,15.0,Retrasado,Medellín,Online,False,False,True
TRX-19534,PROD-2251,2025-08-27,7.0,578.28,56.66,19.0,Devuelto,Cali,App,False,False,False
TRX-19535,PROD-2285,2024-10-11,4.0,1779.34,49.7,27.0,Retrasado,Bogotá,WhatsApp,False,False,False
TRX-19536,PROD-3358,2025-03-21,8.0,1072.68,9.57,9.0,Retrasado,Bogotá,Online,False,False,False
TRX-19537,PROD-1336,2025-03-03,12.0,1268.55,34.96,21.0,Perdido,Sin Ciudad,WhatsApp,False,False,False
TRX-19538,PROD-1453,2026-01-15,4.0,1845.56,16.92,21.0,Perdido,Barranquilla,Físico,False,False,False
TRX-19539,PROD-1646,2025-07-04,6.0,1030.55,51.45,5.0,Devuelto,Bucaramanga,App,False,False,False
TRX-19540,PROD-2022,2024-11-22,12.0,1678.18,52.36,25.0,Perdido,Cali,Físico,False,False,False
TRX-19541,PROD-3115,2024-12-16,1.0,654.43,91.2,29.0,Devuelto,Medellín,Físico,False,False,False
TRX-19542,PROD-3922,2024-10-27,14.0,1954.43,99.58,10.0,Perdido,Bogotá,App,False,False,True
TRX-19543,PROD-3659,2026-01-25,6.0,166.84,94.7,13.0,Perdido,Bucaramanga,Físico,False,False,True
TRX-19544,PROD-1532,2024-09-27,10.0,1452.41,98.64,1.0,Retrasado,Bogotá,WhatsApp,False,False,False
TRX-19545,PROD-3433,2024-12-07,5.0,1324.53,6.45,21.0,En Camino,Medellín,Online,False,False,False
TRX-19546,PROD-3808,2025-06-02,14.0,391.43,74.3,26.0,Perdido,Medellín,App,False,False,True
TRX-19547,PROD-2680,2024-09-29,2.0,783.8,30.93,6.0,Sin Información,Cali,WhatsApp,False,False,False
TRX-19548,PROD-2308,2025-03-10,1.0,632.53,87.23,25.0,Sin Información,Bogotá,Online,False,False,False
TRX-19549,PROD-2849,2025-01-30,13.0,198.04,82.3,3.0,Sin Información,Bogotá,Físico,False,False,False
TRX-19550,PROD-2959,2026-01-08,6.0,1173.73,45.25,17.0,Perdido,Bogotá,App,False,False,False
TRX-19551,PROD-1546,2025-02-07,11.0,1987.4,49.96,12.0,Devuelto,Bogotá,Físico,False,False,False
TRX-19552,PROD-2067,2025-09-15,2.0,1123.58,52.36,27.0,Retrasado,Barranquilla,Online,False,False,False
TRX-19553,PROD-1710,2025-07-19,9.0,1095.07,30.18,11.0,Sin Información,Medellín,App,False,False,False
TRX-19554,PROD-3815,2025-08-14,9.0,90.22,32.44,8.0,Retrasado,Bogotá,WhatsApp,False,False,True
TRX-19555,PROD-3429,2024-12-22,1.0,287.05,98.21,25.0,En Camino,Medellín,Físico,False,False,False
TRX-19556,PROD-2341,2025-03-04,5.0,1031.31,89.44,12.0,En Camino,Cali,WhatsApp,False,False,False
TRX-19557,PROD-2154,2025-08-06,8.0,1970.51,23.23,11.0,En Camino,Medellín,WhatsApp,False,False,False
TRX-19558,PROD-1813,2025-12-24,4.0,1754.45,31.17,22.0,Perdido,Bogotá,WhatsApp,False,False,False
TRX-19559,PROD-1345,2025-06-02,3.0,687.02,15.32,5.0,Devuelto,Bogotá,App,False,False,False
TRX-19560,PROD-2697,2025-04-11,5.0,1090.58,98.94,28.0,Sin Información,Medellín,Físico,False,False,False
TRX-19561,PROD-2505,2024-10-12,5.0,1109.88,91.18,8.0,Entregado,Sin Ciudad,WhatsApp,False,False,False
TRX-19562,PROD-1745,2025-05-09,8.0,1373.87,57.45,12.0,Sin Información,Bogotá,Online,False,False,False
TRX-19563,PROD-2611,2025-03-04,6.0,1378.69,70.82,22.0,Sin Información,Bucaramanga,App,False,False,False
TRX-19564,PROD-2545,2025-03-06,2.0,1581.69,52.36,6.0,Devuelto,Medellín,WhatsApp,False,False,False
TRX-19565,PROD-3336,2025-05-12,11.0,59.69,76.05,9.0,Retrasado,Medellín,WhatsApp,False,False,False
TRX-19566,PROD-1919,2025-08-16,1.0,1887.92,24.36,25.0,En Camino,Medellín,Físico,False,False,False
TRX-19567,PROD-1084,2025-05-18,13.0,149.42,93.79,17.0,Entregado,Cali,WhatsApp,False,False,False
TRX-19568,PROD-1094,2025-01-20,3.0,957.56,55.04,28.0,Retrasado,Medellín,WhatsApp,False,False,False
TRX-19569,PROD-3287,2025-12-04,2.0,1839.96,13.78,2.0,En Camino,Medellín,WhatsApp,False,False,False
TRX-19570,PROD-3650,2025-09-08,4.0,980.46,42.72,1.0,Sin Información,Medellín,Físico,False,False,True
TRX-19571,PROD-3506,2025-10-10,3.0,136.64,62.16,18.0,Entregado,Bogotá,WhatsApp,False,False,True
TRX-19572,PROD-3566,2025-09-26,9.0,466.19,38.52,3.0,Devuelto,Bogotá,Online,False,False,True
TRX-19573,PROD-1936,2025-01-07,5.0,1161.55,71.42,29.0,Sin Información,Bogotá,App,False,False,False
TRX-19574,PROD-1364,2025-05-30,4.0,184.84,88.79,14.0,Retrasado,Cali,WhatsApp,False,False,False
TRX-19575,PROD-2894,2025-08-24,10.0,853.12,78.33,13.0,Perdido,Medellín,Físico,False,False,False
TRX-19576,PROD-1812,2025-07-03,9.0,664.9,52.36,2.0,Sin Información,Cali,Online,False,False,False
TRX-19577,PROD-2072,2025-04-08,4.0,1632.26,66.05,22.0,Entregado,Bogotá,App,False,False,False
TRX-19578,PROD-3872,2025-11-12,6.0,229.16,53.65,4.0,Entregado,Bogotá,Físico,False,False,True
TRX-19579,PROD-1691,2025-04-30,14.0,1368.77,29.17,15.0,Sin Información,Barranquilla,Físico,False,False,False
TRX-19580,PROD-1203,2025-10-22,10.0,819.11,48.22,5.0,Sin Información,Cali,App,False,False,False
TRX-19581,PROD-2642,2025-11-22,1.0,1179.62,32.83,10.0,Devuelto,Medellín,App,False,False,False
TRX-19582,PROD-3531,2025-02-20,13.0,419.01,93.73,9.0,Devuelto,Bogotá,Físico,False,False,True
TRX-19583,PROD-2756,2025-07-05,2.0,1223.31,91.19,18.0,Retrasado,Sin Ciudad,Online,False,False,False
TRX-19584,PROD-3459,2025-06-14,4.0,1351.22,19.8,3.0,Perdido,Cali,Online,False,False,False
TRX-19585,PROD-2065,2025-04-30,9.0,149.76,83.15,14.0,En Camino,Bogotá,Online,False,False,False
TRX-19586,PROD-1611,2025-04-26,6.0,1650.45,71.78,10.0,Sin Información,Bogotá,App,False,False,False
TRX-19587,PROD-1364,2025-08-03,6.0,1723.9,97.65,17.0,Entregado,Cali,WhatsApp,False,False,False
TRX-19588,PROD-2507,2025-02-25,11.0,136.47,52.36,15.0,Entregado,Bogotá,Físico,False,False,False
TRX-19589,PROD-1696,2025-04-26,9.0,1210.34,49.01,18.0,Retrasado,Medellín,Online,False,False,False
TRX-19590,PROD-3323,2025-08-23,12.0,1192.08,73.61,17.0,En Camino,Bogotá,WhatsApp,False,False,False
TRX-19591,PROD-1480,2025-09-16,4.0,34.79,54.2,25.0,En Camino,Sin Ciudad,App,False,False,False
TRX-19592,PROD-1057,2025-01-14,3.0,691.27,11.59,3.0,Sin Información,Bucaramanga,Físico,False,False,False
TRX-19593,PROD-3943,2025-03-02,7.0,1938.16,9.44,16.0,En Camino,Bucaramanga,WhatsApp,False,False,True
TRX-19594,PROD-3153,2025-07-22,12.0,1115.35,16.6,19.0,Retrasado,Bogotá,Físico,False,False,False
TRX-19595,PROD-2782,2024-12-29,7.0,1867.09,33.14,13.0,Entregado,Sin Ciudad,App,False,False,False
TRX-19596,PROD-2858,2025-11-02,9.0,1354.53,29.62,23.0,Devuelto,Cali,App,False,False,False
TRX-19597,PROD-3759,2025-02-26,6.0,66.5,74.19,17.0,Entregado,Medellín,Online,False,False,True
TRX-19598,PROD-3024,2025-03-03,2.0,164.65,73.01,25.0,Devuelto,Bogotá,Físico,False,False,False
TRX-19599,PROD-1485,2024-11-03,6.0,1447.14,97.28,23.0,Devuelto,Bucaramanga,Físico,False,False,False
TRX-19600,PROD-1919,2025-03-21,7.0,1113.59,52.36,15.0,Retrasado,Sin Ciudad,WhatsApp,True,False,False
TRX-19601,PROD-3922,2025-07-22,8.0,263.03,34.49,16.0,Sin Información,Sin Ciudad,Físico,False,False,True
TRX-19602,PROD-1832,2025-08-18,6.0,1231.98,94.15,9.0,En Camino,Bucaramanga,Físico,False,False,False
TRX-19603,PROD-1780,2024-11-12,9.0,1622.47,63.22,24.0,Sin Información,Bogotá,WhatsApp,False,False,False
TRX-19604,PROD-2090,2025-06-01,4.0,1508.44,52.05,21.0,Retrasado,Cali,Online,False,False,False
TRX-19605,PROD-2179,2025-11-25,3.0,499.86,68.44,12.0,Sin Información,Medellín,Físico,False,False,False
TRX-19606,PROD-3024,2025-09-07,11.0,523.81,71.76,3.0,Sin Información,Cali,WhatsApp,False,False,False
TRX-19607,PROD-2564,2025-01-20,5.0,1936.0,21.33,27.0,Devuelto,Cali,App,False,False,False
TRX-19608,PROD-1533,2024-12-06,3.0,1775.94,76.41,9.0,Entregado,Barranquilla,Online,False,False,False
TRX-19609,PROD-2766,2025-03-03,11.0,643.49,73.89,16.0,Devuelto,Medellín,WhatsApp,False,False,False
TRX-19610,PROD-1846,2025-02-18,12.0,1649.87,99.77,5.0,Retrasado,Bogotá,Físico,False,False,False
TRX-19611,PROD-3457,2025-01-23,2.0,331.86,91.64,25.0,Sin Información,Medellín,Online,False,False,False
TRX-19612,PROD-1882,2025-02-10,2.0,401.71,52.36,19.0,Sin Información,Sin Ciudad,Online,False,False,False
TRX-19613,PROD-2159,2025-03-23,4.0,370.58,70.04,22.0,Entregado,Medellín,Online,False,False,False
TRX-19614,PROD-3976,2025-11-05,3.0,184.56,72.67,13.0,En Camino,Bogotá,App,False,False,True
TRX-19615,PROD-3773,2025-10-05,9.0,1710.81,94.87,2.0,Retrasado,Bogotá,WhatsApp,False,False,True
TRX-19616,PROD-1775,2025-06-26,14.0,1161.83,96.88,19.0,Sin Información,Medellín,Online,False,False,False
TRX-19617,PROD-2713,2025-06-06,7.0,525.32,83.56,18.0,Sin Información,Bogotá,Físico,False,False,False
TRX-19618,PROD-1738,2025-12-08,6.0,1698.82,77.9,12.0,Perdido,Bogotá,Físico,False,False,False
TRX-19619,PROD-2673,2025-08-13,10.0,1607.27,15.58,18.0,Sin Información,Cali,Físico,False,False,False
TRX-19620,PROD-1597,2025-05-25,12.0,210.89,83.88,5.0,Devuelto,Barranquilla,Online,False,False,False
TRX-19621,PROD-1117,2024-12-17,8.0,1291.84,29.05,26.0,En Camino,Medellín,Físico,False,False,False
TRX-19622,PROD-2188,2024-12-02,9.0,1446.45,58.56,20.0,En Camino,Medellín,Online,False,False,False
TRX-19623,PROD-2072,2025-06-18,3.0,1434.5,43.51,27.0,Sin Información,Cali,WhatsApp,False,False,False
TRX-19624,PROD-1964,2026-01-28,12.0,1449.05,52.36,20.0,Entregado,Bucaramanga,Online,False,False,False
TRX-19625,PROD-3530,2025-03-21,10.0,347.22,37.83,29.0,Retrasado,Barranquilla,Online,False,False,True
TRX-19626,PROD-2847,2025-06-28,7.0,637.02,34.47,8.0,Sin Información,Bogotá,WhatsApp,False,False,False
TRX-19627,PROD-2017,2025-02-18,9.0,1689.92,86.27,22.0,Sin Información,Sin Ciudad,Físico,False,False,False
TRX-19628,PROD-2514,2024-09-28,1.0,1797.8,78.07,16.0,Devuelto,Bogotá,Online,False,False,False
TRX-19629,PROD-3387,2025-02-17,10.0,565.59,54.73,26.0,Sin Información,Bucaramanga,WhatsApp,False,False,False
TRX-19630,PROD-3802,2025-08-20,9.0,55.81,68.13,2.0,Perdido,Bucaramanga,App,False,False,True
TRX-19631,PROD-3651,2025-03-09,14.0,1720.94,98.53,13.0,Devuelto,Sin Ciudad,WhatsApp,False,False,True
TRX-19632,PROD-2876,2024-10-01,7.0,760.41,42.77,1.0,Sin Información,Medellín,App,False,False,False
TRX-19633,PROD-1351,2025-03-19,10.0,665.63,57.35,5.0,Sin Información,Medellín,WhatsApp,False,False,False
TRX-19634,PROD-1042,2025-07-03,14.0,700.53,55.68,23.0,Retrasado,Sin Ciudad,Online,False,False,False
TRX-19635,PROD-2920,2025-10-22,4.0,837.24,93.92,21.0,En Camino,Bogotá,Físico,False,False,False
TRX-19636,PROD-1545,2025-01-16,13.0,762.75,52.36,12.0,Perdido,Medellín,Online,False,False,False
TRX-19637,PROD-2324,2024-12-27,11.0,1137.2,38.4,4.0,Entregado,Bucaramanga,Online,False,False,False
TRX-19638,PROD-3838,2025-08-19,12.0,167.09,98.69,5.0,Retrasado,Sin Ciudad,App,False,False,True
TRX-19639,PROD-2628,2025-09-01,6.0,1943.36,33.95,11.0,Devuelto,Cali,Físico,False,False,False
TRX-19640,PROD-3813,2024-11-17,11.0,1873.54,15.35,10.0,Retrasado,Medellín,Físico,False,False,True
TRX-19641,PROD-1869,2025-04-17,11.0,1869.47,23.18,8.0,Entregado,Bucaramanga,Online,False,False,False
TRX-19642,PROD-3921,2025-01-05,6.0,1759.76,45.49,21.0,Devuelto,Medellín,WhatsApp,False,False,True
TRX-19643,PROD-2570,2024-10-27,6.0,1324.05,66.73,9.0,Perdido,Bucaramanga,WhatsApp,False,False,False
TRX-19644,PROD-3901,2025-04-19,2.0,450.01,54.1,26.0,Devuelto,Cali,Físico,False,False,True
TRX-19645,PROD-2733,2025-06-30,5.0,108.47,40.75,7.0,Devuelto,Medellín,Online,False,False,False
TRX-19646,PROD-3446,2025-09-26,7.0,207.65,58.39,27.0,Entregado,Sin Ciudad,Online,False,False,False
TRX-19647,PROD-2049,2025-09-12,6.0,654.75,84.69,29.0,Devuelto,Sin Ciudad,App,False,False,False
TRX-19648,PROD-1299,2025-02-16,3.0,1012.73,52.36,14.0,Retrasado,Sin Ciudad,Físico,False,False,False
TRX-19649,PROD-1390,2026-01-24,11.0,1986.57,84.7,11.0,En Camino,Bogotá,WhatsApp,False,False,False
TRX-19650,PROD-3281,2025-07-06,12.0,876.53,73.99,18.0,Entregado,Barranquilla,WhatsApp,False,False,False
TRX-19651,PROD-1240,2024-12-12,5.0,1054.05,95.48,25.0,Entregado,Sin Ciudad,Físico,False,False,False
TRX-19652,PROD-1213,2024-11-11,13.0,1393.36,61.07,18.0,Entregado,Bucaramanga,App,False,False,False
TRX-19653,PROD-2363,2024-12-18,8.0,369.66,5.73,22.0,Retrasado,Bucaramanga,WhatsApp,False,False,False
TRX-19654,PROD-1961,2025-04-01,11.0,1866.33,32.64,8.0,Retrasado,Cali,Físico,False,False,False
TRX-19655,PROD-2928,2025-07-22,5.0,1062.78,36.18,2.0,Retrasado,Bogotá,Online,False,False,False
TRX-19656,PROD-2451,2024-09-23,12.0,559.75,57.0,22.0,Sin Información,Barranquilla,Físico,False,False,False
TRX-19657,PROD-3483,2025-10-08,10.0,1870.87,90.96,21.0,Retrasado,Sin Ciudad,Físico,False,False,False
TRX-19658,PROD-3747,2025-12-08,3.0,1254.65,84.62,7.0,Devuelto,Bogotá,Físico,False,False,True
TRX-19659,PROD-3450,2025-02-07,9.0,972.54,27.06,26.0,Entregado,Medellín,Online,False,False,False
TRX-19660,PROD-3906,2025-02-05,11.0,1164.51,52.36,29.0,Sin Información,Sin Ciudad,Físico,False,False,True
TRX-19661,PROD-1186,2025-09-19,3.0,1499.12,54.34,5.0,Entregado,Sin Ciudad,Online,False,False,False
TRX-19662,PROD-1021,2025-10-08,2.0,317.53,67.62,14.0,Perdido,Medellín,WhatsApp,False,False,False
TRX-19663,PROD-2038,2025-02-23,6.0,1731.01,98.81,14.0,En Camino,Bucaramanga,App,False,False,False
TRX-19664,PROD-3066,2025-03-03,8.0,1919.42,7.97,3.0,Devuelto,Sin Ciudad,Online,False,False,False
TRX-19665,PROD-3538,2024-10-11,6.0,1138.33,49.07,6.0,En Camino,Bogotá,App,False,False,True
TRX-19666,PROD-2560,2025-12-28,1.0,1367.72,98.87,23.0,Devuelto,Medellín,App,False,False,False
TRX-19667,PROD-2239,2025-08-16,8.0,1721.07,97.83,17.0,Devuelto,Bogotá,WhatsApp,False,False,False
TRX-19668,PROD-2616,2025-05-23,1.0,755.87,36.42,24.0,Devuelto,Medellín,Online,False,False,False
TRX-19669,PROD-3749,2025-01-29,9.0,1985.74,5.0,8.0,Entregado,Bogotá,WhatsApp,False,False,True
TRX-19670,PROD-2519,2025-03-17,8.0,1364.2,60.74,29.0,En Camino,Cali,Online,False,False,False
TRX-19671,PROD-1541,2025-11-05,6.0,853.76,87.36,20.0,En Camino,Medellín,App,False,False,False
TRX-19672,PROD-3291,2025-06-29,2.0,1357.9,52.36,24.0,Retrasado,Bogotá,App,False,False,False
TRX-19673,PROD-1168,2025-11-27,13.0,1048.14,35.81,3.0,En Camino,Bucaramanga,Físico,False,False,False
TRX-19674,PROD-3377,2024-12-15,9.0,232.17,93.76,29.0,Retrasado,Cali,Online,False,False,False
TRX-19675,PROD-1734,2025-10-03,8.0,1593.77,36.61,15.0,Perdido,Barranquilla,App,False,False,False
TRX-19676,PROD-2066,2025-05-02,13.0,1133.11,62.97,5.0,Retrasado,Bogotá,Online,False,False,False
TRX-19677,PROD-1695,2025-08-13,4.0,1593.73,73.59,19.0,Sin Información,Bogotá,WhatsApp,False,False,False
TRX-19678,PROD-3063,2025-12-17,2.0,318.27,37.81,2.0,Devuelto,Cali,WhatsApp,False,False,False
TRX-19679,PROD-3018,2025-11-12,13.0,1081.33,38.46,21.0,Entregado,Barranquilla,Online,False,False,False
TRX-19680,PROD-2389,2025-02-14,14.0,1535.58,49.65,8.0,Sin Información,Medellín,App,False,False,False
TRX-19681,PROD-2917,2025-12-11,6.0,1976.73,84.35,9.0,Devuelto,Medellín,WhatsApp,False,False,False
TRX-19682,PROD-1540,2025-01-06,1.0,1769.95,14.58,5.0,Perdido,Bogotá,App,False,False,False
TRX-19683,PROD-1367,2025-08-13,7.0,1730.06,64.99,3.0,Sin Información,Barranquilla,Online,False,False,False
TRX-19684,PROD-2299,2024-10-03,1.0,502.45,52.36,12.0,Entregado,Cali,Físico,False,False,False
TRX-19685,PROD-3909,2025-03-07,13.0,1677.59,69.35,3.0,Perdido,Medellín,App,False,False,True
TRX-19686,PROD-3172,2025-04-06,6.0,346.87,58.0,24.0,Sin Información,Medellín,WhatsApp,False,False,False
TRX-19687,PROD-2773,2025-05-11,5.0,404.23,93.9,19.0,Devuelto,Medellín,Online,False,False,False
TRX-19688,PROD-1580,2025-02-16,12.0,229.13,62.19,16.0,Entregado,Cali,Físico,False,False,False
TRX-19689,PROD-2066,2025-09-16,10.0,1716.62,65.28,25.0,Perdido,Barranquilla,WhatsApp,False,False,False
TRX-19690,PROD-1478,2025-05-18,14.0,225.43,61.98,26.0,Sin Información,Cali,Online,False,False,False
TRX-19691,PROD-2283,2026-02-01,3.0,284.84,73.59,16.0,Retrasado,Bogotá,Online,False,True,False
TRX-19692,PROD-1180,2026-01-06,6.0,499.32,17.86,1.0,En Camino,Cali,App,False,False,False
TRX-19693,PROD-1523,2025-10-28,4.0,1149.6,89.96,17.0,Devuelto,Medellín,Físico,False,False,False
TRX-19694,PROD-3044,2024-10-05,14.0,1761.56,9.04,21.0,Retrasado,Sin Ciudad,Online,False,False,False
TRX-19695,PROD-2150,2025-04-29,12.0,842.27,65.87,20.0,Perdido,Bogotá,Físico,False,False,False
TRX-19696,PROD-2476,2025-06-06,6.0,1097.11,52.36,3.0,Perdido,Bogotá,Físico,False,False,False
TRX-19697,PROD-2761,2024-09-24,4.0,341.31,63.47,17.0,Sin Información,Bucaramanga,App,False,False,False
TRX-19698,PROD-2158,2025-04-20,1.0,539.23,24.77,23.0,Sin Información,Bogotá,Online,False,False,False
TRX-19699,PROD-2078,2026-01-19,5.0,276.51,8.87,17.0,Entregado,Bogotá,Online,False,False,False
TRX-19700,PROD-3510,2025-09-22,7.0,825.74,18.19,16.0,Retrasado,Bogotá,App,False,False,True
TRX-19701,PROD-2080,2025-05-05,8.0,1184.77,30.81,6.0,Perdido,Sin Ciudad,App,False,False,False
TRX-19702,PROD-3117,2026-01-19,6.0,575.2,88.8,26.0,Entregado,Bogotá,Online,False,False,False
TRX-19703,PROD-2282,2025-04-04,10.0,1693.53,86.29,18.0,En Camino,Medellín,App,False,False,False
TRX-19704,PROD-2784,2025-04-06,9.0,1962.66,11.07,14.0,En Camino,Barranquilla,Online,False,False,False
TRX-19705,PROD-1675,2025-10-27,4.0,249.11,32.48,20.0,Entregado,Bogotá,WhatsApp,False,False,False
TRX-19706,PROD-2292,2025-06-09,10.0,45.54,89.49,8.0,Retrasado,Bucaramanga,Físico,False,False,False
TRX-19707,PROD-3012,2024-11-18,9.0,1581.66,27.48,19.0,Entregado,Medellín,Físico,False,False,False
TRX-19708,PROD-1619,2025-12-23,8.0,389.38,52.36,9.0,Sin Información,Sin Ciudad,App,False,False,False
TRX-19709,PROD-3276,2025-01-13,3.0,712.76,99.62,21.0,Entregado,Bogotá,WhatsApp,False,False,False
TRX-19710,PROD-3692,2025-04-23,14.0,794.52,29.4,22.0,Retrasado,Bogotá,Físico,False,False,True
TRX-19711,PROD-3607,2025-06-28,6.0,1834.03,75.22,18.0,En Camino,Bogotá,Online,False,False,True
TRX-19712,PROD-2802,2025-05-24,4.0,1321.09,44.62,1.0,Perdido,Barranquilla,Físico,False,False,False
TRX-19713,PROD-1217,2025-10-07,1.0,90.81,17.94,21.0,En Camino,Cali,Físico,False,False,False
TRX-19714,PROD-1773,2025-01-17,9.0,39.47,29.24,17.0,Sin Información,Bucaramanga,Físico,False,False,False
TRX-19715,PROD-1608,2025-10-13,4.0,407.14,69.14,4.0,Retrasado,Bogotá,Online,False,False,False
TRX-19716,PROD-1223,2025-12-17,11.0,643.16,37.02,16.0,Devuelto,Medellín,App,False,False,False
TRX-19717,PROD-1941,2024-12-18,14.0,974.2,62.39,24.0,Retrasado,Bogotá,Online,False,False,False
TRX-19718,PROD-1750,2025-11-06,5.0,1677.3,24.53,12.0,En Camino,Sin Ciudad,App,False,False,False
TRX-19719,PROD-1146,2025-10-08,3.0,636.49,47.62,13.0,En Camino,Sin Ciudad,Físico,False,False,False
TRX-19720,PROD-2926,2025-09-24,4.0,759.31,52.36,2.0,Retrasado,Medellín,Físico,False,False,False
TRX-19721,PROD-2065,2025-06-12,13.0,665.38,53.66,22.0,Retrasado,Bucaramanga,WhatsApp,False,False,False
TRX-19722,PROD-1669,2026-01-19,9.0,27.84,44.21,12.0,Retrasado,Medellín,Físico,False,False,False
TRX-19723,PROD-3891,2025-07-19,7.0,1910.85,23.8,10.0,En Camino,Medellín,Online,False,False,True
TRX-19724,PROD-2913,2025-11-13,8.0,286.6,48.85,29.0,Sin Información,Cali,Físico,False,False,False
TRX-19725,PROD-2787,2025-01-13,3.0,582.46,70.83,15.0,Entregado,Bogotá,WhatsApp,False,False,False
TRX-19726,PROD-1475,2025-12-14,3.0,267.31,96.67,5.0,Devuelto,Sin Ciudad,Online,False,False,False
TRX-19727,PROD-3027,2025-03-05,14.0,986.18,80.0,1.0,Entregado,Sin Ciudad,WhatsApp,False,False,False
TRX-19728,PROD-1167,2024-09-26,7.0,1865.01,20.34,8.0,Sin Información,Medellín,WhatsApp,False,False,False
TRX-19729,PROD-2808,2025-01-18,8.0,210.39,30.91,21.0,En Camino,Cali,Online,False,False,False
TRX-19730,PROD-2460,2024-10-15,14.0,887.38,12.49,25.0,Entregado,Bogotá,App,False,False,False
TRX-19731,PROD-3904,2025-11-05,5.0,54.53,17.89,18.0,Retrasado,Bucaramanga,App,False,False,True
TRX-19732,PROD-3297,2025-05-13,1.0,1544.09,52.36,6.0,Perdido,Medellín,App,False,False,False
TRX-19733,PROD-2987,2024-12-21,3.0,1286.04,28.81,23.0,Retrasado,Cali,App,False,False,False
TRX-19734,PROD-2874,2026-01-11,5.0,1402.4,23.96,1.0,Devuelto,Bogotá,WhatsApp,False,False,False
TRX-19735,PROD-3019,2025-06-04,3.0,949.95,25.3,14.0,Retrasado,Bucaramanga,WhatsApp,False,False,False
TRX-19736,PROD-1460,2024-12-23,14.0,1816.19,26.92,10.0,Perdido,Bogotá,Online,False,False,False
TRX-19737,PROD-3948,2026-01-04,1.0,825.02,33.56,4.0,En Camino,Barranquilla,Online,False,False,True
TRX-19738,PROD-1606,2025-12-24,7.0,1033.03,16.93,18.0,Entregado,Sin Ciudad,App,False,False,False
TRX-19739,PROD-1506,2025-02-24,1.0,1393.63,31.39,23.0,Retrasado,Bucaramanga,App,False,False,False
TRX-19740,PROD-2431,2025-07-26,10.0,1045.92,70.4,19.0,Sin Información,Cali,App,False,False,False
TRX-19741,PROD-1383,2025-01-15,13.0,386.78,27.46,25.0,Entregado,Medellín,App,False,False,False
TRX-19742,PROD-1834,2025-04-17,6.0,640.97,21.32,8.0,Devuelto,Cali,App,False,False,False
TRX-19743,PROD-2163,2024-12-12,6.0,193.67,11.43,12.0,Sin Información,Medellín,WhatsApp,False,False,False
TRX-19744,PROD-1739,2025-01-03,14.0,870.9,52.36,10.0,Sin Información,Cali,WhatsApp,False,False,False
TRX-19745,PROD-1689,2026-01-18,7.0,1222.69,52.5,13.0,Entregado,Cali,WhatsApp,False,False,False
TRX-19746,PROD-3083,2025-12-19,12.0,245.87,84.99,7.0,Devuelto,Bucaramanga,WhatsApp,False,False,False
TRX-19747,PROD-2117,2024-12-11,11.0,1264.87,10.61,24.0,Devuelto,Bucaramanga,App,False,False,False
TRX-19748,PROD-3307,2025-11-03,1.0,1786.82,56.52,17.0,Sin Información,Barranquilla,WhatsApp,False,False,False
TRX-19749,PROD-3716,2025-01-03,11.0,682.07,66.81,26.0,Retrasado,Medellín,App,False,False,True
TRX-19750,PROD-3398,2025-05-20,3.0,451.85,61.28,12.0,Sin Información,Sin Ciudad,WhatsApp,False,False,False
TRX-19751,PROD-1869,2025-06-14,12.0,1787.08,88.37,6.0,Sin Información,Bogotá,WhatsApp,False,False,False
TRX-19752,PROD-3390,2024-10-25,9.0,1386.97,87.31,23.0,Sin Información,Sin Ciudad,Físico,False,False,False
TRX-19753,PROD-1016,2024-10-27,2.0,219.74,10.44,7.0,Perdido,Medellín,App,False,False,False
TRX-19754,PROD-3154,2025-05-29,14.0,822.14,39.29,13.0,Entregado,Bogotá,App,False,False,False
TRX-19755,PROD-3337,2026-01-23,5.0,1351.44,68.73,14.0,Devuelto,Cali,WhatsApp,False,False,False
TRX-19756,PROD-1739,2024-11-11,3.0,1153.02,52.36,25.0,Devuelto,Sin Ciudad,Online,False,False,False
TRX-19757,PROD-2705,2025-06-29,12.0,1240.91,95.48,23.0,Devuelto,Barranquilla,App,False,False,False
TRX-19758,PROD-1314,2026-01-07,12.0,1138.6,81.45,28.0,En Camino,Barranquilla,WhatsApp,False,False,False
TRX-19759,PROD-2008,2025-05-22,13.0,1598.14,21.78,23.0,Sin Información,Bucaramanga,App,False,False,False
TRX-19760,PROD-3040,2025-02-21,5.0,647.65,31.52,13.0,Entregado,Bogotá,App,False,False,False
TRX-19761,PROD-3772,2025-02-16,7.0,1419.84,77.54,6.0,Entregado,Barranquilla,Online,False,False,True
TRX-19762,PROD-1386,2024-10-31,1.0,1982.25,49.79,19.0,Devuelto,Medellín,Online,False,False,False
TRX-19763,PROD-2346,2025-03-30,3.0,786.02,56.99,13.0,Entregado,Barranquilla,Físico,False,False,False
TRX-19764,PROD-1106,2024-10-17,11.0,1584.19,62.85,22.0,Entregado,Bucaramanga,Online,False,False,False
TRX-19765,PROD-2164,2025-05-24,13.0,499.76,14.81,9.0,En Camino,Sin Ciudad,WhatsApp,False,False,False
TRX-19766,PROD-3790,2025-05-03,6.0,570.97,86.32,11.0,Devuelto,Cali,Online,False,False,True
TRX-19767,PROD-3787,2025-05-10,7.0,1870.38,87.0,10.0,Entregado,Bucaramanga,Físico,False,False,True
TRX-19768,PROD-1499,2025-02-22,10.0,61.62,52.36,3.0,Perdido,Bogotá,WhatsApp,False,False,False
TRX-19769,PROD-2614,2025-11-07,3.0,442.68,49.48,19.0,Devuelto,Bucaramanga,Online,False,False,False
TRX-19770,PROD-2530,2025-07-07,4.0,971.01,64.55,27.0,Entregado,Bogotá,Físico,False,False,False
TRX-19771,PROD-3418,2025-10-22,6.0,809.68,67.69,7.0,En Camino,Medellín,Físico,False,False,False
TRX-19772,PROD-1434,2025-12-19,5.0,1262.05,23.02,23.0,Sin Información,Medellín,Online,False,False,False
TRX-19773,PROD-2325,2025-01-08,11.0,393.52,15.7,5.0,Perdido,Sin Ciudad,Online,False,False,False
TRX-19774,PROD-1629,2024-10-25,9.0,150.39,6.96,24.0,Retrasado,Medellín,Físico,False,False,False
TRX-19775,PROD-1118,2025-10-30,13.0,744.97,91.72,24.0,Retrasado,Medellín,WhatsApp,False,False,False
TRX-19776,PROD-1332,2025-09-20,12.0,1053.47,37.84,27.0,Sin Información,Bogotá,WhatsApp,False,False,False
TRX-19777,PROD-2885,2025-01-11,1.0,1128.38,13.15,27.0,Perdido,Bogotá,WhatsApp,False,False,False
TRX-19778,PROD-3898,2025-01-21,13.0,1206.97,49.25,15.0,Retrasado,Bogotá,Físico,False,False,True
TRX-19779,PROD-3701,2024-10-08,5.0,1101.84,12.18,2.0,Perdido,Barranquilla,Físico,False,False,True
TRX-19780,PROD-2965,2025-05-07,11.0,499.05,52.36,11.0,Sin Información,Bogotá,WhatsApp,False,False,False
TRX-19781,PROD-2859,2024-10-03,1.0,1531.45,13.1,6.0,Sin Información,Medellín,Físico,False,False,False
TRX-19782,PROD-3573,2025-04-13,8.0,184.68,51.44,5.0,Entregado,Medellín,Online,False,False,True
TRX-19783,PROD-2103,2025-04-12,7.0,404.72,53.34,20.0,Retrasado,Bucaramanga,App,False,False,False
TRX-19784,PROD-3433,2024-12-29,5.0,1481.36,60.11,7.0,Retrasado,Medellín,Físico,False,False,False
TRX-19785,PROD-3695,2025-01-16,6.0,566.66,67.35,4.0,Perdido,Barranquilla,Online,False,False,True
TRX-19786,PROD-1023,2025-12-19,4.0,992.01,68.49,5.0,Entregado,Medellín,WhatsApp,False,False,False
TRX-19787,PROD-2349,2026-01-06,9.0,661.12,46.13,24.0,Entregado,Bogotá,WhatsApp,False,False,False
TRX-19788,PROD-1179,2025-12-05,14.0,1018.89,66.14,5.0,Devuelto,Sin Ciudad,Físico,False,False,False
TRX-19789,PROD-3687,2025-06-30,3.0,699.85,33.95,27.0,Devuelto,Bogotá,App,False,False,True
TRX-19790,PROD-3549,2025-09-06,2.0,1988.47,46.92,29.0,Entregado,Bogotá,Online,False,False,True
TRX-19791,PROD-2855,2025-05-12,7.0,721.38,42.37,27.0,Sin Información,Medellín,Online,False,False,False
TRX-19792,PROD-2330,2025-12-27,13.0,1257.83,52.36,25.0,Sin Información,Cali,WhatsApp,False,False,False
TRX-19793,PROD-3996,2025-01-11,2.0,1777.8,36.27,10.0,Sin Información,Bucaramanga,App,False,False,True
TRX-19794,PROD-3331,2025-09-09,13.0,1279.49,27.66,18.0,Perdido,Sin Ciudad,WhatsApp,False,False,False
TRX-19795,PROD-1529,2025-11-14,6.0,1136.06,12.45,2.0,En Camino,Bogotá,App,False,False,False
TRX-19796,PROD-1865,2024-10-04,11.0,1142.77,53.06,15.0,En Camino,Medellín,Online,False,False,False
TRX-19797,PROD-1199,2026-01-07,8.0,997.96,56.04,9.0,Devuelto,Bogotá,WhatsApp,False,False,False
TRX-19798,PROD-3636,2026-01-23,3.0,1617.08,36.93,2.0,Retrasado,Bucaramanga,WhatsApp,False,False,True
TRX-19799,PROD-2158,2024-10-13,3.0,110.34,97.71,3.0,En Camino,Barranquilla,WhatsApp,False,False,False
TRX-19800,PROD-2323,2025-01-27,7.0,1771.41,57.91,15.0,Retrasado,Medellín,App,True,False,False
TRX-19801,PROD-1227,2025-07-04,3.0,1176.72,89.46,22.0,Retrasado,Bogotá,Online,False,False,False
TRX-19802,PROD-1289,2025-12-01,1.0,1699.26,59.16,20.0,Sin Información,Cali,App,False,False,False
TRX-19803,PROD-3241,2025-01-21,9.0,30.68,23.04,24.0,Sin Información,Bucaramanga,WhatsApp,False,False,False
TRX-19804,PROD-3466,2025-01-24,5.0,1739.86,52.36,24.0,Sin Información,Bogotá,Físico,False,False,False
TRX-19805,PROD-2562,2025-11-03,9.0,249.07,97.59,2.0,Entregado,Bogotá,Físico,False,False,False
TRX-19806,PROD-1379,2024-10-25,5.0,1445.22,89.11,2.0,En Camino,Bogotá,Online,False,False,False
TRX-19807,PROD-2633,2025-10-19,7.0,838.88,49.77,19.0,En Camino,Bogotá,Online,False,False,False
TRX-19808,PROD-2045,2025-03-11,1.0,1365.33,28.09,14.0,Retrasado,Barranquilla,Online,False,False,False
TRX-19809,PROD-1729,2024-12-08,9.0,1260.1,26.15,27.0,Retrasado,Medellín,Físico,False,False,False
TRX-19810,PROD-1983,2025-12-19,1.0,335.16,81.57,18.0,Sin Información,Medellín,Físico,False,False,False
TRX-19811,PROD-2633,2025-07-16,4.0,1034.08,11.57,21.0,Entregado,Bucaramanga,WhatsApp,False,False,False
TRX-19812,PROD-1365,2025-08-18,7.0,561.69,65.62,1.0,Sin Información,Bogotá,Online,False,False,False
TRX-19813,PROD-1084,2024-11-24,11.0,1125.27,65.81,7.0,Perdido,Bogotá,App,False,False,False
TRX-19814,PROD-1852,2025-06-19,12.0,1478.63,22.33,8.0,En Camino,Bogotá,Online,False,False,False
TRX-19815,PROD-1667,2025-04-26,9.0,171.7,71.97,12.0,Sin Información,Sin Ciudad,Online,False,False,False
TRX-19816,PROD-2591,2025-03-31,1.0,1036.37,52.36,4.0,Sin Información,Bogotá,WhatsApp,False,False,False
TRX-19817,PROD-2648,2024-12-06,12.0,1239.08,72.01,23.0,En Camino,Medellín,WhatsApp,False,False,False
TRX-19818,PROD-2167,2025-03-15,14.0,597.78,38.25,25.0,Entregado,Bucaramanga,Online,False,False,False
TRX-19819,PROD-3650,2024-11-28,13.0,1906.48,50.92,7.0,Entregado,Bogotá,WhatsApp,False,False,True
TRX-19820,PROD-3679,2024-12-24,11.0,1045.4,84.11,18.0,Perdido,Sin Ciudad,App,False,False,True
TRX-19821,PROD-1631,2024-11-14,13.0,373.21,54.7,18.0,Retrasado,Sin Ciudad,Físico,False,False,False
TRX-19822,PROD-1493,2026-01-31,6.0,224.5,63.72,26.0,En Camino,Medellín,App,False,False,False
TRX-19823,PROD-2222,2025-12-02,11.0,1087.9,44.21,10.0,Retrasado,Cali,Físico,False,False,False
TRX-19824,PROD-3010,2024-12-25,10.0,756.72,19.21,10.0,En Camino,Bogotá,WhatsApp,False,False,False
TRX-19825,PROD-2770,2025-01-13,11.0,393.17,99.82,6.0,Entregado,Barranquilla,Físico,False,False,False
TRX-19826,PROD-2270,2025-05-09,5.0,71.09,55.5,24.0,Sin Información,Medellín,App,False,False,False
TRX-19827,PROD-3805,2025-05-30,3.0,1137.53,36.96,12.0,Entregado,Bogotá,Físico,False,False,True
TRX-19828,PROD-3471,2025-10-18,10.0,1201.21,52.36,10.0,Entregado,Bogotá,App,False,False,False
TRX-19829,PROD-1537,2025-04-19,2.0,292.19,72.81,27.0,Perdido,Medellín,Físico,False,False,False
TRX-19830,PROD-2470,2026-01-03,1.0,1207.46,63.98,13.0,En Camino,Bogotá,WhatsApp,False,False,False
TRX-19831,PROD-3725,2025-03-23,2.0,1904.43,27.13,26.0,Entregado,Bucaramanga,Online,False,False,True
TRX-19832,PROD-1393,2025-06-16,12.0,1956.81,88.31,27.0,Sin Información,Bucaramanga,Físico,False,False,False
TRX-19833,PROD-2505,2026-01-27,13.0,1778.1,11.74,12.0,Perdido,Bogotá,App,False,False,False
TRX-19834,PROD-3099,2025-06-30,4.0,1616.09,62.54,19.0,Retrasado,Barranquilla,WhatsApp,False,False,False
TRX-19835,PROD-1818,2025-12-09,6.0,426.64,50.4,1.0,Perdido,Cali,Físico,False,False,False
TRX-19836,PROD-3005,2026-01-07,12.0,321.31,35.23,1.0,Perdido,Bogotá,WhatsApp,False,False,False
TRX-19837,PROD-2824,2025-12-16,5.0,895.45,83.51,11.0,Devuelto,Sin Ciudad,Online,False,False,False
TRX-19838,PROD-2589,2025-02-24,14.0,1243.07,67.35,18.0,Retrasado,Medellín,App,False,False,False
TRX-19839,PROD-2951,2024-12-14,4.0,1702.85,77.15,26.0,Devuelto,Cali,Online,False,False,False
TRX-19840,PROD-2099,2025-03-27,8.0,471.61,52.36,22.0,Sin Información,Sin Ciudad,WhatsApp,False,False,False
TRX-19841,PROD-3306,2025-09-06,12.0,964.5,44.39,2.0,En Camino,Medellín,Online,False,False,False
TRX-19842,PROD-3458,2026-01-20,7.0,1298.41,94.53,6.0,Perdido,Barranquilla,WhatsApp,False,False,False
TRX-19843,PROD-2732,2025-02-08,14.0,896.73,37.75,16.0,Perdido,Medellín,Online,False,False,False
TRX-19844,PROD-1369,2024-11-16,4.0,913.85,55.45,27.0,Perdido,Medellín,App,False,False,False
TRX-19845,PROD-2730,2024-10-11,10.0,457.98,93.7,1.0,Perdido,Medellín,Físico,False,False,False
TRX-19846,PROD-2508,2025-09-05,13.0,1973.46,12.9,9.0,Devuelto,Medellín,Online,False,False,False
TRX-19847,PROD-3514,2025-11-19,13.0,955.63,15.34,28.0,En Camino,Barranquilla,App,False,False,True
TRX-19848,PROD-1763,2026-01-04,5.0,1070.16,99.45,15.0,Devuelto,Cali,Físico,False,False,False
TRX-19849,PROD-2778,2025-09-03,12.0,444.93,97.28,16.0,Perdido,Cali,WhatsApp,False,False,False
TRX-19850,PROD-3583,2026-01-05,10.0,1033.13,78.31,14.0,En Camino,Medellín,Físico,False,False,True
TRX-19851,PROD-2744,2025-12-20,5.0,518.15,51.0,7.0,Retrasado,Bogotá,WhatsApp,False,False,False
TRX-19852,PROD-1380,2025-06-16,3.0,412.65,52.36,1.0,Devuelto,Cali,App,False,False,False
TRX-19853,PROD-1165,2025-02-11,13.0,558.69,53.08,16.0,Entregado,Sin Ciudad,App,False,False,False
TRX-19854,PROD-3102,2025-08-04,9.0,15.49,29.44,9.0,Retrasado,Bogotá,Físico,False,False,False
TRX-19855,PROD-2399,2025-03-05,11.0,1144.6,46.11,29.0,Retrasado,Medellín,Físico,False,False,False
TRX-19856,PROD-2898,2025-06-01,5.0,781.09,45.98,25.0,Perdido,Cali,WhatsApp,False,False,False
TRX-19857,PROD-3770,2025-05-12,12.0,1798.39,8.43,11.0,Perdido,Bogotá,Online,False,False,True
TRX-19858,PROD-1918,2025-07-16,13.0,91.01,48.05,10.0,Retrasado,Barranquilla,Físico,False,False,False
TRX-19859,PROD-3652,2025-10-13,10.0,95.97,50.58,11.0,Devuelto,Bucaramanga,Online,False,False,True
TRX-19860,PROD-3810,2025-12-07,2.0,1772.89,68.25,6.0,En Camino,Bogotá,WhatsApp,False,False,True
TRX-19861,PROD-3923,2025-09-20,13.0,262.02,54.06,2.0,Devuelto,Cali,Online,False,False,True
TRX-19862,PROD-1635,2024-11-21,4.0,14.3,86.86,18.0,Devuelto,Medellín,Físico,False,False,False
TRX-19863,PROD-3028,2025-10-31,12.0,366.04,39.92,12.0,Retrasado,Bogotá,App,False,False,False
TRX-19864,PROD-3159,2024-10-14,4.0,1649.51,52.36,14.0,Devuelto,Cali,Físico,False,False,False
TRX-19865,PROD-3578,2025-10-11,5.0,1607.4,43.92,8.0,En Camino,Bogotá,Online,False,False,True
TRX-19866,PROD-3651,2025-01-26,8.0,686.86,59.29,25.0,Retrasado,Medellín,Físico,False,False,True
TRX-19867,PROD-3149,2025-01-03,5.0,1339.38,24.26,4.0,Devuelto,Bogotá,Físico,False,False,False
TRX-19868,PROD-1343,2025-10-15,1.0,1019.43,42.38,18.0,Perdido,Bucaramanga,App,False,False,False
TRX-19869,PROD-2190,2025-12-06,2.0,1810.42,70.19,21.0,Sin Información,Bucaramanga,Online,False,False,False
TRX-19870,PROD-2917,2025-05-01,3.0,122.28,44.12,13.0,Devuelto,Medellín,Online,False,False,False
TRX-19871,PROD-2791,2025-01-10,3.0,1628.23,91.13,23.0,Sin Información,Sin Ciudad,Online,False,False,False
TRX-19872,PROD-1324,2024-11-19,10.0,349.49,63.45,14.0,Sin Información,Barranquilla,Online,False,False,False
TRX-19873,PROD-2956,2026-01-07,6.0,789.33,19.61,20.0,Sin Información,Medellín,App,False,False,False
TRX-19874,PROD-2230,2024-11-26,9.0,391.99,51.31,28.0,Retrasado,Medellín,WhatsApp,False,False,False
TRX-19875,PROD-1608,2026-01-07,10.0,1408.2,77.65,25.0,Retrasado,Medellín,WhatsApp,False,False,False
TRX-19876,PROD-1523,2024-11-19,1.0,1359.87,52.36,28.0,Sin Información,Sin Ciudad,App,False,False,False
TRX-19877,PROD-3802,2025-02-27,6.0,1100.32,66.12,15.0,Perdido,Bogotá,Online,False,False,True
TRX-19878,PROD-2230,2024-12-07,9.0,1399.34,89.1,20.0,Retrasado,Bogotá,Físico,False,False,False
TRX-19879,PROD-2018,2024-10-11,4.0,1282.73,76.25,24.0,Sin Información,Bogotá,Online,False,False,False
TRX-19880,PROD-3142,2025-10-11,10.0,1555.12,10.85,19.0,Sin Información,Cali,WhatsApp,False,False,False
TRX-19881,PROD-2751,2026-01-20,3.0,486.42,15.69,28.0,Entregado,Sin Ciudad,Físico,False,False,False
TRX-19882,PROD-2210,2025-03-31,13.0,863.54,66.73,14.0,Retrasado,Bogotá,WhatsApp,False,False,False
TRX-19883,PROD-3328,2025-05-30,6.0,311.74,27.65,12.0,Devuelto,Sin Ciudad,Online,False,False,False
TRX-19884,PROD-1195,2025-09-17,6.0,864.89,60.84,22.0,En Camino,Barranquilla,WhatsApp,False,False,False
TRX-19885,PROD-3256,2025-09-20,13.0,1406.37,80.26,15.0,Devuelto,Medellín,App,False,False,False
TRX-19886,PROD-1313,2025-10-01,2.0,1385.87,59.81,6.0,Retrasado,Bogotá,App,False,False,False
TRX-19887,PROD-1184,2025-12-18,5.0,1421.76,44.47,19.0,Sin Información,Medellín,Online,False,False,False
TRX-19888,PROD-3102,2024-12-10,1.0,624.45,52.36,2.0,Entregado,Bogotá,Físico,False,False,False
TRX-19889,PROD-1440,2024-12-15,13.0,1327.81,66.4,6.0,Devuelto,Medellín,Físico,False,False,False
TRX-19890,PROD-3091,2025-03-13,9.0,741.26,18.64,23.0,En Camino,Bogotá,Físico,False,False,False
TRX-19891,PROD-2740,2025-04-22,9.0,1889.54,73.7,23.0,Sin Información,Sin Ciudad,App,False,False,False
TRX-19892,PROD-2691,2025-10-01,3.0,693.3,71.22,26.0,Devuelto,Medellín,Físico,False,False,False
TRX-19893,PROD-1387,2025-12-11,5.0,1210.01,53.87,11.0,Perdido,Bogotá,WhatsApp,False,False,False
TRX-19894,PROD-2903,2025-02-18,3.0,1502.79,31.49,1.0,Entregado,Sin Ciudad,WhatsApp,False,False,False
TRX-19895,PROD-3706,2024-10-02,7.0,1813.75,80.77,28.0,Retrasado,Barranquilla,Físico,False,False,True
TRX-19896,PROD-3950,2024-10-22,13.0,881.48,53.5,22.0,Devuelto,Sin Ciudad,Físico,False,False,True
TRX-19897,PROD-3328,2025-06-29,1.0,727.37,10.62,9.0,Devuelto,Bogotá,App,False,False,False
TRX-19898,PROD-2037,2025-11-28,5.0,865.76,92.27,13.0,Devuelto,Bucaramanga,Online,False,False,False
TRX-19899,PROD-2455,2024-11-16,6.0,654.16,77.93,9.0,Devuelto,Bucaramanga,App,False,False,False
TRX-19900,PROD-2043,2025-09-17,7.0,1311.31,52.36,15.0,En Camino,Bogotá,App,False,False,False
TRX-19901,PROD-3398,2025-01-27,14.0,1866.11,60.56,28.0,Perdido,Barranquilla,Online,False,False,False
TRX-19902,PROD-1334,2025-03-21,11.0,260.88,46.5,18.0,Sin Información,Cali,WhatsApp,False,False,False
TRX-19903,PROD-3062,2025-05-12,12.0,1126.23,96.19,4.0,Perdido,Bogotá,Online,False,False,False
TRX-19904,PROD-1066,2025-10-08,14.0,1796.32,78.63,22.0,Entregado,Bogotá,Físico,False,False,False
TRX-19905,PROD-1466,2025-11-18,7.0,209.23,55.82,4.0,Entregado,Medellín,WhatsApp,False,False,False
TRX-19906,PROD-3709,2025-12-17,3.0,992.79,67.05,12.0,En Camino,Medellín,WhatsApp,False,False,True
TRX-19907,PROD-2895,2024-12-24,7.0,1731.81,31.67,9.0,Perdido,Bogotá,Físico,False,False,False
TRX-19908,PROD-1735,2024-09-30,4.0,1801.9,23.59,18.0,Entregado,Cali,Online,False,False,False
TRX-19909,PROD-1746,2025-11-09,10.0,1033.56,30.97,26.0,Retrasado,Medellín,Físico,False,False,False
TRX-19910,PROD-2609,2025-05-27,11.0,59.65,32.85,6.0,Perdido,Cali,WhatsApp,False,False,False
TRX-19911,PROD-1185,2025-10-21,14.0,220.22,75.28,17.0,Devuelto,Bogotá,Online,False,False,False
TRX-19912,PROD-1341,2025-12-19,6.0,1177.57,52.36,25.0,Perdido,Barranquilla,WhatsApp,False,False,False
TRX-19913,PROD-2704,2025-08-19,5.0,256.48,18.31,17.0,Retrasado,Cali,WhatsApp,False,False,False
TRX-19914,PROD-3885,2025-04-06,4.0,307.34,78.87,29.0,Devuelto,Bogotá,Físico,False,False,True
TRX-19915,PROD-2219,2025-11-29,6.0,1546.51,54.72,13.0,Perdido,Sin Ciudad,App,False,False,False
TRX-19916,PROD-2285,2025-12-08,13.0,1503.88,41.53,12.0,Devuelto,Medellín,Físico,False,False,False
TRX-19917,PROD-3405,2025-03-04,12.0,1687.12,33.54,14.0,Devuelto,Barranquilla,WhatsApp,False,False,False
TRX-19918,PROD-3965,2025-11-30,3.0,220.41,53.75,8.0,En Camino,Sin Ciudad,Online,False,False,True
TRX-19919,PROD-2863,2024-11-01,3.0,404.31,35.16,29.0,Retrasado,Bogotá,Online,False,False,False
TRX-19920,PROD-3745,2025-06-03,5.0,1667.59,45.8,15.0,En Camino,Bucaramanga,App,False,False,True
TRX-19921,PROD-2842,2025-10-23,11.0,1444.96,75.21,9.0,Perdido,Bucaramanga,Físico,False,False,False
TRX-19922,PROD-3555,2024-12-16,5.0,1613.85,64.47,1.0,Sin Información,Barranquilla,WhatsApp,False,False,True
TRX-19923,PROD-2085,2025-06-21,9.0,1979.59,76.06,17.0,Devuelto,Medellín,Online,False,False,False
TRX-19924,PROD-2398,2024-12-09,4.0,1730.22,52.36,10.0,Perdido,Medellín,Físico,False,False,False
TRX-19925,PROD-1766,2025-04-23,5.0,1045.72,72.73,23.0,Perdido,Bogotá,Online,False,False,False
TRX-19926,PROD-1864,2025-07-23,12.0,628.43,82.43,26.0,Sin Información,Cali,WhatsApp,False,False,False
TRX-19927,PROD-1758,2025-06-04,9.0,1143.66,24.16,5.0,En Camino,Cali,Físico,False,False,False
TRX-19928,PROD-1320,2024-12-22,4.0,1280.79,99.54,11.0,Perdido,Medellín,WhatsApp,False,False,False
TRX-19929,PROD-3474,2026-01-19,13.0,677.27,50.2,3.0,Retrasado,Barranquilla,App,False,False,False
TRX-19930,PROD-2062,2025-10-12,3.0,1544.16,73.23,25.0,Devuelto,Cali,WhatsApp,False,False,False
TRX-19931,PROD-3758,2025-04-03,7.0,194.58,69.39,2.0,Entregado,Bucaramanga,WhatsApp,False,False,True
TRX-19932,PROD-1435,2025-06-02,7.0,1560.99,58.78,22.0,Sin Información,Barranquilla,Físico,False,False,False
TRX-19933,PROD-2776,2025-06-27,8.0,73.68,99.6,4.0,Retrasado,Medellín,WhatsApp,False,False,False
TRX-19934,PROD-3188,2025-02-12,4.0,1000.95,25.65,21.0,Entregado,Bogotá,WhatsApp,False,False,False
TRX-19935,PROD-1073,2025-05-24,4.0,1724.26,45.06,2.0,Sin Información,Cali,Físico,False,False,False
TRX-19936,PROD-1023,2025-04-22,14.0,182.13,52.36,1.0,Entregado,Medellín,Online,False,False,False
TRX-19937,PROD-2617,2025-04-05,14.0,1040.3,17.13,9.0,En Camino,Medellín,Físico,False,False,False
TRX-19938,PROD-1477,2025-06-19,9.0,327.19,22.27,3.0,Entregado,Medellín,Online,False,False,False
TRX-19939,PROD-1054,2025-08-17,10.0,1790.68,72.73,6.0,Devuelto,Bogotá,Online,False,False,False
TRX-19940,PROD-1703,2024-10-11,7.0,1666.37,5.46,14.0,En Camino,Bogotá,Físico,False,False,False
TRX-19941,PROD-3686,2024-11-01,3.0,1868.5,89.53,25.0,Retrasado,Medellín,Online,False,False,True
TRX-19942,PROD-2954,2024-12-29,13.0,1751.21,65.15,1.0,Retrasado,Sin Ciudad,App,False,False,False
TRX-19943,PROD-2884,2024-09-26,9.0,1475.74,46.89,12.0,Retrasado,Medellín,Físico,False,False,False
TRX-19944,PROD-3833,2024-10-25,13.0,377.93,36.48,21.0,Sin Información,Medellín,App,False,False,True
TRX-19945,PROD-2659,2025-07-18,5.0,611.98,17.0,16.0,Perdido,Cali,Físico,False,False,False
TRX-19946,PROD-3694,2025-03-06,4.0,998.74,92.55,20.0,En Camino,Barranquilla,WhatsApp,False,False,True
TRX-19947,PROD-3465,2025-12-16,1.0,1181.9,72.67,19.0,En Camino,Bucaramanga,Online,False,False,False
TRX-19948,PROD-3973,2024-10-19,9.0,1566.54,52.36,18.0,En Camino,Barranquilla,App,False,False,True
TRX-19949,PROD-2993,2025-03-14,6.0,461.65,36.96,14.0,Devuelto,Sin Ciudad,App,False,False,False
TRX-19950,PROD-2240,2025-08-25,11.0,265.27,11.74,3.0,En Camino,Cali,WhatsApp,False,False,False
TRX-19951,PROD-3533,2025-01-13,2.0,970.39,35.94,14.0,Devuelto,Cali,Online,False,False,True
TRX-19952,PROD-3526,2025-11-30,13.0,324.1,22.54,17.0,Sin Información,Bucaramanga,Físico,False,False,True
TRX-19953,PROD-2477,2025-09-30,7.0,1390.54,79.7,13.0,Retrasado,Medellín,Físico,False,False,False
TRX-19954,PROD-3828,2025-10-07,3.0,1155.51,73.36,1.0,Perdido,Medellín,Físico,False,False,True
TRX-19955,PROD-3759,2024-12-26,6.0,1484.8,52.33,29.0,Entregado,Sin Ciudad,Físico,False,False,True
TRX-19956,PROD-3827,2025-08-07,8.0,136.24,89.15,29.0,Perdido,Bogotá,App,False,False,True
TRX-19957,PROD-3765,2025-05-13,3.0,1929.75,22.16,8.0,Perdido,Barranquilla,Online,False,False,True
TRX-19958,PROD-2617,2025-02-03,13.0,10.01,47.94,21.0,Sin Información,Bogotá,WhatsApp,False,False,False
TRX-19959,PROD-2239,2025-01-24,12.0,657.63,72.51,2.0,Perdido,Cali,WhatsApp,False,False,False
TRX-19960,PROD-1358,2025-09-29,12.0,1362.47,52.36,19.0,Entregado,Bucaramanga,WhatsApp,False,False,False
TRX-19961,PROD-1512,2025-09-08,5.0,99.83,11.44,15.0,Devuelto,Barranquilla,Online,False,False,False
TRX-19962,PROD-1553,2025-08-11,14.0,175.87,40.4,14.0,Retrasado,Bogotá,App,False,False,False
TRX-19963,PROD-1056,2026-01-23,6.0,162.6,59.31,14.0,Sin Información,Bucaramanga,Online,False,False,False
TRX-19964,PROD-1781,2025-12-17,1.0,1167.2,39.85,18.0,Entregado,Medellín,Online,False,False,False
TRX-19965,PROD-1458,2025-09-10,10.0,1792.89,50.62,15.0,Retrasado,Medellín,Online,False,False,False
TRX-19966,PROD-1065,2025-01-16,7.0,1115.32,62.77,10.0,Devuelto,Bogotá,WhatsApp,False,False,False
TRX-19967,PROD-3850,2025-12-09,4.0,1211.11,40.0,18.0,Retrasado,Medellín,App,False,False,True
TRX-19968,PROD-1770,2024-10-05,10.0,698.54,15.07,20.0,Devuelto,Barranquilla,App,False,False,False
TRX-19969,PROD-1109,2025-11-01,11.0,47.29,18.25,28.0,Entregado,Bogotá,Online,False,False,False
TRX-19970,PROD-1857,2025-08-08,7.0,53.01,55.07,4.0,Entregado,Bogotá,App,False,False,False
TRX-19971,PROD-2970,2025-03-06,7.0,1777.74,21.6,7.0,Retrasado,Medellín,App,False,False,False
TRX-19972,PROD-3656,2025-04-18,11.0,214.12,52.36,2.0,Sin Información,Bucaramanga,App,False,False,True
TRX-19973,PROD-1594,2024-12-16,5.0,1999.58,89.53,9.0,Retrasado,Cali,Físico,False,False,False
TRX-19974,PROD-3661,2025-05-28,8.0,337.2,84.25,23.0,Perdido,Bogotá,WhatsApp,False,False,True
TRX-19975,PROD-1990,2025-11-28,8.0,1352.52,38.16,4.0,Perdido,Cali,App,False,False,False
TRX-19976,PROD-2784,2024-11-17,5.0,1898.42,83.94,12.0,Retrasado,Bogotá,WhatsApp,False,False,False
TRX-19977,PROD-3564,2025-03-13,5.0,730.96,55.65,23.0,Perdido,Barranquilla,Físico,False,False,True
TRX-19978,PROD-3206,2025-02-10,7.0,1471.52,20.11,10.0,Retrasado,Bogotá,Online,False,False,False
TRX-19979,PROD-1781,2025-02-01,6.0,708.2,63.35,11.0,En Camino,Bucaramanga,Online,False,False,False
TRX-19980,PROD-1352,2026-01-14,4.0,616.83,69.55,1.0,Perdido,Bogotá,Online,False,False,False
TRX-19981,PROD-2232,2025-04-11,2.0,411.59,12.97,13.0,Retrasado,Sin Ciudad,WhatsApp,False,False,False
TRX-19982,PROD-2898,2025-09-25,8.0,1643.66,34.87,7.0,En Camino,Bogotá,App,False,False,False
TRX-19983,PROD-1606,2025-07-08,3.0,522.2,5.51,29.0,Perdido,Bogotá,Físico,False,False,False
TRX-19984,PROD-2941,2025-11-17,2.0,573.48,52.36,6.0,Entregado,Cali,App,False,False,False
TRX-19985,PROD-2728,2025-07-28,12.0,1997.95,35.06,9.0,Retrasado,Medellín,WhatsApp,False,False,False
TRX-19986,PROD-1089,2025-09-14,10.0,661.35,36.87,24.0,Entregado,Sin Ciudad,Online,False,False,False
TRX-19987,PROD-1477,2025-11-04,7.0,851.32,64.87,18.0,Sin Información,Bogotá,Físico,False,False,False
TRX-19988,PROD-1680,2025-09-02,10.0,1980.21,23.91,27.0,Perdido,Medellín,App,False,False,False
TRX-19989,PROD-1624,2025-03-20,6.0,744.91,7.86,3.0,Sin Información,Medellín,App,False,False,False
TRX-19990,PROD-3877,2025-11-21,8.0,738.64,34.99,13.0,En Camino,Bogotá,Online,False,False,True
TRX-19991,PROD-2823,2024-10-21,13.0,1657.15,83.43,3.0,Retrasado,Medellín,App,False,False,False
TRX-19992,PROD-2986,2025-12-09,14.0,630.74,42.92,13.0,En Camino,Barranquilla,App,False,False,False
TRX-19993,PROD-2931,2025-11-20,6.0,475.23,44.43,28.0,Entregado,Bogotá,Online,False,False,False
TRX-19994,PROD-1080,2025-07-26,7.0,852.19,49.56,6.0,Retrasado,Bucaramanga,WhatsApp,False,False,False
TRX-19995,PROD-2841,2025-07-25,2.0,1404.28,76.42,18.0,Sin Información,Barranquilla,WhatsApp,False,False,False
TRX-19996,PROD-3397,2025-09-24,10.0,96.05,52.36,27.0,Entregado,Sin Ciudad,Físico,False,False,False
TRX-19997,PROD-1993,2024-10-28,14.0,754.09,50.6,2.0,Entregado,Bogotá,App,False,False,False
TRX-19998,PROD-1824,2025-12-29,2.0,699.03,13.67,20.0,En Camino,Medellín,WhatsApp,False,False,False
TRX-19999,PROD-2207,2025-01-09,6.0,497.19,24.61,17.0,Sin Información,Bogotá,Online,False,False,False
